# Blender 3.6.1
# www.blender.org
mtllib Linear Probe.mtl
o Linear_Transducer_by_Qadamian
v 0.232005 0.975429 -0.158184
v 0.229433 0.975429 -0.144259
v 0.243926 1.046164 -0.142664
v 0.228851 0.975429 -0.133650
v 0.243486 1.046164 -0.130640
v 0.228916 0.975429 -0.130107
v 0.244802 1.046164 -0.118679
v 0.230465 0.975429 -0.116031
v 0.247846 1.046164 -0.107038
v 0.234046 0.975429 -0.102331
v 0.252552 1.046164 -0.095964
v 0.239585 0.975429 -0.089297
v 0.258820 1.046164 -0.085693
v 0.246962 0.975429 -0.077210
v 0.266517 1.046164 -0.076444
v 0.256020 0.975429 -0.066325
v 0.275478 1.046164 -0.068415
v 0.266567 0.975429 -0.056875
v 0.285513 1.046164 -0.061776
v 0.278378 0.975429 -0.049061
v 0.296408 1.046164 -0.056669
v 0.291200 0.975429 -0.043050
v 0.307931 1.046164 -0.053202
v 0.304760 0.975429 -0.038971
v 0.319835 1.046164 -0.051450
v 0.318771 0.975429 -0.036909
v 0.331867 1.046164 -0.051450
v 0.332932 0.975429 -0.036909
v 0.343772 1.046164 -0.053202
v 0.346942 0.975429 -0.038971
v 0.355294 1.046164 -0.056669
v 0.360503 0.975429 -0.043050
v 0.366189 1.046164 -0.061776
v 0.373325 0.975429 -0.049061
v 0.376224 1.046164 -0.068415
v 0.385135 0.975429 -0.056875
v 0.385185 1.046164 -0.076444
v 0.395682 0.975429 -0.066325
v 0.392882 1.046164 -0.085693
v 0.404740 0.975429 -0.077210
v 0.399150 1.046164 -0.095964
v 0.412117 0.975429 -0.089297
v 0.403856 1.046164 -0.107038
v 0.417656 0.975429 -0.102331
v 0.406900 1.046164 -0.118679
v 0.421238 0.975429 -0.116031
v 0.408216 1.046164 -0.130640
v 0.422786 0.975429 -0.130107
v 0.407776 1.046164 -0.142664
v 0.422269 0.975429 -0.144259
v 0.405591 1.046164 -0.154497
v 0.419697 0.975429 -0.158184
v 0.401706 1.046164 -0.165885
v 0.415125 0.975429 -0.171587
v 0.396204 1.046164 -0.176586
v 0.408650 0.975429 -0.184181
v 0.389203 1.046164 -0.186372
v 0.400410 0.975429 -0.195698
v 0.380851 1.046164 -0.195034
v 0.390581 0.975429 -0.205893
v 0.371328 1.046164 -0.202388
v 0.379373 0.975429 -0.214548
v 0.360835 1.046164 -0.208277
v 0.367023 0.975429 -0.221478
v 0.349596 1.046164 -0.212575
v 0.353797 0.975429 -0.226537
v 0.337852 1.046164 -0.215191
v 0.339974 0.975429 -0.229616
v 0.325851 1.046164 -0.216070
v 0.325851 0.975429 -0.230650
v 0.313851 1.046164 -0.215191
v 0.311728 0.975429 -0.229616
v 0.302106 1.046164 -0.212575
v 0.297906 0.975429 -0.226537
v 0.290867 1.046164 -0.208277
v 0.284679 0.975429 -0.221478
v 0.280374 1.046164 -0.202388
v 0.272330 0.975429 -0.214548
v 0.270851 1.046164 -0.195034
v 0.261121 0.975429 -0.205893
v 0.262499 1.046164 -0.186372
v 0.251292 0.975429 -0.195698
v 0.255498 1.046164 -0.176586
v 0.243053 0.975429 -0.184181
v 0.249996 1.046164 -0.165885
v 0.236578 0.975429 -0.171587
v 0.246111 1.046164 -0.154497
v 0.325851 1.106183 -0.204670
v 0.336192 1.106183 -0.203913
v 0.346312 1.106183 -0.201659
v 0.355996 1.106183 -0.197955
v 0.365038 1.106183 -0.192881
v 0.373244 1.106183 -0.186544
v 0.380441 1.106183 -0.179080
v 0.386473 1.106183 -0.170647
v 0.391214 1.106183 -0.161426
v 0.394562 1.106183 -0.151613
v 0.396445 1.106183 -0.141418
v 0.396824 1.106183 -0.131056
v 0.395690 1.106183 -0.120750
v 0.393067 1.106183 -0.110719
v 0.389012 1.106183 -0.101177
v 0.383611 1.106183 -0.092326
v 0.376979 1.106183 -0.084357
v 0.369257 1.106183 -0.077438
v 0.360610 1.106183 -0.071717
v 0.351222 1.106183 -0.067316
v 0.341293 1.106183 -0.064329
v 0.331035 1.106183 -0.062819
v 0.320667 1.106183 -0.062819
v 0.310409 1.106183 -0.064329
v 0.300481 1.106183 -0.067316
v 0.291093 1.106183 -0.071717
v 0.282445 1.106183 -0.077438
v 0.274723 1.106183 -0.084357
v 0.268091 1.106183 -0.092326
v 0.262690 1.106183 -0.101177
v 0.258635 1.106183 -0.110719
v 0.256012 1.106183 -0.120750
v 0.254878 1.106183 -0.131056
v 0.255257 1.106183 -0.141418
v 0.257140 1.106183 -0.151613
v 0.260488 1.106183 -0.161426
v 0.265229 1.106183 -0.170647
v 0.271262 1.106183 -0.179080
v 0.278458 1.106183 -0.186544
v 0.286664 1.106183 -0.192881
v 0.295706 1.106183 -0.197955
v 0.305390 1.106183 -0.201659
v 0.315510 1.106183 -0.203913
v 0.325851 1.161060 -0.195364
v 0.334837 1.161060 -0.194707
v 0.343631 1.161060 -0.192748
v 0.352046 1.161060 -0.189529
v 0.359903 1.161060 -0.185120
v 0.367034 1.161060 -0.179613
v 0.373288 1.161060 -0.173127
v 0.378530 1.161060 -0.165800
v 0.382650 1.161060 -0.157787
v 0.385559 1.161060 -0.149260
v 0.387195 1.161060 -0.140400
v 0.387524 1.161060 -0.131396
v 0.386539 1.161060 -0.122440
v 0.384260 1.161060 -0.113724
v 0.380736 1.161060 -0.105431
v 0.376043 1.161060 -0.097741
v 0.370280 1.161060 -0.090816
v 0.363569 1.161060 -0.084803
v 0.356055 1.161060 -0.079832
v 0.347897 1.161060 -0.076008
v 0.339270 1.161060 -0.073412
v 0.330356 1.161060 -0.072100
v 0.321346 1.161060 -0.072100
v 0.312432 1.161060 -0.073412
v 0.303805 1.161060 -0.076008
v 0.295647 1.161060 -0.079832
v 0.288133 1.161060 -0.084803
v 0.281423 1.161060 -0.090816
v 0.275659 1.161060 -0.097741
v 0.270966 1.161060 -0.105431
v 0.267442 1.161060 -0.113724
v 0.265163 1.161060 -0.122440
v 0.264178 1.161060 -0.131396
v 0.264507 1.161060 -0.140400
v 0.266143 1.161060 -0.149260
v 0.269052 1.161060 -0.157787
v 0.273172 1.161060 -0.165800
v 0.278414 1.161060 -0.173127
v 0.284668 1.161060 -0.179613
v 0.291799 1.161060 -0.185120
v 0.299656 1.161060 -0.189529
v 0.308071 1.161060 -0.192748
v 0.316865 1.161060 -0.194707
v 0.325851 1.212237 -0.187867
v 0.333745 1.212237 -0.187290
v 0.341471 1.212237 -0.185569
v 0.348864 1.212237 -0.182741
v 0.355767 1.212237 -0.178867
v 0.362031 1.212237 -0.174030
v 0.367525 1.212237 -0.168331
v 0.372131 1.212237 -0.161894
v 0.375750 1.212237 -0.154855
v 0.378306 1.212237 -0.147363
v 0.379743 1.212237 -0.139580
v 0.380032 1.212237 -0.131670
v 0.379167 1.212237 -0.123802
v 0.377165 1.212237 -0.116144
v 0.374069 1.212237 -0.108859
v 0.369946 1.212237 -0.102103
v 0.364882 1.212237 -0.096019
v 0.358987 1.212237 -0.090737
v 0.352386 1.212237 -0.086370
v 0.345219 1.212237 -0.083010
v 0.337640 1.212237 -0.080730
v 0.329809 1.212237 -0.079577
v 0.321893 1.212237 -0.079577
v 0.314063 1.212237 -0.080730
v 0.306483 1.212237 -0.083010
v 0.299316 1.212237 -0.086370
v 0.292715 1.212237 -0.090737
v 0.286820 1.212237 -0.096019
v 0.281757 1.212237 -0.102103
v 0.277633 1.212237 -0.108859
v 0.274538 1.212237 -0.116144
v 0.272536 1.212237 -0.123802
v 0.271670 1.212237 -0.131670
v 0.271959 1.212237 -0.139580
v 0.273397 1.212237 -0.147363
v 0.275952 1.212237 -0.154855
v 0.279571 1.212237 -0.161894
v 0.284177 1.212237 -0.168331
v 0.289671 1.212237 -0.174030
v 0.295936 1.212237 -0.178867
v 0.302838 1.212237 -0.182741
v 0.310231 1.212237 -0.185569
v 0.317957 1.212237 -0.187290
v 0.325851 1.260787 -0.181965
v 0.332886 1.260787 -0.181450
v 0.339771 1.260787 -0.179917
v 0.346359 1.260787 -0.177397
v 0.352510 1.260787 -0.173945
v 0.358093 1.260787 -0.169634
v 0.362988 1.260787 -0.164556
v 0.367093 1.260787 -0.158819
v 0.370318 1.260787 -0.152546
v 0.372595 1.260787 -0.145870
v 0.373876 1.260787 -0.138934
v 0.374134 1.260787 -0.131885
v 0.373363 1.260787 -0.124874
v 0.371578 1.260787 -0.118050
v 0.368820 1.260787 -0.111558
v 0.365145 1.260787 -0.105537
v 0.360633 1.260787 -0.100116
v 0.355380 1.260787 -0.095409
v 0.349497 1.260787 -0.091517
v 0.343111 1.260787 -0.088523
v 0.336356 1.260787 -0.086491
v 0.329378 1.260787 -0.085464
v 0.322324 1.260787 -0.085464
v 0.315346 1.260787 -0.086491
v 0.308591 1.260787 -0.088523
v 0.302205 1.260787 -0.091517
v 0.296322 1.260787 -0.095409
v 0.291069 1.260787 -0.100116
v 0.286557 1.260787 -0.105537
v 0.282882 1.260787 -0.111558
v 0.280124 1.260787 -0.118050
v 0.278340 1.260787 -0.124874
v 0.277568 1.260787 -0.131885
v 0.277826 1.260787 -0.138934
v 0.279107 1.260787 -0.145870
v 0.281384 1.260787 -0.152546
v 0.284610 1.260787 -0.158819
v 0.288714 1.260787 -0.164556
v 0.293609 1.260787 -0.169634
v 0.299192 1.260787 -0.173945
v 0.305343 1.260787 -0.177397
v 0.311932 1.260787 -0.179917
v 0.318816 1.260787 -0.181450
v 0.325851 1.306946 -0.177561
v 0.332245 1.306946 -0.177093
v 0.338502 1.306946 -0.175700
v 0.344490 1.306946 -0.173410
v 0.350080 1.306946 -0.170272
v 0.355154 1.306946 -0.166354
v 0.359604 1.306946 -0.161739
v 0.363334 1.306946 -0.156525
v 0.366265 1.306946 -0.150824
v 0.368335 1.306946 -0.144757
v 0.369499 1.306946 -0.138453
v 0.369733 1.306946 -0.132046
v 0.369032 1.306946 -0.125674
v 0.367411 1.306946 -0.119472
v 0.364903 1.306946 -0.113572
v 0.361564 1.306946 -0.108100
v 0.357463 1.306946 -0.103172
v 0.352689 1.306946 -0.098894
v 0.347342 1.306946 -0.095357
v 0.341538 1.306946 -0.092636
v 0.335399 1.306946 -0.090789
v 0.329056 1.306946 -0.089856
v 0.322646 1.306946 -0.089856
v 0.316303 1.306946 -0.090789
v 0.310165 1.306946 -0.092636
v 0.304360 1.306946 -0.095357
v 0.299014 1.306946 -0.098894
v 0.294239 1.306946 -0.103172
v 0.290138 1.306946 -0.108100
v 0.286799 1.306946 -0.113572
v 0.284292 1.306946 -0.119472
v 0.282670 1.306946 -0.125674
v 0.281969 1.306946 -0.132046
v 0.282203 1.306946 -0.138453
v 0.283367 1.306946 -0.144757
v 0.285437 1.306946 -0.150824
v 0.288369 1.306946 -0.156525
v 0.292099 1.306946 -0.161739
v 0.296548 1.306946 -0.166354
v 0.301622 1.306946 -0.170272
v 0.307213 1.306946 -0.173410
v 0.313200 1.306946 -0.175700
v 0.319458 1.306946 -0.177093
v 0.368096 1.325429 -0.138298
v 0.368351 1.325429 -0.133650
v 0.368323 1.325429 -0.132098
v 0.367644 1.325429 -0.125930
v 0.366075 1.325429 -0.119928
v 0.363648 1.325429 -0.114217
v 0.360416 1.325429 -0.108921
v 0.356447 1.325429 -0.104152
v 0.351826 1.325429 -0.100011
v 0.346651 1.325429 -0.096588
v 0.341033 1.325429 -0.093954
v 0.335092 1.325429 -0.092167
v 0.328953 1.325429 -0.091263
v 0.322749 1.325429 -0.091263
v 0.316610 1.325429 -0.092167
v 0.310669 1.325429 -0.093954
v 0.305051 1.325429 -0.096588
v 0.299876 1.325429 -0.100011
v 0.295255 1.325429 -0.104152
v 0.291286 1.325429 -0.108921
v 0.288054 1.325429 -0.114217
v 0.285627 1.325429 -0.119928
v 0.284058 1.325429 -0.125930
v 0.283379 1.325429 -0.132098
v 0.283606 1.325429 -0.138298
v 0.284733 1.325429 -0.144400
v 0.286736 1.325429 -0.150272
v 0.289573 1.325429 -0.155790
v 0.293184 1.325429 -0.160836
v 0.297490 1.325429 -0.165303
v 0.302401 1.325429 -0.169095
v 0.307812 1.325429 -0.172132
v 0.313607 1.325429 -0.174348
v 0.319663 1.325429 -0.175697
v 0.325851 1.325429 -0.176150
v 0.332039 1.325429 -0.175697
v 0.338095 1.325429 -0.174348
v 0.343891 1.325429 -0.172132
v 0.349301 1.325429 -0.169095
v 0.354212 1.325429 -0.165303
v 0.358519 1.325429 -0.160836
v 0.362129 1.325429 -0.155790
v 0.364966 1.325429 -0.150272
v 0.366969 1.325429 -0.144400
v 0.325851 1.325429 -0.133650
v 0.325851 0.975429 -0.133650
v 0.072191 0.000000 -0.166650
v 0.070851 0.000000 -0.161650
v 0.049873 0.000000 -0.176150
v 0.580851 0.000000 -0.161650
v 0.579511 0.000000 -0.166650
v 0.601829 0.000000 -0.176150
v 0.049873 0.000000 -0.091150
v 0.070851 0.000000 -0.105650
v 0.072191 0.000000 -0.100650
v 0.580851 0.000000 -0.105650
v 0.601829 0.000000 -0.091150
v 0.579511 0.000000 -0.100650
v 0.075851 0.000000 -0.096990
v 0.080851 0.000000 -0.095650
v 0.124383 0.000000 -0.091150
v 0.134775 0.000000 -0.091143
v 0.527319 0.000000 -0.091150
v 0.570851 0.000000 -0.095650
v 0.575851 0.000000 -0.096990
v 0.575851 0.000000 -0.170310
v 0.570851 0.000000 -0.171650
v 0.527319 0.000000 -0.176150
v 0.516965 0.000000 -0.176157
v 0.124383 0.000000 -0.176150
v 0.080851 0.000000 -0.171650
v 0.075851 0.000000 -0.170310
v 0.508881 0.000000 -0.091129
v 0.342612 0.000000 -0.090623
v 0.176342 0.000000 -0.091020
v 0.144241 0.000000 -0.176175
v 0.309896 0.000000 -0.176678
v 0.475552 0.000000 -0.176279
v 0.633068 0.160424 -0.118258
v 0.633679 0.164773 -0.122650
v 0.635851 0.180229 -0.074652
v 0.629433 0.134565 -0.243650
v 0.635587 0.178351 -0.243650
v 0.632233 0.154482 -0.150650
v 0.635851 0.180229 -0.133650
v 0.635851 0.180229 -0.243634
v 0.635851 0.180229 -0.192648
v 0.633068 0.160424 -0.149042
v 0.633903 0.166365 -0.128650
v 0.633903 0.166365 -0.138650
v 0.633679 0.164773 -0.144650
v 0.629094 0.132152 -0.243601
v 0.628217 0.125908 -0.241362
v 0.620971 0.074352 -0.211938
v 0.621377 0.077241 -0.150650
v 0.613726 0.022804 -0.182496
v 0.620542 0.071300 -0.149042
v 0.612517 0.014198 -0.178897
v 0.619931 0.066950 -0.144650
v 0.611739 0.008667 -0.178133
v 0.619707 0.065358 -0.138650
v 0.611739 0.008667 -0.089162
v 0.619707 0.065358 -0.128650
v 0.619931 0.066950 -0.122650
v 0.629433 0.134565 -0.023650
v 0.628515 0.128031 -0.024786
v 0.628217 0.125908 -0.025938
v 0.635851 0.180229 -0.023666
v 0.635587 0.178351 -0.023650
v 0.632233 0.154482 -0.116650
v 0.621377 0.077241 -0.116650
v 0.620971 0.074352 -0.055362
v 0.620542 0.071300 -0.118258
v 0.613726 0.022804 -0.084804
v 0.613375 0.020306 -0.086169
v 0.325851 0.311210 -0.243901
v 0.325851 0.311210 -0.244714
v 0.321257 0.311226 -0.243882
v 0.317332 0.311263 -0.244699
v 0.289035 0.312227 -0.242783
v 0.206554 0.323442 -0.228667
v 0.200263 0.324924 -0.225723
v 0.219593 0.320689 -0.232436
v 0.241400 0.316977 -0.237421
v 0.224787 0.319707 -0.234382
v 0.209187 0.322851 -0.229687
v 0.287333 0.312326 -0.243482
v 0.279891 0.312817 -0.242902
v 0.259450 0.314672 -0.240146
v 0.257944 0.314840 -0.240503
v 0.257952 0.314839 -0.239957
v 0.252961 0.315426 -0.239801
v 0.242523 0.316815 -0.238110
v 0.334370 0.311263 -0.244699
v 0.358020 0.311981 -0.243041
v 0.364369 0.312326 -0.243482
v 0.364042 0.312307 -0.242698
v 0.371811 0.312817 -0.242902
v 0.391119 0.314549 -0.240283
v 0.392351 0.314683 -0.240690
v 0.392338 0.314682 -0.240134
v 0.398741 0.315426 -0.239801
v 0.401933 0.315827 -0.238813
v 0.409180 0.316815 -0.238110
v 0.421865 0.318812 -0.235052
v 0.426915 0.319707 -0.234382
v 0.440460 0.322403 -0.229856
v 0.451459 0.324929 -0.225712
v 0.445149 0.323442 -0.228667
v 0.442516 0.322851 -0.229687
v 0.325851 0.310210 -0.245714
v 0.325851 0.303210 -0.245714
v 0.317309 0.310263 -0.245699
v 0.325130 0.303211 -0.245718
v 0.287203 0.311328 -0.244479
v 0.296519 0.303932 -0.245048
v 0.280091 0.305067 -0.243929
v 0.199387 0.323843 -0.226513
v 0.198712 0.324153 -0.226132
v 0.199331 0.324004 -0.226482
v 0.209447 0.319653 -0.230925
v 0.205956 0.322467 -0.229593
v 0.208624 0.321875 -0.230625
v 0.218303 0.316568 -0.233745
v 0.222151 0.319132 -0.234790
v 0.222136 0.315383 -0.234786
v 0.224366 0.318723 -0.235353
v 0.235009 0.311976 -0.237733
v 0.242206 0.315825 -0.239095
v 0.256885 0.307808 -0.241384
v 0.252694 0.314433 -0.240791
v 0.270962 0.305970 -0.243070
v 0.270967 0.312520 -0.243070
v 0.279734 0.311820 -0.243899
v 0.326572 0.303211 -0.245718
v 0.334393 0.310263 -0.245699
v 0.355183 0.303932 -0.245048
v 0.364499 0.311328 -0.244479
v 0.371611 0.305067 -0.243929
v 0.371968 0.311820 -0.243899
v 0.380741 0.305970 -0.243070
v 0.380735 0.312520 -0.243070
v 0.394818 0.307808 -0.241384
v 0.399008 0.314433 -0.240791
v 0.416693 0.311976 -0.237733
v 0.409496 0.315825 -0.239095
v 0.429566 0.315383 -0.234786
v 0.427336 0.318723 -0.235353
v 0.429552 0.319132 -0.234790
v 0.433399 0.316568 -0.233745
v 0.442255 0.319653 -0.230925
v 0.443078 0.321875 -0.230625
v 0.445746 0.322467 -0.229593
v 0.452315 0.323843 -0.226513
v 0.452371 0.324004 -0.226482
v 0.452990 0.324153 -0.226132
v 0.193452 0.325921 -0.222096
v 0.193444 0.325883 -0.222113
v 0.193425 0.325876 -0.222101
v 0.196824 0.325736 -0.223938
v 0.199844 0.324937 -0.225968
v 0.193597 0.325909 -0.222226
v 0.193554 0.326006 -0.222116
v 0.193766 0.326083 -0.222203
v 0.194391 0.325728 -0.222959
v 0.194061 0.326121 -0.222354
v 0.195046 0.325478 -0.223562
v 0.199448 0.324405 -0.226447
v 0.197625 0.324535 -0.225473
v 0.198672 0.324167 -0.226109
v 0.317314 0.310645 -0.245622
v 0.325851 0.310541 -0.245657
v 0.325851 0.311134 -0.245097
v 0.325851 0.311058 -0.245244
v 0.317321 0.310970 -0.245406
v 0.325851 0.310835 -0.245495
v 0.325851 0.311196 -0.244882
v 0.206391 0.323392 -0.229040
v 0.208729 0.322266 -0.230575
v 0.206065 0.322860 -0.229546
v 0.252752 0.314817 -0.240720
v 0.242273 0.316209 -0.239027
v 0.224452 0.319110 -0.235291
v 0.209036 0.322799 -0.230063
v 0.224681 0.319644 -0.234764
v 0.242445 0.316746 -0.238493
v 0.252896 0.315355 -0.240184
v 0.279853 0.312743 -0.243285
v 0.287302 0.312252 -0.243865
v 0.317327 0.311187 -0.245081
v 0.287266 0.312035 -0.244189
v 0.279810 0.312527 -0.243609
v 0.252823 0.315141 -0.240507
v 0.242357 0.316533 -0.238815
v 0.224563 0.319434 -0.235084
v 0.208875 0.322593 -0.230377
v 0.206218 0.323187 -0.229351
v 0.199630 0.324735 -0.226265
v 0.195411 0.326010 -0.223130
v 0.287231 0.311711 -0.244405
v 0.279768 0.312203 -0.243825
v 0.199323 0.323089 -0.226000
v 0.199301 0.323156 -0.226088
v 0.209620 0.319035 -0.230819
v 0.197576 0.324273 -0.225353
v 0.218206 0.316147 -0.233612
v 0.234931 0.311537 -0.237608
v 0.225703 0.313566 -0.235287
v 0.245281 0.308994 -0.239221
v 0.257243 0.307264 -0.241306
v 0.265268 0.305753 -0.241892
v 0.279624 0.304624 -0.243765
v 0.305893 0.302548 -0.244602
v 0.325851 0.302362 -0.245244
v 0.325851 0.302224 -0.244879
v 0.325127 0.302390 -0.245290
v 0.296933 0.303416 -0.244938
v 0.325851 0.302879 -0.245657
v 0.325851 0.302747 -0.245600
v 0.325129 0.302748 -0.245605
v 0.325851 0.302586 -0.245495
v 0.199294 0.323467 -0.226363
v 0.195810 0.324887 -0.223951
v 0.194633 0.325575 -0.223139
v 0.197592 0.323966 -0.225086
v 0.197352 0.324064 -0.224905
v 0.217854 0.316190 -0.233472
v 0.214427 0.317023 -0.232123
v 0.210859 0.318283 -0.230923
v 0.209343 0.319249 -0.230785
v 0.280060 0.304607 -0.243813
v 0.256832 0.307355 -0.241265
v 0.296501 0.303471 -0.244933
v 0.454898 0.325741 -0.223926
v 0.456278 0.326008 -0.223136
v 0.451858 0.324937 -0.225968
v 0.334375 0.311187 -0.245081
v 0.334382 0.310970 -0.245406
v 0.452254 0.324405 -0.226447
v 0.453030 0.324167 -0.226109
v 0.457599 0.326124 -0.222375
v 0.457913 0.326090 -0.222211
v 0.458058 0.325911 -0.222263
v 0.458139 0.326015 -0.222115
v 0.458261 0.325885 -0.222109
v 0.458247 0.325931 -0.222091
v 0.458281 0.325879 -0.222096
v 0.457316 0.325729 -0.222955
v 0.456927 0.325580 -0.223321
v 0.452072 0.324735 -0.226265
v 0.445638 0.322860 -0.229546
v 0.442973 0.322266 -0.230575
v 0.427250 0.319110 -0.235291
v 0.445311 0.323392 -0.229040
v 0.442666 0.322799 -0.230063
v 0.427021 0.319644 -0.234764
v 0.409257 0.316746 -0.238493
v 0.398806 0.315355 -0.240184
v 0.409429 0.316209 -0.239027
v 0.398951 0.314817 -0.240720
v 0.371934 0.312203 -0.243825
v 0.364471 0.311711 -0.244405
v 0.334388 0.310645 -0.245622
v 0.364436 0.312035 -0.244189
v 0.371892 0.312527 -0.243609
v 0.398880 0.315141 -0.240507
v 0.409345 0.316533 -0.238815
v 0.427139 0.319434 -0.235084
v 0.442827 0.322593 -0.230377
v 0.445484 0.323187 -0.229351
v 0.364401 0.312252 -0.243865
v 0.371849 0.312743 -0.243285
v 0.454127 0.324272 -0.225352
v 0.425864 0.313528 -0.235320
v 0.433865 0.316214 -0.233478
v 0.441588 0.318557 -0.230656
v 0.326573 0.302746 -0.245604
v 0.394450 0.307263 -0.241307
v 0.382280 0.305234 -0.242317
v 0.372075 0.304621 -0.243764
v 0.355058 0.302945 -0.244245
v 0.355203 0.303112 -0.244616
v 0.343174 0.302465 -0.244677
v 0.326575 0.302388 -0.245287
v 0.394870 0.307354 -0.241265
v 0.416772 0.311535 -0.237608
v 0.406846 0.309077 -0.239151
v 0.422120 0.312531 -0.236200
v 0.433497 0.316146 -0.233611
v 0.455907 0.324894 -0.223941
v 0.454768 0.324280 -0.224656
v 0.454109 0.323964 -0.225084
v 0.452408 0.323466 -0.226363
v 0.452154 0.323248 -0.226441
v 0.454103 0.323937 -0.225048
v 0.442359 0.319247 -0.230784
v 0.442377 0.318921 -0.230486
v 0.445077 0.319903 -0.229331
v 0.355201 0.303469 -0.244933
v 0.371642 0.304606 -0.243813
v 0.305354 0.412663 -0.239592
v 0.325851 0.411925 -0.240081
v 0.325851 0.411925 -0.239075
v 0.296633 0.413184 -0.238097
v 0.292121 0.413508 -0.237782
v 0.274997 0.415104 -0.237182
v 0.277534 0.414828 -0.236428
v 0.274474 0.415163 -0.237110
v 0.265996 0.416205 -0.235818
v 0.237031 0.421275 -0.229227
v 0.244720 0.419670 -0.231412
v 0.258527 0.417273 -0.233769
v 0.266488 0.416139 -0.235018
v 0.298211 0.419384 -0.238254
v 0.325851 0.418925 -0.239121
v 0.325851 0.418925 -0.240107
v 0.229994 0.423872 -0.227650
v 0.228745 0.423992 -0.227073
v 0.243534 0.422649 -0.230921
v 0.270829 0.420663 -0.236672
v 0.243700 0.422635 -0.231920
v 0.238977 0.423044 -0.230805
v 0.270708 0.420670 -0.235684
v 0.298276 0.419382 -0.239240
v 0.376340 0.416049 -0.238226
v 0.356343 0.414264 -0.240036
v 0.374971 0.419307 -0.238411
v 0.353519 0.418375 -0.240243
v 0.325851 0.417918 -0.241107
v 0.325851 0.412921 -0.241081
v 0.325656 0.412925 -0.241081
v 0.305361 0.413657 -0.240591
v 0.298183 0.418375 -0.240238
v 0.274980 0.416092 -0.238174
v 0.276333 0.419328 -0.238358
v 0.353426 0.419382 -0.239245
v 0.368375 0.419985 -0.237109
v 0.389471 0.421216 -0.234482
v 0.381213 0.420683 -0.236503
v 0.374793 0.420314 -0.237419
v 0.410304 0.422832 -0.230441
v 0.408227 0.422654 -0.231012
v 0.386061 0.420988 -0.235725
v 0.377055 0.415143 -0.237134
v 0.398572 0.418141 -0.233385
v 0.392923 0.417234 -0.233822
v 0.406982 0.419670 -0.231412
v 0.414449 0.421225 -0.229297
v 0.354835 0.413169 -0.238116
v 0.356346 0.413272 -0.239038
v 0.359319 0.413488 -0.237807
v 0.376324 0.415062 -0.237234
v 0.374035 0.414814 -0.236450
v 0.384983 0.416109 -0.235060
v 0.381424 0.419685 -0.237492
v 0.377081 0.416137 -0.238124
v 0.386292 0.419990 -0.236712
v 0.398616 0.419127 -0.234363
v 0.408570 0.421657 -0.231978
v 0.407040 0.420651 -0.232380
v 0.412311 0.421978 -0.230928
v 0.414321 0.422155 -0.230317
v 0.270692 0.419978 -0.237448
v 0.274448 0.416157 -0.238100
v 0.269331 0.420122 -0.237229
v 0.265964 0.417196 -0.236804
v 0.261233 0.420978 -0.235921
v 0.276306 0.419358 -0.238354
v 0.276330 0.419353 -0.238357
v 0.276279 0.419388 -0.238351
v 0.236910 0.422259 -0.230168
v 0.244662 0.420651 -0.232380
v 0.243654 0.422618 -0.232117
v 0.250547 0.421983 -0.233802
v 0.258948 0.421220 -0.235552
v 0.225505 0.424558 -0.225160
v 0.227350 0.424065 -0.226269
v 0.226464 0.424098 -0.225603
v 0.274421 0.415301 -0.237601
v 0.274953 0.415226 -0.237647
v 0.274945 0.415604 -0.238036
v 0.274944 0.415547 -0.238000
v 0.274412 0.415664 -0.237962
v 0.274943 0.415402 -0.237881
v 0.274971 0.415998 -0.238168
v 0.236852 0.421788 -0.230021
v 0.225044 0.424997 -0.224928
v 0.225033 0.425024 -0.224922
v 0.225396 0.424762 -0.225164
v 0.227314 0.424184 -0.226307
v 0.225940 0.424530 -0.225502
v 0.225141 0.424850 -0.224979
v 0.228129 0.423526 -0.226292
v 0.236883 0.421434 -0.229675
v 0.228651 0.423368 -0.226495
v 0.265933 0.416344 -0.236305
v 0.244627 0.419816 -0.231883
v 0.233313 0.422138 -0.228107
v 0.244606 0.420173 -0.232235
v 0.265922 0.416706 -0.236665
v 0.325851 0.412548 -0.241007
v 0.305345 0.413285 -0.240516
v 0.305338 0.412959 -0.240300
v 0.305341 0.412741 -0.239975
v 0.325852 0.412050 -0.240565
v 0.325852 0.412220 -0.240791
v 0.325852 0.412372 -0.240914
v 0.356366 0.413350 -0.239421
v 0.376370 0.415184 -0.237699
v 0.356372 0.413568 -0.239744
v 0.376381 0.415360 -0.237933
v 0.376380 0.415504 -0.238052
v 0.356364 0.413893 -0.239961
v 0.376378 0.415562 -0.238088
v 0.376350 0.415956 -0.238220
v 0.377117 0.415645 -0.237987
v 0.418170 0.422086 -0.228183
v 0.407075 0.419816 -0.231883
v 0.421399 0.422984 -0.227296
v 0.423426 0.423654 -0.226600
v 0.423320 0.423452 -0.226399
v 0.424206 0.423794 -0.226137
v 0.424593 0.423864 -0.225887
v 0.414375 0.422163 -0.230300
v 0.407096 0.420173 -0.232235
v 0.419365 0.422959 -0.228525
v 0.421456 0.423311 -0.227613
v 0.398651 0.418284 -0.233864
v 0.377108 0.415282 -0.237625
v 0.398667 0.418644 -0.234220
v 0.270774 0.420588 -0.237056
v 0.270689 0.420154 -0.237541
v 0.270719 0.420370 -0.237380
v 0.298200 0.418760 -0.240165
v 0.298224 0.419087 -0.239949
v 0.298250 0.419306 -0.239624
v 0.325851 0.418303 -0.241032
v 0.325851 0.418629 -0.240816
v 0.325851 0.418848 -0.240491
v 0.374811 0.420304 -0.237559
v 0.381275 0.420610 -0.236883
v 0.374844 0.420240 -0.237800
v 0.374944 0.419645 -0.238358
v 0.412258 0.422365 -0.230862
v 0.412168 0.422691 -0.230655
v 0.424650 0.423874 -0.225849
v 0.421708 0.423771 -0.226998
v 0.386130 0.420915 -0.236105
v 0.408333 0.422584 -0.231387
v 0.412057 0.422906 -0.230341
v 0.414150 0.423165 -0.229400
v 0.408435 0.422370 -0.231703
v 0.386198 0.420700 -0.236427
v 0.381337 0.420394 -0.237205
v 0.374866 0.420162 -0.237951
v 0.408519 0.422044 -0.231911
v 0.386255 0.420375 -0.236640
v 0.381390 0.420069 -0.237419
v 0.374909 0.419938 -0.238198
v 0.353502 0.418760 -0.240169
v 0.353478 0.419087 -0.239954
v 0.353452 0.419306 -0.239629
v 0.411595 0.356330 -0.037119
v 0.409426 0.370229 -0.037440
v 0.366578 0.370229 -0.030623
v 0.442248 0.370229 -0.047866
v 0.464317 0.293496 -0.034082
v 0.437199 0.296311 -0.029952
v 0.451725 0.274317 -0.026022
v 0.389195 0.279571 -0.022404
v 0.281404 0.345410 -0.029519
v 0.276593 0.322766 -0.027507
v 0.325855 0.324378 -0.025601
v 0.199195 0.354898 -0.050900
v 0.194776 0.340564 -0.049632
v 0.215655 0.341913 -0.041885
v 0.023784 0.181478 -0.015667
v 0.024037 0.179464 -0.015650
v 0.131190 0.173194 -0.015650
v 0.489004 0.345216 -0.072913
v 0.485514 0.356488 -0.074219
v 0.471298 0.354194 -0.061574
v 0.269295 0.305164 -0.025659
v 0.254489 0.307190 -0.027237
v 0.214512 0.296312 -0.029950
v 0.251314 0.307715 -0.027657
v 0.231263 0.311914 -0.031195
v 0.429716 0.314460 -0.033511
v 0.425321 0.313197 -0.032349
v 0.407045 0.308935 -0.028650
v 0.399253 0.307523 -0.027504
v 0.397296 0.307203 -0.027249
v 0.372322 0.304133 -0.024879
v 0.381780 0.301187 -0.025044
v 0.363060 0.303405 -0.024328
v 0.331816 0.302238 -0.023390
v 0.448070 0.316670 -0.038560
v 0.471338 0.314415 -0.045451
v 0.480588 0.302348 -0.042720
v 0.493368 0.312361 -0.054645
v 0.456798 0.326206 -0.044794
v 0.457696 0.326234 -0.045148
v 0.456931 0.340563 -0.049638
v 0.458194 0.326074 -0.045282
v 0.457220 0.325428 -0.044668
v 0.455646 0.324578 -0.043772
v 0.441976 0.318606 -0.037519
v 0.370305 0.345410 -0.029521
v 0.422201 0.318870 -0.033118
v 0.414458 0.343235 -0.036216
v 0.440386 0.322387 -0.038226
v 0.436053 0.341912 -0.041889
v 0.450438 0.324682 -0.041990
v 0.455587 0.325960 -0.044249
v 0.364433 0.312330 -0.025486
v 0.391344 0.314573 -0.027860
v 0.375117 0.322765 -0.027509
v 0.394665 0.314943 -0.028273
v 0.402700 0.315926 -0.029407
v 0.325851 0.311210 -0.024302
v 0.358171 0.311989 -0.025137
v 0.253086 0.315410 -0.028805
v 0.267173 0.313881 -0.027103
v 0.283147 0.312591 -0.025751
v 0.315136 0.311293 -0.024398
v 0.237251 0.343235 -0.036212
v 0.227747 0.319175 -0.033530
v 0.234363 0.318059 -0.032045
v 0.196072 0.324570 -0.043761
v 0.194743 0.325277 -0.044511
v 0.180371 0.314416 -0.045446
v 0.188377 0.327112 -0.047785
v 0.193513 0.326072 -0.045277
v 0.193630 0.326137 -0.045255
v 0.193831 0.326201 -0.045202
v 0.194979 0.326195 -0.044758
v 0.196123 0.325958 -0.044243
v 0.214093 0.321798 -0.037315
v 0.223742 0.313942 -0.033030
v 0.221886 0.314490 -0.033537
v 0.214398 0.316910 -0.035842
v 0.484886 0.359373 -0.074472
v 0.484036 0.364476 -0.074858
v 0.467393 0.370229 -0.061435
v 0.483874 0.365761 -0.074945
v 0.483507 0.369675 -0.075189
v 0.483488 0.369952 -0.075205
v 0.483470 0.370229 -0.075222
v 0.504155 0.300091 -0.051110
v 0.516646 0.303952 -0.061954
v 0.511096 0.309994 -0.064181
v 0.515973 0.288442 -0.047182
v 0.532417 0.288999 -0.055610
v 0.565329 0.245429 -0.030207
v 0.583141 0.248449 -0.035014
v 0.564041 0.263478 -0.042803
v 0.599490 0.234390 -0.028347
v 0.585516 0.224246 -0.022832
v 0.610048 0.223798 -0.024047
v 0.556109 0.213283 -0.018871
v 0.617588 0.214578 -0.020950
v 0.560327 0.201186 -0.017149
v 0.624789 0.202155 -0.017859
v 0.623369 0.205198 -0.018496
v 0.627665 0.179464 -0.015650
v 0.627918 0.181478 -0.015667
v 0.562181 0.188452 -0.016041
v 0.628026 0.182424 -0.015687
v 0.627979 0.190481 -0.016164
v 0.627414 0.193957 -0.016544
v 0.089534 0.188452 -0.016041
v 0.024598 0.195311 -0.016720
v 0.023493 0.187232 -0.015904
v 0.167687 0.187425 -0.015879
v 0.168855 0.172031 -0.015650
v 0.282181 0.170346 -0.015650
v 0.033935 0.214329 -0.020876
v 0.030057 0.208370 -0.019243
v 0.091388 0.201186 -0.017148
v 0.025787 0.199274 -0.017330
v 0.135737 0.288442 -0.047178
v 0.087666 0.263482 -0.042804
v 0.110657 0.266480 -0.038677
v 0.058695 0.240195 -0.030989
v 0.132814 0.301653 -0.061052
v 0.126130 0.295176 -0.058365
v 0.108275 0.279725 -0.051166
v 0.160602 0.340192 -0.072116
v 0.175186 0.339283 -0.059995
v 0.165378 0.353335 -0.073908
v 0.180409 0.354195 -0.061568
v 0.167027 0.360481 -0.074560
v 0.168196 0.369687 -0.075190
v 0.182726 0.370229 -0.062553
v 0.168214 0.369958 -0.075206
v 0.168232 0.370229 -0.075221
v 0.168052 0.367898 -0.075081
v 0.167869 0.366114 -0.074967
v 0.167385 0.362565 -0.074720
v 0.139510 0.268659 -0.033185
v 0.169401 0.271379 -0.029059
v 0.187394 0.293496 -0.034079
v 0.160987 0.290785 -0.039695
v 0.203640 0.316671 -0.038556
v 0.200512 0.322445 -0.041477
v 0.199988 0.274318 -0.026020
v 0.240114 0.356330 -0.037115
v 0.219290 0.355625 -0.042935
v 0.218666 0.370229 -0.044307
v 0.211642 0.370229 -0.046967
v 0.189122 0.370229 -0.058270
v 0.167688 0.325382 -0.057648
v 0.158340 0.312362 -0.054640
v 0.147553 0.300092 -0.051106
v 0.262518 0.279572 -0.022403
v 0.269931 0.301188 -0.025043
v 0.296797 0.302920 -0.023954
v 0.283282 0.370229 -0.030803
v 0.267874 0.370229 -0.032669
v 0.258424 0.370229 -0.034163
v 0.239326 0.370229 -0.038150
v 0.241503 0.316962 -0.030656
v 0.325851 0.302210 -0.023364
v 0.325857 0.281885 -0.021245
v 0.457889 0.326200 -0.045210
v 0.463332 0.327111 -0.047790
v 0.484020 0.325381 -0.057653
v 0.500825 0.323104 -0.068291
v 0.476521 0.339283 -0.060001
v 0.493028 0.336158 -0.071371
v 0.432418 0.355625 -0.042940
v 0.452512 0.354897 -0.050905
v 0.592307 0.176746 -0.015650
v 0.484028 0.187425 -0.015879
v 0.476861 0.171880 -0.015650
v 0.404945 0.203445 -0.016211
v 0.483236 0.201815 -0.016527
v 0.480741 0.215330 -0.017537
v 0.465611 0.251925 -0.022170
v 0.532885 0.247024 -0.026723
v 0.512201 0.268658 -0.033188
v 0.541054 0.266479 -0.038680
v 0.556347 0.269454 -0.045931
v 0.490723 0.290784 -0.039699
v 0.482311 0.271378 -0.029061
v 0.325851 0.170229 -0.015650
v 0.325858 0.204347 -0.016110
v 0.168479 0.201815 -0.016527
v 0.246770 0.203445 -0.016211
v 0.325858 0.233564 -0.017342
v 0.401877 0.231805 -0.017709
v 0.476801 0.228101 -0.018853
v 0.549890 0.224871 -0.021108
v 0.255454 0.256813 -0.019865
v 0.192837 0.263236 -0.024056
v 0.186102 0.251926 -0.022169
v 0.128889 0.257844 -0.029897
v 0.118828 0.247025 -0.026721
v 0.086383 0.245429 -0.030205
v 0.043520 0.225814 -0.024808
v 0.066198 0.224246 -0.022831
v 0.101825 0.224871 -0.021107
v 0.174914 0.228102 -0.018852
v 0.095605 0.213283 -0.018870
v 0.170974 0.215331 -0.017537
v 0.249838 0.231805 -0.017709
v 0.325857 0.259027 -0.019127
v 0.396260 0.256812 -0.019866
v 0.325855 0.346310 -0.027399
v 0.325855 0.370229 -0.028650
v 0.310442 0.370229 -0.028959
v 0.159115 0.337044 -0.071542
v 0.152092 0.324901 -0.068774
v 0.143292 0.313139 -0.065257
v 0.449917 0.901163 -0.077572
v 0.453325 0.904375 -0.084271
v 0.452445 0.908833 -0.072479
v 0.456659 0.912500 -0.079260
v 0.458553 0.914087 -0.082654
v 0.443345 0.894377 -0.067206
v 0.450357 0.906924 -0.069543
v 0.435634 0.885239 -0.057664
v 0.445100 0.901837 -0.062948
v 0.434679 0.890227 -0.052387
v 0.431807 0.880100 -0.053653
v 0.430282 0.884570 -0.048682
v 0.428210 0.874815 -0.050228
v 0.425160 0.877237 -0.044796
v 0.420654 0.861828 -0.043917
v 0.415843 0.860987 -0.038730
v 0.417422 0.855232 -0.041535
v 0.413708 0.846661 -0.039011
v 0.404831 0.834050 -0.033018
v 0.407690 0.829611 -0.035345
v 0.404812 0.819415 -0.033765
v 0.400419 0.819073 -0.031126
v 0.402478 0.809771 -0.032560
v 0.394823 0.793419 -0.029017
v 0.397871 0.785103 -0.030359
v 0.396225 0.773392 -0.029614
v 0.390968 0.767282 -0.027694
v 0.392989 0.739470 -0.028087
v 0.388042 0.735790 -0.026634
v 0.391625 0.715481 -0.027367
v 0.386034 0.690248 -0.025904
v 0.390895 0.690130 -0.026969
v 0.453698 0.904718 -0.182219
v 0.453387 0.904430 -0.182892
v 0.458553 0.914087 -0.184646
v 0.458414 0.908878 -0.169768
v 0.463647 0.913241 -0.133453
v 0.463292 0.912958 -0.143283
v 0.470345 0.923807 -0.136647
v 0.467440 0.921412 -0.160325
v 0.461786 0.916749 -0.177818
v 0.466936 0.920996 -0.162426
v 0.461108 0.911167 -0.159179
v 0.461377 0.911391 -0.157824
v 0.470381 0.923836 -0.133656
v 0.470060 0.923574 -0.124699
v 0.462810 0.912571 -0.118870
v 0.468315 0.922135 -0.111211
v 0.461056 0.911123 -0.107863
v 0.460390 0.910562 -0.104833
v 0.465086 0.919469 -0.098274
v 0.459238 0.909583 -0.100335
v 0.454877 0.905788 -0.087803
v 0.422078 0.864523 -0.222268
v 0.415336 0.859966 -0.228866
v 0.430171 0.884422 -0.218706
v 0.450343 0.906911 -0.197777
v 0.452500 0.908882 -0.194740
v 0.456656 0.912498 -0.188045
v 0.444573 0.901302 -0.204959
v 0.451346 0.902532 -0.187053
v 0.393732 0.749245 -0.238841
v 0.393462 0.745757 -0.238977
v 0.388658 0.744001 -0.240429
v 0.391177 0.704917 -0.240159
v 0.386034 0.690248 -0.241397
v 0.390761 0.690133 -0.240360
v 0.396907 0.777662 -0.237403
v 0.394680 0.792614 -0.238333
v 0.397943 0.784408 -0.236945
v 0.402723 0.810222 -0.234644
v 0.403946 0.831307 -0.234679
v 0.406168 0.824327 -0.232809
v 0.410610 0.849584 -0.231461
v 0.415068 0.849933 -0.227384
v 0.411718 0.841542 -0.229551
v 0.408932 0.833546 -0.231235
v 0.444989 0.896151 -0.197731
v 0.437974 0.888174 -0.206963
v 0.434684 0.890234 -0.214908
v 0.437168 0.887180 -0.207903
v 0.429739 0.877118 -0.215645
v 0.433440 0.942314 -0.074398
v 0.416178 0.941999 -0.059262
v 0.429421 0.907722 -0.054634
v 0.405731 0.907367 -0.042964
v 0.255763 0.941684 -0.219928
v 0.278103 0.941409 -0.228729
v 0.271673 0.907057 -0.232426
v 0.359134 0.726490 -0.242909
v 0.325850 0.726495 -0.243635
v 0.325850 0.763056 -0.243205
v 0.293002 0.800087 -0.241773
v 0.260570 0.800067 -0.238400
v 0.262749 0.836687 -0.237002
v 0.272463 0.690260 -0.025281
v 0.326305 0.690307 -0.023379
v 0.325849 0.763056 -0.024095
v 0.358697 0.800087 -0.025433
v 0.391129 0.800067 -0.028722
v 0.388950 0.836687 -0.030059
v 0.310356 0.971901 -0.036633
v 0.307245 0.971918 -0.037092
v 0.301738 0.941215 -0.033211
v 0.435445 0.959125 -0.172984
v 0.424996 0.973712 -0.169724
v 0.429897 0.973859 -0.154698
v 0.202344 0.912224 -0.071686
v 0.203550 0.911009 -0.069934
v 0.218258 0.942314 -0.074563
v 0.211070 0.902938 -0.060472
v 0.218870 0.893393 -0.052588
v 0.222277 0.907722 -0.054933
v 0.237371 0.862696 -0.038813
v 0.238154 0.872426 -0.039920
v 0.230283 0.876309 -0.043442
v 0.265126 0.724103 -0.026271
v 0.266577 0.690249 -0.025779
v 0.450053 0.908077 -0.069851
v 0.468294 0.925951 -0.144790
v 0.450054 0.908077 -0.197449
v 0.263309 0.747913 -0.240324
v 0.261801 0.762518 -0.239770
v 0.292592 0.763057 -0.242341
v 0.240556 0.855513 -0.230343
v 0.237455 0.862540 -0.228535
v 0.238155 0.872426 -0.227380
v 0.230373 0.876178 -0.223916
v 0.211133 0.902875 -0.206895
v 0.203607 0.910956 -0.197444
v 0.222278 0.907722 -0.212367
v 0.245968 0.907367 -0.224079
v 0.222510 0.888431 -0.217891
v 0.218934 0.893318 -0.214767
v 0.266035 0.706393 -0.241370
v 0.326305 0.690307 -0.243921
v 0.292565 0.726490 -0.242908
v 0.272706 0.690260 -0.242038
v 0.369247 0.690275 -0.242677
v 0.346679 0.690300 -0.243648
v 0.329547 0.690307 -0.243912
v 0.391130 0.800067 -0.238578
v 0.388951 0.836687 -0.237241
v 0.385215 0.872260 -0.235333
v 0.429422 0.907722 -0.212666
v 0.413545 0.872426 -0.227707
v 0.405731 0.907367 -0.224336
v 0.469038 0.925973 -0.133650
v 0.446706 0.942588 -0.092369
v 0.440647 0.942458 -0.083056
v 0.413544 0.872426 -0.039593
v 0.359106 0.763057 -0.024913
v 0.292592 0.763057 -0.024959
v 0.261565 0.764493 -0.027613
v 0.262748 0.836687 -0.030298
v 0.252362 0.818515 -0.031134
v 0.260569 0.800067 -0.028900
v 0.256254 0.800144 -0.029558
v 0.260726 0.771366 -0.027914
v 0.266484 0.872260 -0.032205
v 0.240553 0.855492 -0.036955
v 0.247053 0.837718 -0.033551
v 0.222430 0.888534 -0.049473
v 0.245967 0.907367 -0.043221
v 0.197267 0.917127 -0.080059
v 0.211052 0.942459 -0.083214
v 0.204993 0.942588 -0.092512
v 0.192801 0.921253 -0.089449
v 0.196802 0.942783 -0.112599
v 0.187732 0.925811 -0.105135
v 0.188464 0.925152 -0.102248
v 0.184429 0.928732 -0.133655
v 0.185266 0.928002 -0.119139
v 0.186367 0.927030 -0.111664
v 0.188338 0.925271 -0.164567
v 0.186366 0.927029 -0.155636
v 0.196803 0.942783 -0.154701
v 0.185555 0.927746 -0.150475
v 0.194087 0.942856 -0.133650
v 0.184447 0.928716 -0.135782
v 0.235521 0.941999 -0.207875
v 0.218258 0.942314 -0.192737
v 0.202393 0.912179 -0.195685
v 0.211052 0.942458 -0.184086
v 0.197218 0.917174 -0.187149
v 0.204993 0.942588 -0.174788
v 0.192040 0.921927 -0.175973
v 0.444994 0.959291 -0.133650
v 0.432095 0.973921 -0.140395
v 0.432255 0.973925 -0.137698
v 0.442597 0.959245 -0.153742
v 0.418197 0.973493 -0.182819
v 0.423850 0.958956 -0.190430
v 0.414648 0.973377 -0.188123
v 0.408768 0.973187 -0.195529
v 0.408566 0.958761 -0.205426
v 0.397751 0.972851 -0.206295
v 0.373596 0.941409 -0.228831
v 0.369712 0.972211 -0.223136
v 0.384169 0.972498 -0.215917
v 0.354284 0.972005 -0.228195
v 0.349960 0.941215 -0.234142
v 0.351898 0.971982 -0.228766
v 0.346752 0.971939 -0.229819
v 0.325850 0.941141 -0.235914
v 0.318993 0.971871 -0.231498
v 0.335492 0.971881 -0.231302
v 0.282549 0.972190 -0.223358
v 0.297940 0.971991 -0.228320
v 0.244569 0.973125 -0.197350
v 0.250387 0.972944 -0.203166
v 0.243133 0.958761 -0.205343
v 0.262421 0.972609 -0.212666
v 0.266338 0.972513 -0.215189
v 0.275945 0.972308 -0.220434
v 0.235387 0.973424 -0.185729
v 0.227849 0.958956 -0.190345
v 0.228191 0.973660 -0.173058
v 0.216254 0.959125 -0.172911
v 0.225655 0.973741 -0.167140
v 0.221482 0.973867 -0.153286
v 0.219518 0.973923 -0.139113
v 0.219354 0.973927 -0.133650
v 0.220602 0.973892 -0.118591
v 0.216254 0.959125 -0.094389
v 0.227322 0.973688 -0.096146
v 0.224092 0.973789 -0.104502
v 0.227848 0.958956 -0.076955
v 0.230484 0.973586 -0.089688
v 0.229716 0.973611 -0.091147
v 0.276049 0.972306 -0.046815
v 0.266338 0.972513 -0.052111
v 0.255762 0.941684 -0.047372
v 0.261219 0.972639 -0.055459
v 0.243133 0.958761 -0.061957
v 0.249099 0.972983 -0.065340
v 0.238578 0.973319 -0.077110
v 0.291236 0.972066 -0.040844
v 0.284833 0.972154 -0.043049
v 0.278103 0.941409 -0.038571
v 0.385890 0.972538 -0.052431
v 0.379293 0.972391 -0.048646
v 0.373596 0.941409 -0.038469
v 0.364619 0.972131 -0.042219
v 0.348997 0.971957 -0.037910
v 0.454896 0.942783 -0.112509
v 0.429051 0.973835 -0.109273
v 0.409066 0.973197 -0.072113
v 0.408566 0.958761 -0.061874
v 0.413997 0.973356 -0.078282
v 0.423850 0.958956 -0.076870
v 0.421762 0.973609 -0.090721
v 0.435445 0.959125 -0.094316
v 0.424374 0.973692 -0.096140
v 0.427451 0.973787 -0.104037
v 0.432345 0.973927 -0.133650
v 0.431769 0.973912 -0.123415
v 0.430330 0.973872 -0.114536
v 0.325849 0.800094 -0.024450
v 0.357641 0.836685 -0.026203
v 0.385214 0.872260 -0.031967
v 0.369541 0.690275 -0.024641
v 0.347267 0.690299 -0.023668
v 0.329351 0.690307 -0.023387
v 0.257544 0.792632 -0.238241
v 0.252330 0.818506 -0.236161
v 0.247061 0.837721 -0.233750
v 0.266577 0.690250 -0.241521
v 0.266485 0.872260 -0.235095
v 0.294058 0.836685 -0.240972
v 0.325850 0.800094 -0.242850
v 0.359107 0.763057 -0.242386
v 0.295945 0.872143 -0.239628
v 0.298561 0.906838 -0.237436
v 0.301739 0.941215 -0.234089
v 0.314067 0.971885 -0.231102
v 0.325850 0.836684 -0.242287
v 0.325850 0.872099 -0.241158
v 0.325850 0.906755 -0.239141
v 0.395937 0.941684 -0.220068
v 0.416178 0.941999 -0.208038
v 0.446706 0.942588 -0.174931
v 0.440647 0.942459 -0.184244
v 0.433441 0.942314 -0.192902
v 0.457612 0.942856 -0.133650
v 0.456934 0.942837 -0.144271
v 0.454896 0.942783 -0.154790
v 0.380027 0.907057 -0.232613
v 0.358698 0.800087 -0.241866
v 0.357642 0.836685 -0.241097
v 0.355754 0.872143 -0.239753
v 0.353138 0.906838 -0.237534
v 0.353138 0.906838 -0.029766
v 0.349960 0.941215 -0.033158
v 0.343411 0.971917 -0.036925
v 0.235520 0.941999 -0.059425
v 0.221368 0.973870 -0.114540
v 0.325849 0.872099 -0.026142
v 0.325849 0.906755 -0.028159
v 0.325849 0.941141 -0.031386
v 0.326945 0.971865 -0.035604
v 0.398309 0.972866 -0.061475
v 0.395936 0.941684 -0.047231
v 0.380026 0.907057 -0.034687
v 0.355754 0.872143 -0.027547
v 0.325849 0.836684 -0.025013
v 0.271672 0.907057 -0.034874
v 0.293001 0.800087 -0.025527
v 0.294057 0.836685 -0.026328
v 0.295944 0.872143 -0.027672
v 0.298561 0.906838 -0.029864
v 0.506222 0.777646 -0.148174
v 0.503348 0.777649 -0.162432
v 0.496454 0.811461 -0.161097
v 0.190109 0.710271 -0.220757
v 0.176784 0.710255 -0.212977
v 0.181490 0.777679 -0.209012
v 0.137913 0.710202 -0.149068
v 0.136952 0.710199 -0.133650
v 0.144567 0.777644 -0.133650
v 0.462580 0.370229 -0.209030
v 0.440061 0.370229 -0.220333
v 0.438946 0.400711 -0.220212
v 0.502029 0.434154 -0.119110
v 0.498799 0.434151 -0.104942
v 0.498840 0.400763 -0.105027
v 0.493203 0.400757 -0.091723
v 0.502118 0.400767 -0.119151
v 0.503192 0.400768 -0.133650
v 0.503084 0.434155 -0.133650
v 0.270898 0.421678 -0.032607
v 0.268029 0.434075 -0.032827
v 0.239831 0.434090 -0.038133
v 0.243840 0.423658 -0.229946
v 0.239831 0.434090 -0.229167
v 0.268029 0.434075 -0.234473
v 0.393828 0.739396 -0.028269
v 0.392319 0.715440 -0.027499
v 0.417821 0.710319 -0.031771
v 0.239330 0.834958 -0.038183
v 0.232394 0.851886 -0.043086
v 0.216306 0.844855 -0.049365
v 0.202729 0.894352 -0.190556
v 0.208986 0.887770 -0.200260
v 0.203375 0.877749 -0.199496
v 0.237947 0.838741 -0.228197
v 0.239816 0.833584 -0.229433
v 0.237822 0.811565 -0.231000
v 0.394636 0.749152 -0.238633
v 0.398035 0.777453 -0.237084
v 0.416245 0.777719 -0.233079
v 0.399141 0.784163 -0.236586
v 0.404318 0.809740 -0.234014
v 0.413880 0.811565 -0.231302
v 0.410920 0.832590 -0.230185
v 0.417230 0.848438 -0.225951
v 0.435396 0.844855 -0.218328
v 0.453898 0.899069 -0.181026
v 0.454186 0.899328 -0.180365
v 0.464528 0.877988 -0.180601
v 0.448327 0.877749 -0.199856
v 0.446123 0.891607 -0.195503
v 0.452015 0.897364 -0.185057
v 0.431711 0.874145 -0.213521
v 0.438795 0.883432 -0.205624
v 0.439556 0.884343 -0.204679
v 0.391811 0.704886 -0.240044
v 0.394340 0.745672 -0.238780
v 0.417821 0.710319 -0.235528
v 0.325851 0.680237 -0.243921
v 0.334399 0.680237 -0.243867
v 0.325851 0.643867 -0.243710
v 0.346679 0.680235 -0.243601
v 0.386902 0.643776 -0.240520
v 0.370537 0.680231 -0.242360
v 0.417331 0.643684 -0.235624
v 0.390851 0.680229 -0.240365
v 0.391169 0.690122 -0.240284
v 0.293505 0.680233 -0.243158
v 0.264801 0.643776 -0.240581
v 0.264448 0.680229 -0.240839
v 0.260851 0.680229 -0.240415
v 0.234372 0.643684 -0.235709
v 0.261012 0.690135 -0.240387
v 0.245638 0.813802 -0.232992
v 0.250814 0.789347 -0.235776
v 0.235458 0.777719 -0.232873
v 0.255581 0.758253 -0.238003
v 0.233882 0.710319 -0.235541
v 0.257728 0.736593 -0.239035
v 0.260690 0.692715 -0.240319
v 0.231517 0.853742 -0.223536
v 0.216306 0.844855 -0.217935
v 0.224571 0.866629 -0.217675
v 0.217006 0.877900 -0.210125
v 0.210085 0.886522 -0.201755
v 0.193653 0.844941 -0.202958
v 0.210773 0.811535 -0.220836
v 0.190296 0.905470 -0.156279
v 0.192603 0.903531 -0.166290
v 0.177234 0.878157 -0.157722
v 0.194077 0.902270 -0.171138
v 0.187174 0.877988 -0.180291
v 0.196693 0.899997 -0.178206
v 0.197875 0.898936 -0.180972
v 0.189781 0.905896 -0.153269
v 0.174043 0.878222 -0.133650
v 0.188389 0.907026 -0.139572
v 0.190910 0.904958 -0.107921
v 0.190296 0.905471 -0.111023
v 0.177234 0.878157 -0.109578
v 0.188812 0.906688 -0.121739
v 0.188273 0.907118 -0.136020
v 0.197931 0.898886 -0.086201
v 0.196698 0.900001 -0.089089
v 0.187174 0.877988 -0.087009
v 0.193677 0.902613 -0.097396
v 0.203375 0.877749 -0.067804
v 0.203762 0.893319 -0.074974
v 0.198182 0.898660 -0.085644
v 0.218123 0.876370 -0.055968
v 0.211156 0.885268 -0.064133
v 0.210136 0.886456 -0.065474
v 0.260851 0.680229 -0.026885
v 0.261245 0.690141 -0.026867
v 0.233881 0.710319 -0.031759
v 0.259713 0.710416 -0.027356
v 0.256587 0.748908 -0.028818
v 0.325851 0.643867 -0.023590
v 0.325851 0.680238 -0.023379
v 0.317097 0.680238 -0.023428
v 0.264801 0.643776 -0.026718
v 0.358087 0.680233 -0.024163
v 0.386901 0.643776 -0.026780
v 0.387254 0.680229 -0.026508
v 0.390851 0.680229 -0.026935
v 0.417330 0.643684 -0.031676
v 0.397343 0.773210 -0.029922
v 0.409624 0.828750 -0.036318
v 0.406581 0.818766 -0.034549
v 0.413880 0.811565 -0.035997
v 0.404090 0.809276 -0.033199
v 0.399122 0.784851 -0.030742
v 0.430239 0.871996 -0.052311
v 0.448327 0.877749 -0.067443
v 0.437343 0.881646 -0.059928
v 0.444591 0.889995 -0.069468
v 0.450693 0.896126 -0.079647
v 0.464528 0.877988 -0.086699
v 0.453842 0.899020 -0.086149
v 0.460391 0.904641 -0.105953
v 0.459316 0.903739 -0.101632
v 0.474468 0.878157 -0.109384
v 0.455276 0.900299 -0.089554
v 0.454994 0.900052 -0.088861
v 0.474468 0.878157 -0.157916
v 0.463116 0.906870 -0.142922
v 0.476873 0.878205 -0.145864
v 0.463451 0.907136 -0.133460
v 0.477660 0.878222 -0.133650
v 0.462660 0.906507 -0.119428
v 0.461401 0.905480 -0.110868
v 0.454990 0.900041 -0.178457
v 0.458551 0.903097 -0.168363
v 0.461315 0.905409 -0.156894
v 0.263384 0.541764 -0.237122
v 0.261489 0.541845 -0.236856
v 0.265843 0.575879 -0.238739
v 0.236025 0.575834 -0.233620
v 0.260891 0.541744 -0.236764
v 0.260514 0.541546 -0.236701
v 0.260228 0.541228 -0.236646
v 0.260095 0.540916 -0.236614
v 0.260226 0.540587 -0.236620
v 0.238181 0.505271 -0.230968
v 0.260361 0.540400 -0.236633
v 0.260528 0.540242 -0.236652
v 0.260918 0.540012 -0.236700
v 0.262141 0.539608 -0.236863
v 0.267089 0.505263 -0.236280
v 0.325851 0.575923 -0.242200
v 0.297860 0.539579 -0.240318
v 0.280575 0.540496 -0.239070
v 0.388406 0.541771 -0.237096
v 0.385249 0.541513 -0.237514
v 0.385860 0.575879 -0.238704
v 0.360523 0.539889 -0.239904
v 0.325852 0.538956 -0.241083
v 0.390777 0.540004 -0.236688
v 0.391174 0.540236 -0.236637
v 0.413522 0.505271 -0.230972
v 0.391345 0.540397 -0.236618
v 0.391483 0.540588 -0.236605
v 0.391612 0.540915 -0.236598
v 0.415677 0.575834 -0.233572
v 0.391501 0.541193 -0.236626
v 0.391242 0.541510 -0.236677
v 0.390894 0.541719 -0.236736
v 0.390067 0.541854 -0.236862
v 0.325851 0.505255 -0.240027
v 0.325851 0.530956 -0.240832
v 0.342613 0.531547 -0.240555
v 0.384614 0.505263 -0.236283
v 0.359277 0.533318 -0.239770
v 0.375739 0.536240 -0.238448
v 0.389618 0.539623 -0.236842
v 0.275963 0.536241 -0.238457
v 0.292425 0.533318 -0.239775
v 0.309089 0.531547 -0.240557
v 0.268137 0.414942 -0.234259
v 0.285124 0.370229 -0.236677
v 0.266500 0.415155 -0.234028
v 0.242276 0.370229 -0.229860
v 0.258544 0.416293 -0.232784
v 0.224727 0.425330 -0.224750
v 0.224698 0.425203 -0.224738
v 0.212593 0.434107 -0.220510
v 0.224769 0.425434 -0.224765
v 0.224692 0.425056 -0.224734
v 0.224712 0.424911 -0.224738
v 0.212757 0.400711 -0.220202
v 0.224813 0.424642 -0.224767
v 0.225215 0.424146 -0.224889
v 0.226257 0.423459 -0.225211
v 0.228551 0.422538 -0.225906
v 0.209454 0.370229 -0.219434
v 0.233309 0.421195 -0.227265
v 0.237064 0.420310 -0.228259
v 0.383673 0.434075 -0.234484
v 0.325851 0.419932 -0.238121
v 0.325851 0.434060 -0.238278
v 0.298304 0.420392 -0.237256
v 0.270898 0.421678 -0.234692
v 0.411871 0.434090 -0.229181
v 0.389247 0.422225 -0.233494
v 0.368232 0.420993 -0.236114
v 0.426454 0.424140 -0.224915
v 0.439110 0.434107 -0.220527
v 0.425956 0.424367 -0.225077
v 0.425329 0.424533 -0.225278
v 0.421515 0.424698 -0.226439
v 0.413844 0.424173 -0.228526
v 0.409988 0.423841 -0.229468
v 0.393279 0.370229 -0.233137
v 0.392906 0.416254 -0.232836
v 0.412376 0.370229 -0.229150
v 0.414416 0.420261 -0.228328
v 0.433036 0.370229 -0.222993
v 0.418173 0.421142 -0.227339
v 0.423432 0.422640 -0.225836
v 0.425936 0.423753 -0.225074
v 0.292121 0.412515 -0.236785
v 0.296630 0.412191 -0.237099
v 0.325844 0.370229 -0.238650
v 0.325851 0.410927 -0.238075
v 0.341260 0.370229 -0.238341
v 0.354838 0.412175 -0.237118
v 0.368420 0.370229 -0.236497
v 0.359320 0.412495 -0.236810
v 0.383828 0.370229 -0.234631
v 0.383566 0.414942 -0.234268
v 0.384971 0.415125 -0.234070
v 0.260918 0.540012 -0.030600
v 0.260528 0.540242 -0.030648
v 0.238181 0.505271 -0.036332
v 0.260361 0.540400 -0.030667
v 0.260226 0.540587 -0.030680
v 0.260095 0.540916 -0.030686
v 0.260228 0.541228 -0.030654
v 0.260514 0.541546 -0.030599
v 0.234371 0.643684 -0.031591
v 0.281105 0.680232 -0.024909
v 0.260891 0.541744 -0.030536
v 0.261489 0.541845 -0.030444
v 0.263384 0.541764 -0.030178
v 0.325851 0.505255 -0.027273
v 0.325851 0.530956 -0.026468
v 0.309089 0.531547 -0.026743
v 0.267089 0.505263 -0.031020
v 0.292425 0.533318 -0.027525
v 0.275963 0.536241 -0.028842
v 0.262141 0.539608 -0.030437
v 0.384613 0.505263 -0.031017
v 0.359277 0.533318 -0.027530
v 0.342613 0.531547 -0.026745
v 0.390894 0.541719 -0.030564
v 0.390067 0.541854 -0.030438
v 0.388406 0.541771 -0.030204
v 0.385249 0.541513 -0.029786
v 0.391242 0.541510 -0.030623
v 0.391501 0.541193 -0.030674
v 0.391612 0.540915 -0.030702
v 0.391174 0.540236 -0.030662
v 0.413521 0.505271 -0.036328
v 0.391345 0.540397 -0.030682
v 0.391483 0.540588 -0.030695
v 0.390777 0.540004 -0.030612
v 0.389618 0.539623 -0.030458
v 0.375739 0.536240 -0.028851
v 0.360523 0.539889 -0.027396
v 0.343202 0.539209 -0.026521
v 0.266452 0.541514 -0.029773
v 0.297860 0.539579 -0.026982
v 0.325850 0.538956 -0.026217
v 0.325851 0.434060 -0.029022
v 0.325851 0.419932 -0.029179
v 0.353398 0.420392 -0.030039
v 0.383673 0.434075 -0.032816
v 0.298304 0.420392 -0.030044
v 0.228550 0.422538 -0.041394
v 0.226257 0.423459 -0.042089
v 0.212757 0.400711 -0.047098
v 0.225215 0.424146 -0.042411
v 0.224813 0.424643 -0.042533
v 0.224692 0.425057 -0.042566
v 0.224698 0.425203 -0.042561
v 0.212592 0.434107 -0.046790
v 0.224712 0.424912 -0.042562
v 0.224727 0.425330 -0.042550
v 0.224769 0.425434 -0.042535
v 0.243840 0.423658 -0.037354
v 0.258544 0.416293 -0.034516
v 0.237064 0.420310 -0.039041
v 0.233309 0.421195 -0.040035
v 0.383565 0.414942 -0.033032
v 0.359320 0.412495 -0.030490
v 0.354838 0.412175 -0.030182
v 0.325851 0.410927 -0.029225
v 0.296630 0.412191 -0.030201
v 0.292121 0.412515 -0.030515
v 0.268136 0.414942 -0.033041
v 0.266500 0.415155 -0.033272
v 0.384971 0.415125 -0.033230
v 0.392906 0.416254 -0.034464
v 0.411871 0.434090 -0.038119
v 0.421515 0.424698 -0.040861
v 0.439110 0.434107 -0.046773
v 0.425329 0.424533 -0.042022
v 0.425956 0.424367 -0.042223
v 0.425936 0.423753 -0.042226
v 0.423432 0.422640 -0.041464
v 0.418173 0.421142 -0.039961
v 0.414416 0.420261 -0.038972
v 0.381791 0.421739 -0.032728
v 0.409988 0.423841 -0.037832
v 0.413844 0.424173 -0.038774
v 0.512432 0.575643 -0.133650
v 0.515803 0.643288 -0.133650
v 0.511391 0.575646 -0.118491
v 0.514797 0.643294 -0.118126
v 0.508147 0.575655 -0.103633
v 0.511618 0.643313 -0.102881
v 0.502448 0.575669 -0.089525
v 0.505959 0.643341 -0.088365
v 0.494273 0.575686 -0.076680
v 0.497734 0.643378 -0.075124
v 0.483924 0.575708 -0.065503
v 0.487216 0.643422 -0.063622
v 0.471893 0.575731 -0.056140
v 0.447112 0.643577 -0.040175
v 0.444773 0.575783 -0.042382
v 0.461408 0.643523 -0.046308
v 0.474915 0.643471 -0.054043
v 0.441554 0.505281 -0.045064
v 0.467582 0.505290 -0.058619
v 0.479145 0.505295 -0.067708
v 0.489149 0.505298 -0.078494
v 0.497127 0.505302 -0.090873
v 0.502754 0.505304 -0.104501
v 0.505995 0.505306 -0.118906
v 0.507047 0.505307 -0.133650
v 0.505851 0.370229 -0.133650
v 0.504864 0.370229 -0.120043
v 0.497725 0.370229 -0.096081
v 0.426454 0.424140 -0.042385
v 0.438945 0.400711 -0.047088
v 0.464365 0.434125 -0.060087
v 0.464213 0.400732 -0.060376
v 0.475609 0.434133 -0.068967
v 0.475483 0.400741 -0.069217
v 0.485381 0.434140 -0.079492
v 0.485299 0.400750 -0.079688
v 0.493224 0.434146 -0.091585
v 0.206929 0.575783 -0.042326
v 0.187489 0.400732 -0.060386
v 0.176219 0.400741 -0.069227
v 0.140084 0.643313 -0.164473
v 0.143555 0.575655 -0.163697
v 0.136905 0.643294 -0.149204
v 0.140311 0.575646 -0.148826
v 0.135899 0.643288 -0.133650
v 0.139270 0.575643 -0.133650
v 0.136905 0.643294 -0.118096
v 0.140311 0.575646 -0.118474
v 0.140084 0.643313 -0.102828
v 0.143555 0.575655 -0.103603
v 0.145744 0.643341 -0.088293
v 0.149254 0.575669 -0.089484
v 0.153968 0.643378 -0.075039
v 0.157429 0.575686 -0.076631
v 0.164486 0.643422 -0.063527
v 0.167778 0.575708 -0.065449
v 0.176787 0.643471 -0.053943
v 0.179809 0.575731 -0.056083
v 0.190294 0.643523 -0.046208
v 0.204590 0.643577 -0.040077
v 0.179809 0.575731 -0.211217
v 0.167778 0.575708 -0.201851
v 0.164486 0.643422 -0.203773
v 0.153968 0.643378 -0.192262
v 0.157429 0.575686 -0.190669
v 0.145744 0.643341 -0.179008
v 0.149254 0.575669 -0.177816
v 0.148948 0.505304 -0.162796
v 0.145707 0.505306 -0.148392
v 0.144655 0.505307 -0.133650
v 0.145707 0.505306 -0.118907
v 0.148948 0.505304 -0.104504
v 0.154576 0.505302 -0.090876
v 0.162553 0.505298 -0.078498
v 0.172557 0.505295 -0.067713
v 0.184120 0.505290 -0.058624
v 0.210148 0.505281 -0.045069
v 0.206929 0.575783 -0.224974
v 0.210148 0.505281 -0.222231
v 0.184120 0.505290 -0.208676
v 0.172557 0.505295 -0.199587
v 0.162553 0.505298 -0.188802
v 0.154576 0.505302 -0.176424
v 0.176787 0.643471 -0.213357
v 0.190294 0.643523 -0.221092
v 0.204591 0.643577 -0.227223
v 0.152903 0.434151 -0.162348
v 0.149673 0.434154 -0.148185
v 0.148618 0.434155 -0.133650
v 0.149673 0.434154 -0.119115
v 0.152903 0.434151 -0.104952
v 0.158478 0.434146 -0.091598
v 0.166321 0.434140 -0.079507
v 0.176093 0.434133 -0.068984
v 0.187337 0.434125 -0.060104
v 0.152862 0.400763 -0.162268
v 0.149584 0.400767 -0.148146
v 0.148510 0.400768 -0.133650
v 0.149584 0.400767 -0.119154
v 0.152862 0.400763 -0.105032
v 0.158500 0.400757 -0.091730
v 0.166403 0.400750 -0.079697
v 0.168232 0.370229 -0.192078
v 0.153977 0.370229 -0.171218
v 0.158500 0.400757 -0.175570
v 0.187338 0.434125 -0.207196
v 0.187489 0.400732 -0.206914
v 0.176093 0.434133 -0.198316
v 0.176219 0.400741 -0.198073
v 0.166321 0.434140 -0.187793
v 0.166403 0.400750 -0.187603
v 0.158478 0.434146 -0.175702
v 0.184309 0.370229 -0.205865
v 0.474919 0.710255 -0.212962
v 0.487217 0.643422 -0.203678
v 0.474915 0.643471 -0.213257
v 0.483924 0.575708 -0.201797
v 0.471893 0.575731 -0.211160
v 0.479145 0.505295 -0.199592
v 0.467582 0.505290 -0.208681
v 0.475609 0.434133 -0.198333
v 0.464365 0.434125 -0.207213
v 0.475483 0.400741 -0.198083
v 0.464214 0.400732 -0.206924
v 0.483470 0.370229 -0.192079
v 0.485514 0.370229 -0.189810
v 0.145481 0.777646 -0.148102
v 0.151611 0.811454 -0.133650
v 0.155249 0.811461 -0.160905
v 0.170303 0.777670 -0.199535
v 0.175922 0.811492 -0.196761
v 0.167017 0.811480 -0.185954
v 0.160818 0.777662 -0.188436
v 0.160069 0.811469 -0.173888
v 0.153437 0.777655 -0.175893
v 0.148354 0.777649 -0.162300
v 0.183935 0.844981 -0.193690
v 0.186435 0.811506 -0.206147
v 0.193908 0.777689 -0.216903
v 0.207210 0.777699 -0.223383
v 0.204261 0.710287 -0.226941
v 0.164698 0.710240 -0.203364
v 0.154418 0.710227 -0.191855
v 0.146428 0.710216 -0.178647
v 0.140966 0.710207 -0.164207
v 0.424253 0.862344 -0.220441
v 0.458050 0.844941 -0.203357
v 0.467768 0.844981 -0.194070
v 0.408016 0.823594 -0.231940
v 0.440930 0.811535 -0.221187
v 0.465267 0.811506 -0.206505
v 0.475780 0.811492 -0.197101
v 0.475991 0.845016 -0.183558
v 0.482430 0.845046 -0.171964
v 0.491634 0.811469 -0.174147
v 0.481400 0.777670 -0.199767
v 0.470213 0.777679 -0.209256
v 0.444493 0.777699 -0.223623
v 0.446518 0.743835 -0.225580
v 0.473296 0.743840 -0.211472
v 0.487005 0.710240 -0.203350
v 0.510737 0.710207 -0.164199
v 0.444774 0.575783 -0.224918
v 0.447112 0.643577 -0.227125
v 0.461408 0.643523 -0.220992
v 0.447441 0.710287 -0.226927
v 0.461594 0.710271 -0.220742
v 0.441554 0.505281 -0.222235
v 0.484685 0.811480 -0.186262
v 0.498266 0.777655 -0.176070
v 0.490884 0.777662 -0.188646
v 0.505274 0.710216 -0.178636
v 0.497285 0.710227 -0.191842
v 0.505959 0.643341 -0.178935
v 0.497734 0.643378 -0.192175
v 0.502448 0.575669 -0.177774
v 0.494273 0.575686 -0.190620
v 0.497127 0.505302 -0.176427
v 0.489149 0.505298 -0.188806
v 0.493224 0.434146 -0.175715
v 0.485381 0.434140 -0.187808
v 0.493203 0.400757 -0.175577
v 0.485299 0.400750 -0.187612
v 0.493241 0.370229 -0.179404
v 0.510963 0.743849 -0.148712
v 0.513789 0.710202 -0.149063
v 0.511618 0.643313 -0.164419
v 0.514978 0.676703 -0.149204
v 0.508147 0.575655 -0.163666
v 0.502754 0.505304 -0.162799
v 0.498799 0.434151 -0.162358
v 0.498840 0.400763 -0.162273
v 0.498336 0.370229 -0.169898
v 0.486933 0.845069 -0.159576
v 0.499208 0.811456 -0.147495
v 0.507136 0.777644 -0.133650
v 0.511901 0.743849 -0.133650
v 0.514750 0.710199 -0.133650
v 0.422848 0.859787 -0.045680
v 0.435396 0.844855 -0.048972
v 0.458050 0.844941 -0.063942
v 0.467767 0.844981 -0.073230
v 0.475991 0.845016 -0.083742
v 0.482430 0.845046 -0.095335
v 0.486933 0.845069 -0.107724
v 0.490380 0.845090 -0.133650
v 0.489536 0.845084 -0.146716
v 0.506222 0.777646 -0.119126
v 0.500092 0.811454 -0.133650
v 0.496454 0.811461 -0.106203
v 0.440930 0.811535 -0.046112
v 0.465267 0.811506 -0.060795
v 0.475780 0.811492 -0.070199
v 0.484685 0.811480 -0.081038
v 0.491634 0.811469 -0.093152
v 0.416245 0.777719 -0.034221
v 0.415850 0.845286 -0.040367
v 0.444492 0.777699 -0.043676
v 0.457794 0.777689 -0.050150
v 0.470212 0.777679 -0.058044
v 0.481399 0.777670 -0.067533
v 0.490884 0.777662 -0.078654
v 0.498265 0.777655 -0.091230
v 0.503348 0.777649 -0.104868
v 0.169272 0.845046 -0.095625
v 0.225522 0.865016 -0.048765
v 0.193652 0.844941 -0.064342
v 0.183935 0.844981 -0.073610
v 0.175711 0.845016 -0.084086
v 0.160068 0.811469 -0.093412
v 0.167017 0.811480 -0.081346
v 0.175922 0.811492 -0.070539
v 0.186435 0.811506 -0.061153
v 0.210772 0.811535 -0.046464
v 0.237822 0.811565 -0.036300
v 0.245307 0.815438 -0.034525
v 0.250143 0.793969 -0.031918
v 0.155249 0.811461 -0.106395
v 0.164769 0.845069 -0.107939
v 0.161322 0.845090 -0.133650
v 0.164769 0.845069 -0.159361
v 0.169272 0.845046 -0.171675
v 0.175711 0.845016 -0.183214
v 0.447441 0.710287 -0.040373
v 0.461594 0.710271 -0.046558
v 0.474918 0.710255 -0.054338
v 0.487004 0.710240 -0.063950
v 0.497285 0.710227 -0.075457
v 0.505274 0.710216 -0.088663
v 0.510736 0.710207 -0.103100
v 0.513789 0.710202 -0.118237
v 0.178406 0.743840 -0.055932
v 0.190108 0.710271 -0.046543
v 0.205184 0.743835 -0.041822
v 0.204261 0.710287 -0.040359
v 0.170303 0.777670 -0.067765
v 0.181490 0.777679 -0.058288
v 0.207210 0.777699 -0.043917
v 0.235457 0.777719 -0.034428
v 0.254800 0.764519 -0.029658
v 0.145481 0.777646 -0.119199
v 0.137913 0.710202 -0.118232
v 0.148354 0.777649 -0.105000
v 0.140966 0.710207 -0.103093
v 0.153437 0.777655 -0.091407
v 0.146428 0.710216 -0.088653
v 0.160818 0.777662 -0.078864
v 0.154417 0.710227 -0.075445
v 0.164697 0.710240 -0.063936
v 0.176783 0.710255 -0.054324
v 0.515962 0.676698 -0.133650
v 0.514797 0.643294 -0.149174
v 0.511391 0.575646 -0.148809
v 0.505995 0.505306 -0.148394
v 0.502029 0.434154 -0.148190
v 0.502118 0.400767 -0.148149
v 0.504907 0.370229 -0.146960
v 0.146838 0.370229 -0.147257
v 0.145851 0.370229 -0.133650
v 0.146796 0.370229 -0.120340
v 0.153366 0.370229 -0.097402
v 0.158462 0.370229 -0.087896
v 0.166188 0.370229 -0.077490
v 0.496310 0.353254 -0.180401
v 0.483696 0.367718 -0.192227
v 0.483601 0.368696 -0.192169
v 0.484050 0.364475 -0.192428
v 0.483874 0.365761 -0.192355
v 0.483790 0.366739 -0.192286
v 0.483507 0.369675 -0.192111
v 0.483488 0.369952 -0.192095
v 0.518178 0.304492 -0.202773
v 0.512460 0.310460 -0.200927
v 0.520146 0.309551 -0.186588
v 0.501806 0.323408 -0.197598
v 0.510147 0.323031 -0.183881
v 0.493619 0.336313 -0.195173
v 0.502063 0.337555 -0.181786
v 0.489369 0.345237 -0.193987
v 0.485628 0.356485 -0.192962
v 0.484956 0.359371 -0.192755
v 0.534371 0.289738 -0.208150
v 0.544196 0.285182 -0.193352
v 0.558947 0.270573 -0.216547
v 0.570840 0.263372 -0.201094
v 0.566884 0.264757 -0.219285
v 0.586713 0.250242 -0.226126
v 0.599017 0.241575 -0.184060
v 0.603936 0.236702 -0.232030
v 0.619488 0.221900 -0.188407
v 0.615295 0.226370 -0.235890
v 0.630299 0.207311 -0.240974
v 0.623637 0.217130 -0.238708
v 0.627246 0.211969 -0.190143
v 0.635990 0.181321 -0.243616
v 0.635945 0.190724 -0.243163
v 0.635824 0.191265 -0.192343
v 0.635230 0.194761 -0.242804
v 0.635230 0.194761 -0.024497
v 0.635945 0.190724 -0.024137
v 0.635824 0.191265 -0.074957
v 0.635990 0.181321 -0.023684
v 0.632824 0.201801 -0.075818
v 0.631996 0.204002 -0.025733
v 0.623638 0.217130 -0.028593
v 0.619488 0.221900 -0.078893
v 0.615295 0.226369 -0.031411
v 0.599017 0.241575 -0.083240
v 0.603936 0.236701 -0.035270
v 0.502063 0.337555 -0.085514
v 0.501806 0.323407 -0.069701
v 0.510147 0.323031 -0.083419
v 0.512460 0.310458 -0.066371
v 0.520146 0.309551 -0.080712
v 0.518179 0.304491 -0.064525
v 0.544196 0.285181 -0.073948
v 0.534373 0.289737 -0.059148
v 0.570840 0.263372 -0.066206
v 0.558950 0.270571 -0.050751
v 0.566884 0.264757 -0.048014
v 0.496310 0.353254 -0.086899
v 0.489347 0.345290 -0.073319
v 0.493620 0.336312 -0.072126
v 0.483601 0.368696 -0.075131
v 0.483696 0.367717 -0.075073
v 0.483790 0.366739 -0.075014
v 0.484050 0.364477 -0.074872
v 0.484954 0.359381 -0.074545
v 0.485623 0.356503 -0.074339
v 0.507952 0.352781 -0.117329
v 0.503632 0.352968 -0.101525
v 0.513447 0.336637 -0.116898
v 0.509220 0.336999 -0.100639
v 0.521006 0.321712 -0.116244
v 0.516973 0.322232 -0.099298
v 0.530272 0.307880 -0.115394
v 0.526511 0.308538 -0.097560
v 0.552404 0.282980 -0.113263
v 0.549356 0.283846 -0.093210
v 0.576790 0.260905 -0.110817
v 0.574582 0.261875 -0.088225
v 0.574582 0.261875 -0.179075
v 0.507952 0.352781 -0.149971
v 0.509372 0.352714 -0.133650
v 0.513447 0.336637 -0.150402
v 0.514837 0.336507 -0.133650
v 0.521006 0.321712 -0.151056
v 0.522332 0.321526 -0.133650
v 0.530272 0.307880 -0.151906
v 0.531510 0.307645 -0.133650
v 0.553407 0.282671 -0.133650
v 0.503632 0.352968 -0.165775
v 0.509220 0.336999 -0.166661
v 0.516973 0.322232 -0.168002
v 0.526511 0.308538 -0.169740
v 0.552404 0.282980 -0.154037
v 0.577516 0.260559 -0.133650
v 0.631996 0.204002 -0.241568
v 0.632824 0.201801 -0.191482
v 0.633005 0.201145 -0.133650
v 0.620327 0.220822 -0.133650
v 0.600827 0.240285 -0.133650
v 0.576790 0.260905 -0.156483
v 0.549356 0.283846 -0.174090
v 0.635846 0.190906 -0.133650
v 0.627246 0.211969 -0.077157
v 0.630299 0.207311 -0.026327
v 0.586713 0.250242 -0.041174
v 0.240110 0.356332 -0.230181
v 0.167686 0.325385 -0.209642
v 0.188423 0.327129 -0.219508
v 0.180475 0.314449 -0.221847
v 0.370204 0.345420 -0.237780
v 0.374611 0.322818 -0.239792
v 0.325843 0.324378 -0.241699
v 0.445288 0.318801 -0.228772
v 0.447811 0.316737 -0.228741
v 0.441791 0.317470 -0.230125
v 0.421513 0.319580 -0.234094
v 0.414379 0.343251 -0.231085
v 0.436001 0.341926 -0.225412
v 0.024289 0.193964 -0.250756
v 0.026915 0.202162 -0.249440
v 0.091694 0.201281 -0.250151
v 0.156025 0.331252 -0.196968
v 0.161962 0.343358 -0.194665
v 0.175174 0.339284 -0.207294
v 0.484888 0.359363 -0.192829
v 0.485519 0.356469 -0.193082
v 0.471296 0.354195 -0.205726
v 0.556343 0.269455 -0.221368
v 0.564040 0.263477 -0.224497
v 0.540949 0.266509 -0.228620
v 0.623370 0.205199 -0.248805
v 0.624790 0.202155 -0.249442
v 0.559983 0.201281 -0.250151
v 0.627414 0.193957 -0.250756
v 0.627980 0.190480 -0.251136
v 0.561980 0.188507 -0.251259
v 0.627665 0.179464 -0.251650
v 0.520512 0.173194 -0.251650
v 0.627918 0.181478 -0.251633
v 0.628026 0.182424 -0.251613
v 0.610049 0.223799 -0.243254
v 0.617589 0.214579 -0.246350
v 0.585389 0.224281 -0.244468
v 0.555670 0.213405 -0.248429
v 0.565201 0.245465 -0.237093
v 0.583141 0.248450 -0.232286
v 0.599491 0.234392 -0.238953
v 0.532414 0.288999 -0.211690
v 0.489024 0.345162 -0.194395
v 0.476514 0.339285 -0.207300
v 0.484036 0.364474 -0.192442
v 0.167462 0.363057 -0.192544
v 0.167703 0.364762 -0.192423
v 0.168196 0.369688 -0.192110
v 0.168214 0.369958 -0.192094
v 0.135782 0.288460 -0.220114
v 0.133118 0.301958 -0.206127
v 0.147581 0.300104 -0.216186
v 0.145437 0.315775 -0.201184
v 0.158352 0.312369 -0.212650
v 0.154926 0.329382 -0.197402
v 0.052232 0.234411 -0.238944
v 0.068587 0.248471 -0.232276
v 0.086481 0.245464 -0.237091
v 0.087666 0.263481 -0.224496
v 0.110735 0.266507 -0.228617
v 0.103512 0.275882 -0.218062
v 0.125149 0.294264 -0.209331
v 0.028334 0.205201 -0.248804
v 0.034116 0.214583 -0.246350
v 0.096008 0.213404 -0.248429
v 0.041657 0.223804 -0.243252
v 0.187669 0.252263 -0.245130
v 0.176458 0.228435 -0.248447
v 0.102283 0.225007 -0.246192
v 0.066290 0.224281 -0.244467
v 0.023723 0.190486 -0.251136
v 0.089697 0.188508 -0.251258
v 0.023676 0.182429 -0.251613
v 0.023784 0.181478 -0.251633
v 0.203875 0.316735 -0.228739
v 0.210658 0.317200 -0.230400
v 0.215346 0.296493 -0.237348
v 0.214233 0.315962 -0.231635
v 0.225533 0.312571 -0.234884
v 0.195670 0.326613 -0.222626
v 0.194058 0.326550 -0.222032
v 0.194782 0.340570 -0.217660
v 0.193672 0.326420 -0.221930
v 0.193374 0.326231 -0.221884
v 0.193215 0.326049 -0.221890
v 0.193198 0.325632 -0.222040
v 0.194274 0.324750 -0.222779
v 0.193158 0.325942 -0.221908
v 0.193120 0.325830 -0.221935
v 0.193103 0.325727 -0.221967
v 0.195490 0.323949 -0.223524
v 0.197070 0.323046 -0.224414
v 0.199071 0.322020 -0.225460
v 0.281484 0.345420 -0.237780
v 0.241693 0.317777 -0.236451
v 0.237309 0.343251 -0.231084
v 0.220005 0.321426 -0.231492
v 0.215686 0.341925 -0.225410
v 0.200808 0.325595 -0.224821
v 0.197228 0.326393 -0.223283
v 0.321271 0.312123 -0.242887
v 0.277075 0.322817 -0.239791
v 0.289144 0.313108 -0.241791
v 0.259664 0.315511 -0.239163
v 0.390910 0.315390 -0.239300
v 0.363928 0.313186 -0.241707
v 0.357925 0.312866 -0.242048
v 0.325851 0.312109 -0.242906
v 0.471212 0.314450 -0.221850
v 0.455059 0.323278 -0.224178
v 0.456227 0.323956 -0.223513
v 0.457738 0.324977 -0.222575
v 0.458604 0.325729 -0.221962
v 0.463264 0.327130 -0.219511
v 0.458582 0.325848 -0.221926
v 0.458541 0.325962 -0.221899
v 0.458479 0.326069 -0.221883
v 0.458313 0.326249 -0.221881
v 0.456906 0.340571 -0.217663
v 0.457998 0.326438 -0.221934
v 0.457589 0.326565 -0.222046
v 0.456017 0.326613 -0.222629
v 0.454494 0.326397 -0.223272
v 0.450914 0.325600 -0.224810
v 0.439994 0.323113 -0.228927
v 0.436338 0.296494 -0.237349
v 0.406975 0.308107 -0.238745
v 0.422282 0.311552 -0.235810
v 0.355084 0.301850 -0.243442
v 0.382357 0.304187 -0.241730
v 0.380692 0.301300 -0.242257
v 0.387536 0.279743 -0.244897
v 0.325841 0.281885 -0.246054
v 0.343186 0.301367 -0.243832
v 0.245153 0.308024 -0.238814
v 0.265182 0.304720 -0.241342
v 0.270992 0.301299 -0.242256
v 0.305880 0.301450 -0.243762
v 0.325850 0.301133 -0.244050
v 0.490454 0.290859 -0.227602
v 0.463760 0.293638 -0.233218
v 0.426033 0.312533 -0.234916
v 0.484002 0.325386 -0.209647
v 0.493335 0.312370 -0.212655
v 0.504105 0.300106 -0.216190
v 0.515903 0.288461 -0.220118
v 0.452506 0.354899 -0.216396
v 0.432407 0.355627 -0.224361
v 0.411579 0.356333 -0.230182
v 0.401678 0.316646 -0.237836
v 0.170218 0.271592 -0.238238
v 0.201268 0.274594 -0.241278
v 0.187924 0.293636 -0.233217
v 0.219281 0.355627 -0.224359
v 0.199182 0.354898 -0.216392
v 0.180393 0.354194 -0.205721
v 0.166022 0.355803 -0.193146
v 0.264146 0.279742 -0.244897
v 0.257445 0.257021 -0.247434
v 0.248125 0.203588 -0.251089
v 0.168289 0.187559 -0.251421
v 0.169541 0.202046 -0.250773
v 0.171292 0.302401 -0.224578
v 0.161231 0.290858 -0.227599
v 0.139891 0.268770 -0.234110
v 0.119295 0.247162 -0.240576
v 0.483388 0.187559 -0.251421
v 0.482850 0.172031 -0.251650
v 0.369522 0.170346 -0.251650
v 0.482136 0.202046 -0.250773
v 0.532386 0.247164 -0.240578
v 0.549396 0.225008 -0.246192
v 0.479334 0.215628 -0.249763
v 0.403551 0.203589 -0.251089
v 0.325839 0.204347 -0.251190
v 0.325851 0.170229 -0.251650
v 0.174841 0.171880 -0.251650
v 0.172343 0.215627 -0.249763
v 0.251802 0.232011 -0.249591
v 0.325839 0.233564 -0.249958
v 0.325840 0.259027 -0.248173
v 0.399876 0.232012 -0.249591
v 0.394234 0.257022 -0.247434
v 0.475220 0.228436 -0.248448
v 0.450414 0.274596 -0.241278
v 0.457391 0.263551 -0.243242
v 0.481464 0.271594 -0.238239
v 0.464010 0.252264 -0.245130
v 0.522359 0.257972 -0.237401
v 0.511792 0.268772 -0.234112
v 0.059395 0.176746 -0.251650
v 0.024037 0.179464 -0.251650
v 0.325844 0.346310 -0.239901
v 0.516643 0.303952 -0.205347
v 0.511094 0.309994 -0.203120
v 0.500823 0.323105 -0.199009
v 0.493027 0.336160 -0.195929
v 0.106034 0.280617 -0.055310
v 0.124351 0.295827 -0.061501
v 0.107505 0.285181 -0.073947
v 0.155391 0.353254 -0.086898
v 0.016474 0.194769 -0.242803
v 0.015758 0.190730 -0.243163
v 0.015878 0.191265 -0.192343
v 0.015712 0.181327 -0.243616
v 0.018878 0.201801 -0.191482
v 0.019710 0.204010 -0.241566
v 0.028068 0.217133 -0.238707
v 0.032214 0.221900 -0.188407
v 0.036412 0.226374 -0.235889
v 0.052685 0.241575 -0.184060
v 0.047788 0.236720 -0.232023
v 0.084823 0.264761 -0.219284
v 0.080862 0.263372 -0.201094
v 0.101141 0.276852 -0.213664
v 0.107505 0.285181 -0.193353
v 0.131556 0.309551 -0.186589
v 0.131527 0.302523 -0.203426
v 0.123343 0.294928 -0.206133
v 0.141554 0.323032 -0.183881
v 0.144238 0.316169 -0.199347
v 0.139500 0.310743 -0.200846
v 0.155391 0.353254 -0.180401
v 0.161570 0.343447 -0.194195
v 0.149638 0.337555 -0.181787
v 0.155287 0.331459 -0.195985
v 0.154133 0.329610 -0.196326
v 0.168069 0.368455 -0.192184
v 0.167941 0.367224 -0.192258
v 0.167814 0.365993 -0.192332
v 0.167687 0.364763 -0.192406
v 0.167433 0.363059 -0.192512
v 0.165902 0.355820 -0.193014
v 0.167352 0.362568 -0.074756
v 0.131216 0.302220 -0.063770
v 0.142018 0.313565 -0.067253
v 0.131556 0.309551 -0.080711
v 0.151165 0.325182 -0.070085
v 0.141554 0.323032 -0.083419
v 0.158549 0.337188 -0.072258
v 0.149638 0.337555 -0.085513
v 0.160125 0.340307 -0.072704
v 0.165214 0.353362 -0.074091
v 0.166973 0.360487 -0.074619
v 0.084823 0.264761 -0.048015
v 0.080862 0.263372 -0.066206
v 0.054635 0.242300 -0.037618
v 0.024456 0.211969 -0.077157
v 0.027863 0.216875 -0.028524
v 0.038436 0.228354 -0.032098
v 0.015469 0.186925 -0.023890
v 0.016860 0.196317 -0.024663
v 0.015878 0.191265 -0.074956
v 0.018336 0.200807 -0.025237
v 0.015851 0.180229 -0.074652
v 0.015851 0.180229 -0.023666
v 0.143750 0.352781 -0.149971
v 0.148070 0.352968 -0.165775
v 0.138255 0.336637 -0.150402
v 0.142481 0.336999 -0.166662
v 0.130696 0.321712 -0.151056
v 0.134728 0.322232 -0.168002
v 0.121430 0.307880 -0.151906
v 0.125190 0.308538 -0.169740
v 0.099298 0.282980 -0.154037
v 0.102346 0.283846 -0.174090
v 0.074912 0.260905 -0.156483
v 0.077120 0.261875 -0.179075
v 0.077120 0.261875 -0.088225
v 0.052685 0.241575 -0.083240
v 0.032214 0.221900 -0.078893
v 0.143750 0.352781 -0.117329
v 0.142330 0.352714 -0.133650
v 0.138255 0.336637 -0.116897
v 0.136865 0.336507 -0.133650
v 0.130696 0.321712 -0.116244
v 0.129370 0.321526 -0.133650
v 0.121430 0.307880 -0.115394
v 0.120192 0.307645 -0.133650
v 0.098295 0.282671 -0.133650
v 0.148070 0.352968 -0.101525
v 0.142481 0.336999 -0.100638
v 0.134728 0.322232 -0.099297
v 0.125190 0.308538 -0.097559
v 0.099298 0.282980 -0.113262
v 0.074186 0.260559 -0.133650
v 0.018697 0.201145 -0.133650
v 0.018878 0.201801 -0.075818
v 0.023425 0.210690 -0.027021
v 0.031375 0.220822 -0.133650
v 0.050876 0.240285 -0.133650
v 0.074912 0.260905 -0.110817
v 0.102346 0.283846 -0.093210
v 0.015857 0.190906 -0.133650
v 0.015851 0.180229 -0.133650
v 0.015851 0.180229 -0.192648
v 0.015851 0.180229 -0.243634
v 0.024456 0.211969 -0.190143
v 0.021405 0.207314 -0.240973
v 0.065017 0.250262 -0.226117
v 0.030190 0.135684 -0.251650
v 0.101370 0.131138 -0.251650
v 0.176168 0.128551 -0.251650
v 0.325851 0.126928 -0.251650
v 0.621512 0.135684 -0.251650
v 0.550332 0.131138 -0.251650
v 0.475534 0.128551 -0.251650
v 0.022969 0.129585 -0.084508
v 0.022269 0.134565 -0.023650
v 0.018754 0.159574 -0.084508
v 0.016115 0.178351 -0.023650
v 0.022269 0.134565 -0.243650
v 0.023187 0.128031 -0.242514
v 0.023485 0.125908 -0.241362
v 0.022608 0.132152 -0.023699
v 0.023485 0.125908 -0.025938
v 0.030731 0.074352 -0.055362
v 0.022969 0.129585 -0.182792
v 0.039963 0.008667 -0.178133
v 0.039963 0.008667 -0.089162
v 0.038327 0.020306 -0.181131
v 0.039185 0.014198 -0.088403
v 0.037976 0.022804 -0.084804
v 0.030731 0.074352 -0.211938
v 0.037976 0.022804 -0.182496
v 0.016115 0.178351 -0.243650
v 0.018754 0.159574 -0.182792
v 0.621512 0.135684 -0.015650
v 0.550332 0.131138 -0.015650
v 0.475534 0.128551 -0.015650
v 0.325851 0.126928 -0.015650
v 0.030190 0.135684 -0.015650
v 0.101370 0.131138 -0.015650
v 0.176168 0.128551 -0.015650
v 0.038338 0.071468 -0.048440
v 0.045602 0.019921 -0.077880
v 0.124861 0.013958 -0.078855
v 0.613364 0.071468 -0.048439
v 0.620635 0.123024 -0.019017
v 0.546754 0.118430 -0.019015
v 0.606100 0.019921 -0.077880
v 0.526842 0.013958 -0.078855
v 0.475841 0.116025 -0.019015
v 0.426464 0.009468 -0.079988
v 0.344031 0.114421 -0.019015
v 0.344032 0.008293 -0.080288
v 0.031067 0.123024 -0.019017
v 0.100784 0.118621 -0.019015
v 0.158077 0.116497 -0.019015
v 0.225247 0.009468 -0.079988
v 0.325857 0.008257 -0.080297
v 0.605719 0.017783 -0.079049
v 0.527319 0.007560 -0.081452
v 0.603826 0.009189 -0.081183
v 0.603809 0.008609 -0.081247
v 0.527319 0.004398 -0.082866
v 0.603656 0.005939 -0.082012
v 0.527319 0.002678 -0.084339
v 0.603026 0.001990 -0.085164
v 0.527319 0.001168 -0.086461
v 0.602500 0.000581 -0.087793
v 0.610967 0.005939 -0.089322
v 0.610967 0.005939 -0.177978
v 0.610058 0.004319 -0.089504
v 0.610058 0.004319 -0.177796
v 0.607815 0.001990 -0.089953
v 0.607815 0.001990 -0.177347
v 0.606476 0.001146 -0.090220
v 0.606476 0.001146 -0.177080
v 0.605186 0.000581 -0.090479
v 0.605186 0.000581 -0.176821
v 0.527319 0.007570 -0.185850
v 0.603826 0.009189 -0.186117
v 0.603809 0.008609 -0.186053
v 0.527319 0.004398 -0.184434
v 0.602500 0.000581 -0.179507
v 0.603656 0.005939 -0.185288
v 0.603026 0.001990 -0.182136
v 0.527319 0.002678 -0.182961
v 0.527319 0.001168 -0.180839
v 0.604716 0.013506 -0.186690
v 0.526842 0.013958 -0.188445
v 0.606100 0.019921 -0.189420
v 0.613364 0.071468 -0.218860
v 0.038338 0.071468 -0.218860
v 0.031067 0.123024 -0.248283
v 0.100784 0.118621 -0.248285
v 0.045602 0.019921 -0.189420
v 0.124861 0.013958 -0.188445
v 0.158077 0.116497 -0.248285
v 0.225238 0.009468 -0.187312
v 0.344031 0.114421 -0.248285
v 0.325845 0.008257 -0.187003
v 0.620635 0.123024 -0.248283
v 0.546754 0.118430 -0.248285
v 0.475841 0.116025 -0.248285
v 0.426455 0.009468 -0.187312
v 0.344032 0.008292 -0.187012
v 0.030803 0.125611 -0.249684
v 0.101065 0.124612 -0.251010
v 0.176008 0.122024 -0.251011
v 0.621217 0.132748 -0.251584
v 0.550637 0.124612 -0.251010
v 0.475694 0.122024 -0.251011
v 0.325851 0.120400 -0.251011
v 0.620899 0.125611 -0.017616
v 0.550637 0.124612 -0.016290
v 0.475694 0.122024 -0.016289
v 0.101065 0.124612 -0.016290
v 0.030485 0.132748 -0.015716
v 0.325851 0.120400 -0.016289
v 0.176008 0.122024 -0.016289
v 0.045983 0.017783 -0.188251
v 0.124383 0.007560 -0.185848
v 0.047876 0.009189 -0.186117
v 0.047893 0.008609 -0.186053
v 0.124383 0.004398 -0.184434
v 0.048149 0.004939 -0.184775
v 0.048512 0.002673 -0.182955
v 0.124383 0.001168 -0.180839
v 0.048946 0.001141 -0.180788
v 0.046516 0.000581 -0.090479
v 0.045235 0.001141 -0.177078
v 0.045226 0.001146 -0.090220
v 0.043887 0.001990 -0.089953
v 0.041643 0.004320 -0.177796
v 0.041644 0.004319 -0.089504
v 0.041249 0.004939 -0.177875
v 0.040735 0.005939 -0.089322
v 0.124383 0.007570 -0.081450
v 0.047876 0.009189 -0.081183
v 0.047893 0.008609 -0.081247
v 0.124383 0.004398 -0.082866
v 0.049202 0.000581 -0.087793
v 0.048046 0.005939 -0.082012
v 0.048676 0.001990 -0.085164
v 0.124383 0.002678 -0.084339
v 0.124383 0.001168 -0.086461
v 0.046986 0.013506 -0.080610
v 0.134762 0.007368 -0.081496
v 0.176306 0.006749 -0.081570
v 0.225155 0.006277 -0.081540
v 0.325857 0.005931 -0.081483
v 0.342618 0.005939 -0.081485
v 0.426556 0.006277 -0.081540
v 0.508901 0.007230 -0.081522
v 0.134764 0.004204 -0.082994
v 0.176312 0.003597 -0.083339
v 0.342616 0.002846 -0.083636
v 0.508898 0.004066 -0.083080
v 0.508890 0.001074 -0.086620
v 0.342614 0.000739 -0.086851
v 0.176326 0.000944 -0.086779
v 0.134769 0.001113 -0.086558
v 0.516978 0.007369 -0.185804
v 0.516976 0.004204 -0.184306
v 0.475582 0.003599 -0.183962
v 0.309890 0.005939 -0.185815
v 0.325845 0.005931 -0.185817
v 0.309892 0.002845 -0.183663
v 0.426547 0.006277 -0.185760
v 0.475588 0.006751 -0.185730
v 0.225146 0.006277 -0.185760
v 0.144223 0.004043 -0.184206
v 0.144220 0.007207 -0.185774
v 0.144231 0.001068 -0.180670
v 0.309894 0.000739 -0.180449
v 0.475568 0.000945 -0.180521
v 0.516972 0.001113 -0.180742
v 0.200424 0.904809 -0.075457
v 0.195886 0.909010 -0.083485
v 0.195906 0.908967 -0.083506
v 0.198450 0.904239 -0.084294
v 0.201506 0.903768 -0.073751
v 0.198722 0.903982 -0.083736
v 0.204764 0.898055 -0.072761
v 0.211599 0.890499 -0.063153
v 0.208298 0.896780 -0.064425
v 0.215486 0.888341 -0.056408
v 0.212686 0.889201 -0.061811
v 0.218828 0.883988 -0.053146
v 0.234619 0.853557 -0.041486
v 0.226367 0.872875 -0.046640
v 0.227691 0.867386 -0.046805
v 0.220038 0.879541 -0.053743
v 0.249451 0.817750 -0.032217
v 0.243596 0.836441 -0.035180
v 0.241399 0.836003 -0.037022
v 0.236703 0.853444 -0.039252
v 0.233421 0.860235 -0.041429
v 0.265560 0.690245 -0.025914
v 0.260381 0.710463 -0.027232
v 0.263716 0.724016 -0.026520
v 0.257487 0.749015 -0.028609
v 0.259754 0.764277 -0.028018
v 0.255833 0.764674 -0.029389
v 0.258821 0.771118 -0.028362
v 0.251546 0.794301 -0.031436
v 0.253814 0.799664 -0.030302
v 0.248368 0.810414 -0.033060
v 0.247064 0.816041 -0.033756
v 0.191246 0.913076 -0.173149
v 0.195871 0.909001 -0.183723
v 0.198394 0.904283 -0.182866
v 0.194285 0.907972 -0.172673
v 0.192700 0.909350 -0.167634
v 0.187931 0.915968 -0.162484
v 0.189679 0.911913 -0.154063
v 0.185415 0.918137 -0.149355
v 0.189028 0.912451 -0.149497
v 0.184404 0.918997 -0.135641
v 0.188201 0.913123 -0.139807
v 0.188079 0.913222 -0.136114
v 0.184388 0.919011 -0.133655
v 0.188290 0.913054 -0.125846
v 0.190884 0.910903 -0.106865
v 0.187384 0.916437 -0.107064
v 0.188649 0.912764 -0.121263
v 0.185152 0.918363 -0.120101
v 0.184647 0.918791 -0.125752
v 0.193854 0.908348 -0.095914
v 0.191926 0.912510 -0.092346
v 0.188043 0.915861 -0.104377
v 0.261684 0.747760 -0.239999
v 0.264771 0.706335 -0.241163
v 0.261255 0.692742 -0.240417
v 0.265562 0.690245 -0.241378
v 0.258539 0.736675 -0.239208
v 0.256555 0.758385 -0.238244
v 0.260006 0.762310 -0.239373
v 0.253550 0.780660 -0.236878
v 0.255333 0.792238 -0.237624
v 0.252096 0.789633 -0.236190
v 0.249453 0.817758 -0.235097
v 0.248174 0.810607 -0.234172
v 0.247356 0.814357 -0.233726
v 0.243599 0.836445 -0.232119
v 0.241861 0.834584 -0.230556
v 0.240055 0.839899 -0.229438
v 0.236705 0.853464 -0.228046
v 0.233741 0.855490 -0.225179
v 0.233505 0.860089 -0.225924
v 0.226712 0.869094 -0.219665
v 0.226455 0.872754 -0.220724
v 0.218868 0.881186 -0.212370
v 0.218906 0.883896 -0.214226
v 0.211545 0.890568 -0.204072
v 0.215545 0.888276 -0.210949
v 0.208356 0.896723 -0.202941
v 0.210371 0.891936 -0.202570
v 0.201558 0.903723 -0.193628
v 0.203649 0.899195 -0.192727
v 0.200468 0.904771 -0.191915
v 0.195854 0.909034 -0.183735
v 0.263092 0.687725 -0.240800
v 0.266297 0.687749 -0.241410
v 0.266297 0.685182 -0.241244
v 0.272705 0.685207 -0.241864
v 0.301126 0.685272 -0.243520
v 0.329547 0.685288 -0.243911
v 0.346679 0.685277 -0.243625
v 0.369247 0.685235 -0.242566
v 0.347267 0.685276 -0.023692
v 0.329351 0.685288 -0.023388
v 0.266175 0.687748 -0.025906
v 0.263032 0.687725 -0.026512
v 0.369541 0.685234 -0.024754
v 0.300907 0.685272 -0.023787
v 0.272463 0.685206 -0.025456
v 0.266175 0.685182 -0.026071
v 0.222469 0.975229 -0.138931
v 0.222307 0.975229 -0.133650
v 0.277602 0.975229 -0.216957
v 0.232556 0.975229 -0.092651
v 0.233313 0.975229 -0.091252
v 0.429392 0.975229 -0.133650
v 0.429303 0.975229 -0.137564
v 0.429144 0.975229 -0.140171
v 0.227001 0.975229 -0.105494
v 0.277703 0.975229 -0.050295
v 0.292388 0.975229 -0.044582
v 0.382249 0.975229 -0.212645
v 0.368253 0.975229 -0.219543
v 0.353337 0.975229 -0.224387
v 0.351030 0.975229 -0.224935
v 0.335169 0.975229 -0.227369
v 0.319224 0.975229 -0.227556
v 0.314462 0.975229 -0.227177
v 0.224416 0.975229 -0.152629
v 0.263332 0.975229 -0.058548
v 0.298871 0.975229 -0.224505
v 0.283990 0.975229 -0.219752
v 0.223544 0.975229 -0.119092
v 0.307867 0.975229 -0.040982
v 0.310875 0.975229 -0.040542
v 0.326908 0.975229 -0.039553
v 0.342825 0.975229 -0.040821
v 0.348226 0.975229 -0.041767
v 0.363330 0.975229 -0.045896
v 0.415418 0.975229 -0.181044
v 0.406171 0.975229 -0.193201
v 0.395432 0.975229 -0.203468
v 0.264499 0.975229 -0.209539
v 0.252806 0.975229 -0.200481
v 0.231051 0.975229 -0.171676
v 0.247132 0.975229 -0.194935
v 0.238138 0.975229 -0.183827
v 0.228547 0.975229 -0.165987
v 0.241270 0.975229 -0.079204
v 0.251551 0.975229 -0.067969
v 0.426129 0.975229 -0.110094
v 0.383917 0.975229 -0.055655
v 0.424546 0.975229 -0.105046
v 0.395975 0.975229 -0.064280
v 0.406463 0.975229 -0.074426
v 0.411293 0.975229 -0.080322
v 0.418928 0.975229 -0.092240
v 0.377525 0.975229 -0.052040
v 0.428822 0.975229 -0.123755
v 0.426967 0.975229 -0.153993
v 0.422119 0.975229 -0.168474
v 0.166987 0.360486 -0.074605
v 0.165255 0.353355 -0.074045
v 0.160240 0.340281 -0.072553
v 0.158684 0.337157 -0.072073
v 0.151377 0.325129 -0.069740
v 0.142296 0.313502 -0.066721
v 0.131549 0.302166 -0.063038
v 0.124712 0.295783 -0.060652
v 0.106462 0.280613 -0.054171
v 0.085330 0.264804 -0.046546
v 0.055273 0.242408 -0.035616
v 0.039143 0.228505 -0.029753
v 0.028594 0.217069 -0.025915
v 0.024150 0.210906 -0.024281
v 0.019022 0.201040 -0.022321
v 0.017522 0.196545 -0.021685
v 0.016083 0.187110 -0.020831
v 0.016450 0.180365 -0.020598
v 0.167369 0.362567 -0.074738
v 0.167000 0.360484 -0.074590
v 0.165295 0.353349 -0.073999
v 0.160357 0.340253 -0.072404
v 0.158824 0.337122 -0.071892
v 0.151603 0.325065 -0.069406
v 0.142603 0.313410 -0.066209
v 0.131929 0.302052 -0.062337
v 0.125133 0.295659 -0.059839
v 0.106986 0.280459 -0.053085
v 0.085990 0.264599 -0.045154
v 0.056208 0.242072 -0.033761
v 0.040304 0.228098 -0.027629
v 0.029964 0.216668 -0.023603
v 0.025634 0.210550 -0.021884
v 0.020665 0.200833 -0.019813
v 0.019216 0.196434 -0.019140
v 0.017825 0.187233 -0.018239
v 0.018169 0.180650 -0.017999
v 0.167014 0.360483 -0.074575
v 0.165336 0.353342 -0.073954
v 0.160478 0.340223 -0.072259
v 0.158967 0.337084 -0.071715
v 0.151841 0.324988 -0.069084
v 0.142935 0.313289 -0.065720
v 0.132352 0.301880 -0.061672
v 0.125608 0.295455 -0.059074
v 0.107595 0.280161 -0.052075
v 0.086778 0.264152 -0.043891
v 0.057376 0.241317 -0.032183
v 0.041810 0.227172 -0.025928
v 0.031816 0.215718 -0.021856
v 0.027689 0.209667 -0.020131
v 0.023031 0.200215 -0.018067
v 0.021695 0.196002 -0.017400
v 0.020427 0.187276 -0.016508
v 0.020745 0.181041 -0.016267
v 0.021005 0.179039 -0.016259
v 0.018435 0.178677 -0.017993
v 0.016718 0.178436 -0.020588
v 0.016605 0.178420 -0.020881
v 0.027159 0.135252 -0.016259
v 0.022872 0.134650 -0.020588
v 0.024589 0.134891 -0.017993
v 0.027483 0.132367 -0.016357
v 0.028256 0.123048 -0.019750
v 0.027401 0.123174 -0.020180
v 0.024937 0.132121 -0.018095
v 0.025864 0.123595 -0.021297
v 0.023227 0.132045 -0.020671
v 0.024661 0.124215 -0.022681
v 0.034659 0.071613 -0.049599
v 0.031910 0.072655 -0.052101
v 0.041915 0.020062 -0.079036
v 0.039158 0.021105 -0.081538
v 0.043146 0.013233 -0.081770
v 0.041044 0.008555 -0.085197
v 0.043940 0.008725 -0.082281
v 0.040306 0.013484 -0.084607
v 0.043953 0.008213 -0.082372
v 0.043975 0.008214 -0.082360
v 0.041057 0.008217 -0.085297
v 0.041082 0.008214 -0.085254
v 0.047362 0.000385 -0.089564
v 0.045221 0.001404 -0.088181
v 0.042049 0.005053 -0.086015
v 0.044680 0.005045 -0.083364
v 0.048270 0.000383 -0.088655
v 0.046872 0.001398 -0.086526
v 0.016450 0.180365 -0.246702
v 0.020745 0.181041 -0.251033
v 0.020624 0.182068 -0.251015
v 0.016312 0.181471 -0.246685
v 0.016389 0.190937 -0.246198
v 0.017126 0.194992 -0.245800
v 0.020412 0.204241 -0.244430
v 0.022120 0.207539 -0.243778
v 0.028799 0.217326 -0.241311
v 0.037126 0.226532 -0.238281
v 0.048457 0.236844 -0.234163
v 0.065607 0.250347 -0.227923
v 0.085330 0.264804 -0.220753
v 0.101586 0.276858 -0.214878
v 0.123708 0.294886 -0.207000
v 0.131859 0.302468 -0.204153
v 0.144503 0.316107 -0.199835
v 0.154317 0.329564 -0.196607
v 0.155460 0.331417 -0.196242
v 0.161665 0.343426 -0.194316
v 0.165932 0.355816 -0.193047
v 0.167447 0.363058 -0.192528
v 0.165962 0.355812 -0.193080
v 0.161762 0.343405 -0.194434
v 0.155640 0.331368 -0.196491
v 0.154511 0.329511 -0.196881
v 0.144792 0.316021 -0.200306
v 0.132237 0.302354 -0.204850
v 0.124135 0.294760 -0.207829
v 0.102139 0.276695 -0.216036
v 0.085990 0.264598 -0.222146
v 0.066432 0.250063 -0.229613
v 0.049477 0.236475 -0.236129
v 0.038321 0.226121 -0.240439
v 0.030164 0.216924 -0.243619
v 0.023663 0.207223 -0.246217
v 0.022008 0.203975 -0.246906
v 0.018834 0.194918 -0.248356
v 0.018122 0.190963 -0.248777
v 0.018037 0.181731 -0.249284
v 0.018169 0.180650 -0.249301
v 0.165992 0.355807 -0.193113
v 0.161861 0.343382 -0.194551
v 0.155829 0.331313 -0.196734
v 0.154714 0.329450 -0.197146
v 0.145104 0.315910 -0.200756
v 0.132658 0.302184 -0.205511
v 0.124617 0.294551 -0.208610
v 0.102787 0.276367 -0.217107
v 0.086779 0.264152 -0.223409
v 0.067444 0.249426 -0.231092
v 0.050770 0.235642 -0.237766
v 0.039883 0.225181 -0.242152
v 0.032007 0.215973 -0.245365
v 0.025829 0.206408 -0.247969
v 0.024279 0.203249 -0.248656
v 0.021346 0.194558 -0.250093
v 0.020696 0.190805 -0.250510
v 0.016718 0.178436 -0.246711
v 0.018435 0.178677 -0.249307
v 0.021005 0.179038 -0.251041
v 0.023330 0.134714 -0.247650
v 0.026230 0.135122 -0.250578
v 0.024589 0.134891 -0.249307
v 0.024661 0.124215 -0.244619
v 0.027401 0.123174 -0.247120
v 0.027104 0.125666 -0.248502
v 0.024349 0.126542 -0.245908
v 0.041915 0.020062 -0.188264
v 0.031910 0.072655 -0.215199
v 0.034659 0.071613 -0.217700
v 0.039158 0.021105 -0.185761
v 0.039500 0.018764 -0.184507
v 0.043940 0.008725 -0.185018
v 0.041044 0.008555 -0.182103
v 0.042271 0.017851 -0.187084
v 0.043975 0.008214 -0.184940
v 0.043953 0.008213 -0.184928
v 0.041082 0.008214 -0.182046
v 0.041057 0.008217 -0.182003
v 0.047615 0.000771 -0.179650
v 0.046350 0.000775 -0.178384
v 0.045108 0.003998 -0.183339
v 0.042647 0.004007 -0.180862
v 0.630957 0.181041 -0.016267
v 0.631078 0.182062 -0.016285
v 0.484937 0.359379 -0.074527
v 0.485596 0.356500 -0.074309
v 0.489264 0.345273 -0.073215
v 0.493479 0.336278 -0.071931
v 0.501583 0.323352 -0.069330
v 0.512166 0.310397 -0.065786
v 0.517856 0.304433 -0.063834
v 0.533986 0.289707 -0.058185
v 0.558474 0.270596 -0.049407
v 0.566377 0.264801 -0.046545
v 0.586122 0.250327 -0.039367
v 0.603268 0.236825 -0.033129
v 0.614581 0.226527 -0.029018
v 0.622907 0.217322 -0.025988
v 0.629583 0.207536 -0.023522
v 0.631294 0.204233 -0.022869
v 0.634578 0.194984 -0.021500
v 0.635314 0.190931 -0.021101
v 0.635390 0.181465 -0.020615
v 0.635252 0.180365 -0.020598
v 0.484920 0.359377 -0.074508
v 0.485569 0.356496 -0.074279
v 0.489178 0.345254 -0.073113
v 0.493333 0.336242 -0.071740
v 0.501345 0.323283 -0.068970
v 0.511839 0.310298 -0.065223
v 0.517491 0.304323 -0.063171
v 0.533525 0.289572 -0.057264
v 0.557868 0.270414 -0.048129
v 0.565717 0.264595 -0.045152
v 0.585297 0.250042 -0.037677
v 0.602247 0.236455 -0.031163
v 0.613385 0.226116 -0.026860
v 0.621541 0.216920 -0.023681
v 0.628041 0.207220 -0.021083
v 0.629698 0.203967 -0.020393
v 0.632870 0.194910 -0.018944
v 0.633581 0.190957 -0.018522
v 0.633664 0.181726 -0.018016
v 0.633533 0.180650 -0.017999
v 0.484904 0.359375 -0.074490
v 0.485542 0.356492 -0.074249
v 0.489092 0.345235 -0.073012
v 0.493183 0.336201 -0.071553
v 0.501092 0.323200 -0.068624
v 0.511482 0.310164 -0.064687
v 0.517086 0.304162 -0.062542
v 0.532999 0.289335 -0.056401
v 0.557152 0.270029 -0.046958
v 0.564928 0.264148 -0.043889
v 0.584284 0.249404 -0.036197
v 0.600953 0.235622 -0.029526
v 0.611823 0.225176 -0.025147
v 0.619697 0.215969 -0.021934
v 0.625874 0.206405 -0.019330
v 0.627426 0.203242 -0.018643
v 0.630358 0.194550 -0.017206
v 0.631006 0.190799 -0.016790
v 0.634984 0.178436 -0.020588
v 0.633267 0.178677 -0.017993
v 0.630697 0.179038 -0.016259
v 0.628372 0.134714 -0.019650
v 0.625472 0.135122 -0.016722
v 0.627113 0.134891 -0.017993
v 0.627042 0.124215 -0.022681
v 0.624301 0.123174 -0.020180
v 0.624598 0.125666 -0.018798
v 0.627354 0.126542 -0.021392
v 0.609787 0.020062 -0.079036
v 0.612544 0.021105 -0.081538
v 0.619792 0.072656 -0.052101
v 0.617043 0.071614 -0.049599
v 0.612202 0.018764 -0.082793
v 0.607761 0.008725 -0.082281
v 0.610657 0.008555 -0.085195
v 0.609432 0.017851 -0.080216
v 0.607728 0.008214 -0.082360
v 0.607749 0.008213 -0.082372
v 0.610621 0.008214 -0.085254
v 0.610646 0.008217 -0.085297
v 0.604341 0.000385 -0.089564
v 0.606481 0.001404 -0.088181
v 0.609653 0.005053 -0.086015
v 0.607022 0.005045 -0.083364
v 0.603432 0.000383 -0.088655
v 0.604830 0.001398 -0.086526
v 0.630957 0.181041 -0.251033
v 0.631078 0.182062 -0.251015
v 0.631006 0.190799 -0.250511
v 0.630358 0.194550 -0.250094
v 0.627427 0.203242 -0.248657
v 0.625875 0.206405 -0.247970
v 0.619698 0.215970 -0.245366
v 0.611823 0.225176 -0.242153
v 0.600953 0.235623 -0.237774
v 0.584284 0.249405 -0.231102
v 0.564928 0.264148 -0.223411
v 0.557148 0.270030 -0.220340
v 0.532997 0.289335 -0.210899
v 0.517084 0.304163 -0.204758
v 0.511480 0.310164 -0.202613
v 0.501090 0.323201 -0.198676
v 0.493182 0.336203 -0.195747
v 0.489112 0.345182 -0.194295
v 0.485546 0.356473 -0.193053
v 0.484905 0.359365 -0.192811
v 0.484922 0.359367 -0.192792
v 0.485573 0.356477 -0.193023
v 0.489200 0.345201 -0.194194
v 0.493333 0.336243 -0.195560
v 0.501344 0.323284 -0.198330
v 0.511838 0.310299 -0.202077
v 0.517489 0.304324 -0.204128
v 0.533523 0.289573 -0.210035
v 0.557865 0.270416 -0.219169
v 0.565717 0.264595 -0.222147
v 0.585297 0.250042 -0.229623
v 0.602246 0.236456 -0.236137
v 0.613385 0.226117 -0.240440
v 0.621541 0.216920 -0.243620
v 0.628041 0.207220 -0.246217
v 0.629698 0.203968 -0.246908
v 0.632870 0.194911 -0.248357
v 0.633581 0.190957 -0.248778
v 0.633664 0.181726 -0.249284
v 0.633533 0.180650 -0.249301
v 0.484939 0.359369 -0.192774
v 0.485601 0.356481 -0.192993
v 0.489285 0.345219 -0.194091
v 0.493478 0.336280 -0.195369
v 0.501582 0.323353 -0.197970
v 0.512165 0.310398 -0.201513
v 0.517855 0.304434 -0.203465
v 0.533984 0.289708 -0.209114
v 0.558471 0.270598 -0.217891
v 0.566377 0.264800 -0.220754
v 0.586122 0.250327 -0.227932
v 0.603267 0.236825 -0.234171
v 0.614581 0.226528 -0.238282
v 0.622906 0.217323 -0.241312
v 0.629583 0.207536 -0.243778
v 0.631294 0.204233 -0.244432
v 0.634578 0.194984 -0.245800
v 0.635314 0.190931 -0.246199
v 0.635390 0.181465 -0.246685
v 0.635252 0.180365 -0.246702
v 0.634984 0.178436 -0.246711
v 0.633267 0.178677 -0.249307
v 0.630697 0.179039 -0.251041
v 0.625472 0.135122 -0.250578
v 0.627113 0.134891 -0.249307
v 0.628372 0.134714 -0.247650
v 0.625139 0.132268 -0.250476
v 0.624301 0.123174 -0.247120
v 0.628017 0.132050 -0.247559
v 0.627042 0.124215 -0.244619
v 0.617043 0.071614 -0.217701
v 0.619792 0.072656 -0.215199
v 0.609787 0.020062 -0.188264
v 0.612544 0.021105 -0.185762
v 0.608557 0.013233 -0.185529
v 0.610658 0.008555 -0.182103
v 0.607761 0.008725 -0.185019
v 0.611396 0.013484 -0.182693
v 0.607749 0.008213 -0.184928
v 0.607728 0.008214 -0.184940
v 0.610646 0.008217 -0.182003
v 0.610621 0.008214 -0.182046
v 0.609653 0.005053 -0.181285
v 0.607022 0.005045 -0.183936
v 0.606481 0.001404 -0.179119
v 0.604341 0.000385 -0.177736
v 0.603432 0.000383 -0.178645
v 0.604830 0.001398 -0.180774
v 0.244720 0.419670 -0.035888
v 0.237031 0.421275 -0.038073
v 0.258527 0.417273 -0.033531
v 0.265996 0.416205 -0.031482
v 0.266488 0.416139 -0.032282
v 0.274474 0.415163 -0.030190
v 0.277534 0.414828 -0.030872
v 0.274997 0.415104 -0.030118
v 0.292122 0.413508 -0.029518
v 0.305354 0.412663 -0.027708
v 0.296633 0.413184 -0.029203
v 0.325851 0.411925 -0.028225
v 0.325851 0.411925 -0.027219
v 0.243534 0.422649 -0.036379
v 0.228745 0.423992 -0.040227
v 0.229994 0.423872 -0.039650
v 0.325851 0.418925 -0.027193
v 0.325851 0.418925 -0.028179
v 0.298276 0.419382 -0.028060
v 0.298211 0.419384 -0.029046
v 0.270829 0.420663 -0.030628
v 0.270708 0.420670 -0.031616
v 0.243700 0.422635 -0.035379
v 0.238977 0.423044 -0.036495
v 0.376340 0.416049 -0.029074
v 0.374971 0.419307 -0.028889
v 0.353519 0.418375 -0.027057
v 0.325851 0.417918 -0.026193
v 0.325851 0.412921 -0.026219
v 0.356343 0.414264 -0.027264
v 0.298183 0.418375 -0.027062
v 0.305361 0.413657 -0.026709
v 0.276333 0.419328 -0.028942
v 0.274980 0.416092 -0.029126
v 0.353491 0.419384 -0.029041
v 0.410304 0.422832 -0.036859
v 0.381985 0.420730 -0.031737
v 0.408227 0.422654 -0.036288
v 0.386061 0.420988 -0.031574
v 0.353426 0.419382 -0.028055
v 0.374793 0.420314 -0.029881
v 0.381213 0.420683 -0.030797
v 0.356346 0.413272 -0.028262
v 0.354835 0.413169 -0.029184
v 0.359319 0.413488 -0.029493
v 0.376324 0.415062 -0.030065
v 0.374035 0.414814 -0.030850
v 0.377055 0.415143 -0.030166
v 0.384983 0.416109 -0.032240
v 0.392923 0.417234 -0.033478
v 0.414449 0.421225 -0.038003
v 0.406982 0.419670 -0.035888
v 0.398572 0.418141 -0.033915
v 0.377081 0.416137 -0.029176
v 0.414321 0.422155 -0.036983
v 0.412311 0.421978 -0.036372
v 0.407040 0.420651 -0.034920
v 0.408570 0.421657 -0.035322
v 0.398616 0.419127 -0.032937
v 0.386292 0.419990 -0.030588
v 0.381424 0.419685 -0.029808
v 0.270692 0.419978 -0.029852
v 0.276330 0.419353 -0.028943
v 0.276279 0.419388 -0.028949
v 0.274448 0.416157 -0.029200
v 0.265964 0.417196 -0.030496
v 0.269331 0.420122 -0.030071
v 0.261233 0.420978 -0.031379
v 0.258948 0.421220 -0.031748
v 0.250547 0.421983 -0.033498
v 0.244662 0.420651 -0.034920
v 0.248363 0.422183 -0.034004
v 0.243654 0.422618 -0.035183
v 0.236910 0.422259 -0.037131
v 0.274970 0.415998 -0.029132
v 0.274940 0.415547 -0.029300
v 0.274942 0.415605 -0.029264
v 0.274412 0.415664 -0.029338
v 0.274950 0.415227 -0.029654
v 0.244627 0.419816 -0.035417
v 0.236883 0.421434 -0.037625
v 0.228129 0.423526 -0.041008
v 0.228651 0.423368 -0.040805
v 0.233313 0.422138 -0.039193
v 0.236852 0.421788 -0.037279
v 0.227350 0.424065 -0.041031
v 0.227404 0.424167 -0.040942
v 0.226114 0.424472 -0.041693
v 0.225033 0.425024 -0.042378
v 0.225043 0.424997 -0.042372
v 0.225140 0.424925 -0.042303
v 0.225141 0.424850 -0.042321
v 0.225505 0.424558 -0.042140
v 0.226464 0.424098 -0.041697
v 0.265933 0.416344 -0.030995
v 0.274421 0.415301 -0.029699
v 0.274939 0.415402 -0.029420
v 0.265922 0.416706 -0.030635
v 0.244606 0.420173 -0.035065
v 0.305341 0.412741 -0.027325
v 0.305338 0.412959 -0.027000
v 0.325851 0.412548 -0.026293
v 0.305345 0.413285 -0.026784
v 0.325851 0.412372 -0.026385
v 0.325850 0.412220 -0.026509
v 0.325851 0.412050 -0.026735
v 0.356366 0.413350 -0.027879
v 0.356372 0.413568 -0.027555
v 0.356364 0.413893 -0.027339
v 0.376349 0.415956 -0.029080
v 0.376374 0.415562 -0.029211
v 0.376376 0.415504 -0.029247
v 0.376377 0.415359 -0.029367
v 0.376367 0.415184 -0.029601
v 0.418170 0.422086 -0.039117
v 0.423320 0.423452 -0.040901
v 0.421399 0.422984 -0.040004
v 0.424593 0.423864 -0.041413
v 0.377108 0.415282 -0.029675
v 0.377117 0.415645 -0.029313
v 0.407096 0.420173 -0.035065
v 0.414375 0.422163 -0.037000
v 0.424206 0.423794 -0.041163
v 0.423426 0.423654 -0.040700
v 0.421456 0.423311 -0.039687
v 0.419365 0.422959 -0.038775
v 0.407075 0.419816 -0.035417
v 0.398667 0.418644 -0.033080
v 0.398651 0.418284 -0.033436
v 0.298200 0.418760 -0.027135
v 0.270774 0.420588 -0.030244
v 0.270719 0.420370 -0.029920
v 0.270689 0.420154 -0.029759
v 0.298250 0.419306 -0.027676
v 0.298224 0.419087 -0.027351
v 0.325851 0.418848 -0.026809
v 0.325851 0.418629 -0.026484
v 0.325851 0.418303 -0.026268
v 0.412258 0.422365 -0.036438
v 0.424650 0.423874 -0.041451
v 0.421708 0.423771 -0.040302
v 0.381337 0.420394 -0.030095
v 0.374909 0.419938 -0.029102
v 0.374944 0.419645 -0.028942
v 0.381275 0.420610 -0.030416
v 0.374844 0.420240 -0.029500
v 0.374866 0.420162 -0.029349
v 0.374811 0.420304 -0.029741
v 0.414150 0.423165 -0.037900
v 0.412057 0.422906 -0.036959
v 0.408333 0.422584 -0.035913
v 0.412168 0.422691 -0.036645
v 0.386130 0.420915 -0.031195
v 0.381390 0.420069 -0.029881
v 0.386255 0.420375 -0.030660
v 0.408519 0.422044 -0.035389
v 0.408435 0.422370 -0.035597
v 0.386198 0.420700 -0.030873
v 0.353452 0.419306 -0.027671
v 0.353478 0.419087 -0.027346
v 0.353502 0.418760 -0.027130
v 0.256869 0.306819 -0.026906
v 0.280088 0.304070 -0.024367
v 0.296519 0.302934 -0.023251
v 0.325124 0.302211 -0.022581
v 0.325851 0.302210 -0.022586
v 0.433433 0.315616 -0.034517
v 0.453949 0.323742 -0.042646
v 0.452255 0.322937 -0.041662
v 0.442273 0.318719 -0.037316
v 0.197753 0.323742 -0.042646
v 0.218270 0.315616 -0.034517
v 0.209429 0.318719 -0.037316
v 0.199447 0.322937 -0.041662
v 0.209187 0.322851 -0.037613
v 0.224787 0.319707 -0.032918
v 0.325851 0.311210 -0.022586
v 0.317332 0.311263 -0.022601
v 0.287333 0.312326 -0.023818
v 0.279891 0.312817 -0.024398
v 0.253116 0.315407 -0.027476
v 0.252961 0.315426 -0.027499
v 0.242523 0.316815 -0.029190
v 0.200053 0.324976 -0.041692
v 0.206554 0.323442 -0.038633
v 0.445149 0.323442 -0.038633
v 0.451649 0.324976 -0.041692
v 0.334370 0.311263 -0.022601
v 0.364369 0.312326 -0.023818
v 0.371811 0.312817 -0.024398
v 0.394672 0.314944 -0.026920
v 0.398741 0.315426 -0.027499
v 0.409180 0.316815 -0.029190
v 0.426915 0.319707 -0.032918
v 0.442516 0.322851 -0.037613
v 0.326578 0.302211 -0.022581
v 0.355183 0.302934 -0.023251
v 0.371615 0.304070 -0.024367
v 0.394833 0.306819 -0.026906
v 0.325851 0.303210 -0.021586
v 0.325851 0.310210 -0.021586
v 0.325130 0.303211 -0.021582
v 0.317309 0.310263 -0.021601
v 0.296519 0.303932 -0.022252
v 0.287203 0.311328 -0.022820
v 0.280091 0.305067 -0.023371
v 0.279734 0.311820 -0.023401
v 0.270962 0.305970 -0.024230
v 0.270967 0.312520 -0.024230
v 0.256885 0.307808 -0.025916
v 0.252694 0.314433 -0.026509
v 0.235009 0.311976 -0.029566
v 0.242206 0.315825 -0.028205
v 0.222136 0.315383 -0.032514
v 0.224366 0.318723 -0.031947
v 0.222151 0.319132 -0.032510
v 0.218303 0.316568 -0.033555
v 0.209447 0.319653 -0.036375
v 0.208624 0.321875 -0.036675
v 0.205956 0.322467 -0.037707
v 0.199387 0.323843 -0.040787
v 0.199331 0.324004 -0.040818
v 0.198712 0.324153 -0.041168
v 0.452315 0.323843 -0.040787
v 0.452990 0.324153 -0.041168
v 0.452371 0.324004 -0.040818
v 0.442255 0.319653 -0.036375
v 0.445746 0.322467 -0.037707
v 0.443078 0.321875 -0.036675
v 0.433399 0.316568 -0.033555
v 0.429552 0.319132 -0.032510
v 0.429566 0.315383 -0.032514
v 0.427336 0.318723 -0.031947
v 0.416693 0.311976 -0.029566
v 0.409496 0.315825 -0.028205
v 0.394818 0.307808 -0.025916
v 0.399008 0.314433 -0.026509
v 0.380741 0.305970 -0.024230
v 0.380735 0.312520 -0.024230
v 0.371611 0.305067 -0.023371
v 0.371968 0.311820 -0.023401
v 0.364499 0.311328 -0.022820
v 0.334393 0.310263 -0.021601
v 0.326572 0.303211 -0.021582
v 0.355183 0.303932 -0.022252
v 0.279768 0.312203 -0.023475
v 0.325851 0.311196 -0.022418
v 0.325851 0.311134 -0.022203
v 0.317327 0.311187 -0.022219
v 0.325851 0.311058 -0.022056
v 0.317321 0.310970 -0.021894
v 0.325851 0.310835 -0.021805
v 0.317314 0.310645 -0.021677
v 0.325851 0.310541 -0.021642
v 0.199448 0.324405 -0.040853
v 0.195111 0.325453 -0.043681
v 0.196117 0.325080 -0.042871
v 0.197625 0.324535 -0.041827
v 0.198672 0.324167 -0.041191
v 0.199630 0.324735 -0.041035
v 0.206065 0.322860 -0.037754
v 0.208729 0.322266 -0.036725
v 0.224452 0.319110 -0.032008
v 0.242273 0.316209 -0.028273
v 0.252752 0.314817 -0.026579
v 0.206218 0.323187 -0.037949
v 0.208875 0.322593 -0.036923
v 0.224563 0.319434 -0.032216
v 0.242357 0.316533 -0.028485
v 0.252823 0.315141 -0.026793
v 0.199844 0.324937 -0.041332
v 0.206391 0.323392 -0.038260
v 0.209036 0.322799 -0.037237
v 0.224681 0.319644 -0.032536
v 0.242445 0.316746 -0.028807
v 0.252896 0.315355 -0.027116
v 0.287231 0.311711 -0.022895
v 0.279810 0.312527 -0.023691
v 0.287266 0.312035 -0.023111
v 0.279853 0.312743 -0.024015
v 0.287302 0.312252 -0.023435
v 0.325130 0.302828 -0.021658
v 0.325851 0.302879 -0.021642
v 0.325851 0.302362 -0.022056
v 0.325851 0.302586 -0.021805
v 0.325128 0.302504 -0.021874
v 0.325126 0.302287 -0.022199
v 0.325851 0.302287 -0.022203
v 0.325851 0.302225 -0.022418
v 0.256831 0.306900 -0.026532
v 0.234925 0.311089 -0.030181
v 0.218200 0.315710 -0.034166
v 0.197574 0.324069 -0.042105
v 0.199304 0.323533 -0.040898
v 0.197584 0.324339 -0.041910
v 0.197633 0.323862 -0.042359
v 0.199336 0.323052 -0.041363
v 0.209347 0.318820 -0.036980
v 0.218218 0.316221 -0.033650
v 0.209356 0.319319 -0.036476
v 0.256839 0.307434 -0.025997
v 0.234941 0.311613 -0.029653
v 0.280062 0.304148 -0.023988
v 0.296503 0.303011 -0.022869
v 0.296498 0.303227 -0.022546
v 0.280054 0.304365 -0.023665
v 0.256820 0.307115 -0.026213
v 0.234912 0.311303 -0.029869
v 0.218183 0.315921 -0.033863
v 0.209321 0.319029 -0.036687
v 0.199286 0.323259 -0.041098
v 0.296503 0.303551 -0.022329
v 0.280064 0.304687 -0.023449
v 0.334388 0.310645 -0.021677
v 0.334382 0.310970 -0.021894
v 0.452072 0.324735 -0.041035
v 0.456927 0.325580 -0.043979
v 0.452254 0.324405 -0.040853
v 0.453030 0.324167 -0.041191
v 0.442973 0.322266 -0.036725
v 0.445638 0.322860 -0.037754
v 0.398951 0.314817 -0.026579
v 0.409429 0.316209 -0.028273
v 0.427250 0.319110 -0.032008
v 0.451858 0.324937 -0.041332
v 0.445311 0.323392 -0.038260
v 0.442666 0.322799 -0.037237
v 0.427021 0.319644 -0.032536
v 0.409257 0.316746 -0.028807
v 0.398806 0.315355 -0.027116
v 0.371849 0.312743 -0.024015
v 0.364401 0.312252 -0.023435
v 0.334375 0.311187 -0.022219
v 0.364436 0.312035 -0.023111
v 0.371892 0.312527 -0.023691
v 0.398880 0.315141 -0.026793
v 0.409345 0.316533 -0.028485
v 0.427139 0.319434 -0.032216
v 0.442827 0.322593 -0.036923
v 0.445484 0.323187 -0.037949
v 0.364471 0.311711 -0.022895
v 0.371934 0.312203 -0.023475
v 0.326576 0.302287 -0.022199
v 0.452398 0.323533 -0.040898
v 0.454118 0.324339 -0.041910
v 0.454128 0.324069 -0.042105
v 0.433502 0.315710 -0.034166
v 0.416778 0.311089 -0.030181
v 0.394871 0.306900 -0.026532
v 0.442356 0.318820 -0.036980
v 0.452366 0.323052 -0.041363
v 0.454069 0.323862 -0.042359
v 0.442346 0.319319 -0.036476
v 0.433484 0.316221 -0.033650
v 0.416761 0.311613 -0.029653
v 0.394863 0.307434 -0.025997
v 0.371638 0.304687 -0.023449
v 0.355199 0.303551 -0.022329
v 0.326573 0.302828 -0.021658
v 0.326574 0.302504 -0.021874
v 0.355205 0.303227 -0.022546
v 0.371648 0.304365 -0.023665
v 0.394882 0.307115 -0.026213
v 0.416791 0.311303 -0.029869
v 0.433520 0.315921 -0.033863
v 0.442381 0.319029 -0.036687
v 0.452416 0.323259 -0.041098
v 0.355199 0.303011 -0.022869
v 0.371640 0.304148 -0.023988
v 0.325851 0.531925 -0.025469
v 0.325851 0.531925 -0.024018
v 0.317655 0.532066 -0.024118
v 0.267983 0.539044 -0.028115
v 0.263999 0.540067 -0.028933
v 0.276065 0.537183 -0.027849
v 0.262508 0.540468 -0.029362
v 0.262262 0.540535 -0.029448
v 0.309125 0.532513 -0.025744
v 0.295527 0.533865 -0.025163
v 0.292498 0.534274 -0.026527
v 0.292529 0.534270 -0.025381
v 0.276078 0.537180 -0.026957
v 0.325851 0.537925 -0.024018
v 0.325851 0.537925 -0.025217
v 0.318161 0.537981 -0.024107
v 0.297763 0.538547 -0.025984
v 0.300828 0.538425 -0.024825
v 0.263163 0.540730 -0.029188
v 0.266327 0.540472 -0.028440
v 0.283513 0.539272 -0.026161
v 0.343264 0.538178 -0.025522
v 0.360516 0.538850 -0.025489
v 0.360643 0.538856 -0.026399
v 0.386317 0.540548 -0.028634
v 0.388627 0.540737 -0.029214
v 0.359204 0.534274 -0.026533
v 0.351990 0.533365 -0.024889
v 0.342577 0.532513 -0.025746
v 0.335319 0.532113 -0.024150
v 0.375636 0.537183 -0.027858
v 0.389496 0.540550 -0.029469
v 0.388828 0.540368 -0.029244
v 0.384868 0.539332 -0.028323
v 0.368599 0.535794 -0.026194
v 0.358004 0.534108 -0.025294
v 0.266245 0.540173 -0.028146
v 0.264023 0.540352 -0.028637
v 0.268004 0.539335 -0.027820
v 0.283466 0.538973 -0.025862
v 0.276104 0.537474 -0.026659
v 0.292549 0.534567 -0.025081
v 0.300799 0.538126 -0.024525
v 0.295545 0.534163 -0.024864
v 0.318151 0.537681 -0.023807
v 0.317658 0.532365 -0.023818
v 0.325851 0.532225 -0.023718
v 0.325851 0.537625 -0.023718
v 0.385516 0.540178 -0.028157
v 0.384850 0.539623 -0.028029
v 0.386404 0.540249 -0.028341
v 0.387679 0.540352 -0.028637
v 0.383623 0.540030 -0.027807
v 0.361702 0.538609 -0.025282
v 0.368574 0.536089 -0.025895
v 0.351975 0.533663 -0.024590
v 0.360554 0.538550 -0.025190
v 0.335315 0.532412 -0.023850
v 0.390502 0.540841 -0.029864
v 0.390538 0.540853 -0.029884
v 0.390477 0.540842 -0.029821
v 0.388828 0.540552 -0.029068
v 0.387705 0.540356 -0.028643
v 0.384878 0.539481 -0.028072
v 0.389609 0.540689 -0.029363
v 0.389074 0.540595 -0.029160
v 0.388852 0.540399 -0.029132
v 0.390229 0.540797 -0.029623
v 0.390135 0.540781 -0.029561
v 0.390224 0.540786 -0.029638
v 0.389620 0.540610 -0.029391
v 0.390194 0.540746 -0.029719
v 0.390322 0.540814 -0.029689
v 0.390465 0.540829 -0.029845
v 0.389587 0.540575 -0.029498
v 0.384885 0.539375 -0.028180
v 0.368606 0.535835 -0.026046
v 0.368597 0.535943 -0.025937
v 0.351989 0.533515 -0.024631
v 0.335320 0.532263 -0.023890
v 0.325851 0.532075 -0.023758
v 0.351994 0.533406 -0.024740
v 0.335321 0.532153 -0.024000
v 0.325851 0.531965 -0.023868
v 0.262475 0.540514 -0.029227
v 0.261567 0.540781 -0.029561
v 0.261171 0.540852 -0.029876
v 0.261522 0.540774 -0.029615
v 0.261198 0.540843 -0.029861
v 0.261687 0.540759 -0.029489
v 0.263998 0.540356 -0.028643
v 0.262837 0.540556 -0.028986
v 0.263977 0.540217 -0.028687
v 0.262596 0.540598 -0.029074
v 0.262032 0.540698 -0.029310
v 0.263976 0.540112 -0.028793
v 0.267969 0.539087 -0.027971
v 0.276069 0.537222 -0.026810
v 0.292524 0.534311 -0.025232
v 0.295522 0.533906 -0.025014
v 0.317653 0.532106 -0.023968
v 0.267976 0.539193 -0.027863
v 0.276078 0.537329 -0.026701
v 0.292531 0.534419 -0.025123
v 0.295529 0.534015 -0.024905
v 0.317654 0.532215 -0.023858
v 0.390409 0.540861 -0.029828
v 0.390563 0.540858 -0.029912
v 0.386343 0.540527 -0.028521
v 0.325851 0.537731 -0.023762
v 0.360547 0.538665 -0.025212
v 0.360537 0.538763 -0.025277
v 0.325851 0.537836 -0.023805
v 0.360526 0.538828 -0.025374
v 0.325851 0.537908 -0.023918
v 0.390151 0.540852 -0.029707
v 0.390090 0.540836 -0.029641
v 0.386369 0.540462 -0.028425
v 0.386390 0.540364 -0.028362
v 0.318155 0.537893 -0.023895
v 0.266259 0.540289 -0.028167
v 0.266279 0.540386 -0.028230
v 0.262088 0.540796 -0.029428
v 0.261362 0.540859 -0.029789
v 0.261243 0.540860 -0.029850
v 0.261147 0.540856 -0.029903
v 0.283475 0.539088 -0.025884
v 0.300805 0.538240 -0.024548
v 0.318153 0.537795 -0.023830
v 0.300812 0.538338 -0.024613
v 0.283487 0.539185 -0.025949
v 0.266303 0.540451 -0.028326
v 0.283500 0.539250 -0.026046
v 0.300820 0.538403 -0.024710
v 0.318159 0.537958 -0.023992
v 0.261443 0.540856 -0.029751
v 0.276065 0.537183 -0.239451
v 0.276078 0.537180 -0.240343
v 0.292498 0.534274 -0.240772
v 0.292529 0.534270 -0.241919
v 0.293731 0.534103 -0.240849
v 0.295527 0.533865 -0.242137
v 0.309125 0.532513 -0.241556
v 0.317655 0.532066 -0.243182
v 0.325851 0.531925 -0.241831
v 0.325851 0.531925 -0.243282
v 0.262262 0.540535 -0.237852
v 0.262508 0.540468 -0.237938
v 0.263999 0.540067 -0.238367
v 0.267983 0.539044 -0.239184
v 0.325851 0.537925 -0.242083
v 0.325851 0.537925 -0.243282
v 0.318161 0.537981 -0.243193
v 0.297763 0.538547 -0.241316
v 0.300828 0.538425 -0.242475
v 0.283513 0.539272 -0.241139
v 0.280419 0.539463 -0.240065
v 0.266327 0.540472 -0.238860
v 0.263163 0.540730 -0.238112
v 0.360516 0.538850 -0.241811
v 0.360643 0.538856 -0.240901
v 0.386317 0.540548 -0.238666
v 0.388627 0.540737 -0.238085
v 0.368599 0.535794 -0.241106
v 0.375636 0.537183 -0.239442
v 0.359204 0.534274 -0.240767
v 0.335319 0.532113 -0.243150
v 0.384868 0.539332 -0.238977
v 0.388828 0.540368 -0.238056
v 0.389496 0.540550 -0.237831
v 0.342577 0.532513 -0.241553
v 0.351990 0.533365 -0.242410
v 0.358004 0.534108 -0.242006
v 0.300799 0.538126 -0.242774
v 0.318151 0.537681 -0.243493
v 0.317658 0.532365 -0.243482
v 0.325851 0.537625 -0.243582
v 0.325851 0.532225 -0.243582
v 0.283466 0.538973 -0.241438
v 0.268004 0.539335 -0.239480
v 0.266245 0.540173 -0.239154
v 0.264023 0.540352 -0.238663
v 0.295545 0.534163 -0.242436
v 0.292549 0.534567 -0.242218
v 0.276104 0.537474 -0.240641
v 0.386404 0.540249 -0.238959
v 0.387679 0.540352 -0.238663
v 0.384850 0.539623 -0.239271
v 0.335315 0.532412 -0.243450
v 0.351975 0.533663 -0.242710
v 0.360554 0.538550 -0.242110
v 0.368574 0.536089 -0.241405
v 0.361702 0.538609 -0.242018
v 0.383623 0.540030 -0.239493
v 0.385516 0.540178 -0.239143
v 0.387705 0.540356 -0.238656
v 0.388859 0.540555 -0.238316
v 0.384878 0.539481 -0.239228
v 0.390322 0.540814 -0.237611
v 0.390224 0.540786 -0.237662
v 0.390229 0.540797 -0.237677
v 0.390538 0.540853 -0.237416
v 0.390502 0.540841 -0.237436
v 0.390477 0.540842 -0.237479
v 0.390465 0.540829 -0.237455
v 0.390194 0.540746 -0.237581
v 0.389587 0.540575 -0.237802
v 0.389624 0.540622 -0.237930
v 0.388858 0.540414 -0.238193
v 0.390135 0.540781 -0.237739
v 0.389635 0.540691 -0.238006
v 0.389106 0.540598 -0.238227
v 0.384885 0.539375 -0.239120
v 0.368606 0.535835 -0.241254
v 0.351994 0.533406 -0.242560
v 0.335321 0.532153 -0.243300
v 0.325851 0.531965 -0.243432
v 0.368597 0.535943 -0.241363
v 0.351989 0.533515 -0.242669
v 0.335320 0.532263 -0.243410
v 0.325851 0.532075 -0.243542
v 0.261198 0.540843 -0.237439
v 0.261171 0.540852 -0.237424
v 0.261522 0.540774 -0.237685
v 0.267976 0.539193 -0.239436
v 0.263977 0.540217 -0.238613
v 0.262596 0.540598 -0.238226
v 0.262837 0.540556 -0.238314
v 0.263998 0.540356 -0.238656
v 0.263976 0.540112 -0.238507
v 0.262475 0.540514 -0.238073
v 0.261567 0.540781 -0.237739
v 0.261687 0.540759 -0.237811
v 0.262032 0.540698 -0.237990
v 0.276078 0.537329 -0.240599
v 0.292531 0.534419 -0.242177
v 0.295529 0.534015 -0.242395
v 0.317654 0.532215 -0.243442
v 0.267969 0.539087 -0.239329
v 0.276069 0.537222 -0.240490
v 0.292524 0.534311 -0.242068
v 0.295522 0.533906 -0.242286
v 0.317653 0.532106 -0.243332
v 0.390332 0.540860 -0.237510
v 0.390090 0.540836 -0.237659
v 0.390151 0.540852 -0.237593
v 0.360526 0.538828 -0.241926
v 0.325851 0.537908 -0.243382
v 0.360537 0.538763 -0.242023
v 0.325851 0.537836 -0.243495
v 0.360547 0.538665 -0.242088
v 0.325851 0.537731 -0.243538
v 0.386369 0.540462 -0.238875
v 0.386390 0.540364 -0.238938
v 0.390563 0.540858 -0.237388
v 0.390409 0.540861 -0.237472
v 0.386343 0.540527 -0.238779
v 0.262088 0.540796 -0.237871
v 0.261443 0.540856 -0.237549
v 0.266259 0.540289 -0.239133
v 0.266279 0.540386 -0.239070
v 0.318153 0.537795 -0.243470
v 0.318155 0.537893 -0.243405
v 0.266303 0.540451 -0.238974
v 0.283500 0.539250 -0.241254
v 0.300820 0.538403 -0.242590
v 0.318159 0.537958 -0.243308
v 0.300812 0.538338 -0.242687
v 0.283487 0.539185 -0.241351
v 0.261243 0.540860 -0.237450
v 0.261147 0.540856 -0.237397
v 0.300805 0.538240 -0.242752
v 0.283475 0.539088 -0.241416
v 0.194456 0.325030 -0.222807
v 0.194581 0.325316 -0.222932
v 0.193408 0.325868 -0.222090
v 0.193375 0.325842 -0.222073
v 0.193329 0.325832 -0.222047
v 0.193124 0.325736 -0.221972
v 0.193221 0.325782 -0.222001
v 0.193261 0.325800 -0.222016
v 0.195674 0.324278 -0.223551
v 0.195786 0.324606 -0.223700
v 0.225692 0.313287 -0.235028
v 0.225633 0.312939 -0.234887
v 0.214363 0.316360 -0.231645
v 0.197353 0.323773 -0.224614
v 0.214432 0.316736 -0.231818
v 0.210872 0.317994 -0.230599
v 0.199341 0.322795 -0.225678
v 0.210801 0.317609 -0.230413
v 0.199251 0.322415 -0.225486
v 0.197253 0.323413 -0.224441
v 0.200642 0.325222 -0.224999
v 0.200447 0.324982 -0.225321
v 0.196973 0.325860 -0.223645
v 0.193222 0.325819 -0.221986
v 0.193252 0.325913 -0.221963
v 0.193340 0.325889 -0.222028
v 0.193380 0.325959 -0.222017
v 0.197114 0.326088 -0.223417
v 0.195602 0.326361 -0.222736
v 0.194071 0.326390 -0.222115
v 0.193712 0.326297 -0.222004
v 0.193441 0.326149 -0.221949
v 0.193300 0.326001 -0.221948
v 0.195514 0.326154 -0.222909
v 0.194072 0.326245 -0.222223
v 0.193743 0.326183 -0.222096
v 0.193501 0.326074 -0.222027
v 0.305895 0.301948 -0.243835
v 0.325850 0.301626 -0.244123
v 0.325851 0.302022 -0.244424
v 0.245268 0.308726 -0.238966
v 0.305900 0.302347 -0.244140
v 0.265265 0.305496 -0.241566
v 0.265235 0.305130 -0.241372
v 0.245223 0.308387 -0.238824
v 0.219876 0.321031 -0.231673
v 0.325851 0.311328 -0.243431
v 0.325851 0.311653 -0.243071
v 0.321261 0.311343 -0.243412
v 0.289069 0.312341 -0.242317
v 0.259518 0.314777 -0.239691
v 0.241494 0.317072 -0.236978
v 0.219729 0.320767 -0.232011
v 0.241600 0.317359 -0.236629
v 0.259595 0.315079 -0.239338
v 0.289108 0.312659 -0.241959
v 0.321266 0.311668 -0.243052
v 0.425875 0.313249 -0.235061
v 0.425934 0.312901 -0.234919
v 0.422190 0.311913 -0.235813
v 0.343169 0.302266 -0.244214
v 0.422134 0.312255 -0.235949
v 0.406859 0.308809 -0.238896
v 0.382281 0.304981 -0.241973
v 0.355051 0.302735 -0.243800
v 0.406904 0.308470 -0.238755
v 0.382308 0.304610 -0.241765
v 0.355061 0.302338 -0.243508
v 0.343173 0.301866 -0.243906
v 0.357956 0.312415 -0.242215
v 0.451081 0.325227 -0.224988
v 0.451275 0.324987 -0.225310
v 0.440305 0.322473 -0.229439
v 0.421750 0.318899 -0.234617
v 0.391053 0.314654 -0.239828
v 0.401852 0.315926 -0.238363
v 0.364006 0.312420 -0.242233
v 0.357990 0.312096 -0.242574
v 0.363965 0.312738 -0.241875
v 0.390978 0.314957 -0.239474
v 0.401760 0.316221 -0.238012
v 0.421624 0.319174 -0.234274
v 0.440138 0.322727 -0.229107
v 0.456043 0.324285 -0.223540
v 0.454875 0.323637 -0.224205
v 0.455931 0.324613 -0.223690
v 0.454772 0.323990 -0.224373
v 0.445129 0.319220 -0.228791
v 0.445054 0.319613 -0.228991
v 0.441573 0.318268 -0.230329
v 0.441645 0.317881 -0.230139
v 0.454608 0.326093 -0.223405
v 0.458424 0.325813 -0.222021
v 0.458378 0.325834 -0.222042
v 0.458361 0.325902 -0.222020
v 0.458583 0.325738 -0.221967
v 0.458318 0.325972 -0.222012
v 0.458190 0.326086 -0.222025
v 0.457932 0.326194 -0.222102
v 0.457583 0.326251 -0.222240
v 0.456174 0.326152 -0.222914
v 0.454749 0.325865 -0.223633
v 0.456085 0.326360 -0.222740
v 0.457580 0.326400 -0.222129
v 0.457961 0.326310 -0.222008
v 0.458248 0.326164 -0.221947
v 0.458396 0.326018 -0.221942
v 0.458448 0.325929 -0.221955
v 0.458482 0.325834 -0.221977
v 0.458486 0.325783 -0.221996
v 0.457428 0.325512 -0.222722
v 0.457556 0.325241 -0.222605
v 0.237118 0.421129 -0.038540
v 0.237130 0.420779 -0.038891
v 0.258594 0.416777 -0.034373
v 0.325851 0.411705 -0.028850
v 0.325851 0.411791 -0.028724
v 0.296656 0.413050 -0.029700
v 0.325851 0.411868 -0.028556
v 0.325851 0.411025 -0.029220
v 0.296655 0.412687 -0.030065
v 0.325851 0.411426 -0.029090
v 0.325851 0.411455 -0.029073
v 0.292148 0.413010 -0.030378
v 0.292148 0.413373 -0.030013
v 0.266540 0.416002 -0.032769
v 0.258588 0.417134 -0.034014
v 0.266544 0.415643 -0.033131
v 0.414350 0.420730 -0.038822
v 0.414362 0.421080 -0.038470
v 0.392862 0.417095 -0.033961
v 0.354813 0.412671 -0.030045
v 0.354812 0.413034 -0.029680
v 0.359292 0.413353 -0.029989
v 0.384927 0.415612 -0.033089
v 0.359293 0.412990 -0.030353
v 0.392856 0.416738 -0.034321
v 0.384932 0.415971 -0.032727
v 0.233381 0.421960 -0.039603
v 0.224831 0.425318 -0.042510
v 0.224779 0.425415 -0.042532
v 0.224808 0.425062 -0.042520
v 0.224941 0.425139 -0.042444
v 0.224811 0.425184 -0.042517
v 0.224900 0.425201 -0.042471
v 0.224853 0.425280 -0.042499
v 0.224980 0.425087 -0.042416
v 0.224918 0.425068 -0.042459
v 0.224942 0.424969 -0.042450
v 0.225043 0.424784 -0.042410
v 0.225426 0.424430 -0.042261
v 0.226426 0.423913 -0.041884
v 0.233379 0.421622 -0.039904
v 0.228633 0.422871 -0.041299
v 0.226356 0.423695 -0.042018
v 0.225328 0.424291 -0.042353
v 0.224933 0.424714 -0.042482
v 0.224830 0.424941 -0.042514
v 0.228668 0.423160 -0.041094
v 0.418103 0.421570 -0.039830
v 0.425221 0.423971 -0.041802
v 0.425097 0.423950 -0.041729
v 0.423310 0.423244 -0.041176
v 0.425928 0.424077 -0.042174
v 0.425830 0.424063 -0.042127
v 0.425831 0.423950 -0.042161
v 0.423349 0.422962 -0.041371
v 0.425553 0.424023 -0.041985
v 0.425314 0.423986 -0.041855
v 0.426434 0.424138 -0.042379
v 0.426014 0.424088 -0.042213
v 0.418102 0.421908 -0.039528
v 0.243626 0.422720 -0.036759
v 0.243717 0.422939 -0.037080
v 0.243792 0.423269 -0.037289
v 0.270866 0.421292 -0.032537
v 0.270763 0.420745 -0.032000
v 0.298237 0.419460 -0.029430
v 0.298264 0.419679 -0.029755
v 0.270818 0.420963 -0.032324
v 0.298288 0.420007 -0.029971
v 0.325851 0.419547 -0.029105
v 0.325851 0.419220 -0.028889
v 0.325851 0.419001 -0.028564
v 0.425284 0.424166 -0.041938
v 0.425911 0.424213 -0.042197
v 0.421635 0.423927 -0.040535
v 0.425301 0.424346 -0.041997
v 0.421534 0.424410 -0.040827
v 0.413889 0.423805 -0.038718
v 0.413962 0.423487 -0.038534
v 0.421575 0.424146 -0.040716
v 0.414054 0.423264 -0.038248
v 0.410209 0.422903 -0.037239
v 0.410115 0.423121 -0.037559
v 0.410037 0.423451 -0.037767
v 0.353465 0.419460 -0.029426
v 0.381824 0.421352 -0.032658
v 0.381873 0.421023 -0.032445
v 0.381929 0.420805 -0.032121
v 0.353415 0.420007 -0.029966
v 0.353439 0.419679 -0.029751
v 0.325851 0.531443 -0.026324
v 0.325851 0.531796 -0.025959
v 0.309131 0.532384 -0.026234
v 0.262289 0.540401 -0.029923
v 0.262245 0.540065 -0.030281
v 0.276048 0.536709 -0.028691
v 0.309118 0.532032 -0.026598
v 0.292483 0.533796 -0.027377
v 0.292510 0.534144 -0.027014
v 0.276085 0.537051 -0.028330
v 0.260740 0.540527 -0.030536
v 0.261064 0.540370 -0.030481
v 0.261163 0.540663 -0.030221
v 0.261076 0.540867 -0.029983
v 0.260918 0.540883 -0.030166
v 0.260902 0.540766 -0.030302
v 0.260632 0.540899 -0.030450
v 0.260564 0.540902 -0.030500
v 0.260517 0.540764 -0.030564
v 0.260124 0.540915 -0.030682
v 0.260892 0.540884 -0.030196
v 0.260868 0.540886 -0.030223
v 0.260792 0.540891 -0.030305
v 0.260615 0.540635 -0.030553
v 0.260660 0.540897 -0.030428
v 0.342584 0.532032 -0.026600
v 0.389514 0.540080 -0.030302
v 0.389470 0.540416 -0.029943
v 0.375617 0.537051 -0.028339
v 0.342571 0.532384 -0.026236
v 0.359192 0.534144 -0.027020
v 0.359218 0.533796 -0.027383
v 0.375654 0.536709 -0.028700
v 0.263286 0.541031 -0.029906
v 0.263343 0.541369 -0.030117
v 0.261501 0.541525 -0.030402
v 0.260451 0.541083 -0.030589
v 0.261081 0.541004 -0.030177
v 0.261477 0.541003 -0.030037
v 0.260646 0.540945 -0.030454
v 0.260810 0.541118 -0.030419
v 0.263222 0.540806 -0.029579
v 0.261497 0.541234 -0.030262
v 0.261040 0.541217 -0.030369
v 0.260975 0.541471 -0.030492
v 0.260674 0.541325 -0.030545
v 0.390631 0.540366 -0.030493
v 0.390801 0.540766 -0.030312
v 0.390906 0.540890 -0.030310
v 0.390863 0.540888 -0.030263
v 0.390814 0.540885 -0.030207
v 0.390783 0.540883 -0.030170
v 0.390534 0.540661 -0.030229
v 0.390672 0.540873 -0.030038
v 0.391583 0.540915 -0.030697
v 0.391129 0.540901 -0.030505
v 0.391188 0.540765 -0.030577
v 0.391074 0.540899 -0.030464
v 0.391041 0.540897 -0.030438
v 0.390962 0.540524 -0.030549
v 0.391089 0.540634 -0.030566
v 0.297840 0.539186 -0.026917
v 0.325850 0.538564 -0.026150
v 0.297814 0.538851 -0.026703
v 0.325851 0.538229 -0.025935
v 0.297787 0.538626 -0.026374
v 0.325851 0.538004 -0.025607
v 0.391070 0.541297 -0.030566
v 0.390795 0.541453 -0.030517
v 0.390716 0.541205 -0.030393
v 0.390923 0.541097 -0.030437
v 0.390663 0.540997 -0.030200
v 0.390111 0.540992 -0.030007
v 0.391270 0.541056 -0.030606
v 0.390066 0.541523 -0.030394
v 0.390081 0.541225 -0.030245
v 0.388568 0.540813 -0.029605
v 0.388504 0.541038 -0.029932
v 0.388447 0.541376 -0.030143
v 0.343249 0.538257 -0.025912
v 0.360547 0.539495 -0.027331
v 0.360579 0.539160 -0.027117
v 0.360613 0.538935 -0.026789
v 0.343215 0.538817 -0.026454
v 0.343231 0.538482 -0.026240
v 0.368257 0.420607 -0.236185
v 0.410209 0.422903 -0.230061
v 0.389406 0.421290 -0.234099
v 0.410115 0.423121 -0.229741
v 0.389340 0.421508 -0.233776
v 0.410037 0.423451 -0.229533
v 0.389285 0.421837 -0.233563
v 0.368335 0.420060 -0.236725
v 0.368293 0.420279 -0.236400
v 0.325851 0.419547 -0.238195
v 0.325851 0.419220 -0.238411
v 0.325851 0.419001 -0.238736
v 0.243792 0.423269 -0.230011
v 0.224982 0.425084 -0.224886
v 0.224934 0.425149 -0.224852
v 0.224907 0.425190 -0.224834
v 0.224835 0.425290 -0.224792
v 0.224827 0.425326 -0.224787
v 0.224779 0.425415 -0.224768
v 0.243626 0.422720 -0.230541
v 0.270763 0.420745 -0.235300
v 0.243717 0.422939 -0.230220
v 0.270866 0.421292 -0.234763
v 0.298288 0.420007 -0.237329
v 0.298264 0.419679 -0.237545
v 0.270818 0.420963 -0.234976
v 0.298237 0.419460 -0.237870
v 0.413889 0.423805 -0.228582
v 0.426434 0.424138 -0.224921
v 0.426014 0.424088 -0.225086
v 0.425911 0.424213 -0.225103
v 0.425928 0.424077 -0.225126
v 0.425314 0.423986 -0.225445
v 0.425284 0.424166 -0.225362
v 0.425553 0.424023 -0.225315
v 0.421635 0.423927 -0.226765
v 0.425097 0.423950 -0.225571
v 0.425830 0.424063 -0.225173
v 0.425301 0.424346 -0.225303
v 0.414054 0.423264 -0.229051
v 0.413962 0.423487 -0.228765
v 0.421575 0.424146 -0.226584
v 0.425221 0.423971 -0.225498
v 0.421534 0.424410 -0.226473
v 0.237118 0.421129 -0.228760
v 0.237130 0.420779 -0.228409
v 0.233379 0.421622 -0.227396
v 0.224942 0.424969 -0.224850
v 0.224918 0.425068 -0.224841
v 0.224811 0.425184 -0.224783
v 0.224808 0.425062 -0.224780
v 0.225043 0.424783 -0.224890
v 0.225426 0.424430 -0.225039
v 0.228668 0.423160 -0.226206
v 0.226427 0.423913 -0.225416
v 0.233381 0.421960 -0.227697
v 0.228633 0.422871 -0.226001
v 0.226356 0.423694 -0.225282
v 0.225329 0.424291 -0.224947
v 0.224933 0.424714 -0.224818
v 0.224830 0.424941 -0.224786
v 0.423349 0.422962 -0.225929
v 0.418103 0.421570 -0.227470
v 0.418102 0.421908 -0.227772
v 0.423310 0.423244 -0.226124
v 0.425831 0.423950 -0.225139
v 0.414362 0.421080 -0.228830
v 0.414350 0.420730 -0.228478
v 0.258588 0.417134 -0.233286
v 0.325851 0.411025 -0.238080
v 0.325851 0.411791 -0.238576
v 0.325851 0.411705 -0.238450
v 0.296655 0.412687 -0.237235
v 0.325851 0.411455 -0.238227
v 0.325851 0.411426 -0.238210
v 0.325851 0.411868 -0.238744
v 0.296656 0.413050 -0.237600
v 0.292148 0.413373 -0.237286
v 0.266544 0.415643 -0.234169
v 0.292148 0.413010 -0.236922
v 0.258594 0.416777 -0.232926
v 0.266540 0.416002 -0.234530
v 0.392856 0.416738 -0.232979
v 0.354812 0.413034 -0.237620
v 0.354813 0.412671 -0.237255
v 0.359293 0.412990 -0.236947
v 0.359292 0.413353 -0.237311
v 0.384932 0.415971 -0.234572
v 0.392862 0.417095 -0.233339
v 0.384927 0.415612 -0.234211
v 0.388447 0.541376 -0.237157
v 0.360547 0.539495 -0.239969
v 0.325852 0.538564 -0.241150
v 0.360579 0.539160 -0.240183
v 0.325851 0.538229 -0.241364
v 0.360613 0.538935 -0.240511
v 0.325851 0.538004 -0.241693
v 0.388568 0.540813 -0.237695
v 0.388504 0.541038 -0.237368
v 0.390066 0.541523 -0.236906
v 0.390863 0.540888 -0.237037
v 0.390814 0.540885 -0.237093
v 0.390663 0.540997 -0.237100
v 0.390783 0.540883 -0.237130
v 0.390672 0.540873 -0.237262
v 0.390110 0.540992 -0.237293
v 0.390923 0.541097 -0.236863
v 0.391074 0.540899 -0.236836
v 0.391041 0.540897 -0.236862
v 0.390906 0.540890 -0.236990
v 0.391583 0.540915 -0.236603
v 0.390081 0.541225 -0.237055
v 0.390716 0.541205 -0.236907
v 0.390795 0.541453 -0.236783
v 0.391070 0.541297 -0.236734
v 0.391270 0.541056 -0.236694
v 0.391129 0.540901 -0.236795
v 0.280544 0.540102 -0.239134
v 0.297787 0.538626 -0.240925
v 0.297814 0.538851 -0.240597
v 0.297840 0.539186 -0.240383
v 0.280459 0.539541 -0.239675
v 0.280504 0.539766 -0.239347
v 0.263343 0.541369 -0.237183
v 0.263286 0.541031 -0.237394
v 0.263222 0.540806 -0.237721
v 0.389514 0.540080 -0.236998
v 0.389470 0.540416 -0.237356
v 0.390534 0.540661 -0.237071
v 0.390801 0.540766 -0.236988
v 0.391188 0.540765 -0.236723
v 0.390962 0.540524 -0.236751
v 0.391089 0.540634 -0.236734
v 0.390631 0.540366 -0.236807
v 0.260124 0.540915 -0.236618
v 0.260810 0.541118 -0.236881
v 0.260792 0.540891 -0.236995
v 0.260660 0.540897 -0.236872
v 0.260646 0.540945 -0.236846
v 0.260632 0.540899 -0.236849
v 0.260868 0.540886 -0.237077
v 0.261040 0.541217 -0.236931
v 0.261081 0.541004 -0.237123
v 0.261076 0.540867 -0.237317
v 0.260918 0.540883 -0.237134
v 0.260892 0.540884 -0.237104
v 0.261477 0.541003 -0.237263
v 0.260975 0.541471 -0.236808
v 0.260674 0.541325 -0.236755
v 0.260451 0.541083 -0.236711
v 0.260564 0.540902 -0.236800
v 0.261501 0.541525 -0.236897
v 0.261497 0.541234 -0.237038
v 0.325851 0.531443 -0.240976
v 0.325851 0.531796 -0.241340
v 0.342571 0.532384 -0.241064
v 0.375654 0.536709 -0.238600
v 0.342584 0.532032 -0.240700
v 0.359218 0.533796 -0.239917
v 0.359192 0.534144 -0.240280
v 0.375617 0.537051 -0.238961
v 0.262289 0.540401 -0.237377
v 0.262245 0.540065 -0.237019
v 0.261064 0.540370 -0.236819
v 0.260902 0.540766 -0.236998
v 0.261163 0.540663 -0.237079
v 0.260517 0.540764 -0.236736
v 0.260740 0.540527 -0.236764
v 0.260615 0.540635 -0.236747
v 0.309118 0.532032 -0.240702
v 0.276085 0.537051 -0.238970
v 0.292510 0.534144 -0.240286
v 0.309131 0.532384 -0.241066
v 0.292483 0.533796 -0.239923
v 0.276048 0.536709 -0.238609
v 0.639009 0.159589 -0.138650
v 0.639009 0.159589 -0.128650
v 0.643961 0.158893 -0.138650
v 0.643961 0.158893 -0.128650
v 0.627319 0.076406 -0.122650
v 0.632270 0.075710 -0.122650
v 0.638174 0.153647 -0.122650
v 0.643126 0.152951 -0.122650
v 0.631435 0.069769 -0.138650
v 0.631435 0.069769 -0.128650
v 0.626484 0.070465 -0.138650
v 0.626484 0.070465 -0.128650
v 0.638174 0.153647 -0.144650
v 0.643126 0.152951 -0.144650
v 0.627319 0.076406 -0.144650
v 0.632270 0.075710 -0.144650
v 0.649067 0.152116 -0.138650
v 0.649067 0.152116 -0.128650
v 0.638212 0.074875 -0.138650
v 0.638212 0.074875 -0.128650
v 0.646096 0.152534 -0.143846
v 0.635241 0.075293 -0.143846
v 0.648271 0.152228 -0.141650
v 0.637416 0.074987 -0.141650
v 0.646030 0.153702 -0.143846
v 0.644648 0.155536 -0.143846
v 0.645521 0.154757 -0.143846
v 0.643543 0.155922 -0.143846
v 0.648156 0.154252 -0.141650
v 0.647275 0.156078 -0.141650
v 0.645763 0.157428 -0.141650
v 0.643849 0.158097 -0.141650
v 0.648934 0.154453 -0.138650
v 0.647917 0.156562 -0.138650
v 0.646171 0.158121 -0.138650
v 0.634879 0.072720 -0.143150
v 0.636998 0.072016 -0.138650
v 0.637054 0.072414 -0.140150
v 0.637207 0.073502 -0.141248
v 0.634615 0.070837 -0.141248
v 0.634518 0.070147 -0.138650
v 0.631853 0.072739 -0.143846
v 0.631547 0.070565 -0.141650
v 0.638592 0.156618 -0.143846
v 0.638897 0.158793 -0.141650
v 0.646820 0.157679 -0.128650
v 0.647917 0.156562 -0.128650
v 0.648689 0.155199 -0.128650
v 0.635241 0.075293 -0.123454
v 0.646096 0.152534 -0.123454
v 0.637416 0.074987 -0.125650
v 0.648271 0.152228 -0.125650
v 0.634518 0.070147 -0.128650
v 0.636998 0.072016 -0.128650
v 0.626595 0.071261 -0.141650
v 0.626901 0.073435 -0.143846
v 0.635900 0.153967 -0.145107
v 0.624348 0.076824 -0.145454
v 0.635203 0.154065 -0.145454
v 0.633973 0.154237 -0.146407
v 0.622173 0.077129 -0.147650
v 0.633029 0.154370 -0.147650
v 0.632685 0.154418 -0.148354
v 0.634035 0.164028 -0.138650
v 0.633854 0.162741 -0.143502
v 0.633360 0.159223 -0.147054
v 0.634513 0.158078 -0.145368
v 0.636350 0.157164 -0.144242
v 0.634908 0.160890 -0.142529
v 0.636679 0.159504 -0.141878
v 0.635053 0.161919 -0.138650
v 0.636799 0.160360 -0.138650
v 0.648480 0.153713 -0.126052
v 0.646458 0.155106 -0.124150
v 0.643543 0.155922 -0.123454
v 0.643849 0.158097 -0.125650
v 0.646723 0.156990 -0.126052
v 0.648633 0.154801 -0.127150
v 0.634615 0.070837 -0.126052
v 0.637207 0.073502 -0.126052
v 0.637054 0.072414 -0.127150
v 0.634879 0.072720 -0.124150
v 0.631547 0.070565 -0.125650
v 0.631853 0.072739 -0.123454
v 0.621547 0.072673 -0.146444
v 0.621088 0.069411 -0.143150
v 0.620921 0.068217 -0.138650
v 0.623874 0.073455 -0.144542
v 0.623528 0.070989 -0.142052
v 0.623401 0.070086 -0.138650
v 0.636150 0.160802 -0.128650
v 0.635053 0.161919 -0.128650
v 0.634281 0.163283 -0.128650
v 0.638897 0.158793 -0.125650
v 0.638592 0.156618 -0.123454
v 0.626901 0.073435 -0.123454
v 0.626595 0.071261 -0.125650
v 0.623401 0.070086 -0.128650
v 0.620921 0.068217 -0.128650
v 0.633029 0.154370 -0.119650
v 0.633655 0.158826 -0.120856
v 0.634113 0.162089 -0.124150
v 0.635203 0.154065 -0.121846
v 0.635677 0.157433 -0.122758
v 0.636023 0.159900 -0.125248
v 0.621088 0.069411 -0.124150
v 0.621547 0.072673 -0.120856
v 0.622173 0.077129 -0.119650
v 0.623528 0.070989 -0.125248
v 0.623874 0.073455 -0.122758
v 0.624348 0.076824 -0.121846
v 0.030903 0.144981 -0.098650
v 0.030625 0.146961 -0.098650
v 0.030903 0.144981 -0.168650
v 0.030625 0.146961 -0.168650
v 0.029248 0.150796 -0.094661
v 0.029248 0.150796 -0.172639
v 0.026455 0.153763 -0.091334
v 0.026455 0.153763 -0.175966
v 0.022711 0.155370 -0.089222
v 0.022711 0.155370 -0.178078
v 0.030636 0.140915 -0.172639
v 0.028770 0.137293 -0.175966
v 0.025614 0.134717 -0.178078
v 0.030636 0.140915 -0.094661
v 0.028770 0.137293 -0.091334
v 0.025614 0.134717 -0.089222
v 0.024035 0.133428 -0.179134
v 0.024035 0.133428 -0.088166
v 0.023102 0.131617 -0.180798
v 0.023102 0.131617 -0.086502
v 0.020839 0.156173 -0.088166
v 0.019443 0.157657 -0.086502
v 0.019443 0.157657 -0.180798
v 0.020839 0.156173 -0.179134
v 0.196917 0.916725 -0.187082
v 0.200522 0.908420 -0.194372
v 0.195483 0.913060 -0.185986
v 0.195795 0.914340 -0.186471
v 0.195365 0.911588 -0.185300
v 0.265399 0.706364 -0.241289
v 0.262489 0.747837 -0.240199
v 0.260893 0.762415 -0.239618
v 0.256418 0.792436 -0.238005
v 0.250842 0.818134 -0.235760
v 0.245232 0.837085 -0.233141
v 0.238455 0.854487 -0.229490
v 0.235260 0.861310 -0.227568
v 0.228085 0.874451 -0.222740
v 0.220243 0.886134 -0.216552
v 0.216707 0.890761 -0.213379
v 0.209051 0.899751 -0.205480
v 0.201706 0.907285 -0.196110
v 0.190702 0.919010 -0.175462
v 0.187032 0.922227 -0.164195
v 0.190426 0.915926 -0.174478
v 0.195526 0.913019 -0.081231
v 0.195841 0.914300 -0.080743
v 0.191464 0.918369 -0.089969
v 0.197002 0.916735 -0.080118
v 0.191159 0.915324 -0.090978
v 0.195406 0.911551 -0.081921
v 0.183983 0.924869 -0.119307
v 0.186430 0.922748 -0.105480
v 0.187155 0.922111 -0.102630
v 0.187008 0.918866 -0.103374
v 0.186308 0.919472 -0.106154
v 0.183943 0.921496 -0.119643
v 0.183153 0.925578 -0.133655
v 0.183171 0.925563 -0.135757
v 0.184271 0.924621 -0.150278
v 0.186889 0.918978 -0.163468
v 0.184222 0.921259 -0.149887
v 0.183156 0.922161 -0.135708
v 0.183138 0.922176 -0.133655
v 0.200473 0.908462 -0.073000
v 0.201650 0.907334 -0.071269
v 0.208989 0.899810 -0.061887
v 0.216644 0.890831 -0.053977
v 0.220162 0.886231 -0.050816
v 0.227995 0.874577 -0.044621
v 0.235175 0.861460 -0.039782
v 0.238452 0.854467 -0.037808
v 0.245227 0.837082 -0.034159
v 0.250856 0.818134 -0.031541
v 0.255006 0.799906 -0.029840
v 0.259761 0.771243 -0.028085
v 0.260649 0.764386 -0.027768
v 0.264416 0.724060 -0.026367
v 0.198608 0.900630 -0.181318
v 0.198795 0.901645 -0.181638
v 0.203749 0.896804 -0.191336
v 0.198813 0.902523 -0.181979
v 0.198183 0.899502 -0.181060
v 0.260974 0.692728 -0.240361
v 0.258137 0.736633 -0.239107
v 0.256073 0.758319 -0.238103
v 0.251467 0.789489 -0.235946
v 0.246529 0.814077 -0.233286
v 0.240905 0.834081 -0.229876
v 0.239081 0.839317 -0.228685
v 0.232765 0.854614 -0.224176
v 0.225853 0.867864 -0.218439
v 0.218250 0.879554 -0.210972
v 0.211238 0.888566 -0.202612
v 0.210120 0.889875 -0.201110
v 0.191608 0.906927 -0.107722
v 0.194398 0.904517 -0.097115
v 0.194459 0.906507 -0.096601
v 0.188882 0.911256 -0.136070
v 0.194801 0.904164 -0.171431
v 0.198872 0.902469 -0.085189
v 0.198204 0.899377 -0.086126
v 0.198666 0.900578 -0.085852
v 0.190469 0.907885 -0.153417
v 0.193315 0.905462 -0.166545
v 0.190434 0.909977 -0.153693
v 0.193349 0.907482 -0.167012
v 0.194873 0.906142 -0.171963
v 0.189001 0.911159 -0.139697
v 0.189067 0.909038 -0.139615
v 0.188950 0.909132 -0.136037
v 0.189436 0.910808 -0.121486
v 0.189493 0.908694 -0.121651
v 0.191599 0.908992 -0.107355
v 0.198854 0.901592 -0.085531
v 0.199107 0.901357 -0.084975
v 0.260049 0.710439 -0.027304
v 0.257041 0.748961 -0.028731
v 0.255323 0.764596 -0.029547
v 0.250861 0.794133 -0.031722
v 0.246220 0.815737 -0.034218
v 0.240435 0.835477 -0.037725
v 0.233635 0.852719 -0.042463
v 0.226808 0.866203 -0.048011
v 0.219378 0.877965 -0.055126
v 0.212327 0.887253 -0.063272
v 0.211290 0.888498 -0.064616
v 0.204804 0.895717 -0.074175
v 0.453597 0.899621 -0.181108
v 0.391492 0.704901 -0.240093
v 0.452964 0.902665 -0.182016
v 0.452980 0.901784 -0.181679
v 0.451058 0.899981 -0.185762
v 0.453165 0.900770 -0.181365
v 0.393897 0.745714 -0.238862
v 0.394180 0.749198 -0.238719
v 0.397463 0.777557 -0.237215
v 0.398532 0.784285 -0.236733
v 0.403496 0.809979 -0.234267
v 0.407049 0.823958 -0.232286
v 0.409866 0.833065 -0.230600
v 0.416043 0.849183 -0.226511
v 0.422990 0.863434 -0.221145
v 0.430458 0.875638 -0.214326
v 0.437608 0.885321 -0.206471
v 0.438379 0.886275 -0.205526
v 0.445054 0.893904 -0.196309
v 0.452922 0.901733 -0.085492
v 0.453109 0.900719 -0.085808
v 0.454533 0.902125 -0.089218
v 0.453263 0.902986 -0.181367
v 0.453432 0.901122 -0.180725
v 0.453577 0.899499 -0.086079
v 0.459688 0.908659 -0.105354
v 0.458578 0.907706 -0.100937
v 0.454395 0.904025 -0.088611
v 0.452906 0.902614 -0.085154
v 0.458605 0.905677 -0.101387
v 0.459688 0.906602 -0.105743
v 0.461977 0.908510 -0.119326
v 0.462029 0.910619 -0.119131
v 0.462843 0.911274 -0.133456
v 0.462498 0.910997 -0.143113
v 0.460643 0.909467 -0.157390
v 0.462774 0.909150 -0.133459
v 0.462437 0.908880 -0.142987
v 0.460621 0.907388 -0.157067
v 0.457834 0.905015 -0.168629
v 0.457786 0.907022 -0.169116
v 0.449709 0.898676 -0.078909
v 0.391970 0.715461 -0.027443
v 0.393405 0.739432 -0.028193
v 0.396776 0.773300 -0.029796
v 0.398485 0.784976 -0.030586
v 0.403258 0.809521 -0.032943
v 0.405661 0.819088 -0.034236
v 0.408605 0.829178 -0.035933
v 0.414684 0.845971 -0.039837
v 0.428976 0.873411 -0.051519
v 0.421590 0.860807 -0.044999
v 0.436137 0.883456 -0.059083
v 0.443493 0.892209 -0.068644
v 0.291460 0.973694 -0.041572
v 0.307360 0.973615 -0.037812
v 0.310452 0.973605 -0.037353
v 0.326938 0.973586 -0.036321
v 0.343303 0.973614 -0.037646
v 0.348852 0.973636 -0.038634
v 0.364363 0.973730 -0.042950
v 0.378914 0.973867 -0.049373
v 0.385451 0.973944 -0.053149
v 0.397748 0.974112 -0.062149
v 0.408399 0.974277 -0.072706
v 0.413284 0.974356 -0.078819
v 0.420983 0.974479 -0.091138
v 0.426631 0.974565 -0.104322
v 0.276396 0.973822 -0.047544
v 0.230496 0.974480 -0.091560
v 0.231259 0.974468 -0.090116
v 0.239283 0.974338 -0.077658
v 0.249702 0.974171 -0.065986
v 0.261701 0.973996 -0.056164
v 0.224913 0.974566 -0.104782
v 0.262892 0.973980 -0.211958
v 0.250977 0.974151 -0.202511
v 0.245217 0.974241 -0.196739
v 0.236120 0.974389 -0.185222
v 0.228983 0.974504 -0.172675
v 0.226465 0.974543 -0.166817
v 0.222319 0.974603 -0.153098
v 0.220367 0.974629 -0.139061
v 0.220204 0.974632 -0.133650
v 0.221445 0.974615 -0.118734
v 0.276292 0.973823 -0.219706
v 0.282841 0.973761 -0.222628
v 0.298117 0.973654 -0.227596
v 0.314139 0.973597 -0.230384
v 0.319035 0.973589 -0.230780
v 0.335433 0.973594 -0.230583
v 0.351733 0.973649 -0.228041
v 0.354103 0.973662 -0.227469
v 0.369415 0.973772 -0.222404
v 0.383746 0.973923 -0.215195
v 0.397196 0.974104 -0.205618
v 0.408103 0.974272 -0.194934
v 0.417447 0.974423 -0.182340
v 0.424193 0.974528 -0.169375
v 0.429062 0.974599 -0.154497
v 0.431246 0.974628 -0.140330
v 0.431406 0.974630 -0.137660
v 0.429914 0.975075 -0.123629
v 0.427220 0.975065 -0.109788
v 0.425635 0.975059 -0.104668
v 0.420008 0.975037 -0.091661
v 0.412348 0.975004 -0.079526
v 0.407494 0.974984 -0.073510
v 0.396931 0.974939 -0.063131
v 0.384754 0.974894 -0.054287
v 0.378287 0.974873 -0.050576
v 0.363903 0.974835 -0.044262
v 0.348576 0.974809 -0.040017
v 0.343092 0.974803 -0.039044
v 0.326925 0.974795 -0.037740
v 0.310638 0.974800 -0.038756
v 0.307584 0.974803 -0.039208
v 0.291872 0.974825 -0.042907
v 0.276983 0.974860 -0.048780
v 0.262445 0.974908 -0.057252
v 0.250559 0.974955 -0.066905
v 0.240216 0.975000 -0.078384
v 0.232233 0.975034 -0.090655
v 0.231474 0.975037 -0.092078
v 0.225911 0.975060 -0.105122
v 0.222452 0.975072 -0.118906
v 0.221214 0.975077 -0.133650
v 0.221376 0.975076 -0.138999
v 0.223324 0.975069 -0.152873
v 0.227458 0.975054 -0.166421
v 0.229966 0.975043 -0.172200
v 0.237071 0.975013 -0.184564
v 0.246109 0.974974 -0.195899
v 0.251823 0.974950 -0.201572
v 0.263625 0.974904 -0.210856
v 0.276880 0.974861 -0.218471
v 0.283354 0.974843 -0.221343
v 0.298450 0.974814 -0.226229
v 0.314281 0.974798 -0.228974
v 0.319118 0.974796 -0.229364
v 0.335317 0.974797 -0.229171
v 0.351423 0.974812 -0.226669
v 0.353764 0.974816 -0.226105
v 0.368895 0.974846 -0.221125
v 0.383067 0.974888 -0.214039
v 0.396384 0.974937 -0.204628
v 0.407201 0.974982 -0.194124
v 0.416488 0.975022 -0.181727
v 0.423205 0.975050 -0.168946
v 0.428059 0.975068 -0.154255
v 0.430237 0.975076 -0.140254
v 0.430396 0.975076 -0.137613
v 0.430923 0.974624 -0.123513
v 0.428221 0.974587 -0.109506
vn -0.9476 0.2019 -0.2477
vn -0.9725 0.2019 -0.1159
vn -0.9749 0.1949 -0.1077
vn -0.9792 0.2020 -0.0178
vn -0.9801 0.1949 0.0362
vn -0.9774 0.2018 0.0624
vn -0.9646 0.1943 0.1782
vn -0.9631 0.2019 0.1779
vn -0.9284 0.1943 0.3167
vn -0.9270 0.2019 0.3162
vn -0.8724 0.1943 0.4485
vn -0.8710 0.2019 0.4478
vn -0.7978 0.1943 0.5708
vn -0.7965 0.2019 0.5699
vn -0.7062 0.1943 0.6808
vn -0.7051 0.2019 0.6798
vn -0.5995 0.1943 0.7764
vn -0.5986 0.2019 0.7752
vn -0.4801 0.1943 0.8554
vn -0.4793 0.2019 0.8541
vn -0.3504 0.1943 0.9162
vn -0.3499 0.2019 0.9148
vn -0.2133 0.1943 0.9575
vn -0.2130 0.2019 0.9560
vn -0.0716 0.1943 0.9783
vn -0.0715 0.2019 0.9768
vn 0.0716 0.1943 0.9783
vn 0.0715 0.2019 0.9768
vn 0.2133 0.1943 0.9575
vn 0.2130 0.2019 0.9560
vn 0.3504 0.1943 0.9162
vn 0.3499 0.2019 0.9148
vn 0.4801 0.1943 0.8554
vn 0.4793 0.2019 0.8541
vn 0.5995 0.1943 0.7764
vn 0.5986 0.2019 0.7752
vn 0.7062 0.1943 0.6808
vn 0.7051 0.2019 0.6798
vn 0.7978 0.1943 0.5708
vn 0.7965 0.2019 0.5699
vn 0.8724 0.1943 0.4485
vn 0.8710 0.2019 0.4478
vn 0.9284 0.1943 0.3167
vn 0.9270 0.2019 0.3162
vn 0.9646 0.1943 0.1782
vn 0.9631 0.2019 0.1779
vn 0.9803 0.1943 0.0358
vn 0.9788 0.2019 0.0358
vn 0.9751 0.1943 -0.1073
vn 0.9735 0.2019 -0.1071
vn 0.9490 0.1943 -0.2481
vn 0.9476 0.2019 -0.2477
vn 0.9028 0.1943 -0.3837
vn 0.9014 0.2019 -0.3831
vn 0.8373 0.1943 -0.5110
vn 0.8360 0.2019 -0.5102
vn 0.7540 0.1943 -0.6275
vn 0.7528 0.2019 -0.6265
vn 0.6546 0.1943 -0.7306
vn 0.6536 0.2019 -0.7294
vn 0.5413 0.1943 -0.8181
vn 0.5404 0.2019 -0.8168
vn 0.4164 0.1943 -0.8882
vn 0.4157 0.2019 -0.8868
vn 0.2826 0.1943 -0.9393
vn 0.2822 0.2019 -0.9379
vn 0.1428 0.1943 -0.9705
vn 0.1426 0.2019 -0.9690
vn -0.0000 0.1943 -0.9809
vn -0.0000 0.2019 -0.9794
vn -0.1428 0.1943 -0.9705
vn -0.1426 0.2019 -0.9690
vn -0.2826 0.1943 -0.9393
vn -0.2822 0.2019 -0.9379
vn -0.4164 0.1943 -0.8882
vn -0.4157 0.2019 -0.8868
vn -0.5413 0.1943 -0.8181
vn -0.5404 0.2019 -0.8168
vn -0.6546 0.1943 -0.7306
vn -0.6536 0.2019 -0.7294
vn -0.7540 0.1943 -0.6275
vn -0.7528 0.2019 -0.6265
vn -0.8373 0.1943 -0.5110
vn -0.8360 0.2019 -0.5102
vn -0.9028 0.1943 -0.3836
vn -0.9014 0.2019 -0.3831
vn -0.9490 0.1943 -0.2481
vn -0.0000 0.1770 -0.9842
vn 0.1433 0.1770 -0.9737
vn 0.2836 0.1770 -0.9425
vn 0.4178 0.1770 -0.8912
vn 0.5431 0.1770 -0.8208
vn 0.6568 0.1770 -0.7330
vn 0.7565 0.1770 -0.6296
vn 0.8401 0.1770 -0.5127
vn 0.9058 0.1770 -0.3849
vn 0.9522 0.1770 -0.2489
vn 0.9783 0.1770 -0.1076
vn 0.9836 0.1770 0.0359
vn 0.9678 0.1770 0.1788
vn 0.9315 0.1770 0.3178
vn 0.8753 0.1770 0.4500
vn 0.8005 0.1770 0.5727
vn 0.7085 0.1770 0.6831
vn 0.6015 0.1770 0.7790
vn 0.4817 0.1770 0.8583
vn 0.3516 0.1770 0.9193
vn 0.2140 0.1770 0.9607
vn 0.0718 0.1770 0.9816
vn -0.0718 0.1770 0.9816
vn -0.2140 0.1770 0.9607
vn -0.3516 0.1770 0.9193
vn -0.4817 0.1770 0.8583
vn -0.6015 0.1770 0.7790
vn -0.7085 0.1770 0.6831
vn -0.8005 0.1770 0.5727
vn -0.8753 0.1770 0.4500
vn -0.9315 0.1770 0.3178
vn -0.9678 0.1770 0.1788
vn -0.9836 0.1770 0.0359
vn -0.9783 0.1770 -0.1076
vn -0.9522 0.1770 -0.2489
vn -0.9058 0.1770 -0.3849
vn -0.8401 0.1770 -0.5127
vn -0.7565 0.1770 -0.6296
vn -0.6568 0.1770 -0.7330
vn -0.5431 0.1770 -0.8208
vn -0.4178 0.1770 -0.8912
vn -0.2836 0.1770 -0.9425
vn -0.1433 0.1770 -0.9737
vn -0.0000 0.1562 -0.9877
vn 0.1438 0.1562 -0.9772
vn 0.2846 0.1562 -0.9459
vn 0.4193 0.1562 -0.8943
vn 0.5450 0.1562 -0.8238
vn 0.6591 0.1562 -0.7356
vn 0.7592 0.1562 -0.6318
vn 0.8431 0.1562 -0.5145
vn 0.9091 0.1562 -0.3863
vn 0.9556 0.1562 -0.2498
vn 0.9818 0.1562 -0.1080
vn 0.9871 0.1562 0.0361
vn 0.9713 0.1562 0.1794
vn 0.9348 0.1562 0.3189
vn 0.8784 0.1562 0.4516
vn 0.8033 0.1562 0.5747
vn 0.7111 0.1562 0.6856
vn 0.6037 0.1562 0.7818
vn 0.4834 0.1562 0.8614
vn 0.3528 0.1562 0.9226
vn 0.2148 0.1562 0.9641
vn 0.0721 0.1562 0.9851
vn -0.0721 0.1562 0.9851
vn -0.2148 0.1562 0.9641
vn -0.3528 0.1562 0.9226
vn -0.4834 0.1562 0.8614
vn -0.6037 0.1562 0.7818
vn -0.7111 0.1562 0.6856
vn -0.8033 0.1562 0.5747
vn -0.8784 0.1562 0.4516
vn -0.9348 0.1562 0.3189
vn -0.9713 0.1562 0.1794
vn -0.9871 0.1562 0.0361
vn -0.9818 0.1562 -0.1080
vn -0.9556 0.1562 -0.2498
vn -0.9091 0.1562 -0.3863
vn -0.8431 0.1562 -0.5146
vn -0.7592 0.1562 -0.6318
vn -0.6591 0.1562 -0.7356
vn -0.5450 0.1562 -0.8238
vn -0.4192 0.1562 -0.8943
vn -0.2846 0.1562 -0.9459
vn -0.1438 0.1562 -0.9772
vn -0.0000 0.1329 -0.9911
vn 0.1443 0.1329 -0.9806
vn 0.2855 0.1329 -0.9491
vn 0.4207 0.1329 -0.8974
vn 0.5469 0.1329 -0.8266
vn 0.6614 0.1329 -0.7382
vn 0.7618 0.1329 -0.6340
vn 0.8460 0.1329 -0.5163
vn 0.9122 0.1329 -0.3876
vn 0.9589 0.1329 -0.2507
vn 0.9852 0.1329 -0.1084
vn 0.9905 0.1329 0.0362
vn 0.9746 0.1329 0.1800
vn 0.9380 0.1329 0.3200
vn 0.8815 0.1329 0.4532
vn 0.8061 0.1329 0.5767
vn 0.7135 0.1329 0.6879
vn 0.6058 0.1329 0.7845
vn 0.4851 0.1329 0.8643
vn 0.3541 0.1329 0.9257
vn 0.2155 0.1329 0.9674
vn 0.0723 0.1329 0.9885
vn -0.0723 0.1329 0.9885
vn -0.2155 0.1329 0.9674
vn -0.3541 0.1329 0.9257
vn -0.4851 0.1329 0.8643
vn -0.6058 0.1329 0.7845
vn -0.7135 0.1329 0.6879
vn -0.8061 0.1329 0.5767
vn -0.8815 0.1329 0.4532
vn -0.9380 0.1329 0.3200
vn -0.9746 0.1329 0.1800
vn -0.9905 0.1329 0.0362
vn -0.9852 0.1329 -0.1084
vn -0.9589 0.1329 -0.2507
vn -0.9122 0.1329 -0.3876
vn -0.8460 0.1329 -0.5163
vn -0.7618 0.1329 -0.6340
vn -0.6614 0.1329 -0.7382
vn -0.5469 0.1329 -0.8266
vn -0.4207 0.1329 -0.8974
vn -0.2855 0.1329 -0.9491
vn -0.1443 0.1329 -0.9806
vn -0.0000 0.1079 -0.9942
vn 0.1447 0.1079 -0.9836
vn 0.2864 0.1079 -0.9520
vn 0.4220 0.1079 -0.9002
vn 0.5485 0.1079 -0.8291
vn 0.6634 0.1079 -0.7404
vn 0.7642 0.1079 -0.6359
vn 0.8486 0.1079 -0.5179
vn 0.9150 0.1079 -0.3888
vn 0.9618 0.1079 -0.2515
vn 0.9882 0.1079 -0.1087
vn 0.9935 0.1079 0.0363
vn 0.9776 0.1079 0.1806
vn 0.9409 0.1079 0.3210
vn 0.8841 0.1079 0.4546
vn 0.8085 0.1079 0.5785
vn 0.7157 0.1079 0.6900
vn 0.6076 0.1079 0.7869
vn 0.4866 0.1079 0.8670
vn 0.3551 0.1079 0.9286
vn 0.2162 0.1079 0.9704
vn 0.0726 0.1079 0.9915
vn -0.0726 0.1079 0.9915
vn -0.2162 0.1079 0.9704
vn -0.3551 0.1079 0.9286
vn -0.4866 0.1079 0.8670
vn -0.6076 0.1079 0.7869
vn -0.7157 0.1079 0.6900
vn -0.8085 0.1079 0.5785
vn -0.8841 0.1079 0.4546
vn -0.9409 0.1079 0.3210
vn -0.9776 0.1079 0.1806
vn -0.9935 0.1079 0.0363
vn -0.9882 0.1079 -0.1087
vn -0.9618 0.1079 -0.2515
vn -0.9150 0.1079 -0.3888
vn -0.8486 0.1079 -0.5179
vn -0.7642 0.1079 -0.6359
vn -0.6634 0.1079 -0.7404
vn -0.5485 0.1079 -0.8291
vn -0.4220 0.1079 -0.9002
vn -0.2864 0.1079 -0.9520
vn -0.1448 0.1079 -0.9836
vn -0.0000 0.0856 -0.9963
vn 0.1451 0.0856 -0.9857
vn 0.2870 0.0856 -0.9541
vn 0.4229 0.0856 -0.9021
vn 0.5497 0.0856 -0.8309
vn 0.6649 0.0856 -0.7420
vn 0.7658 0.0856 -0.6373
vn 0.8505 0.0856 -0.5190
vn 0.9170 0.0856 -0.3897
vn 0.9639 0.0856 -0.2520
vn 0.9904 0.0856 -0.1090
vn 0.9957 0.0854 0.0364
vn 0.9798 0.0856 0.1810
vn 0.9430 0.0856 0.3217
vn 0.8861 0.0856 0.4556
vn 0.8103 0.0856 0.5797
vn 0.7173 0.0856 0.6915
vn 0.6089 0.0856 0.7886
vn 0.4876 0.0856 0.8688
vn 0.3559 0.0856 0.9306
vn 0.2166 0.0856 0.9725
vn 0.0727 0.0856 0.9937
vn -0.0727 0.0856 0.9937
vn -0.2166 0.0856 0.9725
vn -0.3559 0.0856 0.9306
vn -0.4876 0.0856 0.8688
vn -0.6089 0.0856 0.7886
vn -0.7173 0.0856 0.6915
vn -0.8103 0.0856 0.5797
vn -0.8861 0.0856 0.4556
vn -0.9430 0.0856 0.3217
vn -0.9798 0.0856 0.1810
vn -0.9957 0.0856 0.0364
vn -0.9904 0.0856 -0.1090
vn -0.9639 0.0856 -0.2520
vn -0.9170 0.0856 -0.3897
vn -0.8505 0.0856 -0.5190
vn -0.7658 0.0856 -0.6373
vn -0.6649 0.0856 -0.7420
vn -0.5497 0.0856 -0.8309
vn -0.4229 0.0856 -0.9021
vn -0.2870 0.0856 -0.9541
vn -0.1451 0.0856 -0.9857
vn 0.9905 0.0737 -0.1162
vn 0.9971 0.0728 -0.0203
vn 0.9951 0.0761 0.0637
vn 0.9805 0.0761 0.1811
vn 0.9437 0.0761 0.3219
vn 0.8868 0.0761 0.4559
vn 0.8109 0.0761 0.5802
vn 0.7178 0.0761 0.6921
vn 0.6094 0.0761 0.7892
vn 0.4880 0.0761 0.8695
vn 0.3562 0.0761 0.9313
vn 0.2168 0.0761 0.9732
vn 0.0728 0.0761 0.9944
vn -0.0728 0.0761 0.9944
vn -0.2168 0.0761 0.9732
vn -0.3562 0.0761 0.9313
vn -0.4880 0.0761 0.8695
vn -0.6094 0.0761 0.7892
vn -0.7178 0.0761 0.6921
vn -0.8109 0.0761 0.5802
vn -0.8868 0.0761 0.4559
vn -0.9437 0.0761 0.3219
vn -0.9805 0.0761 0.1811
vn -0.9964 0.0761 0.0364
vn -0.9911 0.0761 -0.1091
vn -0.9647 0.0761 -0.2522
vn -0.9177 0.0761 -0.3900
vn -0.8511 0.0761 -0.5194
vn -0.7664 0.0761 -0.6378
vn -0.6654 0.0761 -0.7426
vn -0.5502 0.0761 -0.8316
vn -0.4232 0.0761 -0.9028
vn -0.2873 0.0761 -0.9548
vn -0.1452 0.0761 -0.9865
vn -0.0000 0.0761 -0.9971
vn 0.1452 0.0761 -0.9865
vn 0.2873 0.0761 -0.9548
vn 0.4232 0.0761 -0.9028
vn 0.5502 0.0761 -0.8316
vn 0.6654 0.0761 -0.7426
vn 0.7664 0.0761 -0.6378
vn 0.8511 0.0761 -0.5194
vn 0.9177 0.0761 -0.3900
vn 0.9647 0.0761 -0.2522
vn -0.0000 1.0000 -0.0000
vn -0.0000 -1.0000 -0.0000
vn -0.0881 -0.9921 -0.0895
vn 0.0627 -0.9961 -0.0627
vn -0.0627 -0.9961 0.0627
vn 0.0627 -0.9961 0.0627
vn 0.0008 -0.9926 0.1212
vn -0.0007 -0.9929 0.1191
vn -0.0002 -0.9927 0.1208
vn -0.0008 -0.9926 -0.1212
vn 0.0007 -0.9929 -0.1191
vn -0.0006 -0.9926 -0.1212
vn 0.0005 -0.9932 0.1165
vn -0.0001 -0.9953 0.0968
vn -0.0008 -0.9940 0.1096
vn -0.0005 -0.9932 -0.1161
vn 0.0001 -0.9953 -0.0968
vn 0.0008 -0.9940 -0.1097
vn 0.9920 -0.0844 0.0944
vn 0.9975 -0.0448 0.0545
vn 0.9976 -0.0690 -0.0007
vn 0.9814 -0.1404 -0.1306
vn 0.9855 -0.1380 -0.0983
vn 0.9877 -0.1277 -0.0899
vn 0.9976 -0.0694 0.0001
vn 0.9865 -0.1307 -0.0985
vn 0.9976 -0.0691 0.0006
vn 0.9926 -0.0982 -0.0708
vn 0.9997 -0.0196 0.0146
vn 0.9988 -0.0464 -0.0151
vn 0.9968 -0.0686 -0.0409
vn 0.9769 -0.1620 -0.1396
vn 0.9747 -0.1902 -0.1171
vn 0.9746 -0.1974 -0.1058
vn 0.9811 -0.1522 -0.1194
vn 0.9762 -0.1894 -0.1053
vn 0.9768 -0.1923 -0.0944
vn 0.9792 -0.1692 -0.1121
vn 0.9712 -0.2319 -0.0545
vn 0.9676 -0.2192 -0.1251
vn 0.9664 -0.2568 -0.0146
vn 0.9669 -0.2252 0.1202
vn 0.9664 -0.2568 0.0146
vn 0.9712 -0.2319 0.0545
vn 0.9793 -0.1490 0.1367
vn 0.9753 -0.1795 0.1288
vn 0.9747 -0.1965 0.1070
vn 0.9865 -0.1307 0.0983
vn 0.9852 -0.1395 0.0992
vn 0.9851 -0.1237 0.1198
vn 0.9810 -0.1526 0.1198
vn 0.9746 -0.1974 0.1058
vn 0.9768 -0.1923 0.0944
vn 0.9748 -0.1965 0.1060
vn 0.9778 -0.1807 0.1057
vn -0.0046 0.9923 -0.1236
vn -0.0006 0.9991 -0.0417
vn 0.0099 0.9931 -0.1173
vn 0.0209 0.9901 -0.1386
vn 0.0413 0.9940 -0.1014
vn 0.1545 0.9745 -0.1630
vn 0.1368 0.9716 -0.1931
vn 0.1861 0.9820 -0.0312
vn 0.1346 0.9862 -0.0959
vn 0.1342 0.9783 -0.1578
vn 0.1552 0.9749 -0.1594
vn 0.0495 0.9935 -0.1023
vn 0.0625 0.9813 -0.1820
vn 0.0848 0.9920 -0.0930
vn 0.1095 0.9928 0.0487
vn 0.0992 0.9863 -0.1315
vn 0.1033 0.9843 -0.1434
vn 0.1205 0.9867 -0.1088
vn -0.0179 0.9857 -0.1676
vn -0.0357 0.9986 -0.0399
vn -0.0495 0.9941 -0.0965
vn -0.0542 0.9910 -0.1220
vn -0.0637 0.9837 -0.1682
vn -0.0832 0.9915 -0.0999
vn -0.1133 0.9890 0.0952
vn -0.0969 0.9874 -0.1253
vn -0.1037 0.9880 -0.1146
vn -0.1163 0.9887 -0.0947
vn -0.1145 0.9793 -0.1670
vn -0.1568 0.9872 -0.0277
vn -0.1442 0.9785 -0.1477
vn -0.1785 0.9813 -0.0726
vn -0.1407 0.9702 -0.1973
vn -0.1711 0.9768 -0.1284
vn -0.1765 0.9787 -0.1046
vn -0.0004 0.0843 -0.9964
vn -0.0087 -0.0899 -0.9959
vn -0.0249 0.0802 -0.9965
vn -0.0075 -0.1193 -0.9928
vn -0.0557 0.0965 -0.9938
vn -0.0439 -0.1030 -0.9937
vn -0.0912 -0.1215 -0.9884
vn -0.4656 -0.0895 -0.8804
vn -0.4997 0.0062 -0.8662
vn -0.4401 0.1005 -0.8923
vn -0.3709 -0.1031 -0.9229
vn -0.3959 0.0437 -0.9173
vn -0.3142 0.0993 -0.9441
vn -0.3131 -0.0942 -0.9450
vn -0.2320 0.1948 -0.9530
vn -0.3036 -0.2898 -0.9077
vn -0.2111 0.0956 -0.9728
vn -0.2193 -0.1107 -0.9693
vn -0.1641 0.0899 -0.9823
vn -0.1535 -0.1157 -0.9814
vn -0.1337 0.0937 -0.9866
vn -0.1416 -0.3462 -0.9274
vn -0.0883 0.2171 -0.9721
vn -0.0787 0.0976 -0.9921
vn 0.0135 -0.1187 -0.9928
vn 0.0189 0.0904 -0.9957
vn 0.0500 -0.1145 -0.9922
vn 0.0569 0.0969 -0.9937
vn 0.0912 -0.1218 -0.9884
vn 0.0786 0.0977 -0.9921
vn 0.1407 -0.3465 -0.9274
vn 0.0872 0.2179 -0.9721
vn 0.1557 -0.1179 -0.9808
vn 0.1365 0.0915 -0.9864
vn 0.2219 -0.1014 -0.9698
vn 0.1635 0.0846 -0.9829
vn 0.3003 -0.2888 -0.9091
vn 0.2073 0.0889 -0.9742
vn 0.2324 0.1948 -0.9529
vn 0.3137 -0.0925 -0.9450
vn 0.3681 -0.1011 -0.9243
vn 0.3135 0.0986 -0.9445
vn 0.3939 0.0464 -0.9180
vn 0.4781 -0.0990 -0.8727
vn 0.4437 0.1030 -0.8903
vn 0.4995 0.0057 -0.8663
vn -0.5555 0.4576 -0.6943
vn -0.5918 0.2449 -0.7680
vn -0.5749 0.2328 -0.7844
vn -0.0784 0.8761 -0.4757
vn 0.0221 0.9296 -0.3679
vn -0.5789 0.2851 -0.7640
vn -0.5056 0.5318 -0.6794
vn -0.4474 0.6032 -0.6603
vn -0.3306 0.6973 -0.6359
vn -0.3498 0.6870 -0.6369
vn -0.1947 0.7881 -0.5840
vn -0.3602 0.4088 -0.8385
vn -0.5306 0.1507 -0.8341
vn -0.5135 0.0093 -0.8580
vn -0.0113 0.3806 -0.9247
vn -0.0012 0.3304 -0.9438
vn -0.0003 0.9292 -0.3696
vn -0.0013 0.8250 -0.5651
vn -0.0000 0.7048 -0.7094
vn -0.0010 0.6235 -0.7818
vn 0.0010 0.9833 -0.1822
vn 0.0521 0.9254 -0.3754
vn -0.2264 0.3864 -0.8941
vn -0.2831 0.3948 -0.8741
vn -0.0854 0.3819 -0.9203
vn -0.1135 0.3829 -0.9168
vn -0.1513 0.3880 -0.9092
vn 0.0655 0.9221 -0.3813
vn 0.0692 0.9200 -0.3858
vn 0.0646 0.9204 -0.3857
vn 0.0565 0.9217 -0.3837
vn 0.0370 0.9221 -0.3851
vn 0.0240 0.9226 -0.3851
vn 0.0105 0.9225 -0.3858
vn -0.0061 0.7052 -0.7090
vn -0.0109 0.7055 -0.7087
vn -0.0168 0.7056 -0.7084
vn -0.0266 0.7069 -0.7068
vn -0.0502 0.7084 -0.7040
vn -0.0872 0.7125 -0.6963
vn -0.1262 0.7203 -0.6821
vn -0.2009 0.7253 -0.6585
vn -0.2558 0.7411 -0.6208
vn -0.0353 0.3801 -0.9243
vn -0.0534 0.3833 -0.9221
vn -0.5440 -0.6846 -0.4851
vn -0.5547 -0.6474 -0.5227
vn -0.4689 -0.5946 -0.6531
vn -0.6315 -0.2225 -0.7428
vn -0.6199 -0.3848 -0.6838
vn -0.3588 -0.3958 -0.8453
vn -0.2396 -0.2300 -0.9432
vn -0.3217 -0.4433 -0.8366
vn -0.2676 -0.9304 -0.2504
vn -0.1937 -0.1761 -0.9651
vn -0.2480 -0.6652 -0.7043
vn -0.1978 -0.9001 -0.3883
vn -0.1538 -0.7770 -0.6104
vn -0.1503 -0.4588 -0.8757
vn -0.1222 -0.1179 -0.9855
vn -0.1128 -0.0308 -0.9931
vn -0.0789 -0.9969 -0.0040
vn -0.0790 -0.9968 -0.0069
vn -0.0830 -0.9820 -0.1698
vn 0.0111 -0.8539 -0.5203
vn -0.0012 -0.9256 -0.3786
vn -0.0238 -0.8250 -0.5646
vn -0.0579 -0.9158 -0.3974
vn -0.0328 -0.6363 -0.7707
vn -0.0329 -0.6407 -0.7671
vn -0.0842 -0.9649 -0.2487
vn -0.0100 -0.2778 -0.9606
vn -0.0000 -0.4741 -0.8805
vn -0.0245 -0.4586 -0.8883
vn 0.0183 -0.6597 -0.7513
vn -0.5475 -0.3896 -0.7405
vn -0.6520 -0.3962 -0.6465
vn -0.6571 -0.2131 -0.7231
vn -0.6803 -0.3441 -0.6471
vn -0.5860 -0.7400 -0.3302
vn -0.5982 -0.6519 -0.4660
vn -0.6179 -0.5705 -0.5410
vn -0.4009 -0.5848 -0.7052
vn -0.4178 -0.6034 -0.6792
vn -0.4603 -0.6582 -0.5958
vn -0.4710 -0.3849 -0.7937
vn -0.0990 -0.2427 -0.9650
vn -0.1744 -0.2354 -0.9561
vn -0.0547 -0.2346 -0.9705
vn -0.2352 -0.8904 -0.3898
vn -0.1213 -0.1090 -0.9866
vn -0.1123 -0.0265 -0.9933
vn -0.0953 -0.8110 -0.5773
vn -0.0952 -0.8146 -0.5722
vn -0.0968 -0.7085 -0.6990
vn -0.0968 -0.7084 -0.6991
vn -0.0265 -0.1290 -0.9913
vn 0.0829 0.8723 -0.4818
vn 0.2586 0.7386 -0.6226
vn -0.0221 0.9296 -0.3678
vn -0.0104 0.9228 -0.3851
vn 0.0014 0.7050 -0.7092
vn 0.3611 0.4052 -0.8399
vn 0.5297 0.0635 -0.8458
vn 0.3682 0.6711 -0.6434
vn 0.4368 0.5889 -0.6800
vn 0.4811 0.5674 -0.6683
vn 0.5091 0.5232 -0.6834
vn 0.5918 0.2477 -0.7671
vn 0.5310 0.4470 -0.7199
vn 0.5604 0.2717 -0.7824
vn 0.3509 0.6852 -0.6382
vn 0.6283 0.1401 -0.7652
vn 0.1949 0.7264 -0.6591
vn 0.2828 0.3948 -0.8741
vn 0.2262 0.3864 -0.8942
vn 0.1513 0.3879 -0.9092
vn -0.0523 0.9254 -0.3753
vn -0.0655 0.9221 -0.3813
vn -0.0693 0.9200 -0.3858
vn -0.0646 0.9204 -0.3857
vn -0.0563 0.9217 -0.3838
vn 0.1135 0.3830 -0.9168
vn 0.0854 0.3819 -0.9202
vn 0.0534 0.3832 -0.9221
vn 0.0353 0.3802 -0.9242
vn 0.0124 0.3803 -0.9248
vn 0.0061 0.7051 -0.7090
vn 0.0109 0.7055 -0.7087
vn 0.0168 0.7056 -0.7084
vn 0.0266 0.7069 -0.7068
vn 0.0502 0.7084 -0.7041
vn 0.0871 0.7126 -0.6962
vn 0.1260 0.7203 -0.6821
vn -0.0240 0.9226 -0.3851
vn -0.0368 0.9222 -0.3849
vn 0.6218 -0.2483 -0.7428
vn 0.3553 -0.9090 -0.2177
vn 0.0228 -0.4703 -0.8822
vn 0.1195 -0.0938 -0.9884
vn 0.1513 -0.4763 -0.8662
vn 0.1155 -0.0563 -0.9917
vn 0.1020 -0.9388 -0.3291
vn 0.1514 -0.8043 -0.5746
vn 0.0747 -0.9116 -0.4041
vn 0.0753 -0.8107 -0.5806
vn 0.0346 -0.9189 -0.3929
vn 0.0334 -0.5408 -0.8405
vn 0.0115 -0.8201 -0.5721
vn 0.1748 -0.2356 -0.9560
vn 0.2397 -0.2309 -0.9430
vn 0.1975 -0.1944 -0.9608
vn 0.2392 -0.6711 -0.7017
vn 0.2805 -0.8334 -0.4762
vn 0.3073 -0.4889 -0.8164
vn 0.3349 -0.4339 -0.8364
vn 0.3619 -0.4156 -0.8344
vn 0.3710 -0.2587 -0.8919
vn 0.6664 -0.3822 -0.6402
vn 0.6526 -0.4349 -0.6204
vn 0.6310 -0.5261 -0.5701
vn 0.5992 -0.6246 -0.5007
vn 0.5567 -0.3329 -0.7611
vn 0.5321 -0.5555 -0.6389
vn 0.5629 -0.6914 -0.4530
vn 0.4546 -0.4008 -0.7954
vn 0.4723 -0.6966 -0.5402
vn 0.4359 -0.1564 -0.8863
vn 0.5100 -0.6766 -0.5311
vn 0.4353 -0.6594 -0.6129
vn 0.0623 -0.4646 -0.8833
vn 0.1044 -0.5226 -0.8462
vn 0.1145 -0.0472 -0.9923
vn 0.1187 -0.0862 -0.9892
vn 0.2203 -0.7078 -0.6712
vn 0.1780 -0.9601 -0.2158
vn -0.0548 -0.9974 -0.0469
vn 0.0046 -0.9918 -0.1279
vn 0.0017 -0.9967 -0.0816
vn -0.0730 -0.9807 -0.1814
vn -0.0986 -0.9599 -0.2625
vn -0.1168 -0.9851 -0.1263
vn -0.0968 -0.9953 0.0080
vn -0.1340 -0.9846 -0.1119
vn -0.1589 -0.9787 -0.1299
vn -0.1144 -0.9488 0.2945
vn -0.2043 -0.9445 -0.2574
vn -0.2344 -0.9403 -0.2466
vn -0.1446 -0.9812 -0.1278
vn 0.0261 0.9950 -0.0964
vn -0.0012 0.9953 -0.0973
vn -0.0000 0.9949 -0.1004
vn 0.0835 0.9961 -0.0267
vn 0.0494 0.9872 -0.1514
vn 0.0603 0.9936 -0.0958
vn 0.0445 0.9939 -0.1010
vn 0.0706 0.9961 -0.0531
vn 0.0856 0.9962 -0.0169
vn 0.0477 0.9943 -0.0956
vn 0.0246 0.9946 -0.1005
vn 0.1194 -0.0296 -0.9924
vn 0.0711 -0.1009 -0.9924
vn 0.1074 0.0773 -0.9912
vn 0.0502 0.0853 -0.9951
vn 0.0024 0.0923 -0.9957
vn 0.0181 -0.1017 -0.9947
vn -0.0172 -0.1045 -0.9944
vn -0.0507 -0.0924 -0.9944
vn -0.0636 0.0754 -0.9951
vn -0.1153 -0.0325 -0.9928
vn -0.1047 -0.0043 -0.9945
vn -0.0179 0.9844 -0.1749
vn -0.0364 0.9967 -0.0725
vn -0.0609 0.9956 -0.0715
vn -0.0403 0.9917 -0.1220
vn -0.0479 0.9976 -0.0505
vn -0.0348 0.9804 -0.1939
vn -0.0450 0.9883 -0.1455
vn -0.0462 0.9932 -0.1065
vn 0.1402 -0.9831 -0.1177
vn 0.1791 -0.9815 -0.0681
vn 0.1848 -0.9577 -0.2208
vn 0.1881 -0.9819 0.0231
vn 0.1130 -0.9478 0.2982
vn 0.0596 -0.9879 -0.1433
vn 0.0730 -0.9919 -0.1043
vn 0.0953 -0.9839 -0.1513
vn 0.1171 -0.9855 -0.1227
vn 0.0962 -0.9953 0.0103
vn 0.1620 -0.9634 -0.2136
vn 0.1466 0.0907 -0.9850
vn 0.1682 -0.1226 -0.9781
vn 0.1747 0.0689 -0.9822
vn 0.2181 -0.0640 -0.9738
vn 0.2430 0.0918 -0.9657
vn 0.2600 -0.1033 -0.9601
vn 0.2834 0.0209 -0.9588
vn 0.3100 -0.0844 -0.9470
vn -0.1788 -0.2293 -0.9568
vn -0.1679 -0.1161 -0.9789
vn -0.1493 0.1038 -0.9833
vn -0.1852 -0.1174 -0.9757
vn -0.1554 0.0379 -0.9871
vn -0.1333 -0.0008 -0.9911
vn -0.1004 0.0322 -0.9944
vn -0.1002 0.2541 -0.9620
vn -0.3356 -0.0901 -0.9377
vn -0.4089 -0.4219 -0.8092
vn -0.2863 -0.0172 -0.9580
vn -0.2618 -0.1315 -0.9561
vn -0.2601 -0.0041 -0.9656
vn -0.2175 -0.0743 -0.9732
vn -0.2019 -0.0475 -0.9783
vn -0.5752 -0.3597 -0.7346
vn -0.4860 -0.5259 -0.6980
vn -0.5095 -0.5321 -0.6762
vn -0.1835 -0.8573 -0.4810
vn -0.1342 -0.8962 -0.4228
vn -0.1382 -0.4188 -0.8975
vn -0.1474 -0.5797 -0.8014
vn -0.1994 -0.4859 -0.8509
vn -0.1535 -0.7131 -0.6840
vn -0.1292 -0.1826 -0.9747
vn -0.3696 -0.4701 -0.8015
vn -0.4131 -0.6193 -0.6677
vn -0.5882 -0.0790 -0.8049
vn -0.5982 -0.0495 -0.7999
vn -0.6187 -0.3270 -0.7144
vn -0.5105 -0.3996 -0.7614
vn -0.5384 -0.5431 -0.6443
vn -0.5980 -0.1778 -0.7815
vn -0.4389 -0.6804 -0.5869
vn -0.3348 -0.8190 -0.4659
vn -0.3599 0.0074 -0.9330
vn -0.2086 -0.8483 -0.4866
vn -0.2724 -0.8355 -0.4772
vn -0.2640 -0.9330 -0.2444
vn -0.3531 -0.8278 -0.4360
vn -0.4021 -0.7525 -0.5216
vn -0.2926 -0.4801 -0.8270
vn -0.2215 -0.4878 -0.8444
vn 0.0081 -0.3384 -0.9410
vn -0.0697 -0.3798 -0.9224
vn -0.0776 -0.7020 -0.7080
vn -0.0737 -0.9200 -0.3848
vn 0.0063 -0.8998 -0.4363
vn 0.0067 -0.7200 -0.6940
vn 0.0065 -0.5526 -0.8334
vn 0.0850 -0.9193 -0.3843
vn 0.1382 -0.8949 -0.4244
vn 0.0907 -0.7016 -0.7068
vn 0.1558 -0.7134 -0.6832
vn 0.1526 -0.5785 -0.8013
vn 0.0826 -0.3803 -0.9212
vn 0.1445 -0.4181 -0.8968
vn 0.1326 -0.1817 -0.9744
vn 0.2081 -0.4862 -0.8487
vn 0.3515 -0.7642 -0.5407
vn 0.3058 -0.8558 -0.4173
vn 0.2935 -0.8296 -0.4749
vn 0.3704 -0.8306 -0.4159
vn 0.4314 -0.7352 -0.5228
vn 0.4158 -0.7451 -0.5215
vn 0.4349 -0.7726 -0.4625
vn 0.4506 -0.7512 -0.4823
vn 0.3531 -0.5712 -0.7410
vn 0.3142 -0.4801 -0.8190
vn 0.3429 -0.7569 -0.5563
vn 0.4078 -0.6706 -0.6197
vn 0.2343 -0.8434 -0.4835
vn 0.1940 -0.8538 -0.4832
vn 0.2494 -0.4857 -0.8378
vn 0.0649 0.9929 -0.0994
vn 0.0320 0.9744 -0.2226
vn 0.0041 0.9220 -0.3872
vn -0.1887 -0.4579 -0.8687
vn -0.1178 0.6016 -0.7901
vn -0.0720 0.7142 -0.6962
vn -0.0763 0.5516 -0.8306
vn -0.0768 0.5473 -0.8334
vn -0.0048 0.9079 -0.4192
vn -0.0440 0.3757 -0.9257
vn -0.0220 0.7020 -0.7118
vn 0.0049 0.9216 -0.3880
vn -0.0001 0.3751 -0.9270
vn -0.0001 0.7018 -0.7123
vn -0.0000 0.9216 -0.3882
vn -0.0311 0.9851 -0.1690
vn 0.0034 0.9245 -0.3812
vn -0.0056 0.9312 -0.3646
vn 0.0900 0.3262 -0.9410
vn 0.1760 0.7095 -0.6824
vn 0.2714 0.3119 -0.9106
vn 0.2328 0.3899 -0.8909
vn 0.1821 0.8058 -0.5635
vn 0.1083 0.8563 -0.5050
vn 0.1493 0.7133 -0.6848
vn 0.1648 0.8526 -0.4959
vn 0.1500 0.8725 -0.4650
vn 0.1751 0.7526 -0.6348
vn 0.1636 0.8520 -0.4973
vn 0.0075 0.9240 -0.3822
vn 0.0186 0.9251 -0.3794
vn 0.0351 0.9235 -0.3819
vn 0.0087 0.9559 -0.2935
vn 0.1141 0.7092 -0.6958
vn 0.0818 0.7081 -0.7013
vn 0.0650 0.7084 -0.7028
vn 0.0228 0.8226 -0.5682
vn 0.1917 0.3831 -0.9036
vn 0.1434 0.3836 -0.9123
vn 0.1165 0.3833 -0.9162
vn 0.0567 0.6208 -0.7819
vn 0.0427 0.3752 -0.9260
vn 0.0203 0.7020 -0.7118
vn -0.0054 0.9219 -0.3875
vn 0.2200 0.0901 0.9713
vn 0.2274 0.0270 0.9734
vn 0.1001 0.0294 0.9945
vn 0.3877 0.0566 0.9200
vn 0.2046 0.3480 0.9149
vn 0.1415 0.2479 0.9584
vn 0.1077 0.2492 0.9624
vn 0.0522 0.1402 0.9888
vn -0.0923 0.0797 0.9925
vn -0.0791 0.1242 0.9891
vn 0.0041 0.0962 0.9954
vn -0.4296 0.1534 0.8899
vn -0.4110 0.2646 0.8724
vn -0.3023 0.2004 0.9319
vn -0.1001 0.0164 0.9948
vn -0.0977 -0.0085 0.9952
vn -0.0006 0.0103 0.9999
vn 0.6322 0.3359 0.6982
vn 0.6599 0.2457 0.7100
vn 0.5607 0.2048 0.8023
vn -0.0781 0.1364 0.9876
vn -0.0946 0.1008 0.9904
vn -0.1319 0.2429 0.9610
vn -0.1094 0.1558 0.9817
vn -0.1388 0.2260 0.9642
vn 0.2005 0.2641 0.9434
vn 0.1547 0.2446 0.9572
vn 0.1186 0.1827 0.9760
vn 0.1065 0.1457 0.9836
vn 0.0965 0.1204 0.9880
vn 0.0535 0.1161 0.9918
vn 0.0668 0.1484 0.9867
vn 0.0331 -0.0428 0.9985
vn 0.0163 0.1017 0.9947
vn 0.2503 0.3196 0.9139
vn 0.3432 0.4067 0.8466
vn 0.2973 0.4525 0.8407
vn 0.4131 0.5236 0.7451
vn 0.3415 0.2976 0.8915
vn 0.3394 0.4779 0.8102
vn 0.4098 0.2632 0.8734
vn 0.3532 0.4003 0.8456
vn 0.3192 0.3465 0.8821
vn 0.3003 0.3252 0.8967
vn 0.2402 0.2519 0.9375
vn 0.0975 0.0872 0.9914
vn 0.1908 0.1863 0.9638
vn 0.2060 0.1545 0.9663
vn 0.2675 0.2250 0.9369
vn 0.3058 0.2062 0.9295
vn 0.3207 0.2737 0.9068
vn 0.3270 0.3005 0.8960
vn 0.0540 0.1365 0.9892
vn 0.0993 0.1545 0.9830
vn 0.0819 0.1213 0.9892
vn 0.1127 0.1862 0.9760
vn 0.1342 0.2770 0.9515
vn 0.0152 0.1039 0.9945
vn 0.0253 0.1767 0.9839
vn -0.1212 0.2165 0.9687
vn -0.0945 0.1450 0.9849
vn -0.0514 0.1350 0.9895
vn -0.0287 0.1148 0.9930
vn -0.2157 0.1483 0.9651
vn -0.2158 0.2028 0.9551
vn -0.1638 0.1827 0.9694
vn -0.3094 0.3304 0.8917
vn -0.3283 0.3460 0.8789
vn -0.3478 0.4324 0.8319
vn -0.3943 0.3534 0.8483
vn -0.3823 0.3321 0.8623
vn -0.3853 0.4513 0.8049
vn -0.3539 0.4869 0.7986
vn -0.3412 0.2976 0.8916
vn -0.3323 0.2785 0.9011
vn -0.2553 0.2330 0.9384
vn -0.1725 0.2564 0.9510
vn -0.1925 0.2646 0.9450
vn -0.2071 0.2941 0.9331
vn 0.6766 0.1852 0.7127
vn 0.6851 0.1530 0.7122
vn 0.5641 0.0789 0.8220
vn 0.7378 0.1263 0.6631
vn 0.7404 0.1004 0.6646
vn 0.7417 0.0879 0.6649
vn 0.7453 0.0605 0.6640
vn 0.3616 0.5714 0.7367
vn 0.4166 0.6526 0.6329
vn 0.4655 0.6112 0.6401
vn 0.2976 0.5912 0.7497
vn 0.3522 0.6959 0.6258
vn 0.1152 0.4671 0.8767
vn 0.1779 0.6005 0.7796
vn 0.2361 0.6490 0.7232
vn 0.1303 0.4984 0.8571
vn 0.0587 0.3043 0.9508
vn 0.1040 0.4177 0.9026
vn 0.0313 0.1837 0.9825
vn 0.0999 0.3447 0.9334
vn 0.0101 0.1167 0.9931
vn 0.0994 0.2162 0.9713
vn 0.0921 0.2708 0.9582
vn 0.0968 -0.0097 0.9953
vn 0.0947 0.0030 0.9955
vn 0.0025 0.0611 0.9981
vn 0.1008 0.0346 0.9943
vn 0.1009 0.0913 0.9907
vn 0.0977 0.1542 0.9832
vn 0.0004 0.0594 0.9982
vn -0.0997 0.1439 0.9846
vn -0.1018 0.0739 0.9921
vn -0.0007 0.0321 0.9995
vn 0.0002 0.0074 1.0000
vn -0.0006 0.0078 1.0000
vn -0.0881 0.3411 0.9359
vn -0.0911 0.2794 0.9558
vn -0.0107 0.1207 0.9926
vn -0.0934 0.2101 0.9732
vn -0.3076 0.6198 0.7220
vn -0.2528 0.6686 0.6994
vn -0.1941 0.5242 0.8292
vn -0.1611 0.5528 0.8176
vn -0.4229 0.6471 0.6344
vn -0.3699 0.6818 0.6312
vn -0.3309 0.7151 0.6158
vn -0.6196 0.3707 0.6919
vn -0.5160 0.3394 0.7865
vn -0.6515 0.2727 0.7079
vn -0.5595 0.2050 0.8031
vn -0.6730 0.1934 0.7140
vn -0.6964 0.1021 0.7104
vn -0.5978 0.0701 0.7986
vn -0.6989 0.0878 0.7098
vn -0.7043 0.0671 0.7068
vn -0.6553 0.1074 0.7477
vn -0.6569 0.1301 0.7427
vn -0.6849 0.1558 0.7118
vn -0.1846 0.4377 0.8800
vn -0.1359 0.3051 0.9426
vn -0.1998 0.3460 0.9167
vn -0.2716 0.4877 0.8297
vn -0.2521 0.3398 0.9061
vn -0.2877 0.3116 0.9056
vn -0.0882 0.2249 0.9704
vn -0.2510 0.0964 0.9632
vn -0.3150 0.1090 0.9428
vn -0.3234 0.0452 0.9452
vn -0.3936 0.0530 0.9177
vn -0.5153 0.0452 0.8558
vn -0.4611 0.4399 0.7706
vn -0.4096 0.5171 0.7515
vn -0.3554 0.5629 0.7462
vn -0.0541 0.1388 0.9888
vn -0.0630 0.1360 0.9887
vn -0.0264 -0.2052 0.9784
vn -0.0951 0.0360 0.9948
vn -0.1397 0.0296 0.9897
vn -0.1759 0.0308 0.9839
vn -0.2430 0.0345 0.9694
vn -0.1345 0.3012 0.9440
vn -0.0140 0.0992 0.9950
vn -0.0028 0.1010 0.9949
vn 0.3737 0.4820 0.7925
vn 0.3953 0.3558 0.8468
vn 0.4688 0.4462 0.7623
vn 0.5263 0.5393 0.6575
vn 0.5205 0.3370 0.7845
vn 0.5870 0.4399 0.6796
vn 0.3050 0.1330 0.9430
vn 0.4304 0.1568 0.8889
vn -0.0009 0.0139 0.9999
vn 0.0010 0.0295 0.9996
vn -0.0003 0.0076 1.0000
vn 0.0043 0.0379 0.9993
vn 0.0055 0.0616 0.9981
vn 0.0138 0.0918 0.9957
vn 0.0747 0.2032 0.9763
vn 0.1176 0.3780 0.9183
vn 0.1719 0.4364 0.8832
vn 0.2043 0.5403 0.8163
vn 0.2709 0.6785 0.6829
vn 0.2578 0.4650 0.8470
vn 0.1592 0.3016 0.9401
vn -0.0000 0.0067 1.0000
vn -0.0001 0.0284 0.9996
vn -0.0077 0.0612 0.9981
vn -0.0053 0.0334 0.9994
vn -0.0000 0.0575 0.9983
vn 0.0122 0.0722 0.9973
vn 0.0294 0.1315 0.9909
vn 0.0634 0.2672 0.9616
vn -0.0326 0.1137 0.9930
vn -0.0804 0.2199 0.9722
vn -0.0665 0.1961 0.9783
vn -0.1542 0.4056 0.9009
vn -0.1133 0.3790 0.9184
vn -0.1128 0.4556 0.8830
vn -0.1159 0.4395 0.8907
vn -0.0478 0.3238 0.9449
vn -0.0451 0.2386 0.9701
vn -0.0319 0.1301 0.9910
vn -0.0281 0.1799 0.9833
vn -0.0201 0.0942 0.9953
vn -0.0122 0.0722 0.9973
vn -0.0000 0.0832 0.9965
vn 0.0257 0.1073 0.9939
vn 0.0026 0.0638 0.9980
vn 0.0126 0.0315 0.9994
vn -0.0427 0.0287 0.9987
vn -0.5916 0.4520 0.6676
vn -0.5439 0.5308 0.6500
vn -0.4811 0.6077 0.6319
vn 0.8834 -0.3613 0.2985
vn 0.8806 -0.4094 0.2386
vn 0.8517 -0.4544 0.2611
vn 0.8353 -0.4929 0.2435
vn 0.8465 -0.4915 0.2049
vn 0.8718 -0.3381 0.3544
vn 0.8487 -0.4063 0.3385
vn 0.8429 -0.2555 0.4735
vn 0.8430 -0.3511 0.4075
vn 0.8295 -0.3105 0.4642
vn 0.8264 -0.2247 0.5163
vn 0.8118 -0.2749 0.5152
vn 0.7951 -0.1905 0.5757
vn 0.7944 -0.2242 0.5645
vn 0.7336 -0.1263 0.6678
vn 0.7291 -0.1375 0.6705
vn 0.7153 -0.0987 0.6919
vn 0.6461 -0.0782 0.7592
vn 0.3982 0.0297 0.9168
vn 0.5669 -0.0261 0.8233
vn 0.5062 -0.0182 0.8622
vn 0.3417 0.0118 0.9397
vn 0.4594 -0.0113 0.8882
vn 0.2758 0.0177 0.9611
vn 0.3792 0.0088 0.9253
vn 0.3323 0.0073 0.9431
vn 0.2106 0.0162 0.9774
vn 0.2640 0.0133 0.9644
vn 0.1728 0.0142 0.9849
vn 0.2250 0.0098 0.9743
vn 0.1382 -0.0118 0.9903
vn 0.1944 0.0048 0.9809
vn 0.8820 -0.4217 -0.2104
vn 0.8798 -0.4066 -0.2462
vn 0.8421 -0.5024 -0.1960
vn 0.8798 -0.4469 -0.1622
vn 0.8862 -0.4633 0.0051
vn 0.8880 -0.4576 -0.0455
vn 0.8461 -0.5325 -0.0221
vn 0.8460 -0.5280 -0.0743
vn 0.8337 -0.5267 -0.1658
vn 0.8434 -0.5263 -0.1083
vn 0.8796 -0.4624 -0.1120
vn 0.8863 -0.4554 -0.0841
vn 0.8440 -0.5364 0.0046
vn 0.8437 -0.5359 0.0303
vn 0.8847 -0.4627 0.0574
vn 0.8452 -0.5295 0.0723
vn 0.8777 -0.4709 0.0888
vn 0.8833 -0.4529 0.1206
vn 0.8461 -0.5178 0.1261
vn 0.8786 -0.4545 0.1467
vn 0.8805 -0.4295 0.2007
vn 0.7414 -0.1413 -0.6560
vn 0.7479 -0.1823 -0.6384
vn 0.8311 -0.2680 -0.4873
vn 0.8189 -0.5150 -0.2533
vn 0.8251 -0.5057 -0.2518
vn 0.8351 -0.4935 -0.2430
vn 0.8585 -0.3938 -0.3285
vn 0.9033 -0.2729 -0.3310
vn 0.2733 0.0176 -0.9618
vn 0.2710 0.0150 -0.9625
vn 0.1807 0.0167 -0.9834
vn 0.2120 0.0097 -0.9772
vn 0.1375 -0.0118 -0.9904
vn 0.1990 0.0052 -0.9800
vn 0.3417 0.0054 -0.9398
vn 0.2564 0.0153 -0.9665
vn 0.3696 0.0096 -0.9291
vn 0.4553 -0.0107 -0.8903
vn 0.3864 0.0186 -0.9222
vn 0.5437 -0.0207 -0.8390
vn 0.4631 0.0071 -0.8863
vn 0.6610 -0.0619 -0.7479
vn 0.6273 -0.0621 -0.7763
vn 0.5661 -0.0243 -0.8240
vn 0.8800 -0.3058 -0.3635
vn 0.8493 -0.2682 -0.4547
vn 0.8280 -0.3467 -0.4407
vn 0.8427 -0.2462 -0.4789
vn 0.8184 -0.1997 -0.5389
vn 0.6438 0.4166 0.6418
vn 0.5441 0.3300 0.7714
vn 0.4927 0.2951 0.8186
vn 0.3606 0.2031 0.9104
vn -0.4231 0.2503 -0.8708
vn -0.2954 0.1760 -0.9390
vn -0.2457 0.1330 -0.9602
vn 0.0487 0.0129 -0.9987
vn -0.0013 0.0112 -0.9999
vn -0.0018 0.0118 -0.9999
vn -0.0679 0.0241 -0.9974
vn -0.1344 0.0421 -0.9900
vn -0.1571 0.0586 -0.9858
vn -0.0655 -0.0087 0.9978
vn -0.0131 0.0048 0.9999
vn -0.0012 0.0095 1.0000
vn 0.0655 0.0227 0.9976
vn 0.1293 0.0399 0.9908
vn 0.1618 0.0656 0.9846
vn -0.0961 0.2658 0.9592
vn -0.1758 0.2772 0.9446
vn -0.1446 0.1332 0.9805
vn 0.7352 0.5685 -0.3692
vn 0.6850 0.6653 -0.2969
vn 0.6997 0.6920 -0.1774
vn -0.7041 0.2898 0.6482
vn -0.6672 0.2619 0.6973
vn -0.6385 0.4326 0.6365
vn -0.6071 0.2397 0.7576
vn -0.5323 0.1809 0.8270
vn -0.4925 0.2801 0.8240
vn -0.3528 0.0996 0.9304
vn -0.3121 0.1454 0.9389
vn -0.3935 0.1676 0.9039
vn -0.1035 0.0158 0.9945
vn -0.1062 -0.0119 0.9943
vn 0.5395 0.3505 0.7656
vn 0.6018 0.3505 0.7176
vn 0.5980 0.3693 0.7113
vn 0.6394 0.4035 0.6545
vn 0.8731 0.4677 -0.1373
vn 0.7791 0.6261 -0.0314
vn 0.8103 0.5300 -0.2500
vn 0.5802 0.3591 -0.7310
vn 0.6010 0.3599 -0.7136
vn 0.6397 0.4037 -0.6541
vn -0.1163 0.0211 -0.9930
vn -0.1285 0.0253 -0.9914
vn -0.0529 0.0167 -0.9985
vn -0.3235 0.0815 -0.9427
vn -0.3562 0.0982 -0.9292
vn -0.3037 0.1421 -0.9421
vn -0.4286 0.1209 -0.8954
vn -0.6087 0.2360 -0.7575
vn -0.6674 0.2589 -0.6983
vn -0.4867 0.2849 -0.8258
vn -0.3616 0.2022 -0.9101
vn -0.4900 0.1504 -0.8586
vn -0.5344 0.1781 -0.8262
vn -0.0993 0.0123 -0.9950
vn -0.0114 0.0019 -0.9999
vn -0.0444 0.0103 -0.9990
vn -0.0663 -0.0112 -0.9977
vn 0.0618 -0.0049 -0.9981
vn 0.0289 0.0024 -0.9996
vn 0.0093 0.0043 -0.9999
vn 0.1364 0.0349 -0.9900
vn 0.1645 0.0601 -0.9845
vn 0.2014 0.0922 -0.9752
vn 0.4937 0.2799 -0.8233
vn 0.2863 0.1282 -0.9495
vn 0.3267 0.1408 -0.9346
vn 0.4000 0.2005 -0.8943
vn 0.3644 0.1953 -0.9105
vn 0.4583 0.2472 -0.8537
vn 0.5381 0.3491 -0.7672
vn 0.8395 0.5434 -0.0024
vn 0.8367 0.5476 -0.0026
vn 0.8240 0.5564 0.1070
vn 0.7683 0.5130 0.3828
vn 0.7482 0.5301 0.3990
vn 0.7121 0.4549 0.5348
vn 0.7023 0.4819 0.5240
vn 0.6622 0.4316 0.6125
vn 0.3916 0.2156 0.8945
vn 0.3078 0.1488 0.9397
vn 0.3062 0.2531 0.9177
vn 0.2675 0.1130 0.9569
vn 0.0526 0.0152 0.9985
vn -0.0534 0.0133 0.9985
vn -0.1260 0.0253 0.9917
vn -0.1667 0.0636 0.9840
vn -0.2190 0.0454 0.9747
vn -0.1305 0.0381 0.9907
vn -0.1869 0.0368 0.9817
vn -0.1353 0.0268 0.9904
vn -0.2049 0.0913 0.9745
vn -0.3150 0.0798 0.9457
vn -0.2609 0.0728 0.9626
vn -0.4820 0.1514 0.8630
vn -0.3661 0.1932 0.9103
vn -0.6967 0.4170 0.5837
vn -0.7036 0.4847 0.5196
vn -0.7455 0.5293 0.4052
vn -0.7864 0.4008 0.4701
vn -0.7853 0.5831 0.2080
vn -0.8426 0.4523 0.2922
vn -0.8277 0.4358 0.3535
vn -0.8784 0.4765 0.0361
vn -0.8697 0.4774 0.1255
vn -0.8732 0.4326 0.2243
vn -0.8350 0.4391 -0.3316
vn -0.8695 0.4319 -0.2397
vn -0.7859 0.5828 -0.2068
vn -0.8705 0.4697 -0.1466
vn -0.8032 0.5957 0.0027
vn -0.8783 0.4749 -0.0559
vn -0.5377 0.3331 -0.7745
vn -0.6473 0.4259 -0.6322
vn -0.7040 0.2928 -0.6471
vn -0.7037 0.4790 -0.5247
vn -0.6951 0.4206 -0.5831
vn -0.7469 0.5233 -0.4103
vn -0.7935 0.4034 -0.4557
vn 0.7777 0.6285 0.0099
vn 0.7063 0.7032 -0.0818
vn 0.7012 0.7123 -0.0305
vn 0.7627 0.6170 -0.1939
vn 0.6653 0.6190 -0.4175
vn 0.6658 0.4817 -0.5698
vn 0.6086 0.6460 -0.4607
vn 0.6053 0.5478 -0.5775
vn 0.5695 0.3826 -0.7275
vn 0.5428 0.4688 -0.6968
vn 0.2908 0.1889 -0.9379
vn 0.3540 0.3342 -0.8735
vn 0.4545 0.3891 -0.8013
vn 0.2499 0.2944 -0.9224
vn 0.1433 0.1313 -0.9809
vn 0.2063 0.2837 -0.9365
vn 0.1510 0.3250 -0.9336
vn -0.0027 0.1129 -0.9936
vn -0.0360 0.2607 -0.9647
vn 0.0672 0.2660 -0.9616
vn -0.3321 0.3289 -0.8840
vn -0.2202 0.2921 -0.9307
vn -0.6376 0.5156 -0.5724
vn -0.5654 0.4998 -0.6562
vn -0.5780 0.3866 -0.7186
vn -0.5082 0.4255 -0.7488
vn -0.4235 0.4567 -0.7824
vn -0.4186 0.3426 -0.8411
vn -0.6562 0.5875 -0.4736
vn -0.6583 0.5043 -0.5588
vn -0.6742 0.6455 -0.3589
vn -0.7310 0.5692 -0.3765
vn -0.6945 0.6702 -0.2618
vn -0.7070 0.6888 -0.1605
vn -0.7122 0.6991 -0.0631
vn -0.7119 0.7020 0.0193
vn -0.7118 0.6951 0.1015
vn -0.7542 0.5617 0.3401
vn -0.6489 0.7046 0.2872
vn -0.6985 0.6745 0.2389
vn -0.6624 0.4865 0.5697
vn -0.6606 0.6313 0.4063
vn -0.6733 0.6503 0.3518
vn -0.3927 0.3562 0.8479
vn -0.4466 0.4588 0.7682
vn -0.4269 0.2599 0.8662
vn -0.5147 0.4316 0.7408
vn -0.5815 0.3813 0.7186
vn -0.5856 0.5089 0.6310
vn -0.6341 0.5736 0.5185
vn -0.2553 0.3037 0.9179
vn -0.3306 0.3800 0.8639
vn -0.2875 0.1808 0.9406
vn 0.4728 0.3938 0.7883
vn 0.4228 0.3461 0.8375
vn 0.2939 0.1790 0.9389
vn 0.3087 0.3207 0.8955
vn 0.2040 0.2850 0.9366
vn 0.8038 0.5427 0.2435
vn 0.7880 0.5764 0.2163
vn 0.7063 0.6769 0.2072
vn 0.6333 0.5228 0.5707
vn 0.5745 0.3887 0.7203
vn 0.6481 0.5757 0.4984
vn 0.6623 0.4993 0.5587
vn 0.6663 0.6359 0.3895
vn 0.7538 0.5633 0.3382
vn 0.6463 0.7063 0.2887
vn 0.7033 0.6672 0.2454
vn 0.6502 0.7595 0.0200
vn 0.7069 0.7026 0.0823
vn 0.6684 0.7310 0.1371
vn 0.0002 0.0142 0.9999
vn 0.0822 0.0350 0.9960
vn 0.2026 0.0952 0.9746
vn 0.0604 -0.0053 0.9982
vn 0.0298 0.0033 0.9996
vn 0.0102 0.0057 0.9999
vn -0.1731 0.0322 -0.9844
vn -0.2198 0.0449 -0.9745
vn -0.2699 0.0627 -0.9608
vn -0.1167 -0.0185 -0.9930
vn -0.2028 0.0983 -0.9743
vn -0.0859 0.0355 -0.9957
vn -0.0030 0.0141 -0.9999
vn 0.0566 0.0174 -0.9982
vn -0.1039 0.0593 -0.9928
vn -0.1246 0.0926 -0.9879
vn -0.1477 0.1252 -0.9811
vn -0.1137 0.2649 -0.9575
vn -0.0039 0.0256 -0.9997
vn -0.0044 0.0474 -0.9989
vn -0.0044 0.0785 -0.9969
vn 0.4212 0.2699 -0.8659
vn 0.5459 0.3561 -0.7584
vn 0.7536 0.5245 -0.3961
vn 0.7009 0.4831 -0.5247
vn 0.6409 0.4313 -0.6350
vn 0.8092 0.5871 0.0229
vn 0.8079 0.5791 -0.1091
vn 0.7933 0.5590 -0.2413
vn 0.7583 0.5446 -0.3583
vn 0.7443 0.4946 -0.4488
vn 0.6999 0.4496 -0.5550
vn 0.6624 0.4316 -0.6123
vn 0.2394 0.1322 -0.9619
vn 0.0665 0.0180 -0.9976
vn 0.0787 0.0341 -0.9963
vn 0.0960 0.0586 -0.9937
vn 0.1167 0.0923 -0.9889
vn 0.1213 0.0935 0.9882
vn 0.1443 0.1270 0.9813
vn 0.1177 0.2703 0.9556
vn -0.5466 0.3536 0.7591
vn -0.6689 0.7254 0.1622
vn 0.0003 0.0475 0.9989
vn 0.0009 0.0786 0.9969
vn -0.0000 0.1167 0.9932
vn 0.0078 0.2594 0.9657
vn 0.4598 0.2477 0.8528
vn 0.5512 0.4851 0.6789
vn 0.4212 0.2538 0.8707
vn 0.2430 0.1345 0.9607
vn 0.1000 0.0596 0.9932
vn 0.0001 0.0257 0.9997
vn -0.2421 0.1308 0.9614
vn -0.0673 0.0209 0.9975
vn -0.0824 0.0347 0.9960
vn -0.0999 0.0585 0.9933
vn -0.1200 0.0916 0.9885
vn 0.9771 0.1659 -0.1330
vn 0.9499 0.1568 -0.2704
vn 0.9346 0.2377 -0.2647
vn -0.4541 0.0412 -0.8900
vn -0.5653 0.0472 -0.8235
vn -0.5894 0.1210 -0.7987
vn -0.9895 0.0634 -0.1302
vn -0.9980 0.0638 -0.0001
vn -0.9874 0.1580 -0.0000
vn 0.5362 0.0782 -0.8404
vn 0.3936 0.0527 -0.9178
vn 0.4087 0.0098 -0.9126
vn 0.9886 -0.0268 0.1481
vn 0.9519 -0.0275 0.3053
vn 0.9531 0.0262 0.3015
vn 0.8781 0.0269 0.4778
vn 0.9868 0.0359 0.1580
vn 0.9990 0.0451 -0.0000
vn 0.9997 -0.0264 0.0001
vn -0.1180 0.0964 0.9883
vn -0.1294 -0.0199 0.9914
vn -0.2403 -0.0187 0.9705
vn -0.2113 0.0906 -0.9732
vn -0.2506 -0.0291 -0.9677
vn -0.1310 -0.0154 -0.9913
vn 0.1774 0.0261 0.9838
vn 0.1639 0.0166 0.9863
vn 0.2307 0.0211 0.9728
vn -0.3883 0.0891 0.9172
vn -0.4524 0.1033 0.8858
vn -0.4711 0.1682 0.8659
vn -0.7741 0.2488 -0.5821
vn -0.7109 0.2337 -0.6633
vn -0.6604 0.2894 -0.6929
vn -0.3961 0.0954 -0.9133
vn -0.3688 0.0776 -0.9263
vn -0.3058 0.0801 -0.9487
vn 0.1926 0.0315 -0.9808
vn 0.2215 0.0307 -0.9747
vn 0.2668 0.0518 -0.9623
vn 0.2335 0.0450 -0.9713
vn 0.2857 0.0496 -0.9570
vn 0.3009 0.0806 -0.9502
vn 0.3774 0.0872 -0.9220
vn 0.4360 0.0931 -0.8951
vn 0.4690 0.1664 -0.8674
vn 0.7823 0.3681 -0.5025
vn 0.8075 0.3315 -0.4879
vn 0.7947 0.3518 -0.4947
vn 0.6575 0.2876 -0.6964
vn 0.7474 0.2349 -0.6215
vn 0.8012 0.2688 -0.5346
vn 0.5913 0.1617 -0.7901
vn 0.6494 0.1710 -0.7410
vn 0.6747 0.2140 -0.7064
vn 0.1609 0.0143 -0.9869
vn 0.1792 0.0236 -0.9835
vn 0.2287 0.0210 -0.9733
vn -0.0085 -0.0006 -1.0000
vn 0.0149 -0.0023 -0.9999
vn 0.0013 -0.0217 -0.9998
vn 0.0393 -0.0129 -0.9991
vn 0.1138 -0.0131 -0.9934
vn 0.0775 -0.0228 -0.9967
vn 0.2170 -0.0188 -0.9760
vn 0.1360 -0.0291 -0.9903
vn 0.1777 0.0049 -0.9841
vn -0.0526 -0.0087 -0.9986
vn -0.1079 -0.0218 -0.9939
vn -0.1023 -0.0267 -0.9944
vn -0.1538 -0.0059 -0.9881
vn -0.2194 -0.0179 -0.9755
vn -0.1908 0.0021 -0.9816
vn -0.2980 0.0637 -0.9524
vn -0.2450 0.0491 -0.9683
vn -0.2728 0.0587 -0.9603
vn -0.2029 0.0361 -0.9785
vn -0.2300 0.0233 -0.9729
vn -0.1749 0.0247 -0.9843
vn -0.1588 0.0107 -0.9873
vn -0.4565 0.1176 -0.8819
vn -0.4844 0.1714 -0.8579
vn -0.5373 0.1465 -0.8306
vn -0.6157 0.1734 -0.7687
vn -0.6719 0.2012 -0.7128
vn -0.6086 0.2208 -0.7621
vn -0.4332 0.1329 -0.8914
vn -0.8793 0.4029 -0.2540
vn -0.8810 0.3534 -0.3146
vn -0.8898 0.3862 -0.2431
vn -0.8609 0.3345 -0.3834
vn -0.7945 0.3503 -0.4960
vn -0.8193 0.3564 -0.4492
vn -0.7767 0.3618 -0.5156
vn -0.9149 0.3696 -0.1624
vn -0.9199 0.3921 -0.0012
vn -0.9239 0.3733 -0.0845
vn -0.8913 0.3606 0.2749
vn -0.8894 0.4141 0.1939
vn -0.8900 0.3849 0.2445
vn -0.9194 0.3770 0.1121
vn -0.9248 0.3805 0.0022
vn -0.7862 0.3733 0.4924
vn -0.8107 0.3859 0.4402
vn -0.7944 0.3506 0.4960
vn -0.8646 0.3436 0.3665
vn -0.6591 0.2878 0.6948
vn -0.7657 0.2413 0.5963
vn -0.8119 0.3023 0.4994
vn -0.6080 0.1669 0.7762
vn -0.6635 0.1888 0.7239
vn -0.6967 0.2259 0.6809
vn -0.1372 -0.0278 0.9901
vn -0.1911 0.0037 0.9816
vn -0.2288 0.0230 0.9732
vn -0.1622 0.0177 0.9866
vn -0.1940 0.0313 0.9805
vn -0.0010 -0.0185 0.9998
vn 0.0064 -0.0032 1.0000
vn -0.0228 0.0001 0.9997
vn -0.1130 -0.0104 0.9935
vn 0.0504 -0.0125 0.9987
vn 0.1096 -0.0213 0.9938
vn 0.1068 0.0246 0.9940
vn 0.1503 -0.0083 0.9886
vn 0.2205 -0.0200 0.9752
vn 0.2152 0.0332 0.9760
vn 0.3643 0.0849 0.9274
vn 0.3038 0.0664 0.9504
vn 0.3061 0.0780 0.9488
vn 0.2847 0.0476 0.9574
vn 0.2347 0.0448 0.9710
vn 0.5773 0.1581 0.8011
vn 0.6557 0.2876 0.6981
vn 0.6477 0.1710 0.7424
vn 0.7268 0.2306 0.6470
vn 0.7887 0.2564 0.5588
vn 0.7948 0.3545 0.4926
vn 0.7795 0.3702 0.5053
vn 0.8918 0.3619 0.2716
vn 0.8751 0.3423 0.3422
vn 0.8895 0.3860 0.2444
vn 0.8475 0.3331 0.4133
vn 0.8219 0.3286 0.4652
vn 0.8811 0.3892 -0.2686
vn 0.9212 0.3762 -0.0993
vn 0.9090 0.3988 -0.1210
vn 0.9254 0.3789 0.0122
vn 0.9181 0.3954 0.0276
vn 0.9194 0.3735 0.1235
vn 0.8871 0.4101 0.2119
vn 0.8264 0.3653 -0.4285
vn 0.8706 0.3474 -0.3484
vn 0.9032 0.3682 -0.2205
vn -0.1238 0.0608 -0.9904
vn -0.1522 0.0407 -0.9875
vn -0.1160 -0.0281 -0.9928
vn -0.2278 -0.0390 -0.9729
vn -0.1689 0.0336 -0.9851
vn -0.1898 0.0185 -0.9816
vn -0.2184 0.0192 -0.9757
vn -0.1710 -0.0401 -0.9844
vn -0.2315 -0.0819 -0.9694
vn -0.2389 -0.0379 -0.9703
vn -0.2204 -0.1036 -0.9699
vn -0.2069 -0.1184 -0.9712
vn -0.1909 -0.1381 -0.9719
vn -0.1723 -0.1606 -0.9719
vn -0.1258 -0.0374 -0.9913
vn 0.0013 -0.0208 -0.9998
vn -0.0478 0.0757 -0.9960
vn -0.0847 0.0700 -0.9939
vn 0.1309 0.0630 -0.9894
vn 0.1111 -0.0611 -0.9919
vn 0.1163 -0.0262 -0.9929
vn 0.0602 0.0739 -0.9954
vn 0.0032 0.0710 -0.9975
vn 0.1884 -0.1351 -0.9728
vn 0.2048 -0.1173 -0.9718
vn 0.2378 -0.0360 -0.9707
vn 0.2202 -0.1031 -0.9700
vn 0.2397 -0.0956 -0.9661
vn 0.1716 -0.0395 -0.9844
vn 0.2290 -0.0375 -0.9727
vn 0.2100 -0.0035 -0.9777
vn 0.1941 0.0174 -0.9808
vn 0.1741 0.0276 -0.9843
vn 0.1487 0.0427 -0.9880
vn 0.0007 -0.0379 -0.9993
vn 0.0001 -0.1564 -0.9877
vn 0.0494 -0.1678 -0.9846
vn 0.1294 -0.0306 -0.9911
vn 0.0830 -0.1722 -0.9816
vn 0.1356 -0.1627 -0.9773
vn 0.1705 -0.1694 -0.9707
vn -0.1283 -0.1586 -0.9790
vn -0.0849 -0.1684 -0.9820
vn -0.0464 -0.1640 -0.9854
vn -0.1253 -0.0733 -0.9894
vn -0.1002 0.0294 -0.9945
vn -0.1651 -0.1325 -0.9773
vn -0.2274 0.0271 -0.9734
vn -0.1975 -0.1278 -0.9719
vn -0.3447 0.0003 -0.9387
vn -0.3508 -0.0088 -0.9364
vn -0.3881 -0.0191 -0.9214
vn -0.2849 0.0513 -0.9572
vn -0.3506 -0.0147 -0.9364
vn -0.3447 -0.0236 -0.9384
vn -0.4148 0.0103 -0.9099
vn -0.3418 -0.0344 -0.9391
vn -0.3378 -0.0526 -0.9398
vn -0.3307 -0.0712 -0.9410
vn -0.3117 -0.0966 -0.9453
vn -0.3878 0.0568 -0.9200
vn -0.2963 -0.1185 -0.9477
vn -0.2566 -0.1252 -0.9584
vn 0.1275 -0.0125 -0.9918
vn 0.0113 0.0935 -0.9956
vn 0.0062 -0.0130 -0.9999
vn -0.0596 0.1150 -0.9916
vn -0.1237 0.0891 -0.9883
vn 0.2399 -0.0135 -0.9707
vn 0.1532 0.0906 -0.9840
vn 0.0693 0.1201 -0.9903
vn 0.3191 -0.0062 -0.9477
vn 0.3898 -0.0177 -0.9207
vn 0.3206 0.0409 -0.9463
vn 0.3063 0.0547 -0.9504
vn 0.2799 0.0700 -0.9575
vn 0.2442 0.0800 -0.9664
vn 0.2044 0.0872 -0.9750
vn 0.1759 0.0305 -0.9839
vn 0.1989 -0.1241 -0.9721
vn 0.2430 0.0343 -0.9694
vn 0.2581 -0.1280 -0.9576
vn 0.3234 0.0451 -0.9452
vn 0.2936 -0.1188 -0.9485
vn 0.3176 -0.0931 -0.9437
vn 0.3299 -0.0770 -0.9409
vn -0.0971 -0.1238 -0.9875
vn -0.0592 -0.1267 -0.9902
vn -0.0127 0.0315 -0.9994
vn -0.0018 -0.0176 -0.9998
vn 0.0428 0.0286 -0.9987
vn 0.0597 -0.1253 -0.9903
vn 0.0952 0.0359 -0.9948
vn 0.0966 -0.1255 -0.9874
vn 0.1397 0.0293 -0.9898
vn 0.1254 -0.0834 -0.9886
vn 0.1620 -0.1270 -0.9786
vn -0.1881 -0.1347 0.9729
vn -0.2046 -0.1172 0.9718
vn -0.2369 -0.0368 0.9708
vn -0.2196 -0.1032 0.9701
vn -0.2379 -0.0948 0.9666
vn -0.1740 -0.0396 0.9840
vn -0.2057 -0.0039 0.9786
vn -0.1886 0.0151 0.9819
vn -0.2170 -0.0184 0.9760
vn -0.0674 -0.0186 0.9976
vn -0.1688 0.0282 0.9852
vn -0.1493 0.0421 0.9879
vn -0.1308 0.0649 0.9893
vn -0.0008 -0.0379 0.9993
vn 0.0001 -0.1564 0.9877
vn -0.0493 -0.1680 0.9846
vn -0.1295 -0.0308 0.9911
vn -0.0828 -0.1725 0.9815
vn -0.1354 -0.1631 0.9773
vn -0.1703 -0.1699 0.9706
vn 0.1258 -0.0371 0.9914
vn 0.0851 -0.1682 0.9821
vn 0.0465 -0.1639 0.9854
vn 0.1694 0.0270 0.9852
vn 0.1491 0.0437 0.9879
vn 0.1322 0.0646 0.9891
vn 0.1109 -0.0585 0.9921
vn 0.1915 0.0142 0.9814
vn 0.2081 -0.0049 0.9781
vn 0.1742 -0.0390 0.9839
vn 0.2072 -0.1186 0.9711
vn 0.2403 -0.0351 0.9701
vn 0.2210 -0.1035 0.9698
vn 0.2324 -0.0814 0.9692
vn 0.1912 -0.1386 0.9717
vn 0.1725 -0.1601 0.9719
vn 0.1286 -0.1581 0.9790
vn 0.0673 0.0726 0.9951
vn 0.0326 0.0740 0.9967
vn -0.1065 -0.0894 0.9903
vn -0.0535 0.0720 0.9960
vn -0.0046 0.0731 0.9973
vn -0.0012 -0.0082 1.0000
vn -0.0001 0.0904 0.9959
vn 0.0598 0.1148 0.9916
vn 0.1312 -0.0157 0.9912
vn -0.0672 0.1376 0.9882
vn -0.3162 -0.0968 0.9437
vn -0.3288 -0.0766 0.9413
vn -0.4081 0.0099 0.9129
vn -0.3365 -0.0514 0.9403
vn -0.3404 -0.0341 0.9397
vn -0.3537 -0.0176 0.9352
vn -0.3511 -0.0088 0.9363
vn -0.3902 -0.0174 0.9206
vn -0.3496 -0.0221 0.9367
vn -0.3435 -0.0016 0.9391
vn -0.3031 0.0113 0.9529
vn -0.2032 0.0910 0.9749
vn -0.1999 -0.1239 0.9720
vn -0.2592 -0.1277 0.9574
vn -0.2940 -0.1185 0.9484
vn 0.1258 -0.0816 0.9887
vn 0.0964 -0.1239 0.9876
vn 0.0587 -0.1268 0.9902
vn 0.0014 -0.0174 0.9998
vn -0.0603 -0.1252 0.9903
vn -0.0973 -0.1254 0.9873
vn -0.1251 -0.0759 0.9892
vn -0.1628 -0.1268 0.9785
vn 0.1644 -0.1327 0.9774
vn 0.1965 -0.1281 0.9721
vn 0.2391 -0.0151 0.9709
vn 0.2832 0.0756 0.9561
vn 0.3897 -0.0187 0.9207
vn 0.3031 0.0612 0.9510
vn 0.3166 0.0496 0.9473
vn 0.3314 -0.0678 0.9410
vn 0.3130 -0.0929 0.9452
vn 0.2960 -0.1187 0.9478
vn 0.2554 -0.1254 0.9587
vn 0.1277 0.0884 0.9879
vn 0.1995 0.0862 0.9761
vn 0.2443 0.0796 0.9664
vn 0.9980 -0.0633 0.0002
vn 0.9996 -0.0274 0.0001
vn 0.9880 -0.0636 0.1410
vn 0.9902 -0.0217 0.1380
vn 0.9536 -0.0643 0.2942
vn 0.9584 -0.0196 0.2847
vn 0.8875 -0.0645 0.4563
vn 0.8942 -0.0214 0.4471
vn 0.7907 -0.0633 0.6089
vn 0.7972 -0.0228 0.6032
vn 0.6754 -0.0605 0.7350
vn 0.6790 -0.0232 0.7338
vn 0.5372 -0.0579 0.8415
vn 0.3354 -0.0202 0.9419
vn 0.3554 -0.0518 0.9333
vn 0.4471 -0.0226 0.8942
vn 0.5575 -0.0229 0.8299
vn 0.3790 -0.0422 0.9244
vn 0.5415 -0.0521 0.8391
vn 0.6765 -0.0576 0.7342
vn 0.7885 -0.0615 0.6120
vn 0.8843 -0.0642 0.4625
vn 0.9514 -0.0656 0.3009
vn 0.9872 -0.0660 0.1454
vn 0.9978 -0.0662 0.0001
vn 0.9900 0.1410 -0.0012
vn 0.9743 0.1427 0.1744
vn 0.8950 0.1329 0.4258
vn 0.3193 -0.0058 0.9476
vn 0.4165 0.0104 0.9091
vn 0.5443 -0.0260 0.8385
vn 0.5423 0.0104 0.8401
vn 0.6774 -0.0276 0.7351
vn 0.6733 0.0171 0.7392
vn 0.7880 -0.0282 0.6150
vn 0.7883 0.0188 0.6150
vn 0.8838 -0.0281 0.4671
vn -0.3651 -0.0502 0.9296
vn -0.5431 0.0140 0.8396
vn -0.6738 0.0175 0.7387
vn -0.9585 -0.0196 -0.2844
vn -0.9536 -0.0644 -0.2940
vn -0.9907 -0.0180 -0.1347
vn -0.9880 -0.0636 -0.1409
vn -0.9999 -0.0173 -0.0002
vn -0.9980 -0.0633 -0.0002
vn -0.9908 -0.0178 0.1344
vn -0.9880 -0.0639 0.1406
vn -0.9586 -0.0193 0.2842
vn -0.9537 -0.0648 0.2938
vn -0.8944 -0.0213 0.4467
vn -0.8875 -0.0652 0.4561
vn -0.7973 -0.0229 0.6031
vn -0.7906 -0.0642 0.6090
vn -0.6790 -0.0237 0.7338
vn -0.6752 -0.0615 0.7351
vn -0.5575 -0.0235 0.8298
vn -0.5367 -0.0596 0.8416
vn -0.4470 -0.0231 0.8942
vn -0.3352 -0.0206 0.9419
vn -0.5372 -0.0586 -0.8414
vn -0.6755 -0.0610 -0.7348
vn -0.6792 -0.0230 -0.7336
vn -0.7975 -0.0226 -0.6030
vn -0.7908 -0.0637 -0.6087
vn -0.8944 -0.0213 -0.4467
vn -0.8876 -0.0647 -0.4561
vn -0.9514 -0.0657 -0.3010
vn -0.9872 -0.0661 -0.1454
vn -0.9978 -0.0662 -0.0001
vn -0.9872 -0.0663 0.1452
vn -0.9514 -0.0661 0.3009
vn -0.8842 -0.0647 0.4626
vn -0.7883 -0.0620 0.6122
vn -0.6763 -0.0579 0.7343
vn -0.5409 -0.0519 0.8395
vn -0.3810 -0.0448 0.9235
vn -0.3684 -0.0503 -0.9283
vn -0.3804 -0.0448 -0.9237
vn -0.5415 -0.0525 -0.8391
vn -0.6765 -0.0580 -0.7341
vn -0.7885 -0.0618 -0.6120
vn -0.8843 -0.0644 -0.4625
vn -0.5576 -0.0227 -0.8298
vn -0.4471 -0.0223 -0.8942
vn -0.3359 -0.0190 -0.9417
vn -0.9518 -0.0275 -0.3054
vn -0.9886 -0.0268 -0.1481
vn -0.9997 -0.0264 -0.0001
vn -0.9886 -0.0266 0.1479
vn -0.9519 -0.0271 0.3053
vn -0.8837 -0.0275 0.4672
vn -0.7879 -0.0275 0.6152
vn -0.6773 -0.0269 0.7352
vn -0.5441 -0.0251 0.8387
vn -0.9531 0.0262 -0.3015
vn -0.9868 0.0359 -0.1581
vn -0.9990 0.0451 -0.0000
vn -0.9876 0.0428 0.1511
vn -0.9506 0.0373 0.3081
vn -0.8806 0.0355 0.4725
vn -0.7841 0.0269 0.6201
vn -0.7453 0.0607 -0.6640
vn -0.8954 0.1336 -0.4248
vn -0.8781 0.0270 -0.4778
vn -0.5443 -0.0260 -0.8385
vn -0.5423 0.0106 -0.8401
vn -0.6774 -0.0276 -0.7351
vn -0.6733 0.0173 -0.7392
vn -0.7880 -0.0282 -0.6151
vn -0.7883 0.0189 -0.6150
vn -0.8837 -0.0281 -0.4671
vn -0.5644 0.0788 -0.8218
vn 0.5645 0.0342 -0.8247
vn 0.6788 -0.0240 -0.7340
vn 0.5574 -0.0238 -0.8299
vn 0.6751 -0.0610 -0.7352
vn 0.5367 -0.0590 -0.8417
vn 0.6763 -0.0575 -0.7343
vn 0.5409 -0.0514 -0.8395
vn 0.6773 -0.0269 -0.7352
vn 0.5441 -0.0252 -0.8387
vn 0.6701 0.0088 -0.7422
vn 0.5473 0.0070 -0.8369
vn 0.6919 0.0652 -0.7190
vn 0.7620 0.1003 -0.6397
vn -0.9784 0.1613 -0.1293
vn -0.9681 0.2507 0.0001
vn -0.9402 0.2435 -0.2383
vn -0.6998 0.1354 -0.7014
vn -0.7067 0.2014 -0.6783
vn -0.8022 0.2195 -0.5552
vn -0.8057 0.1468 -0.5738
vn -0.8807 0.2318 -0.4131
vn -0.8921 0.1540 -0.4249
vn -0.9495 0.1574 -0.2715
vn -0.7151 0.2628 -0.6477
vn -0.5879 0.1817 -0.7883
vn -0.4881 0.1054 -0.8664
vn -0.3759 0.0836 -0.9229
vn -0.3417 0.0349 -0.9391
vn -0.6864 0.0527 -0.7253
vn -0.8031 0.0574 -0.5930
vn -0.8976 0.0606 -0.4367
vn -0.9590 0.0625 -0.2764
vn 0.5022 0.1350 -0.8542
vn 0.6100 0.2287 -0.7587
vn 0.7155 0.2671 -0.6455
vn 0.3204 0.0705 -0.9447
vn 0.4330 0.1294 -0.8920
vn 0.5881 0.1735 -0.7900
vn 0.7084 0.1998 -0.6770
vn 0.7979 0.2874 -0.5299
vn 0.8667 0.3056 -0.3944
vn 0.8819 0.2310 -0.4109
vn 0.7025 0.1352 -0.6987
vn 0.5671 0.1203 -0.8148
vn 0.4028 0.0827 -0.9115
vn 0.3625 0.0737 -0.9291
vn 0.5691 0.0908 -0.8173
vn 0.6891 0.0460 -0.7232
vn 0.9583 0.0581 -0.2797
vn 0.3677 -0.0506 -0.9286
vn 0.3355 -0.0209 -0.9418
vn 0.4470 -0.0233 -0.8942
vn 0.3404 0.0244 -0.9400
vn 0.4546 0.0326 -0.8901
vn 0.3802 -0.0432 -0.9239
vn 0.8039 0.2183 -0.5532
vn 0.8930 0.1529 -0.4233
vn 0.8071 0.1448 -0.5725
vn 0.8977 0.0601 -0.4364
vn 0.8034 0.0556 -0.5928
vn 0.8943 -0.0214 -0.4471
vn 0.7971 -0.0231 -0.6034
vn 0.8874 -0.0650 -0.4564
vn 0.7905 -0.0638 -0.6092
vn 0.8842 -0.0646 -0.4626
vn 0.7883 -0.0617 -0.6122
vn 0.8838 -0.0275 -0.4671
vn 0.7879 -0.0275 -0.6151
vn 0.8806 0.0354 -0.4725
vn 0.7841 0.0268 -0.6200
vn 0.8387 0.1197 -0.5313
vn 0.9761 0.1216 -0.1799
vn 0.9895 0.0553 -0.1335
vn 0.9577 -0.0221 -0.2870
vn 0.9850 0.0225 -0.1709
vn 0.9536 -0.0647 -0.2940
vn 0.9514 -0.0660 -0.3009
vn 0.9519 -0.0271 -0.3052
vn 0.9506 0.0372 -0.3081
vn 0.9159 0.1291 -0.3801
vn 0.9143 0.3128 -0.2573
vn 0.9624 0.2401 -0.1273
vn 0.9851 0.1718 -0.0000
vn 0.9934 0.1122 0.0231
vn 0.9982 0.0601 -0.0001
vn 0.4846 0.1296 0.8651
vn 0.4722 0.1611 0.8667
vn 0.6085 0.2218 0.7620
vn 0.7159 0.2629 0.6468
vn 0.7982 0.2847 0.5309
vn 0.8668 0.3043 0.3950
vn 0.9223 0.3134 0.2263
vn 0.9478 0.3173 0.0320
vn 0.9403 0.3166 -0.1249
vn 0.9771 0.1661 0.1328
vn 0.9690 0.2455 0.0284
vn 0.9405 0.2432 0.2372
vn 0.4303 0.1340 0.8927
vn 0.5884 0.1800 0.7883
vn 0.7076 0.2000 0.6777
vn 0.8033 0.2185 0.5541
vn 0.8815 0.2311 0.4118
vn 0.2719 0.0577 0.9606
vn 0.4263 0.0852 0.9005
vn 0.3754 0.0804 0.9234
vn 0.4882 0.1023 0.8667
vn 0.5899 0.1182 0.7988
vn 0.7006 0.1331 0.7011
vn 0.8065 0.1451 0.5731
vn 0.8927 0.1529 0.4240
vn 0.9498 0.1568 0.2707
vn -0.8659 0.3055 0.3960
vn -0.5262 0.1412 0.8386
vn -0.6099 0.2283 0.7589
vn -0.7147 0.2670 0.6465
vn -0.7970 0.2872 0.5313
vn -0.8811 0.2316 0.4123
vn -0.8029 0.2193 0.5543
vn -0.7074 0.2011 0.6776
vn -0.5876 0.1752 0.7899
vn -0.4343 0.1308 0.8912
vn -0.3022 0.0842 0.9495
vn -0.3030 0.0659 0.9507
vn -0.2547 0.0507 0.9657
vn -0.9403 0.2435 0.2378
vn -0.9220 0.3135 0.2274
vn -0.9484 0.3172 -0.0000
vn -0.9219 0.3134 -0.2277
vn -0.8661 0.3042 -0.3967
vn -0.7973 0.2846 -0.5323
vn 0.3418 0.0326 0.9392
vn 0.4542 0.0389 0.8900
vn 0.5654 0.0451 0.8236
vn 0.6865 0.0510 0.7254
vn 0.8032 0.0561 0.5931
vn 0.8976 0.0598 0.4367
vn 0.9590 0.0621 0.2764
vn 0.9886 0.0620 0.1374
vn -0.5689 0.0939 0.8170
vn -0.4546 0.0348 0.8900
vn -0.3622 0.0773 0.9289
vn -0.3403 0.0266 0.9399
vn -0.7018 0.1375 0.6990
vn -0.5667 0.1233 0.8146
vn -0.4032 0.0858 0.9111
vn -0.2689 0.0535 0.9617
vn -0.2161 0.0324 0.9758
vn -0.9784 0.1612 0.1293
vn -0.9894 0.0639 0.1301
vn -0.9496 0.1573 0.2712
vn -0.9591 0.0631 0.2761
vn -0.8924 0.1539 0.4242
vn -0.8977 0.0609 0.4364
vn -0.8063 0.1464 0.5732
vn -0.8034 0.0569 0.5928
vn -0.6890 0.0477 0.7231
vn -0.5645 0.0361 0.8247
vn 0.9998 0.0154 0.0159
vn 0.9905 -0.0277 -0.1347
vn 0.9880 -0.0639 -0.1407
vn 0.9872 -0.0663 -0.1452
vn 0.9887 -0.0266 -0.1479
vn 0.9876 0.0428 -0.1511
vn 0.9772 0.1381 -0.1612
vn -0.9743 0.1427 -0.1744
vn -0.9900 0.1410 0.0012
vn -0.9772 0.1381 0.1612
vn -0.9159 0.1292 0.3801
vn -0.8387 0.1198 0.5313
vn -0.7624 0.1048 0.6386
vn 0.8182 0.2568 -0.5144
vn 0.7291 0.1107 -0.6754
vn 0.7316 0.1109 -0.6726
vn 0.6940 0.1568 -0.7026
vn 0.6710 0.1261 -0.7307
vn 0.7292 0.1104 -0.6754
vn 0.6841 0.0997 -0.7226
vn 0.6859 0.0875 -0.7225
vn 0.6012 0.7315 -0.3216
vn 0.6491 0.6743 -0.3520
vn 0.6943 0.6642 -0.2771
vn 0.6837 0.5813 -0.4413
vn 0.7456 0.5496 -0.3769
vn 0.7083 0.4664 -0.5299
vn 0.7852 0.4168 -0.4581
vn 0.7277 0.3512 -0.5892
vn 0.7304 0.2354 -0.6412
vn 0.6491 0.1906 -0.7365
vn 0.5957 0.7700 -0.2287
vn 0.6403 0.7555 -0.1385
vn 0.5732 0.8076 -0.1386
vn 0.6248 0.7774 -0.0729
vn 0.5702 0.8146 -0.1067
vn 0.5845 0.8075 -0.0795
vn 0.6600 0.7511 -0.0162
vn 0.6346 0.7693 -0.0746
vn 0.7436 0.6686 -0.0035
vn 0.6975 0.7129 -0.0722
vn 0.8514 0.5175 -0.0852
vn 0.7747 0.6271 -0.0805
vn 0.8336 0.5523 0.0019
vn 0.9936 -0.0569 -0.0980
vn 0.9906 0.0944 -0.0991
vn 0.9903 0.1386 0.0026
vn 0.9610 0.2597 -0.0948
vn 0.9614 0.2591 0.0930
vn 0.9907 0.0942 0.0978
vn 0.9903 0.1387 -0.0029
vn 0.9936 -0.0576 0.0973
vn 0.9252 0.3794 -0.0048
vn 0.9104 0.4035 0.0916
vn 0.7757 0.6256 0.0829
vn 0.7424 0.6700 -0.0038
vn 0.6956 0.7143 0.0776
vn 0.6664 0.7455 0.0065
vn 0.6325 0.7705 0.0796
vn 0.7896 0.4254 0.4422
vn 0.6775 0.5775 0.4555
vn 0.7548 0.5533 0.3523
vn 0.6508 0.6675 0.3618
vn 0.7019 0.6582 0.2721
vn 0.6172 0.7235 0.3091
vn 0.6372 0.7560 0.1498
vn 0.5945 0.7766 0.2084
vn 0.6001 0.7975 0.0621
vn 0.5710 0.8108 0.1285
vn 0.5610 0.8201 0.1133
vn 0.8100 0.2766 0.5171
vn 0.7280 0.3512 0.5887
vn 0.7009 0.4724 0.5344
vn 0.7751 0.1119 0.6219
vn 0.7724 0.1115 0.6252
vn 0.7752 0.1112 0.6218
vn 0.7647 0.1589 0.6245
vn 0.7505 0.2028 0.6290
vn 0.7369 0.2548 0.6262
vn 0.9483 0.2649 0.1748
vn 0.9044 0.2703 0.3300
vn 0.9084 0.3905 0.1497
vn 0.8649 0.4004 0.3028
vn 0.8518 0.5090 0.1240
vn 0.8136 0.5251 0.2495
vn 0.7818 0.6163 0.0945
vn 0.7493 0.6347 0.1890
vn 0.7037 0.7086 0.0521
vn 0.6790 0.7268 0.1031
vn 0.6547 0.7556 0.0209
vn 0.6339 0.7723 0.0411
vn 0.6371 0.7693 -0.0473
vn 0.9493 0.2651 -0.1687
vn 0.9659 0.2591 -0.0007
vn 0.9083 0.3920 -0.1463
vn 0.9219 0.3874 0.0016
vn 0.8519 0.5099 -0.1198
vn 0.8639 0.5037 0.0020
vn 0.7844 0.6132 -0.0931
vn 0.7929 0.6093 0.0010
vn 0.7119 0.7023 -0.0000
vn 0.9040 0.2682 -0.3329
vn 0.8648 0.4035 -0.2987
vn 0.8139 0.5270 -0.2448
vn 0.7544 0.6285 -0.1892
vn 0.7037 0.7086 -0.0521
vn 0.6637 0.7480 -0.0009
vn 0.9103 0.4032 -0.0936
vn 0.9252 0.3796 0.0045
vn 0.9147 0.4041 0.0003
vn 0.7741 0.6331 0.0017
vn 0.6809 0.7324 0.0014
vn 0.6564 0.7541 -0.0199
vn 0.6790 0.7268 -0.1031
vn 0.9909 0.1349 0.0004
vn 0.8355 0.5495 -0.0053
vn 0.8518 0.5172 0.0835
vn 0.5862 0.8052 0.0900
vn -0.2200 0.0896 -0.9714
vn -0.4682 0.4452 -0.7633
vn -0.3946 0.3542 -0.8478
vn -0.3483 0.4174 -0.8393
vn 0.0935 0.0782 -0.9925
vn 0.0837 0.1195 -0.9893
vn -0.0013 0.0973 -0.9953
vn 0.3125 0.2003 -0.9286
vn 0.2702 0.3497 -0.8970
vn 0.2577 0.1879 -0.9478
vn 0.1666 0.3179 -0.9334
vn 0.2155 0.1437 -0.9659
vn 0.3009 0.1984 -0.9328
vn -0.0978 0.1542 -0.9832
vn -0.0996 0.2162 -0.9713
vn -0.0102 0.1165 -0.9931
vn -0.5817 0.4550 -0.6742
vn -0.6237 0.3599 -0.6939
vn -0.5181 0.3361 -0.7866
vn 0.6744 0.1866 -0.7143
vn 0.6603 0.2478 -0.7090
vn 0.5620 0.2135 -0.7991
vn 0.2612 0.6810 -0.6841
vn 0.2448 0.6770 -0.6940
vn 0.2069 0.5594 -0.8027
vn 0.0898 0.2686 -0.9591
vn 0.0971 0.2155 -0.9717
vn 0.0062 0.1160 -0.9932
vn 0.0964 0.1528 -0.9835
vn 0.1007 0.0905 -0.9908
vn -0.0005 0.0591 -0.9983
vn 0.0985 -0.0101 -0.9951
vn 0.0006 0.0103 -0.9999
vn 0.0965 0.0032 -0.9953
vn 0.1013 0.0345 -0.9943
vn 0.1096 0.4266 -0.8978
vn 0.0997 0.3417 -0.9345
vn 0.0540 0.3502 -0.9351
vn 0.0250 0.1814 -0.9831
vn 0.1334 0.4656 -0.8749
vn 0.1773 0.5693 -0.8028
vn 0.1111 0.4996 -0.8591
vn 0.3542 0.6770 -0.6452
vn 0.6344 0.3347 -0.6968
vn 0.5150 0.3388 -0.7874
vn 0.6773 0.1552 -0.7192
vn -0.6797 0.1684 -0.7139
vn -0.6860 0.1325 -0.7154
vn -0.7402 0.1033 -0.6644
vn -0.7418 0.0881 -0.6649
vn -0.2986 0.5908 -0.7495
vn -0.4203 0.6460 -0.6371
vn -0.3592 0.5704 -0.7387
vn -0.4879 0.5860 -0.6470
vn -0.4139 0.5215 -0.7462
vn -0.5448 0.5152 -0.6616
vn -0.1305 0.4986 -0.8569
vn -0.1780 0.6006 -0.7794
vn -0.1152 0.4673 -0.8766
vn -0.2366 0.6479 -0.7240
vn -0.2078 0.5536 -0.8064
vn -0.2964 0.6794 -0.6712
vn -0.3657 0.6850 -0.6302
vn -0.0922 0.2709 -0.9582
vn -0.1002 0.3448 -0.9333
vn -0.0314 0.1836 -0.9825
vn -0.1042 0.4180 -0.9025
vn -0.0739 0.2021 -0.9766
vn -0.0291 0.1314 -0.9909
vn -0.0636 0.2672 -0.9615
vn -0.0589 0.3045 -0.9507
vn -0.1009 0.0914 -0.9907
vn -0.0025 0.0610 -0.9981
vn -0.1009 0.0346 -0.9943
vn -0.0947 0.0030 -0.9955
vn -0.2466 0.3202 -0.9147
vn -0.2868 0.1800 -0.9409
vn -0.1398 0.2450 -0.9594
vn -0.2502 0.1682 -0.9535
vn -0.1924 0.1528 -0.9693
vn -0.3257 0.3690 -0.8705
vn -0.3423 0.3461 -0.8736
vn -0.4097 0.2625 -0.8736
vn -0.3592 0.3435 -0.8678
vn -0.3649 0.3552 -0.8606
vn -0.3700 0.3455 -0.8624
vn -0.3753 0.3057 -0.8750
vn -0.3751 0.2719 -0.8862
vn -0.3734 0.3394 -0.8634
vn -0.3662 0.3399 -0.8662
vn -0.3242 0.3333 -0.8853
vn -0.3692 0.2536 -0.8941
vn -0.3600 0.2263 -0.9051
vn -0.3584 0.1883 -0.9144
vn -0.0962 0.0880 -0.9915
vn -0.1360 0.2938 -0.9461
vn -0.2074 0.1536 -0.9661
vn -0.2041 0.3351 -0.9198
vn -0.3050 0.2005 -0.9310
vn -0.2692 0.3861 -0.8823
vn -0.3013 0.3847 -0.8725
vn -0.0193 0.2280 -0.9735
vn -0.0770 0.1134 -0.9906
vn -0.0381 0.2576 -0.9655
vn -0.0925 0.2890 -0.9528
vn 0.0864 0.2778 -0.9568
vn 0.0499 0.2477 -0.9676
vn 0.0339 0.2491 -0.9679
vn 0.0088 0.2218 -0.9750
vn 0.3468 0.4310 -0.8330
vn 0.3493 0.2269 -0.9091
vn 0.3703 0.2561 -0.8929
vn 0.3742 0.2756 -0.8854
vn 0.3430 0.3411 -0.8752
vn 0.3948 0.3538 -0.8479
vn 0.3745 0.3330 -0.8654
vn 0.3732 0.3401 -0.8632
vn 0.3701 0.3464 -0.8620
vn 0.3646 0.3374 -0.8679
vn 0.4097 0.2625 -0.8737
vn 0.3478 0.3402 -0.8737
vn 0.3424 0.3490 -0.8723
vn 0.3254 0.3709 -0.8698
vn 0.3009 0.3859 -0.8721
vn 0.2756 0.3894 -0.8789
vn 0.2218 0.3562 -0.9077
vn 0.1329 0.2451 -0.9604
vn 0.1296 0.0787 -0.9884
vn 0.1728 0.1394 -0.9750
vn 0.0445 -0.0074 -0.9990
vn 0.0920 0.0341 -0.9952
vn 0.0673 0.1423 -0.9875
vn 0.0565 0.1358 -0.9891
vn -0.0016 0.0986 -0.9951
vn 0.0235 -0.0225 -0.9995
vn -0.1331 0.0776 -0.9881
vn -0.1019 0.0171 -0.9946
vn -0.0552 0.1526 -0.9867
vn -0.0398 -0.0280 -0.9988
vn -0.0010 -0.0203 -0.9998
vn 0.2707 0.4863 -0.8308
vn 0.1975 0.3441 -0.9179
vn 0.2127 0.1606 -0.9638
vn 0.4565 0.4372 -0.7749
vn 0.4056 0.5095 -0.7589
vn 0.3498 0.5684 -0.7447
vn 0.3107 0.6023 -0.7353
vn 0.4271 0.1514 -0.8914
vn 0.3150 0.1084 -0.9429
vn 0.2508 0.0956 -0.9633
vn 0.1140 0.3403 -0.9334
vn -0.1581 0.2993 -0.9410
vn -0.1067 0.2475 -0.9630
vn -0.2018 0.3403 -0.9184
vn -0.3050 0.1326 -0.9431
vn -0.4304 0.1565 -0.8890
vn -0.5600 0.2062 -0.8024
vn -0.6600 0.2460 -0.7098
vn -0.0500 0.1402 -0.9889
vn -0.0255 0.1070 -0.9939
vn -0.0042 0.0379 -0.9993
vn -0.0010 0.0293 -0.9996
vn -0.0055 0.0614 -0.9981
vn -0.3031 0.4489 -0.8406
vn -0.2566 0.4635 -0.8481
vn -0.1713 0.4358 -0.8836
vn -0.1175 0.3776 -0.9185
vn 0.0008 0.0319 -0.9995
vn -0.0002 0.0073 -1.0000
vn 0.0006 0.0078 -1.0000
vn 0.0076 0.0611 -0.9981
vn 0.1132 0.3786 -0.9186
vn 0.0452 0.2387 -0.9700
vn 0.0200 0.0942 -0.9954
vn 0.0053 0.0335 -0.9994
vn 0.0001 0.0283 -0.9996
vn -0.0000 0.0067 -1.0000
vn 0.0004 0.0076 -1.0000
vn -0.0137 0.0917 -0.9957
vn -0.0121 0.0722 -0.9973
vn -0.0000 0.0575 -0.9983
vn -0.0000 0.0833 -0.9965
vn 0.0121 0.0722 -0.9973
vn 0.0323 0.1133 -0.9930
vn 0.0316 0.1300 -0.9910
vn 0.0872 0.2236 -0.9708
vn 0.0795 0.2188 -0.9725
vn 0.1347 0.3033 -0.9433
vn 0.0657 0.1954 -0.9785
vn 0.1535 0.4051 -0.9013
vn 0.1838 0.4368 -0.8806
vn 0.0009 0.0139 -0.9999
vn -0.0968 -0.0097 -0.9953
vn -0.0026 0.0638 -0.9980
vn 0.4231 0.6575 -0.6234
vn 0.4744 0.6178 -0.6271
vn 0.5366 0.5476 -0.6420
vn 0.5928 0.4511 -0.6672
vn -0.5656 0.8042 0.1827
vn -0.6009 0.7540 0.2655
vn -0.6355 0.7591 0.1410
vn -0.8203 0.2597 0.5096
vn -0.9613 0.2593 -0.0930
vn -0.9907 0.0943 -0.0978
vn -0.9903 0.1387 0.0029
vn -0.9936 -0.0575 -0.0973
vn -0.9252 0.3794 0.0048
vn -0.9103 0.4036 -0.0916
vn -0.7757 0.6257 -0.0829
vn -0.7424 0.6700 0.0038
vn -0.6955 0.7143 -0.0776
vn -0.6664 0.7455 -0.0065
vn -0.6324 0.7706 -0.0796
vn -0.5630 0.8186 -0.1139
vn -0.6004 0.7973 -0.0621
vn -0.5775 0.8009 -0.1584
vn -0.6364 0.7581 -0.1424
vn -0.6962 0.6629 -0.2755
vn -0.6192 0.7238 -0.3043
vn -0.5977 0.7671 -0.2329
vn -0.7501 0.5537 -0.3616
vn -0.6699 0.6265 -0.3985
vn -0.6967 0.6945 -0.1796
vn -0.8124 0.2746 -0.5144
vn -0.7240 0.3751 -0.5788
vn -0.7907 0.4175 -0.4478
vn -0.7087 0.4862 -0.5113
vn -0.6844 0.5541 -0.4738
vn -0.7744 0.1175 -0.6217
vn -0.8195 0.1184 -0.5608
vn -0.7697 0.1366 -0.6236
vn -0.7544 0.1849 -0.6298
vn -0.7373 0.2534 -0.6262
vn -0.6891 0.1612 0.7065
vn -0.6078 0.7279 0.3174
vn -0.6539 0.6605 0.3690
vn -0.6960 0.6616 0.2790
vn -0.6878 0.5656 0.4550
vn -0.7453 0.5499 0.3769
vn -0.7035 0.4711 0.5321
vn -0.7875 0.4144 0.4563
vn -0.7252 0.3855 0.5705
vn -0.7285 0.2692 0.6300
vn -0.6404 0.1974 0.7423
vn -0.5718 0.8110 0.1240
vn -0.6152 0.7866 0.0536
vn -0.6162 0.7838 0.0779
vn -0.8331 0.5531 -0.0001
vn -0.7637 0.6410 0.0769
vn -0.6842 0.7259 0.0699
vn -0.9938 0.0486 0.0996
vn -0.9663 0.2390 0.0962
vn -0.9902 0.1398 -0.0030
vn -0.9158 0.3918 0.0881
vn -0.9976 -0.0699 -0.0018
vn -0.9911 -0.0927 0.0956
vn -0.9483 0.2649 -0.1748
vn -0.9044 0.2704 -0.3300
vn -0.9084 0.3905 -0.1497
vn -0.8649 0.4004 -0.3028
vn -0.8518 0.5090 -0.1240
vn -0.8136 0.5251 -0.2495
vn -0.7818 0.6163 -0.0945
vn -0.7493 0.6347 -0.1890
vn -0.7037 0.7086 -0.0521
vn -0.6790 0.7268 -0.1031
vn -0.6547 0.7556 -0.0209
vn -0.6339 0.7723 -0.0411
vn -0.6371 0.7693 0.0472
vn -0.6630 0.7484 0.0169
vn -0.7425 0.6698 0.0077
vn -0.9493 0.2651 0.1687
vn -0.9659 0.2591 0.0007
vn -0.9083 0.3920 0.1463
vn -0.9219 0.3874 -0.0016
vn -0.8519 0.5099 0.1197
vn -0.8639 0.5037 -0.0020
vn -0.7844 0.6132 0.0931
vn -0.7929 0.6093 -0.0010
vn -0.7119 0.7023 -0.0000
vn -0.9040 0.2682 0.3329
vn -0.8648 0.4035 0.2987
vn -0.8139 0.5270 0.2447
vn -0.7544 0.6285 0.1892
vn -0.7037 0.7086 0.0521
vn -0.6637 0.7480 0.0009
vn -0.9147 0.4041 -0.0003
vn -0.9251 0.3797 -0.0032
vn -0.8433 0.5301 0.0886
vn -0.7741 0.6331 -0.0017
vn -0.6809 0.7324 -0.0014
vn -0.6565 0.7541 0.0199
vn -0.6790 0.7268 0.1031
vn -0.9909 0.1349 -0.0004
vn -0.9976 -0.0694 -0.0001
vn -0.9976 -0.0690 0.0007
vn -0.9865 -0.1307 -0.0983
vn -0.8355 0.5495 0.0053
vn -0.8517 0.5173 -0.0835
vn -0.5861 0.8052 -0.0901
vn -0.1238 -0.0998 -0.9873
vn -0.0024 -0.0492 -0.9988
vn -0.0011 -0.0491 -0.9988
vn -0.0000 -0.0491 -0.9988
vn 0.1290 -0.0276 -0.9913
vn 0.0016 -0.0487 -0.9988
vn 0.0011 -0.0491 -0.9988
vn -0.9932 -0.1135 -0.0258
vn -0.9853 -0.1398 0.0984
vn -0.9860 -0.1647 -0.0258
vn -0.9864 -0.1383 0.0885
vn -0.9793 -0.1490 -0.1367
vn -0.9753 -0.1795 -0.1288
vn -0.9747 -0.1965 -0.1070
vn -0.9804 -0.1643 0.1089
vn -0.9747 -0.1902 0.1171
vn -0.9746 -0.1974 0.1058
vn -0.9932 -0.1135 0.0258
vn -0.9633 -0.2439 -0.1124
vn -0.9699 -0.2123 0.1195
vn -0.9778 -0.1807 -0.1057
vn -0.9792 -0.1692 0.1121
vn -0.9762 -0.1894 0.1053
vn -0.9746 -0.1974 -0.1058
vn -0.9748 -0.1965 -0.1060
vn -0.9852 -0.1395 -0.0992
vn -0.9860 -0.1647 0.0258
vn 0.1238 -0.0998 0.9873
vn 0.0024 -0.0492 0.9988
vn 0.0011 -0.0491 0.9988
vn -0.0000 -0.0491 0.9988
vn -0.0970 -0.0237 0.9950
vn -0.0016 -0.0487 0.9988
vn -0.0011 -0.0491 0.9988
vn -0.1541 -0.5073 0.8479
vn -0.1535 -0.4593 0.8749
vn -0.0156 -0.4392 0.8982
vn 0.1554 -0.5062 0.8483
vn 0.1584 -0.4939 0.8550
vn 0.0206 -0.4572 0.8891
vn 0.1544 -0.5015 0.8513
vn 0.0158 -0.4395 0.8981
vn 0.0107 -0.4573 0.8892
vn 0.0069 -0.4687 0.8833
vn 0.0020 -0.4536 0.8912
vn 0.0023 -0.4773 0.8787
vn -0.1266 -0.4180 0.8996
vn -0.0260 -0.4552 0.8900
vn -0.0129 -0.4547 0.8905
vn -0.0055 -0.4676 0.8839
vn -0.0012 -0.4769 0.8790
vn 0.1522 -0.3855 0.9101
vn 0.0075 -0.3893 0.9211
vn 0.1154 -0.1924 0.9745
vn 0.1231 -0.1949 0.9731
vn 0.0034 -0.5352 0.8447
vn 0.1052 -0.4489 0.8874
vn -0.0042 -0.7400 0.6726
vn 0.0839 -0.7634 0.6405
vn -0.0051 -0.9066 0.4219
vn 0.0291 -0.9412 0.3365
vn 0.9173 -0.3765 0.1296
vn 0.9174 -0.3763 -0.1297
vn 0.7877 -0.6061 0.1098
vn 0.7844 -0.6097 -0.1135
vn 0.6313 -0.7691 0.1000
vn 0.6343 -0.7653 -0.1097
vn 0.4579 -0.8873 0.0561
vn 0.4545 -0.8888 -0.0587
vn 0.3048 -0.9517 0.0356
vn 0.3076 -0.9505 -0.0434
vn 0.0057 -0.3905 -0.9206
vn 0.1224 -0.1318 -0.9837
vn 0.1231 -0.1949 -0.9731
vn 0.0011 -0.5337 -0.8457
vn 0.0648 -0.9345 -0.3500
vn 0.1113 -0.4592 -0.8813
vn 0.1265 -0.7523 -0.6466
vn -0.0000 -0.7386 -0.6741
vn 0.0001 -0.9078 -0.4194
vn 0.1361 -0.2970 -0.9451
vn 0.0156 -0.4392 -0.8983
vn 0.1535 -0.4593 -0.8749
vn 0.1545 -0.5066 -0.8482
vn -0.1557 -0.5062 -0.8483
vn -0.1586 -0.4939 -0.8549
vn -0.0220 -0.4575 -0.8889
vn -0.1544 -0.5015 -0.8512
vn -0.0158 -0.4395 -0.8981
vn -0.0133 -0.4535 -0.8912
vn -0.0066 -0.4682 -0.8836
vn 0.0022 -0.4529 -0.8915
vn -0.0008 -0.4766 -0.8791
vn 0.1631 -0.4152 -0.8950
vn 0.0211 -0.4572 -0.8891
vn 0.0106 -0.4573 -0.8893
vn 0.0059 -0.4680 -0.8837
vn 0.0021 -0.4818 -0.8763
vn -0.1550 -0.3457 -0.9255
vn -0.0122 -0.2597 -0.9656
vn -0.0042 -0.2673 -0.9636
vn 0.1320 -0.1762 -0.9755
vn 0.0132 -0.2615 -0.9651
vn 0.0058 -0.2601 -0.9656
vn -0.0018 -0.2655 -0.9641
vn 0.1549 -0.3458 0.9254
vn 0.0129 -0.2600 0.9655
vn 0.0060 -0.2600 0.9656
vn -0.0161 -0.2624 0.9648
vn -0.0955 -0.1704 0.9807
vn -0.0019 -0.2657 0.9640
vn -0.0040 -0.2675 0.9636
vn -0.1522 -0.3855 -0.9101
vn -0.0075 -0.3893 -0.9211
vn -0.1154 -0.1924 -0.9745
vn -0.1220 -0.2207 -0.9677
vn -0.0020 -0.5877 -0.8091
vn -0.1128 -0.4802 -0.8699
vn -0.1114 -0.7425 -0.6605
vn -0.0009 -0.8837 -0.4680
vn -0.0689 -0.8942 -0.4422
vn -0.3076 -0.9505 0.0434
vn -0.4837 -0.8730 -0.0631
vn -0.4545 -0.8888 0.0587
vn -0.6343 -0.7653 0.1096
vn -0.7583 -0.6456 -0.0900
vn -0.7844 -0.6098 0.1136
vn -0.8906 -0.4384 -0.1210
vn -0.9158 -0.3844 0.1164
vn -0.0057 -0.3905 0.9206
vn -0.1224 -0.1319 0.9837
vn -0.1231 -0.1949 0.9731
vn -0.0011 -0.5337 0.8457
vn -0.0648 -0.9345 0.3500
vn -0.1113 -0.4592 0.8813
vn -0.1265 -0.7523 0.6466
vn -0.0001 -0.7386 0.6741
vn -0.0001 -0.9078 0.4194
vn -0.1361 -0.2970 0.9451
vn -0.0028 -0.4035 0.9150
vn -0.0064 -0.4448 0.8956
vn -0.0024 -0.4919 0.8707
vn -0.0015 -0.5188 0.8549
vn 0.0015 -0.5136 0.8580
vn 0.0035 -0.4895 0.8720
vn 0.0028 -0.4091 0.9125
vn 0.0054 -0.6007 0.7995
vn -0.0045 -0.6545 0.7561
vn 0.0002 -0.7169 0.6971
vn 0.0007 -0.6159 0.7878
vn 0.0010 -0.8929 0.4503
vn -0.0006 -0.9260 0.3775
vn -0.0026 -0.9054 0.4246
vn 0.0048 -0.8907 0.4545
vn 0.0028 -0.4035 -0.9150
vn -0.0054 -0.6006 -0.7995
vn 0.0045 -0.6543 -0.7562
vn -0.0020 -0.5082 -0.8612
vn 0.0012 -0.5188 -0.8549
vn -0.0002 -0.7170 -0.6971
vn 0.0025 -0.4919 -0.8707
vn 0.0064 -0.4446 -0.8957
vn -0.0035 -0.4896 -0.8720
vn -0.0014 -0.6179 -0.7863
vn -0.0029 -0.4103 -0.9119
vn -0.0010 -0.8935 -0.4490
vn 0.0006 -0.9260 -0.3774
vn 0.0026 -0.9053 -0.4247
vn -0.0048 -0.8907 -0.4546
vn -0.8669 -0.3885 0.3124
vn -0.8762 -0.4207 0.2352
vn -0.8536 -0.4843 0.1918
vn -0.8798 -0.4176 0.2271
vn -0.8712 -0.3586 0.3351
vn -0.8944 -0.3643 0.2594
vn -0.8796 -0.3525 0.3196
vn -0.8612 -0.2915 0.4164
vn -0.8541 -0.3029 0.4227
vn -0.8331 -0.2759 0.4795
vn -0.8558 -0.2634 0.4452
vn -0.8191 -0.2337 0.5238
vn -0.7062 -0.0967 0.7014
vn -0.7621 -0.1643 0.6263
vn -0.7921 -0.1643 0.5879
vn -0.8360 -0.2271 0.4995
vn -0.4835 -0.0132 0.8752
vn -0.5790 -0.0505 0.8137
vn -0.6078 -0.0478 0.7927
vn -0.6717 -0.0899 0.7353
vn -0.6969 -0.1081 0.7090
vn -0.1723 -0.0111 0.9850
vn -0.2217 0.0100 0.9751
vn -0.2382 0.0116 0.9711
vn -0.2805 0.0125 0.9598
vn -0.2983 0.0085 0.9544
vn -0.3162 0.0143 0.9486
vn -0.3176 0.0104 0.9482
vn -0.4067 0.0021 0.9135
vn -0.4053 -0.0009 0.9142
vn -0.4850 -0.0119 0.8744
vn -0.5077 -0.0073 0.8615
vn -0.8812 -0.4358 -0.1835
vn -0.8482 -0.4897 -0.2019
vn -0.8758 -0.4230 -0.2325
vn -0.8773 -0.4478 -0.1726
vn -0.8825 -0.4501 -0.1367
vn -0.8863 -0.4463 -0.1237
vn -0.8840 -0.4585 -0.0909
vn -0.8916 -0.4480 -0.0651
vn -0.8752 -0.4812 -0.0489
vn -0.8925 -0.4506 -0.0203
vn -0.8883 -0.4579 -0.0348
vn -0.8871 -0.4615 -0.0041
vn -0.8924 -0.4511 0.0098
vn -0.8787 -0.4768 0.0236
vn -0.8826 -0.4574 0.1086
vn -0.8878 -0.4487 0.1019
vn -0.8854 -0.4612 0.0588
vn -0.8895 -0.4523 0.0651
vn -0.9050 -0.4245 0.0260
vn -0.8818 -0.4422 0.1640
vn -0.8782 -0.4393 0.1893
vn -0.8806 -0.4529 0.1391
vn -0.2679 0.0123 -0.9634
vn -0.2181 0.0084 -0.9759
vn -0.2069 0.0081 -0.9783
vn -0.1672 -0.0336 -0.9854
vn -0.2611 0.0134 -0.9652
vn -0.3001 0.0134 -0.9538
vn -0.2958 0.0112 -0.9552
vn -0.3751 0.0032 -0.9270
vn -0.3659 0.0042 -0.9306
vn -0.3883 0.0089 -0.9215
vn -0.4710 -0.0118 -0.8820
vn -0.4997 -0.0079 -0.8662
vn -0.5036 -0.0055 -0.8639
vn -0.5769 -0.0386 -0.8159
vn -0.6063 -0.0376 -0.7943
vn -0.6304 -0.0543 -0.7744
vn -0.6700 -0.0862 -0.7374
vn -0.7177 -0.1032 -0.6887
vn -0.7086 -0.1079 -0.6973
vn -0.7858 -0.1646 -0.5962
vn -0.7704 -0.1652 -0.6158
vn -0.8347 -0.2318 -0.4996
vn -0.8152 -0.2316 -0.5308
vn -0.8565 -0.2987 -0.4210
vn -0.8337 -0.2752 -0.4788
vn -0.8541 -0.2989 -0.4257
vn -0.8705 -0.3090 -0.3832
vn -0.8704 -0.3541 -0.3420
vn -0.8813 -0.3587 -0.3076
vn -0.8662 -0.3880 -0.3149
vn -0.8751 -0.4164 -0.2466
vn -0.1840 -0.0147 -0.9828
vn -0.1394 -0.0442 -0.9892
vn -0.1213 -0.0438 -0.9916
vn -0.0766 -0.0498 -0.9958
vn -0.0322 0.0294 -0.9990
vn 0.0035 0.0002 -1.0000
vn 0.0330 -0.0052 -0.9994
vn 0.0649 -0.0261 -0.9975
vn 0.0265 -0.0260 0.9993
vn 0.0090 -0.0059 0.9999
vn -0.1288 -0.0389 0.9909
vn -0.1947 -0.0050 0.9809
vn 0.0691 -0.0390 0.9968
vn -0.0376 0.0181 0.9991
vn -0.0820 -0.0430 0.9957
vn -0.0953 -0.0619 0.9935
vn -0.0715 0.9974 -0.0062
vn -0.0717 0.9974 0.0020
vn -0.0495 0.9938 -0.0996
vn -0.0719 0.9968 0.0350
vn -0.0690 0.9967 0.0418
vn 0.0872 0.9962 0.0028
vn 0.0699 0.9975 -0.0029
vn 0.0711 0.9974 -0.0079
vn -0.0726 0.9970 0.0250
vn -0.0486 0.9936 0.1023
vn -0.0347 0.9930 0.1130
vn 0.0551 0.9940 -0.0940
vn 0.0431 0.9933 -0.1068
vn 0.0317 0.9931 -0.1131
vn 0.0224 0.9930 -0.1158
vn 0.0100 0.9925 -0.1217
vn -0.0039 0.9927 -0.1205
vn -0.0149 0.9928 -0.1192
vn -0.0725 0.9972 -0.0163
vn -0.0592 0.9944 0.0877
vn -0.0281 0.9928 -0.1162
vn -0.0399 0.9935 -0.1067
vn -0.0728 0.9973 0.0124
vn -0.0222 0.9929 0.1173
vn -0.0122 0.9928 0.1191
vn 0.0010 0.9925 0.1225
vn 0.0149 0.9928 0.1187
vn 0.0258 0.9929 0.1158
vn 0.0383 0.9932 0.1100
vn 0.0713 0.9964 -0.0462
vn 0.0689 0.9957 -0.0621
vn 0.0635 0.9949 -0.0784
vn -0.0583 0.9944 -0.0882
vn -0.0634 0.9953 -0.0734
vn -0.0703 0.9969 -0.0361
vn -0.0683 0.9957 -0.0626
vn -0.0707 0.9963 -0.0492
vn -0.0720 0.9970 -0.0270
vn -0.0703 0.9960 0.0553
vn -0.0665 0.9952 0.0717
vn 0.0719 0.9972 0.0183
vn 0.0568 0.9944 0.0897
vn 0.0706 0.9971 0.0267
vn 0.0636 0.9950 0.0769
vn 0.0667 0.9959 0.0619
vn 0.0703 0.9962 0.0513
vn 0.0718 0.9967 0.0386
vn 0.0484 0.9940 0.0982
vn 0.0720 0.9974 0.0092
vn 0.0727 0.9972 -0.0179
vn 0.0726 0.9969 -0.0315
vn -0.0996 0.0736 0.9923
vn 0.0075 0.0599 0.9982
vn -0.0489 0.0672 0.9965
vn 0.0085 0.0598 0.9982
vn -0.7120 0.1996 0.6733
vn -0.7003 0.2811 0.6562
vn -0.6942 0.3858 0.6077
vn -0.6652 0.4672 0.5824
vn -0.6472 0.5623 0.5147
vn -0.6135 0.6555 0.4404
vn -0.5847 0.7193 0.3750
vn -0.5532 0.7618 0.3370
vn -0.5298 0.7995 0.2830
vn -0.5171 0.8165 0.2568
vn -0.5425 0.7963 0.2675
vn -0.6079 0.7373 0.2948
vn -0.6864 0.6535 0.3189
vn -0.7641 0.5473 0.3414
vn -0.8380 0.4137 0.3558
vn -0.8915 0.2575 0.3727
vn -0.9228 0.0681 0.3792
vn -0.9193 -0.0744 0.3865
vn -0.7170 0.1600 0.6785
vn -0.7099 0.1995 0.6755
vn -0.6951 0.2804 0.6620
vn -0.6794 0.3825 0.6262
vn -0.6476 0.4630 0.6051
vn -0.6188 0.5543 0.5566
vn -0.5750 0.6441 0.5045
vn -0.5370 0.7052 0.4629
vn -0.5006 0.7462 0.4388
vn -0.4640 0.7804 0.4191
vn -0.4341 0.7911 0.4310
vn -0.4251 0.7553 0.4987
vn -0.4632 0.6877 0.5590
vn -0.5174 0.6034 0.6068
vn -0.5797 0.5058 0.6389
vn -0.6368 0.3857 0.6676
vn -0.6822 0.2476 0.6880
vn -0.7092 0.0810 0.7004
vn -0.7064 -0.0520 0.7059
vn -0.7081 0.1993 0.6774
vn -0.6900 0.2797 0.6676
vn -0.6641 0.3790 0.6445
vn -0.6297 0.4582 0.6273
vn -0.5888 0.5449 0.5970
vn -0.5333 0.6289 0.5657
vn -0.4838 0.6840 0.5460
vn -0.4414 0.7205 0.5348
vn -0.3874 0.7432 0.5455
vn -0.3349 0.7356 0.5888
vn -0.2784 0.6623 0.6956
vn -0.2752 0.5740 0.7713
vn -0.2891 0.4844 0.8257
vn -0.3229 0.4010 0.8573
vn -0.3469 0.3039 0.8873
vn -0.3744 0.2019 0.9050
vn -0.3891 0.0817 0.9176
vn -0.3850 -0.0148 0.9228
vn -0.3795 -0.0490 0.9239
vn -0.7005 -0.0951 0.7073
vn -0.8780 -0.1214 0.4630
vn -0.9543 -0.1277 0.2702
vn -0.3762 -0.0644 0.9243
vn -0.9135 -0.1331 0.3844
vn -0.6979 -0.1066 0.7082
vn -0.3599 -0.2031 0.9106
vn -0.3459 -0.4260 0.8360
vn -0.5307 -0.4078 0.7430
vn -0.6794 -0.2140 0.7019
vn -0.6972 -0.3726 0.6124
vn -0.9005 -0.1994 0.3865
vn -0.8721 -0.2953 0.3901
vn -0.4989 -0.4830 0.7196
vn -0.8431 -0.3518 0.4067
vn -0.5083 -0.4364 0.7424
vn -0.8501 -0.3240 0.4152
vn -0.4979 -0.3003 0.8136
vn -0.8488 -0.1736 0.4994
vn -0.4794 -0.1694 0.8611
vn -0.8574 -0.2472 0.4514
vn -0.5892 -0.2592 0.7653
vn -0.3734 -0.2536 0.8923
vn -0.9004 -0.2411 0.3622
vn -0.7681 -0.2734 0.5791
vn -0.2296 -0.9669 0.1115
vn -0.4754 -0.8316 0.2873
vn -0.7261 -0.5380 0.4282
vn -0.4057 -0.5542 0.7268
vn -0.1119 -0.9638 0.2419
vn -0.2622 -0.8328 0.4876
vn -0.0000 -0.0000 1.0000
vn 0.2425 -0.0000 -0.9701
vn -0.9161 -0.1168 -0.3836
vn -0.3793 -0.0369 -0.9245
vn -0.3888 0.0133 -0.9212
vn -0.9235 -0.0420 -0.3812
vn -0.9176 0.1148 -0.3805
vn -0.8864 0.2801 -0.3686
vn -0.8316 0.4227 -0.3601
vn -0.7720 0.5360 -0.3417
vn -0.6961 0.6405 -0.3244
vn -0.6195 0.7251 -0.3006
vn -0.5609 0.7799 -0.2778
vn -0.5238 0.8116 -0.2589
vn -0.5125 0.8196 -0.2561
vn -0.5271 0.8039 -0.2754
vn -0.5500 0.7658 -0.3331
vn -0.5851 0.7199 -0.3735
vn -0.6283 0.6317 -0.4540
vn -0.6420 0.5481 -0.5361
vn -0.6753 0.4817 -0.5585
vn -0.6893 0.3758 -0.6194
vn -0.7049 0.2519 -0.6631
vn -0.7145 0.1734 -0.6778
vn -0.7012 0.2514 -0.6671
vn -0.6771 0.3732 -0.6342
vn -0.6527 0.4757 -0.5897
vn -0.6178 0.5413 -0.5704
vn -0.5845 0.6261 -0.5161
vn -0.5397 0.7017 -0.4651
vn -0.4969 0.7497 -0.4371
vn -0.4578 0.7834 -0.4204
vn -0.4300 0.7936 -0.4304
vn -0.4207 0.7760 -0.4701
vn -0.4335 0.7339 -0.5229
vn -0.4705 0.6742 -0.5692
vn -0.5263 0.5915 -0.6109
vn -0.5821 0.4949 -0.6452
vn -0.6327 0.3935 -0.6670
vn -0.6764 0.2683 -0.6859
vn -0.7037 0.1224 -0.6998
vn -0.7100 -0.0156 -0.7040
vn -0.7012 -0.0833 -0.7081
vn -0.6975 0.2509 -0.6713
vn -0.6647 0.3703 -0.6488
vn -0.6290 0.4690 -0.6200
vn -0.5925 0.5333 -0.6037
vn -0.5455 0.6120 -0.5726
vn -0.4868 0.6805 -0.5477
vn -0.4369 0.7230 -0.5351
vn -0.3764 0.7423 -0.5543
vn -0.3314 0.7376 -0.5884
vn -0.2939 0.6964 -0.6547
vn -0.2722 0.6303 -0.7271
vn -0.2758 0.5578 -0.7828
vn -0.2966 0.4752 -0.8284
vn -0.3161 0.3895 -0.8651
vn -0.3481 0.3109 -0.8844
vn -0.3677 0.2176 -0.9041
vn -0.3850 0.1117 -0.9161
vn -0.9154 -0.1279 -0.3816
vn -0.7007 -0.0942 -0.7072
vn -0.3781 -0.0504 -0.9244
vn -0.8763 -0.1654 -0.4524
vn -0.4222 -0.1402 -0.8956
vn -0.6864 -0.1643 -0.7084
vn -0.8431 -0.3464 -0.4114
vn -0.5014 -0.4716 -0.7254
vn -0.4968 -0.3604 -0.7895
vn -0.8416 -0.2851 -0.4587
vn -0.4996 -0.4763 -0.7235
vn -0.8429 -0.3512 -0.4077
vn -0.4993 -0.4814 -0.7204
vn -0.8435 -0.3481 -0.4091
vn -0.8563 -0.2918 -0.4262
vn -0.4804 -0.2198 -0.8490
vn -0.8480 -0.1983 -0.4915
vn -0.5176 -0.3742 -0.7695
vn -0.3704 -0.2820 -0.8851
vn -0.5830 -0.2903 -0.7588
vn -0.7613 -0.3042 -0.5726
vn -0.8936 -0.2696 -0.3589
vn -0.1904 -0.9198 -0.3432
vn -0.3476 -0.9187 -0.1875
vn -0.4112 -0.6140 -0.6737
vn -0.6770 -0.6201 -0.3964
vn 0.3793 -0.0370 0.9245
vn 0.3888 0.0132 0.9212
vn 0.7142 0.1920 0.6731
vn 0.7039 0.2525 0.6639
vn 0.6947 0.3503 0.6282
vn 0.6693 0.4642 0.5802
vn 0.6414 0.5789 0.5034
vn 0.6120 0.6674 0.4244
vn 0.5754 0.7232 0.3820
vn 0.5457 0.7770 0.3138
vn 0.5203 0.8122 0.2638
vn 0.5104 0.8211 0.2553
vn 0.5238 0.8115 0.2590
vn 0.5609 0.7799 0.2778
vn 0.6196 0.7251 0.3007
vn 0.6962 0.6404 0.3244
vn 0.7720 0.5359 0.3417
vn 0.8317 0.4226 0.3602
vn 0.8864 0.2799 0.3686
vn 0.9176 0.1146 0.3805
vn 0.9235 -0.0421 0.3812
vn 0.9161 -0.1169 0.3836
vn 0.7127 0.1920 0.6747
vn 0.7003 0.2520 0.6679
vn 0.6837 0.3479 0.6415
vn 0.6511 0.4595 0.6041
vn 0.6116 0.5701 0.5485
vn 0.5710 0.6550 0.4948
vn 0.5298 0.7092 0.4651
vn 0.4883 0.7598 0.4293
vn 0.4443 0.7894 0.4236
vn 0.4281 0.7951 0.4295
vn 0.4206 0.7759 0.4702
vn 0.4335 0.7338 0.5230
vn 0.4705 0.6741 0.5693
vn 0.5263 0.5914 0.6109
vn 0.5821 0.4949 0.6452
vn 0.6327 0.3934 0.6670
vn 0.6764 0.2682 0.6860
vn 0.7037 0.1223 0.6999
vn 0.7100 -0.0157 0.7040
vn 0.7012 -0.0833 0.7081
vn 0.7105 0.1916 0.6771
vn 0.6968 0.2515 0.6717
vn 0.6728 0.3456 0.6541
vn 0.6324 0.4544 0.6274
vn 0.5800 0.5596 0.5920
vn 0.5261 0.6383 0.5619
vn 0.4795 0.6886 0.5440
vn 0.4226 0.7297 0.5375
vn 0.3540 0.7415 0.5699
vn 0.3298 0.7389 0.5876
vn 0.2938 0.6963 0.6548
vn 0.2721 0.6301 0.7273
vn 0.2758 0.5577 0.7829
vn 0.2965 0.4751 0.8285
vn 0.3161 0.3895 0.8651
vn 0.3480 0.3108 0.8845
vn 0.3677 0.2176 0.9042
vn 0.3850 0.1117 0.9161
vn 0.9154 -0.1279 0.3816
vn 0.7007 -0.0942 0.7072
vn 0.3781 -0.0504 0.9244
vn 0.8763 -0.1654 0.4524
vn 0.4222 -0.1402 0.8956
vn 0.6864 -0.1643 0.7084
vn 0.8431 -0.3464 0.4114
vn 0.5014 -0.4716 0.7254
vn 0.4968 -0.3604 0.7895
vn 0.8416 -0.2851 0.4587
vn 0.4996 -0.4763 0.7235
vn 0.8435 -0.3481 0.4090
vn 0.8429 -0.3512 0.4077
vn 0.4993 -0.4814 0.7204
vn 0.8563 -0.2918 0.4262
vn 0.4803 -0.2198 0.8491
vn 0.8476 -0.1985 0.4921
vn 0.5176 -0.3742 0.7694
vn 0.3735 -0.2538 0.8922
vn 0.5893 -0.2592 0.7652
vn 0.7681 -0.2737 0.5789
vn 0.9020 -0.2463 0.3546
vn 0.2269 -0.9674 0.1122
vn 0.4719 -0.8328 0.2893
vn 0.7323 -0.5310 0.4264
vn 0.4211 -0.5429 0.7265
vn 0.1141 -0.9676 0.2254
vn 0.2818 -0.8360 0.4709
vn 0.3791 -0.0373 -0.9246
vn 0.3889 0.0134 -0.9212
vn 0.3857 0.1106 -0.9160
vn 0.3690 0.2164 -0.9039
vn 0.3495 0.3110 -0.8838
vn 0.3183 0.3887 -0.8647
vn 0.2982 0.4756 -0.8276
vn 0.2768 0.5586 -0.7819
vn 0.2723 0.6315 -0.7260
vn 0.2931 0.6978 -0.6536
vn 0.3292 0.7399 -0.5867
vn 0.3535 0.7423 -0.5693
vn 0.4220 0.7304 -0.5371
vn 0.4794 0.6888 -0.5438
vn 0.5261 0.6384 -0.5619
vn 0.5801 0.5596 -0.5919
vn 0.6323 0.4544 -0.6275
vn 0.6729 0.3458 -0.6539
vn 0.6968 0.2517 -0.6716
vn 0.7089 0.1915 -0.6788
vn 0.7119 0.1919 -0.6756
vn 0.7001 0.2520 -0.6681
vn 0.6841 0.3482 -0.6409
vn 0.6511 0.4593 -0.6042
vn 0.6119 0.5699 -0.5484
vn 0.5712 0.6550 -0.4948
vn 0.5299 0.7092 -0.4650
vn 0.4880 0.7602 -0.4288
vn 0.4441 0.7899 -0.4230
vn 0.4279 0.7957 -0.4286
vn 0.4204 0.7767 -0.4689
vn 0.4339 0.7345 -0.5217
vn 0.4716 0.6745 -0.5680
vn 0.5277 0.5914 -0.6097
vn 0.5835 0.4945 -0.6442
vn 0.6339 0.3931 -0.6661
vn 0.6773 0.2679 -0.6852
vn 0.7042 0.1218 -0.6995
vn 0.7101 -0.0150 -0.7039
vn 0.7010 -0.0835 -0.7082
vn 0.7153 0.1924 -0.6718
vn 0.7034 0.2524 -0.6645
vn 0.6947 0.3503 -0.6283
vn 0.6695 0.4638 -0.5802
vn 0.6419 0.5784 -0.5033
vn 0.6123 0.6671 -0.4243
vn 0.5756 0.7231 -0.3818
vn 0.5459 0.7771 -0.3133
vn 0.5203 0.8124 -0.2632
vn 0.5105 0.8213 -0.2544
vn 0.5240 0.8118 -0.2578
vn 0.5615 0.7799 -0.2766
vn 0.6205 0.7249 -0.2993
vn 0.6973 0.6399 -0.3230
vn 0.7727 0.5359 -0.3403
vn 0.8325 0.4219 -0.3590
vn 0.8867 0.2804 -0.3676
vn 0.9179 0.1146 -0.3800
vn 0.9236 -0.0410 -0.3811
vn 0.9160 -0.1169 -0.3838
vn 0.9150 -0.1268 -0.3831
vn 0.7009 -0.0944 -0.7070
vn 0.3781 -0.0496 -0.9244
vn 0.4344 -0.0721 -0.8978
vn 0.6974 -0.1240 -0.7059
vn 0.8861 -0.1292 -0.4452
vn 0.4520 -0.2305 -0.8617
vn 0.4984 -0.4110 -0.7633
vn 0.8411 -0.2204 -0.4939
vn 0.8419 -0.3172 -0.4365
vn 0.4993 -0.4815 -0.7204
vn 0.8429 -0.3512 -0.4076
vn 0.5083 -0.4364 -0.7424
vn 0.8501 -0.3240 -0.4152
vn 0.4979 -0.3003 -0.8136
vn 0.8488 -0.1737 -0.4993
vn 0.4793 -0.1694 -0.8611
vn 0.8574 -0.2472 -0.4514
vn 0.5893 -0.2592 -0.7652
vn 0.3735 -0.2538 -0.8922
vn 0.9019 -0.2467 -0.3546
vn 0.7680 -0.2733 -0.5791
vn 0.7322 -0.5324 -0.4247
vn 0.4057 -0.5542 -0.7268
vn 0.4754 -0.8316 -0.2873
vn 0.2296 -0.9669 -0.1115
vn 0.1119 -0.9638 -0.2419
vn 0.2622 -0.8328 -0.4876
vn -0.1144 -0.9488 -0.2945
vn -0.2344 -0.9403 0.2467
vn -0.2044 -0.9445 0.2574
vn -0.1597 -0.9786 0.1302
vn -0.1457 -0.9812 0.1263
vn -0.1348 -0.9842 0.1145
vn -0.0967 -0.9953 -0.0080
vn -0.1148 -0.9855 0.1246
vn -0.0986 -0.9599 0.2625
vn -0.0543 -0.9974 0.0470
vn -0.0733 -0.9806 0.1816
vn 0.0020 -0.9966 0.0818
vn 0.0045 -0.9918 0.1278
vn 0.0603 0.9936 0.0958
vn 0.0513 0.9883 0.1434
vn 0.0834 0.9962 0.0267
vn -0.0000 0.9949 0.1004
vn -0.0000 0.9953 0.0965
vn 0.0246 0.9946 0.1005
vn 0.0261 0.9950 0.0964
vn 0.0445 0.9939 0.1010
vn 0.0476 0.9943 0.0956
vn 0.0706 0.9961 0.0530
vn 0.0856 0.9962 0.0169
vn 0.1176 -0.0303 0.9926
vn 0.1060 0.0761 0.9915
vn 0.0521 0.0866 0.9949
vn -0.0001 0.0914 0.9958
vn 0.0033 -0.1014 0.9948
vn 0.0729 -0.0994 0.9924
vn -0.0649 0.0714 0.9953
vn -0.0477 -0.0858 0.9952
vn -0.1142 -0.0043 0.9934
vn -0.1141 -0.0321 0.9929
vn -0.0253 0.9950 0.0970
vn -0.0331 0.9808 0.1923
vn -0.0473 0.9940 0.0985
vn -0.0420 0.9868 0.1561
vn -0.0481 0.9916 0.1203
vn -0.0238 0.9947 0.1001
vn -0.0419 0.9969 0.0663
vn -0.0436 0.9942 0.0985
vn 0.0734 -0.9918 0.1043
vn 0.0588 -0.9878 0.1441
vn 0.0953 -0.9839 0.1513
vn 0.1188 -0.9851 0.1241
vn 0.0962 -0.9953 -0.0103
vn 0.1387 -0.9831 0.1194
vn 0.1620 -0.9634 0.2136
vn 0.1848 -0.9576 0.2209
vn 0.1130 -0.9478 -0.2981
vn 0.1881 -0.9819 -0.0231
vn 0.1791 -0.9815 0.0680
vn 0.1696 -0.1259 0.9774
vn 0.3097 -0.0851 0.9470
vn 0.2834 0.0209 0.9588
vn 0.2599 -0.1034 0.9601
vn 0.2430 0.0919 0.9657
vn 0.2181 -0.0641 0.9738
vn 0.1747 0.0690 0.9822
vn 0.1462 0.0910 0.9851
vn -0.1757 -0.2243 0.9585
vn -0.1121 0.0269 0.9933
vn -0.1097 0.2333 0.9662
vn -0.1677 -0.1160 0.9790
vn -0.1854 -0.1175 0.9756
vn -0.1512 0.1084 0.9825
vn -0.1554 0.0378 0.9871
vn -0.2019 -0.0475 0.9783
vn -0.2166 -0.0780 0.9731
vn -0.2635 -0.1329 0.9555
vn -0.2305 -0.0245 0.9728
vn -0.2659 -0.0092 0.9640
vn -0.3352 -0.0899 0.9378
vn -0.2815 -0.0360 0.9589
vn -0.4088 -0.4220 0.8092
vn -0.1292 -0.1828 0.9746
vn -0.1474 -0.5796 0.8015
vn -0.1383 -0.4188 0.8975
vn -0.1995 -0.4859 0.8509
vn -0.1326 -0.8955 0.4249
vn -0.2723 -0.8356 0.4772
vn -0.3335 -0.8198 0.4656
vn -0.2662 -0.9331 0.2419
vn -0.3588 0.0076 0.9334
vn -0.3920 -0.7595 0.5192
vn -0.3530 -0.8300 0.4318
vn -0.3685 -0.4696 0.8023
vn -0.4918 -0.5238 0.6955
vn -0.4307 -0.6693 0.6055
vn -0.4129 -0.6200 0.6672
vn -0.4898 -0.4093 0.7698
vn -0.5301 -0.5838 0.6150
vn -0.4277 0.1668 0.8884
vn -0.6061 -0.0993 0.7892
vn -0.6284 -0.1824 0.7562
vn -0.5942 -0.2080 0.7769
vn -0.5714 -0.3434 0.7453
vn -0.5236 -0.5227 0.6728
vn -0.2086 -0.8484 0.4866
vn -0.1855 -0.8562 0.4822
vn -0.1539 -0.7129 0.6841
vn -0.2215 -0.4879 0.8443
vn -0.2925 -0.4802 0.8269
vn -0.0729 -0.9201 0.3848
vn -0.0773 -0.7020 0.7080
vn 0.0062 -0.3363 0.9418
vn -0.0697 -0.3798 0.9224
vn 0.0065 -0.5527 0.8334
vn 0.0062 -0.7200 0.6939
vn 0.0054 -0.8998 0.4364
vn 0.0858 -0.9192 0.3842
vn 0.0910 -0.7016 0.7068
vn 0.0825 -0.3803 0.9212
vn 0.1325 -0.1816 0.9744
vn 0.1444 -0.4180 0.8969
vn 0.1525 -0.5783 0.8014
vn 0.1555 -0.7136 0.6831
vn 0.1394 -0.8955 0.4228
vn 0.3514 -0.7616 0.5445
vn 0.4383 -0.6593 0.6109
vn 0.3069 -0.9367 0.1686
vn 0.4042 -0.6798 0.6120
vn 0.4497 -0.7521 0.4819
vn 0.1923 -0.8546 0.4823
vn 0.2081 -0.4862 0.8487
vn 0.3124 -0.4795 0.8200
vn 0.3531 -0.5712 0.7410
vn 0.4007 -0.8284 0.3915
vn 0.4197 -0.7705 0.4798
vn 0.4078 -0.6706 0.6197
vn 0.3486 -0.7462 0.5671
vn 0.2917 -0.8306 0.4744
vn 0.2494 -0.4856 0.8378
vn 0.2342 -0.8434 0.4836
vn 0.3035 -0.8554 0.4197
vn -0.0440 0.3758 0.9256
vn 0.0041 0.9220 0.3872
vn -0.0763 0.5514 0.8308
vn -0.0718 0.7141 0.6964
vn -0.1173 0.6018 0.7900
vn -0.1887 -0.4579 0.8687
vn 0.0647 0.9929 0.0994
vn 0.0367 0.9795 0.1983
vn 0.0218 0.9580 0.2858
vn -0.0048 0.9079 0.4192
vn -0.0768 0.5470 0.8336
vn 0.0049 0.9216 0.3880
vn -0.0222 0.7020 0.7119
vn -0.0000 0.9216 0.3882
vn -0.0001 0.7018 0.7124
vn -0.0001 0.3750 0.9270
vn 0.2713 0.3118 0.9106
vn 0.1759 0.7095 0.6824
vn 0.2327 0.3899 0.8910
vn 0.1499 0.8729 0.4643
vn 0.1648 0.8527 0.4958
vn 0.1710 0.7540 0.6342
vn 0.0641 0.7078 0.7035
vn 0.0584 0.6205 0.7820
vn 0.0919 0.3265 0.9407
vn 0.0034 0.9245 0.3812
vn -0.0056 0.9311 0.3646
vn 0.0227 0.8226 0.5682
vn -0.0305 0.9851 0.1693
vn 0.0083 0.9568 0.2905
vn 0.0351 0.9235 0.3819
vn 0.0187 0.9251 0.3794
vn 0.1084 0.8563 0.5051
vn 0.1493 0.7132 0.6848
vn 0.1821 0.8058 0.5635
vn 0.1637 0.8520 0.4973
vn 0.0075 0.9241 0.3822
vn 0.1150 0.3836 0.9163
vn 0.1434 0.3836 0.9123
vn 0.1917 0.3831 0.9036
vn 0.1142 0.7091 0.6958
vn 0.0818 0.7081 0.7013
vn -0.0056 0.9218 0.3876
vn 0.0199 0.7022 0.7117
vn 0.0425 0.3749 0.9261
vn -0.0636 -0.8598 -0.5066
vn -0.1530 -0.5105 0.8462
vn -0.0862 -0.9944 -0.0611
vn -0.0571 -0.9449 -0.3224
vn -0.0424 -0.9991 -0.0007
vn -0.0536 -0.9936 0.0990
vn -0.0218 -0.9960 0.0871
vn -0.0052 -1.0000 -0.0068
vn -0.0000 -0.9991 0.0420
vn 0.2742 -0.9533 -0.1269
vn 0.1606 -0.8892 -0.4285
vn 0.3482 -0.9374 0.0032
vn 0.5443 -0.8175 0.1884
vn 0.4084 -0.9114 -0.0509
vn 0.3874 -0.9204 -0.0530
vn 0.3902 -0.9173 0.0789
vn -0.4534 -0.8907 0.0330
vn -0.5373 -0.8240 0.1800
vn -0.4307 -0.8955 0.1121
vn -0.3449 -0.8899 0.2985
vn -0.2933 -0.9543 -0.0577
vn -0.2085 -0.9309 -0.2998
vn -0.4229 -0.7595 0.4943
vn -0.3437 -0.9376 -0.0524
vn -0.2494 -0.9232 -0.2923
vn -0.4461 -0.8919 0.0745
vn 0.2108 0.9767 -0.0405
vn 0.1746 0.9785 0.1093
vn 0.1546 0.9821 0.1073
vn -0.0000 0.9991 0.0421
vn -0.0010 1.0000 0.0061
vn 0.0150 0.9949 0.0993
vn 0.0304 0.9994 -0.0185
vn 0.0398 0.9918 0.1212
vn 0.0648 0.9979 0.0047
vn 0.0695 0.9919 0.1060
vn 0.1092 0.9865 -0.1217
vn 0.0973 0.9908 0.0941
vn 0.1206 0.9927 0.0009
vn 0.1109 0.9889 0.0991
vn 0.1232 0.9873 0.1006
vn 0.1477 0.9890 -0.0030
vn 0.1745 0.9822 -0.0691
vn 0.1732 0.9847 -0.0174
vn 0.1189 0.9748 0.1889
vn 0.1662 0.9777 0.1285
vn 0.1722 0.9770 0.1259
vn -0.2064 0.9783 -0.0169
vn -0.1785 0.9780 0.1077
vn -0.2335 0.9723 -0.0040
vn -0.1845 0.9779 0.0978
vn -0.1117 0.9739 0.1974
vn -0.0183 0.9908 0.1338
vn -0.0393 0.9971 -0.0645
vn -0.0484 0.9942 0.0960
vn -0.0613 0.9981 0.0054
vn -0.0678 0.9890 0.1316
vn -0.0986 0.9944 -0.0371
vn -0.1062 0.9942 -0.0183
vn -0.1146 0.9934 0.0012
vn -0.1075 0.9889 0.1026
vn -0.1339 0.9909 -0.0117
vn -0.1233 0.9844 0.1256
vn -0.1716 0.9842 -0.0425
vn -0.1522 0.9812 0.1185
vn -0.1774 0.9791 0.0994
vn 0.0115 -0.9949 0.1003
vn 0.0274 -0.9898 0.1400
vn 0.0442 -0.9990 0.0025
vn 0.0761 -0.9897 0.1209
vn 0.0974 -0.9905 0.0973
vn 0.1146 -0.9927 0.0368
vn 0.1565 -0.9688 0.1922
vn 0.0413 -0.7990 -0.5999
vn -0.0014 -0.0854 0.9963
vn 0.0004 0.0843 0.9964
vn -0.0071 -0.1012 0.9948
vn -0.0189 0.0904 0.9957
vn -0.0491 -0.0919 0.9946
vn -0.0569 0.0968 0.9937
vn -0.0895 -0.0995 0.9910
vn -0.0786 0.0977 0.9921
vn -0.1059 -0.0043 0.9944
vn -0.0872 0.2179 0.9721
vn -0.1525 -0.0957 0.9837
vn -0.1365 0.0915 0.9864
vn -0.2176 -0.0798 0.9728
vn -0.1635 0.0846 0.9829
vn -0.3045 -0.3128 0.8997
vn -0.2073 0.0889 0.9742
vn -0.2324 0.1948 0.9529
vn -0.3080 -0.0720 0.9486
vn -0.3622 -0.0815 0.9285
vn -0.3135 0.0986 0.9445
vn -0.3939 0.0464 0.9180
vn -0.4725 -0.0809 0.8776
vn -0.4437 0.1029 0.8903
vn -0.4948 0.0226 0.8687
vn 0.4601 -0.0716 0.8850
vn 0.4940 0.0227 0.8692
vn 0.4401 0.1005 0.8923
vn 0.3651 -0.0837 0.9272
vn 0.3959 0.0437 0.9173
vn 0.3142 0.0992 0.9441
vn 0.3075 -0.0741 0.9486
vn 0.2320 0.1948 0.9530
vn 0.3078 -0.3135 0.8983
vn 0.2111 0.0955 0.9728
vn 0.2151 -0.0894 0.9725
vn 0.1641 0.0899 0.9823
vn 0.1504 -0.0938 0.9842
vn 0.1337 0.0937 0.9866
vn 0.1074 -0.0028 0.9942
vn 0.0883 0.2171 0.9721
vn 0.0896 -0.0994 0.9910
vn 0.0787 0.0976 0.9921
vn 0.0557 0.0965 0.9938
vn 0.0249 0.0802 0.9965
vn 0.0096 -0.0952 0.9954
vn 0.0430 -0.0807 0.9958
vn -0.0535 0.3833 0.9221
vn -0.0010 0.9833 0.1822
vn 0.0003 0.9292 0.3696
vn 0.0104 0.9228 0.3851
vn 0.0013 0.8250 0.5652
vn -0.0014 0.7050 0.7092
vn 0.0010 0.6236 0.7818
vn -0.0124 0.3803 0.9248
vn 0.0012 0.3305 0.9438
vn -0.3566 0.4040 0.8424
vn -0.2172 0.7870 0.5774
vn -0.2384 0.7318 0.6385
vn -0.5220 0.1135 0.8454
vn -0.5132 0.0182 0.8581
vn -0.1952 0.7288 0.6563
vn -0.1994 0.8031 0.5615
vn -0.2828 0.3948 0.8742
vn -0.2262 0.3864 0.8942
vn -0.1513 0.3880 0.9092
vn -0.1135 0.3829 0.9168
vn -0.0854 0.3819 0.9203
vn -0.1260 0.7203 0.6821
vn -0.0871 0.7125 0.6962
vn -0.0501 0.7084 0.7040
vn -0.0266 0.7069 0.7068
vn -0.0168 0.7056 0.7084
vn 0.0170 0.9305 0.3658
vn 0.0522 0.9254 0.3753
vn 0.0655 0.9221 0.3813
vn 0.0693 0.9200 0.3858
vn 0.0646 0.9204 0.3857
vn 0.0539 0.9216 0.3843
vn -0.0353 0.3802 0.9242
vn -0.0109 0.7055 0.7087
vn -0.0061 0.7051 0.7090
vn 0.0378 0.9219 0.3857
vn 0.0240 0.9226 0.3851
vn -0.0093 -0.3859 0.9225
vn -0.0098 -0.3316 0.9434
vn 0.0176 -0.8210 0.5706
vn 0.0005 -0.6256 0.7802
vn -0.0186 -0.7026 0.7113
vn -0.0262 -0.9231 0.3837
vn 0.0079 -0.9319 0.3627
vn 0.0107 -0.9821 0.1881
vn -0.1882 -0.9543 0.2321
vn -0.1832 -0.9057 0.3823
vn -0.1888 -0.9537 0.2343
vn -0.2435 -0.6324 0.7354
vn -0.2935 -0.7906 0.5373
vn -0.1763 -0.9722 -0.1543
vn -0.3359 -0.5674 0.7519
vn -0.3761 -0.8547 0.3579
vn -0.3376 -0.5837 0.7385
vn -0.6218 -0.6952 0.3607
vn -0.6486 -0.6235 0.4366
vn -0.6202 -0.5725 0.5363
vn -0.6644 -0.5535 0.5022
vn -0.5379 -0.3239 0.7783
vn -0.6072 -0.3284 0.7235
vn -0.6478 -0.4857 0.5868
vn -0.5626 -0.7748 0.2883
vn -0.5163 -0.7971 0.3133
vn -0.4466 -0.8289 0.3368
vn -0.3459 -0.8863 0.3080
vn -0.3592 -0.3533 0.8638
vn -0.4413 -0.3296 0.8346
vn -0.1864 -0.3771 0.9072
vn -0.2633 -0.3674 0.8920
vn -0.1566 -0.9686 0.1931
vn -0.1196 -0.9172 0.3801
vn -0.0610 -0.9216 0.3833
vn -0.0656 -0.7056 0.7056
vn -0.1279 -0.7014 0.7012
vn -0.2024 -0.6922 0.6928
vn -0.2940 -0.6739 0.6778
vn -0.3852 -0.6491 0.6559
vn -0.4744 -0.6189 0.6260
vn -0.5600 -0.5927 0.5789
vn -0.0602 -0.3833 0.9217
vn -0.1127 -0.3838 0.9165
vn -0.1593 -0.7160 0.6797
vn 0.0113 0.3806 0.9247
vn -0.0000 0.7048 0.7094
vn 0.2050 0.7270 0.6554
vn 0.1793 0.8198 0.5438
vn 0.1623 0.8246 0.5419
vn 0.3647 0.4104 0.8358
vn 0.4828 0.2954 0.8244
vn 0.5237 0.0785 0.8482
vn 0.2264 0.3864 0.8941
vn 0.2831 0.3947 0.8741
vn 0.0854 0.3819 0.9202
vn 0.1135 0.3829 0.9168
vn 0.1513 0.3880 0.9092
vn -0.0171 0.9305 0.3659
vn -0.0521 0.9254 0.3754
vn -0.0655 0.9221 0.3813
vn -0.0692 0.9200 0.3859
vn -0.0646 0.9204 0.3857
vn -0.0566 0.9217 0.3836
vn -0.0372 0.9221 0.3852
vn -0.0240 0.9226 0.3851
vn -0.0105 0.9225 0.3858
vn 0.0061 0.7051 0.7091
vn 0.0109 0.7055 0.7087
vn 0.0168 0.7056 0.7084
vn 0.0266 0.7069 0.7068
vn 0.0502 0.7084 0.7040
vn 0.0872 0.7125 0.6962
vn 0.1262 0.7203 0.6821
vn 0.0353 0.3801 0.9243
vn 0.0534 0.3833 0.9221
vn 0.0127 -0.9217 0.3877
vn 0.5378 -0.3241 0.7783
vn 0.6066 -0.1279 0.7847
vn 0.6233 -0.5689 0.5365
vn 0.6489 -0.6226 0.4374
vn 0.6071 -0.7275 0.3195
vn 0.3488 -0.8521 0.3903
vn 0.3760 -0.8547 0.3579
vn 0.3489 -0.8493 0.3963
vn 0.3211 -0.4382 0.8396
vn 0.2933 -0.7923 0.5350
vn 0.1712 -0.9525 -0.2517
vn 0.2107 -0.2878 0.9342
vn 0.2228 -0.8652 0.4492
vn 0.1829 -0.9069 0.3796
vn 0.2219 -0.8686 0.4431
vn 0.1852 -0.9576 0.2208
vn 0.4466 -0.8289 0.3369
vn 0.5165 -0.7969 0.3134
vn 0.5628 -0.7747 0.2883
vn 0.6710 -0.5108 0.5374
vn 0.4415 -0.3294 0.8346
vn 0.3593 -0.3532 0.8638
vn 0.2632 -0.3673 0.8921
vn 0.1864 -0.3771 0.9072
vn 0.1593 -0.7160 0.6797
vn 0.1127 -0.3838 0.9165
vn 0.0602 -0.3832 0.9217
vn 0.0193 -0.3821 0.9239
vn 0.0095 -0.7135 0.7006
vn 0.0656 -0.7056 0.7056
vn 0.1279 -0.7014 0.7012
vn 0.2024 -0.6921 0.6928
vn 0.2940 -0.6739 0.6778
vn 0.3853 -0.6490 0.6560
vn 0.4745 -0.6188 0.6261
vn 0.5603 -0.5924 0.5789
vn 0.0610 -0.9216 0.3833
vn 0.1196 -0.9172 0.3801
vn 0.0006 -0.9926 0.1217
vn 0.0014 -0.9913 0.1313
vn -0.0459 -0.9947 0.0922
vn -0.2491 -0.9668 0.0577
vn -0.2661 -0.9624 0.0542
vn -0.2131 -0.9693 0.1225
vn -0.2776 -0.9588 0.0598
vn -0.3215 -0.9182 0.2316
vn -0.0813 -0.9736 0.2133
vn -0.1135 -0.9881 0.1036
vn -0.1526 -0.9808 0.1218
vn -0.1627 -0.9781 0.1296
vn -0.2114 -0.9688 0.1296
vn -0.0056 0.9964 0.0840
vn -0.0002 0.9949 0.1007
vn 0.0151 0.9902 0.1389
vn 0.0394 0.9953 0.0890
vn 0.0258 0.9928 0.1166
vn -0.0035 0.9401 0.3409
vn 0.0445 0.9860 0.1608
vn 0.0430 0.9839 0.1736
vn -0.0289 0.9991 -0.0319
vn -0.0398 0.9944 0.0982
vn -0.0459 0.9941 0.0984
vn -0.0466 0.9881 0.1463
vn -0.0304 0.9810 0.1916
vn 0.1513 -0.9803 0.1267
vn 0.1065 -0.9908 0.0835
vn 0.0770 -0.9821 0.1716
vn 0.0450 -0.9948 0.0913
vn 0.2257 -0.9524 0.2050
vn 0.3024 -0.9294 0.2115
vn 0.2666 -0.9631 0.0371
vn 0.2484 -0.9668 0.0594
vn 0.1888 -0.9792 0.0746
vn 0.1304 -0.9915 -0.0041
vn -0.1853 0.0660 0.9805
vn -0.2359 0.0091 0.9717
vn -0.1792 -0.0692 0.9814
vn -0.0958 0.0900 0.9913
vn -0.1449 -0.0953 0.9849
vn -0.1000 -0.1223 0.9874
vn -0.0502 0.0876 0.9949
vn -0.0758 -0.1304 0.9886
vn -0.0250 0.0973 0.9949
vn -0.0363 -0.1322 0.9906
vn 0.0011 -0.1320 0.9912
vn 0.0080 0.1959 0.9806
vn 0.1763 0.1622 0.9709
vn 0.2002 -0.1326 0.9707
vn 0.2145 0.0561 0.9751
vn 0.2524 -0.0605 0.9657
vn 0.1311 -0.1340 0.9823
vn 0.0825 0.2129 0.9736
vn 0.1293 -0.1015 0.9864
vn 0.0677 -0.1111 0.9915
vn 0.0640 0.0926 0.9936
vn 0.0389 -0.1123 0.9929
vn 0.4634 -0.8168 0.3436
vn 0.4301 -0.8662 0.2544
vn 0.4120 -0.8675 0.2787
vn 0.3459 -0.7443 0.5713
vn 0.2619 -0.4747 0.8403
vn 0.2788 -0.3218 0.9048
vn 0.3772 -0.2696 0.8860
vn 0.3827 -0.3085 0.8709
vn 0.3488 -0.3211 0.8805
vn 0.4437 -0.7796 0.4420
vn 0.4090 -0.8119 0.4165
vn 0.4168 -0.8323 0.3654
vn 0.3295 -0.9209 0.2083
vn 0.3627 -0.8783 0.3115
vn 0.4027 -0.8675 0.2920
vn 0.4332 -0.8300 0.3513
vn 0.3294 -0.9187 0.2180
vn 0.3809 -0.2659 0.8856
vn 0.3767 -0.2670 0.8870
vn 0.3033 -0.9336 0.1910
vn 0.2864 -0.8259 0.4857
vn 0.2084 -0.8438 0.4946
vn 0.1780 -0.4884 0.8543
vn 0.1079 -0.4981 0.8604
vn 0.0490 -0.5013 0.8639
vn 0.0014 -0.5013 0.8653
vn 0.3471 -0.3187 0.8820
vn 0.1193 -0.8575 0.5005
vn 0.0555 -0.8647 0.4993
vn 0.0016 -0.8659 0.5003
vn 0.1312 -0.4121 0.9017
vn -0.3673 -0.8068 0.4627
vn -0.4217 -0.7871 0.4502
vn -0.5163 -0.7441 0.4239
vn -0.4460 -0.8127 0.3749
vn -0.4390 -0.7955 0.4178
vn -0.3956 -0.8125 0.4282
vn -0.2941 -0.2453 0.9238
vn -0.3628 -0.5692 0.7378
vn -0.3223 -0.4710 0.8212
vn -0.3719 -0.6535 0.6592
vn -0.4068 -0.7330 0.5452
vn -0.3311 -0.8164 0.4732
vn -0.2855 -0.8269 0.4844
vn -0.2296 -0.8402 0.4912
vn -0.1743 -0.8517 0.4942
vn -0.1227 -0.8588 0.4973
vn -0.0573 -0.8647 0.4990
vn -0.2616 -0.4741 0.8407
vn -0.2003 -0.4848 0.8514
vn -0.1489 -0.4917 0.8579
vn -0.1054 -0.4981 0.8607
vn -0.0503 -0.5017 0.8636
vn 0.1912 0.9036 0.3834
vn 0.1941 0.9282 0.3173
vn 0.2279 0.8720 0.4332
vn 0.0103 0.9221 0.3869
vn 0.0111 0.3813 0.9244
vn 0.0483 0.3848 0.9217
vn 0.0255 0.7042 0.7096
vn 0.0065 0.6401 0.7683
vn -0.0108 0.9220 0.3870
vn -0.0035 0.9325 0.3612
vn 0.1085 0.9093 0.4018
vn 0.1077 0.9148 0.3892
vn 0.1378 0.8547 0.5005
vn 0.1426 0.8871 0.4391
vn 0.1596 0.8957 0.4150
vn 0.2108 0.8984 0.3853
vn 0.2271 0.4220 0.8777
vn 0.0931 0.7056 0.7025
vn 0.1729 0.6352 0.7527
vn 0.1622 0.4005 0.9018
vn 0.1730 0.6352 0.7527
vn 0.1734 0.6348 0.7530
vn 0.1648 0.6404 0.7501
vn 0.0163 0.8182 0.5747
vn -0.0071 0.7057 0.7085
vn -0.1366 0.3839 0.9132
vn -0.1653 0.4940 0.8536
vn -0.1257 0.7961 0.5920
vn -0.0742 0.8418 0.5347
vn -0.0801 0.7077 0.7020
vn -0.1108 0.7349 0.6690
vn -0.1454 0.8851 0.4421
vn -0.1555 0.8402 0.5195
vn -0.0525 0.9247 0.3770
vn -0.2110 0.8614 0.4619
vn -0.2515 0.8522 0.4588
vn -0.2324 0.8998 0.3692
vn -0.2498 0.8998 0.3576
vn -0.0739 0.3815 0.9214
vn -0.0405 0.3809 0.9237
vn -0.0175 0.3807 0.9245
vn -0.0157 0.7056 0.7084
vn -0.0323 0.7059 0.7076
vn -0.0049 0.9225 0.3859
vn 0.0143 0.9227 0.3853
vn 0.0116 0.9229 0.3850
vn 0.0051 0.9230 0.3847
vn -0.1139 0.8959 0.4295
vn -0.3771 0.3888 0.8406
vn -0.2132 -0.9693 -0.1225
vn -0.2114 -0.9688 -0.1296
vn -0.1639 -0.9784 -0.1259
vn -0.1632 -0.9780 -0.1301
vn -0.1231 -0.9885 -0.0879
vn -0.1139 -0.9865 -0.1174
vn -0.0805 -0.9736 -0.2138
vn -0.0459 -0.9947 -0.0921
vn 0.0006 -0.9926 -0.1217
vn 0.0014 -0.9913 -0.1313
vn -0.3120 -0.9184 -0.2433
vn -0.2774 -0.9589 -0.0598
vn -0.2661 -0.9624 -0.0542
vn -0.2491 -0.9667 -0.0577
vn -0.0054 0.9950 -0.1002
vn -0.0083 0.9963 -0.0859
vn 0.0150 0.9902 -0.1388
vn 0.0379 0.9954 -0.0879
vn 0.0258 0.9928 -0.1166
vn 0.0450 0.9926 -0.1124
vn 0.0585 0.9948 -0.0829
vn 0.0520 0.9901 -0.1301
vn -0.0092 0.9433 -0.3319
vn -0.0364 0.9943 -0.1006
vn -0.0411 0.9943 -0.0981
vn -0.0465 0.9881 -0.1463
vn -0.0448 0.9770 -0.2084
vn 0.1888 -0.9792 -0.0745
vn 0.2257 -0.9524 -0.2050
vn 0.1513 -0.9803 -0.1267
vn 0.0450 -0.9948 -0.0912
vn 0.2484 -0.9668 -0.0595
vn 0.2727 -0.9601 -0.0615
vn 0.3073 -0.9234 -0.2301
vn 0.0770 -0.9822 -0.1716
vn 0.1065 -0.9908 -0.0835
vn 0.1304 -0.9915 0.0041
vn -0.0525 0.0920 -0.9944
vn -0.0244 0.0976 -0.9949
vn -0.0350 -0.1331 -0.9905
vn 0.0088 0.1953 -0.9807
vn 0.0010 -0.1319 -0.9913
vn -0.0958 0.0902 -0.9913
vn -0.1792 -0.0693 -0.9814
vn -0.1853 0.0660 -0.9805
vn -0.2355 0.0091 -0.9718
vn -0.0764 -0.1306 -0.9885
vn -0.1001 -0.1224 -0.9874
vn -0.1449 -0.0952 -0.9849
vn 0.2145 0.0560 -0.9751
vn 0.2524 -0.0606 -0.9657
vn 0.2025 -0.1326 -0.9703
vn 0.0388 -0.1127 -0.9929
vn 0.0679 -0.1114 -0.9915
vn 0.0641 0.0921 -0.9937
vn 0.1278 -0.1071 -0.9860
vn 0.0820 0.2123 -0.9738
vn 0.0975 0.4219 -0.9014
vn 0.1763 0.1622 -0.9709
vn 0.3213 -0.5244 -0.7885
vn 0.3435 -0.6147 -0.7100
vn 0.2628 -0.4778 -0.8382
vn 0.4020 -0.8677 -0.2922
vn 0.4121 -0.8350 -0.3647
vn 0.4430 -0.7800 -0.4420
vn 0.5090 -0.7634 -0.3976
vn 0.4592 -0.8168 -0.3493
vn 0.4131 -0.8670 -0.2787
vn 0.4336 -0.8299 -0.3511
vn 0.3858 -0.8556 -0.3451
vn 0.3272 -0.9109 -0.2513
vn 0.3809 -0.8218 -0.4237
vn 0.3457 -0.7987 -0.4925
vn 0.4121 -0.8051 -0.4266
vn 0.4002 -0.7054 -0.5850
vn 0.3892 -0.6489 -0.6538
vn 0.2865 -0.8258 -0.4857
vn 0.2085 -0.8438 -0.4946
vn 0.1311 -0.4120 -0.9017
vn 0.1193 -0.8575 -0.5005
vn 0.0555 -0.8647 -0.4992
vn 0.0016 -0.8658 -0.5003
vn 0.1780 -0.4884 -0.8543
vn 0.1079 -0.4981 -0.8604
vn 0.0490 -0.5014 -0.8638
vn 0.0014 -0.5013 -0.8653
vn -0.4697 -0.7761 -0.4208
vn -0.4370 -0.8563 -0.2752
vn -0.4461 -0.8126 -0.3750
vn -0.2616 -0.4741 -0.8407
vn -0.3220 -0.4710 -0.8213
vn -0.3722 -0.6530 -0.6596
vn -0.3626 -0.5690 -0.7381
vn -0.2932 -0.2452 -0.9241
vn -0.3308 -0.8165 -0.4732
vn -0.3674 -0.8068 -0.4627
vn -0.4206 -0.7876 -0.4503
vn -0.3958 -0.8123 -0.4283
vn -0.4067 -0.7331 -0.5451
vn -0.2003 -0.4848 -0.8514
vn -0.1489 -0.4918 -0.8579
vn -0.1054 -0.4980 -0.8607
vn -0.0503 -0.5017 -0.8636
vn -0.2856 -0.8269 -0.4845
vn -0.2295 -0.8403 -0.4911
vn -0.1743 -0.8517 -0.4942
vn -0.1227 -0.8588 -0.4974
vn -0.0573 -0.8647 -0.4989
vn 0.1730 0.8976 -0.4053
vn 0.0774 0.9180 -0.3889
vn 0.0943 0.9278 -0.3608
vn -0.0109 0.9220 -0.3869
vn -0.0033 0.9325 -0.3612
vn 0.0256 0.7043 -0.7094
vn 0.0057 0.6399 -0.7684
vn 0.0483 0.3846 -0.9218
vn 0.0111 0.3820 -0.9241
vn 0.0367 0.9230 -0.3830
vn 0.0972 0.8085 -0.5804
vn 0.0848 0.7082 -0.7009
vn 0.1348 0.6881 -0.7130
vn 0.1554 0.3956 -0.9052
vn 0.1949 0.3953 -0.8976
vn 0.2093 0.9283 -0.3072
vn 0.1949 0.9282 -0.3169
vn 0.1972 0.9011 -0.3862
vn 0.2088 0.8987 -0.3856
vn 0.1789 0.8854 -0.4290
vn 0.1758 0.8638 -0.4721
vn 0.1237 0.8551 -0.5036
vn 0.0104 0.9221 -0.3869
vn 0.2270 0.4225 -0.8775
vn -0.0527 0.9243 -0.3781
vn -0.1436 0.8836 -0.4456
vn -0.1652 0.4940 -0.8536
vn -0.1110 0.7343 -0.6697
vn -0.1365 0.3839 -0.9132
vn -0.0742 0.8419 -0.5345
vn -0.1246 0.7964 -0.5918
vn -0.0807 0.7081 -0.7015
vn -0.0175 0.3816 -0.9241
vn -0.0064 0.7053 -0.7089
vn -0.0057 0.9224 -0.3862
vn 0.0144 0.9227 -0.3852
vn 0.0116 0.9228 -0.3851
vn 0.0049 0.9230 -0.3847
vn -0.0157 0.7055 -0.7086
vn -0.0322 0.7060 -0.7074
vn -0.1457 0.8682 -0.4743
vn -0.1048 0.8992 -0.4248
vn -0.2479 0.8528 -0.4596
vn -0.2306 0.9002 -0.3695
vn -0.2565 0.8544 -0.4519
vn -0.0405 0.3807 -0.9238
vn -0.0739 0.3818 -0.9213
vn -0.5177 0.0548 -0.8538
vn -0.6429 -0.2366 -0.7285
vn -0.5612 0.2329 -0.7942
vn -0.4870 0.1290 -0.8638
vn -0.5273 0.3310 -0.7826
vn -0.3712 0.3171 -0.8727
vn -0.4310 0.3109 -0.8471
vn -0.4871 0.3228 -0.8115
vn -0.5075 -0.0008 -0.8616
vn -0.6200 -0.3300 -0.7119
vn -0.3269 -0.4812 -0.8134
vn -0.2675 -0.1305 -0.9547
vn -0.3369 -0.1311 -0.9323
vn -0.5942 -0.4064 -0.6941
vn -0.4049 -0.5086 -0.7599
vn -0.4712 -0.5050 -0.7232
vn -0.5455 -0.4712 -0.6931
vn -0.3964 -0.1192 -0.9103
vn -0.4586 -0.0848 -0.8846
vn -0.4938 -0.0441 -0.8684
vn -0.1349 0.6752 -0.7252
vn 0.0466 0.9175 -0.3949
vn -0.0722 0.8415 -0.5354
vn -0.4244 0.3441 -0.8375
vn -0.4330 0.3548 -0.8286
vn -0.5216 0.3796 -0.7641
vn -0.4992 0.4213 -0.7572
vn -0.2099 0.6143 -0.7606
vn -0.2781 0.5688 -0.7740
vn -0.3478 0.4834 -0.8033
vn -0.3860 0.4455 -0.8078
vn -0.4083 0.4065 -0.8174
vn -0.4238 0.3776 -0.8233
vn -0.1984 0.7708 -0.6054
vn -0.3458 0.6205 -0.7038
vn -0.4196 0.5497 -0.7224
vn -0.4658 0.4771 -0.7452
vn -0.0529 -0.3838 -0.9219
vn -0.0013 -0.3865 -0.9223
vn -0.0016 -0.7844 -0.6203
vn -0.2376 -0.5154 -0.8234
vn -0.0607 -0.7864 -0.6147
vn -0.1487 -0.6283 -0.7636
vn -0.1210 -0.2585 -0.9584
vn -0.1922 -0.1737 -0.9658
vn -0.0925 0.6454 -0.7583
vn -0.0039 0.8839 -0.4676
vn 0.0036 0.5602 -0.8284
vn 0.0063 0.8840 -0.4675
vn 0.0220 0.8874 -0.4606
vn 0.0374 0.8920 -0.4504
vn 0.0506 0.8974 -0.4383
vn 0.0562 0.9069 -0.4176
vn -0.0585 0.6126 -0.7883
vn -0.0346 0.5919 -0.8053
vn -0.0181 0.5715 -0.8204
vn -0.0062 0.5603 -0.8282
vn 0.3548 -0.4740 -0.8059
vn 0.2927 -0.1248 -0.9480
vn 0.2405 -0.1383 -0.9607
vn 0.0357 -0.7897 -0.6125
vn 0.2954 -0.4820 -0.8249
vn 0.2290 -0.5152 -0.8259
vn 0.1490 -0.6500 -0.7452
vn 0.0795 -0.7684 -0.6350
vn 0.1854 -0.1747 -0.9670
vn 0.1221 -0.2767 -0.9532
vn 0.0680 -0.3700 -0.9265
vn 0.0316 -0.3891 -0.9207
vn 0.0124 0.5673 -0.8234
vn 0.1373 0.6756 -0.7244
vn -0.0531 0.9158 -0.3981
vn -0.0571 0.9100 -0.4106
vn -0.0540 0.9018 -0.4287
vn -0.0374 0.8913 -0.4518
vn -0.0472 0.8940 -0.4455
vn -0.0268 0.8861 -0.4626
vn -0.0151 0.8859 -0.4637
vn 0.0210 0.5704 -0.8211
vn 0.0318 0.5899 -0.8069
vn 0.0490 0.6016 -0.7973
vn 0.0736 0.6287 -0.7742
vn 0.1062 0.6574 -0.7460
vn 0.5105 0.0041 -0.8598
vn 0.4787 -0.0421 -0.8770
vn 0.6257 -0.3242 -0.7095
vn 0.5916 -0.4028 -0.6984
vn 0.4307 -0.1149 -0.8951
vn 0.5095 -0.5097 -0.6933
vn 0.4349 -0.5235 -0.7327
vn 0.3642 -0.1330 -0.9218
vn 0.2173 0.6140 -0.7588
vn 0.4770 0.2773 -0.8340
vn 0.5271 0.2691 -0.8060
vn 0.5234 0.3850 -0.7602
vn 0.3679 0.3163 -0.8744
vn 0.4987 0.4312 -0.7519
vn 0.4645 0.4925 -0.7360
vn 0.4125 0.5705 -0.7102
vn 0.3329 0.6437 -0.6891
vn 0.1884 0.7820 -0.5941
vn 0.0745 0.8467 -0.5268
vn 0.2785 0.5638 -0.7775
vn 0.3451 0.4807 -0.8061
vn 0.3819 0.4440 -0.8106
vn 0.4040 0.4065 -0.8195
vn 0.4207 0.3798 -0.8239
vn 0.4319 0.3580 -0.8278
vn 0.4329 0.3428 -0.8337
vn 0.4248 0.2953 -0.8558
vn 0.6141 -0.0770 -0.7854
vn 0.6384 -0.2177 -0.7383
vn 0.5113 0.0693 -0.8566
vn -0.2893 -0.8344 0.4692
vn -0.2986 -0.4829 0.8232
vn -0.2344 -0.4887 0.8404
vn -0.0010 -0.7512 0.6601
vn -0.0002 -0.8707 0.4918
vn -0.0749 -0.8650 0.4961
vn 0.0006 -0.9559 0.2939
vn 0.0006 -0.1777 0.9841
vn -0.0728 -0.5004 0.8627
vn -0.0004 -0.4125 0.9110
vn -0.0002 -0.5921 0.8059
vn -0.1188 -0.4973 0.8594
vn -0.1148 -0.8633 0.4914
vn -0.1741 -0.8573 0.4844
vn -0.2271 -0.8478 0.4792
vn -0.1807 -0.4896 0.8530
vn 0.2951 -0.4843 0.8236
vn 0.2836 -0.8360 0.4697
vn 0.2261 -0.8480 0.4793
vn 0.0724 -0.5006 0.8626
vn 0.0743 -0.8649 0.4964
vn 0.1141 -0.8634 0.4915
vn 0.1794 -0.4899 0.8531
vn 0.1186 -0.4977 0.8592
vn 0.2333 -0.4890 0.8405
vn 0.1732 -0.8575 0.4845
vn -0.3440 -0.7737 0.5320
vn -0.3145 0.0597 0.9474
vn -0.2950 0.0172 0.9554
vn -0.4247 -0.0216 0.9051
vn -0.3822 0.1416 0.9131
vn -0.4171 0.0021 0.9089
vn -0.3593 0.1386 0.9229
vn -0.3319 0.0927 0.9387
vn -0.4131 0.1717 0.8944
vn -0.5219 -0.0303 0.8525
vn -0.5310 -0.0775 0.8438
vn -0.5259 -0.1532 0.8366
vn -0.5130 -0.2859 0.8094
vn -0.4793 -0.4583 0.7485
vn -0.3406 -0.4375 0.8322
vn -0.3721 -0.3447 0.8618
vn -0.4008 -0.2460 0.8825
vn -0.4184 -0.1551 0.8949
vn -0.4233 -0.0867 0.9018
vn -0.4243 -0.0458 0.9044
vn -0.4026 -0.6346 0.6596
vn 0.3441 -0.4362 0.8315
vn 0.4661 -0.5938 0.6558
vn 0.4487 -0.6876 0.5708
vn 0.4129 -0.6185 0.6685
vn 0.4490 -0.7303 0.5149
vn 0.4078 0.0173 0.9129
vn 0.4332 -0.0487 0.9000
vn 0.3596 -0.1851 0.9146
vn 0.3730 -0.3302 0.8671
vn 0.4512 -0.5154 0.7285
vn 0.4632 -0.5685 0.6798
vn 0.3197 -0.0130 0.9474
vn 0.3771 0.0042 0.9262
vn 0.3464 -0.7769 0.5257
vn -0.0060 0.9266 0.3759
vn -0.0955 0.7105 0.6972
vn -0.1186 0.7140 0.6901
vn -0.0258 0.9146 0.4034
vn -0.1714 0.3795 0.9092
vn -0.1862 0.4849 0.8545
vn -0.1007 0.3799 0.9195
vn 0.0045 0.9256 0.3786
vn 0.0056 0.9248 0.3804
vn -0.0217 0.7073 0.7066
vn -0.0522 0.7084 0.7039
vn -0.0456 0.3800 0.9239
vn -0.0001 0.3805 0.9248
vn -0.0001 0.7074 0.7068
vn -0.0000 0.9248 0.3804
vn 0.3616 0.3210 0.8753
vn 0.3247 0.3581 0.8754
vn 0.3849 0.4397 0.8115
vn 0.3285 0.1365 0.9346
vn 0.1666 0.7553 0.6338
vn 0.2894 0.5504 0.7831
vn 0.3967 0.4364 0.8075
vn 0.3137 0.1778 0.9327
vn 0.2638 0.2708 0.9258
vn 0.2076 0.3544 0.9118
vn 0.1333 0.6726 0.7279
vn 0.2263 0.5363 0.8131
vn 0.0429 0.8958 0.4425
vn 0.0079 0.9262 0.3769
vn 0.0934 0.7081 0.6999
vn 0.1643 0.3769 0.9116
vn -0.0056 0.9248 0.3803
vn 0.1034 0.3800 0.9192
vn 0.0539 0.7086 0.7036
vn -0.0041 0.9257 0.3783
vn 0.0460 0.3801 0.9238
vn 0.0219 0.7074 0.7065
vn 0.0001 -0.5150 0.8572
vn -0.0000 -0.8710 0.4913
vn -0.0767 -0.8681 0.4903
vn -0.3044 -0.8261 0.4743
vn -0.2511 -0.4887 0.8356
vn -0.1877 -0.5020 0.8442
vn -0.0632 -0.5135 0.8558
vn -0.1259 -0.5089 0.8516
vn -0.1524 -0.8600 0.4871
vn -0.2246 -0.8471 0.4817
vn -0.3503 -0.3196 0.8804
vn -0.2867 -0.3903 0.8749
vn -0.3804 -0.6852 0.6212
vn -0.5484 -0.7076 0.4457
vn -0.6639 -0.5275 0.5300
vn -0.5164 -0.5246 0.6769
vn -0.5752 0.0426 0.8169
vn -0.5121 -0.0544 0.8572
vn -0.3097 -0.2854 0.9070
vn -0.2385 -0.0280 0.9707
vn -0.6552 -0.5336 0.5347
vn -0.6418 -0.5393 0.5452
vn -0.5862 -0.4178 0.6941
vn -0.5685 -0.7155 0.4061
vn -0.3953 -0.2540 0.8827
vn -0.6372 0.0801 0.7665
vn 0.0634 -0.5134 0.8558
vn 0.2399 -0.4958 0.8347
vn 0.2915 -0.8279 0.4793
vn 0.2248 -0.8470 0.4817
vn 0.0767 -0.8681 0.4904
vn 0.1525 -0.8599 0.4872
vn 0.1261 -0.5087 0.8516
vn 0.1879 -0.5018 0.8443
vn -0.0381 0.6975 0.7155
vn -0.0957 0.3535 0.9305
vn -0.1643 0.2712 0.9484
vn -0.3472 0.1367 0.9278
vn -0.5246 0.5482 0.6514
vn -0.5042 0.7177 0.4803
vn -0.3451 0.6827 0.6441
vn -0.5028 0.7173 0.4823
vn -0.3048 0.8228 0.4798
vn -0.1580 0.8020 0.5761
vn -0.4196 0.2016 0.8851
vn -0.4353 0.3708 0.8204
vn -0.6494 0.3783 0.6596
vn 0.0204 0.9227 0.3850
vn -0.1707 0.5659 0.8066
vn -0.2929 0.4736 0.8306
vn -0.2271 0.2174 0.9493
vn -0.2987 0.1680 0.9394
vn 0.3005 -0.3843 0.8730
vn 0.5302 -0.7483 0.3987
vn 0.4861 -0.5340 0.6917
vn 0.6729 -0.0359 0.7388
vn 0.6393 -0.5422 0.5453
vn 0.6559 -0.5380 0.5295
vn 0.5523 -0.6573 0.5128
vn 0.4224 -0.6727 0.6075
vn 0.5560 -0.7271 0.4026
vn 0.2301 -0.0342 0.9726
vn 0.5428 -0.0848 0.8356
vn 0.4204 -0.2228 0.8796
vn 0.5816 0.0508 0.8119
vn 0.6499 0.1668 0.7415
vn 0.3448 -0.3176 0.8833
vn 0.3984 -0.2717 0.8760
vn -0.0395 0.3632 0.9309
vn -0.0032 0.3639 0.9314
vn -0.0131 0.6990 0.7150
vn -0.0008 0.6986 0.7155
vn 0.0162 0.9225 0.3857
vn 0.0016 0.9222 0.3866
vn 0.3123 0.1628 0.9359
vn 0.2355 0.2189 0.9469
vn 0.3170 0.4596 0.8296
vn 0.4548 0.3514 0.8183
vn 0.5502 0.5119 0.6597
vn 0.3887 0.6687 0.6339
vn 0.5049 0.6982 0.5076
vn 0.5341 0.6867 0.4930
vn 0.1077 0.8212 0.5604
vn 0.5327 0.6842 0.4982
vn 0.3516 0.1476 0.9244
vn 0.1523 0.2853 0.9463
vn 0.1352 0.5871 0.7981
vn -0.0023 0.9227 0.3854
vn 0.0509 0.6967 0.7155
vn 0.1024 0.3532 0.9299
vn -0.0115 0.9217 0.3877
vn 0.0502 0.3621 0.9308
vn 0.0170 0.6982 0.7157
vn -0.0197 0.9219 0.3870
vn 0.0220 0.3626 0.9317
vn 0.0057 0.6977 0.7164
vn 0.0634 0.3798 -0.9229
vn 0.0055 0.9258 -0.3779
vn -0.0025 0.9254 -0.3789
vn 0.0946 0.7080 -0.6999
vn 0.0638 0.7081 -0.7032
vn 0.1684 0.3772 -0.9107
vn 0.1203 0.3791 -0.9175
vn -0.0059 0.9253 -0.3792
vn 0.0312 0.7078 -0.7057
vn 0.0058 0.3813 -0.9244
vn 0.0026 0.7082 -0.7060
vn -0.0009 0.9253 -0.3793
vn -0.1703 0.5519 -0.8163
vn -0.2087 0.3985 -0.8931
vn -0.1704 0.3798 -0.9092
vn -0.4209 0.1513 -0.8944
vn -0.3870 0.1451 -0.9106
vn -0.3664 0.1303 -0.9213
vn -0.3303 0.0597 -0.9420
vn -0.3004 0.0521 -0.9524
vn -0.2944 0.0170 -0.9555
vn -0.0338 0.9013 -0.4319
vn -0.0061 0.9267 -0.3758
vn 0.0045 0.9256 -0.3786
vn -0.0951 0.7100 -0.6977
vn -0.1163 0.7331 -0.6701
vn -0.1007 0.3799 -0.9195
vn -0.0456 0.3800 -0.9238
vn -0.0217 0.7073 -0.7065
vn -0.0522 0.7084 -0.7039
vn 0.0056 0.9248 -0.3804
vn 0.2096 0.3539 -0.9115
vn 0.3172 -0.0147 -0.9482
vn 0.3825 0.0257 -0.9236
vn 0.3487 0.1352 -0.9274
vn 0.4205 0.0353 -0.9066
vn 0.3847 0.4398 -0.8115
vn 0.3205 0.3600 -0.8762
vn 0.3756 0.3485 -0.8588
vn 0.1681 0.7589 -0.6291
vn 0.2801 0.5597 -0.7800
vn 0.4075 0.0208 -0.9130
vn 0.3139 0.1741 -0.9334
vn 0.0446 0.8974 -0.4389
vn 0.1386 0.6729 -0.7266
vn 0.2266 0.5355 -0.8136
vn 0.3966 0.4364 -0.8076
vn 0.2643 0.2680 -0.9265
vn -0.2847 -0.8357 -0.4695
vn -0.2964 -0.4841 -0.8233
vn -0.3443 -0.4355 -0.8317
vn -0.5351 -0.0743 -0.8415
vn -0.5187 -0.0310 -0.8544
vn -0.4137 0.0008 -0.9104
vn -0.4209 -0.0191 -0.9069
vn -0.5341 -0.1645 -0.8292
vn -0.5177 -0.3005 -0.8010
vn -0.4089 -0.6377 -0.6528
vn -0.4665 -0.4684 -0.7503
vn -0.3466 -0.7759 -0.5271
vn -0.3715 -0.3397 -0.8640
vn -0.3985 -0.2397 -0.8853
vn -0.4142 -0.1492 -0.8979
vn -0.4183 -0.0831 -0.9045
vn -0.4205 -0.0449 -0.9062
vn 0.3761 -0.3322 -0.8650
vn 0.3405 -0.4381 -0.8320
vn 0.3439 -0.7748 -0.5306
vn 0.4488 -0.6870 -0.5715
vn 0.4662 -0.5933 -0.6562
vn 0.4114 -0.6150 -0.6726
vn 0.4490 -0.7302 -0.5149
vn 0.2548 -0.2501 -0.9341
vn 0.4295 -0.3957 -0.8117
vn 0.4632 -0.5688 -0.6796
vn 0.2881 -0.8347 -0.4694
vn 0.2973 -0.4832 -0.8235
vn -0.2271 -0.8479 -0.4791
vn -0.0010 -0.1779 -0.9840
vn -0.0001 -0.8707 -0.4918
vn 0.0006 -0.7512 -0.6601
vn -0.0731 -0.5005 -0.8626
vn -0.0002 -0.5921 -0.8059
vn -0.0000 -0.4125 -0.9110
vn -0.0009 -0.9558 -0.2939
vn -0.0748 -0.8648 -0.4964
vn -0.1148 -0.8633 -0.4914
vn -0.1806 -0.4897 -0.8530
vn -0.1195 -0.4976 -0.8591
vn -0.2345 -0.4888 -0.8403
vn -0.1740 -0.8573 -0.4844
vn 0.2333 -0.4889 -0.8406
vn 0.0743 -0.8651 -0.4961
vn 0.0722 -0.5005 -0.8627
vn 0.1180 -0.4974 -0.8594
vn 0.1141 -0.8634 -0.4915
vn 0.1732 -0.8575 -0.4845
vn 0.2261 -0.8480 -0.4793
vn 0.1795 -0.4898 -0.8532
vn 0.0958 0.3549 -0.9300
vn 0.0447 0.3628 -0.9308
vn 0.0022 0.3649 -0.9311
vn 0.0153 0.6991 -0.7149
vn 0.0007 0.6995 -0.7147
vn -0.0174 0.9225 -0.3856
vn -0.0009 0.9227 -0.3855
vn -0.0224 0.9223 -0.3858
vn 0.0377 0.6974 -0.7156
vn 0.1617 0.2826 -0.9455
vn 0.5505 0.5118 -0.6595
vn 0.5328 0.6842 -0.4979
vn 0.3593 0.6705 -0.6491
vn 0.5337 0.6872 -0.4929
vn 0.3045 0.8128 -0.4967
vn 0.1400 0.8248 -0.5478
vn 0.4539 0.3543 -0.8176
vn 0.5814 0.0508 -0.8120
vn 0.6447 0.0716 -0.7611
vn 0.6638 0.3514 -0.6602
vn 0.2409 -0.0273 -0.9702
vn 0.1635 0.5852 -0.7942
vn 0.3049 0.4640 -0.8317
vn 0.2330 0.2123 -0.9490
vn 0.3108 0.1617 -0.9366
vn 0.3516 0.1474 -0.9245
vn 0.5286 -0.0743 -0.8456
vn -0.0635 0.3609 -0.9304
vn 0.0153 0.9220 -0.3870
vn -0.0095 0.6979 -0.7161
vn -0.0327 0.3624 -0.9314
vn 0.0222 0.9215 -0.3878
vn -0.0224 0.6973 -0.7164
vn -0.1013 0.3561 -0.9289
vn -0.0552 0.6962 -0.7158
vn 0.0008 0.9225 -0.3860
vn 0.2512 -0.4884 -0.8357
vn 0.2883 -0.8355 -0.4679
vn 0.3992 -0.6908 -0.6029
vn 0.6396 -0.5423 -0.5447
vn 0.5878 -0.4241 -0.6890
vn 0.5108 -0.5293 -0.6774
vn 0.2930 -0.3118 -0.9038
vn 0.3509 -0.3231 -0.8789
vn 0.3986 -0.2560 -0.8807
vn 0.6559 -0.5380 -0.5295
vn 0.5658 -0.7233 -0.3957
vn 0.5445 -0.7064 -0.4521
vn 0.6674 -0.5303 -0.5229
vn 0.2867 -0.3937 -0.8734
vn -0.2420 -0.0433 -0.9693
vn -0.4355 0.3675 -0.8218
vn -0.6674 -0.0178 -0.7445
vn -0.6317 0.1388 -0.7627
vn -0.5041 0.2319 -0.8319
vn -0.6084 0.0506 -0.7920
vn -0.5246 0.5481 -0.6514
vn -0.3036 0.4697 -0.8290
vn -0.3671 0.6776 -0.6373
vn -0.4691 0.7269 -0.5016
vn -0.5030 0.7172 -0.4824
vn -0.5046 0.7174 -0.4802
vn -0.1244 0.7993 -0.5879
vn -0.2296 0.2245 -0.9470
vn -0.3005 0.1702 -0.9385
vn -0.1901 0.2850 -0.9395
vn -0.5129 -0.0612 -0.8563
vn 0.0377 0.4594 -0.8874
vn -0.1547 0.2743 -0.9491
vn -0.1423 0.5685 -0.8103
vn 0.0001 -0.5151 -0.8571
vn -0.0000 -0.8710 -0.4913
vn 0.0768 -0.8681 -0.4904
vn 0.1879 -0.5018 -0.8443
vn 0.0634 -0.5134 -0.8558
vn 0.1261 -0.5087 -0.8517
vn 0.1525 -0.8599 -0.4872
vn 0.2248 -0.8470 -0.4817
vn -0.2791 -0.8358 -0.4728
vn -0.2398 -0.4959 -0.8346
vn -0.3003 -0.3808 -0.8745
vn -0.4879 -0.5283 -0.6948
vn -0.6422 -0.5391 -0.5449
vn -0.6551 -0.5338 -0.5348
vn -0.5540 -0.6493 -0.5211
vn -0.4255 -0.6654 -0.6134
vn -0.5600 -0.7196 -0.4106
vn -0.5369 -0.7384 -0.4081
vn -0.4184 -0.2166 -0.8821
vn -0.3444 -0.3143 -0.8847
vn -0.3951 -0.2693 -0.8783
vn -0.0633 -0.5135 -0.8558
vn -0.2246 -0.8471 -0.4816
vn -0.1592 -0.8616 -0.4820
vn -0.0760 -0.8684 -0.4900
vn -0.1259 -0.5089 -0.8516
vn -0.1877 -0.5021 -0.8442
vn 0.2343 0.9633 -0.1310
vn 0.2641 0.9560 0.1275
vn 0.2361 0.9637 -0.1248
vn 0.2638 0.9560 0.1281
vn 0.1113 -0.1478 0.9827
vn 0.1091 -0.1447 0.9834
vn 0.1478 0.1113 0.9827
vn 0.1447 0.1091 0.9834
vn -0.0100 -0.9917 -0.1281
vn -0.0100 -0.9917 0.1281
vn -0.0072 -0.9914 -0.1308
vn -0.0072 -0.9914 0.1308
vn 0.1152 0.1161 -0.9865
vn 0.1219 0.0918 -0.9883
vn 0.1111 -0.1472 -0.9828
vn 0.1091 -0.1447 -0.9834
vn 0.9908 -0.0418 -0.1289
vn 0.9932 -0.0323 0.1120
vn 0.9634 -0.2452 -0.1087
vn 0.9634 -0.2452 0.1087
vn 0.2596 -0.0122 -0.9656
vn 0.4679 -0.1798 -0.8653
vn 0.7085 -0.0261 -0.7052
vn 0.8700 -0.0367 -0.4917
vn 0.8369 -0.1881 -0.5140
vn 0.6846 0.1770 -0.7071
vn 0.1314 0.2230 -0.9659
vn 0.2067 0.1558 -0.9659
vn 0.0598 0.2529 -0.9656
vn 0.2506 0.0648 -0.9659
vn 0.8458 0.2188 -0.4865
vn 0.5647 0.4255 -0.7071
vn 0.6977 0.5258 -0.4865
vn 0.3589 0.6092 -0.7071
vn 0.4434 0.7528 -0.4865
vn 0.1702 0.6882 -0.7052
vn 0.2045 0.8464 -0.4917
vn 0.9603 0.2466 -0.1302
vn 0.7908 0.5980 -0.1308
vn 0.5008 0.8567 -0.1235
vn 0.4167 -0.5009 -0.7586
vn 0.7751 -0.6280 -0.0698
vn 0.9253 -0.3564 -0.1294
vn 0.6510 -0.4485 -0.6124
vn 0.6150 -0.7048 -0.3535
vn 0.3721 -0.8184 -0.4380
vn 0.3631 -0.9249 -0.1129
vn 0.0576 -0.5089 -0.8589
vn 0.0070 -0.8684 -0.4959
vn 0.9385 -0.2626 -0.2242
vn 0.1679 0.4788 -0.8617
vn 0.2186 0.8395 -0.4975
vn 0.5559 0.8235 0.1134
vn 0.7905 0.6027 0.1088
vn 0.9424 0.3281 0.0652
vn 0.4679 -0.1798 0.8653
vn 0.4993 0.0439 0.8653
vn 0.8369 -0.1881 0.5140
vn 0.8563 -0.0498 0.5140
vn 0.3631 -0.9249 0.1129
vn 0.7751 -0.6280 0.0698
vn 0.0127 -0.8685 -0.4955
vn 0.0631 -0.5093 -0.8583
vn 0.3460 0.0627 -0.9361
vn 0.4857 -0.1827 -0.8548
vn 0.5268 0.0181 -0.8498
vn 0.7184 -0.0147 -0.6955
vn 0.8568 -0.1826 -0.4821
vn 0.8491 -0.0562 -0.5252
vn 0.9458 -0.0921 -0.3113
vn 0.9713 0.2320 -0.0526
vn 0.9687 0.1737 -0.1771
vn 0.9507 0.0437 -0.3070
vn 0.7650 0.2389 -0.5980
vn 0.4547 0.4001 -0.7958
vn 0.7998 0.4912 -0.3451
vn 0.5015 0.7331 -0.4594
vn 0.8034 0.5886 -0.0900
vn 0.5079 0.8529 -0.1205
vn 0.7494 0.2517 0.6124
vn 0.5386 0.3666 0.7586
vn 0.1956 0.4733 0.8589
vn 0.2461 0.8328 0.4959
vn 0.5730 0.6847 0.4504
vn 0.9074 0.3164 0.2766
vn 0.9745 -0.0063 0.2242
vn 0.3721 -0.8184 0.4380
vn 0.9385 -0.2626 0.2242
vn 0.6150 -0.7048 0.3536
vn 0.6510 -0.4485 0.6124
vn 0.4167 -0.5009 0.7586
vn 0.0070 -0.8684 0.4959
vn 0.0576 -0.5089 0.8589
vn 0.9253 -0.3564 0.1294
vn 0.9385 -0.2626 -0.2241
vn 0.9199 -0.3905 -0.0372
vn 0.4549 -0.4954 -0.7400
vn 0.4114 -0.8051 -0.4272
vn 0.5995 -0.7956 -0.0877
vn 0.3826 -0.9168 -0.1144
vn 0.5793 0.8092 0.0981
vn 0.7940 0.6034 0.0742
vn 0.9518 0.3008 0.0592
vn 0.2515 0.8314 0.4955
vn 0.2011 0.4721 0.8583
vn 0.0631 -0.5093 0.8583
vn 0.0127 -0.8685 0.4955
vn 0.3826 -0.9168 0.1144
vn 0.5995 -0.7956 0.0877
vn 0.9199 -0.3905 0.0372
vn 0.9610 -0.0975 0.2586
vn 0.9333 0.2768 0.2288
vn 0.7097 -0.0112 0.7044
vn 0.5175 0.0428 0.8546
vn 0.5739 0.3508 0.7400
vn 0.6174 0.6605 0.4272
vn 0.9385 -0.2626 0.2241
vn 0.9507 -0.1712 0.2586
vn 0.4114 -0.8051 0.4272
vn 0.4549 -0.4954 0.7400
vn 0.6853 -0.1848 0.7044
vn 0.4856 -0.1838 0.8546
vn -0.9951 -0.0620 -0.0771
vn -0.9736 -0.2147 -0.0771
vn -0.9951 -0.0620 0.0771
vn -0.9736 -0.2147 0.0771
vn -0.8848 -0.3867 -0.2598
vn -0.8848 -0.3867 0.2598
vn -0.5040 -0.8637 -0.0000
vn -0.3944 -0.9190 -0.0000
vn -0.9572 0.1279 0.2598
vn -0.6133 -0.0862 0.7851
vn -0.5134 -0.0721 0.8551
vn -0.5134 -0.0722 0.8551
vn -0.9572 0.1279 -0.2598
vn -0.6133 -0.0862 -0.7851
vn -0.5134 -0.0721 -0.8551
vn -0.7226 0.6913 -0.0000
vn -0.6324 0.7747 -0.0000
vn -0.8203 0.5719 -0.0000
vn -0.9869 0.0225 0.1596
vn -0.9869 0.0225 -0.1596
vn -0.7256 -0.1020 -0.6805
vn -0.9425 -0.2936 -0.1596
vn -0.9425 -0.2936 0.1596
vn -0.7256 -0.1020 0.6805
vn -0.6309 -0.7759 -0.0000
vn -0.7619 0.3161 -0.5653
vn -0.8469 -0.0450 -0.5298
vn -0.8923 -0.0432 -0.4494
vn -0.8429 0.1393 -0.5198
vn -0.9037 -0.2326 -0.3594
vn -0.1616 0.0094 -0.9868
vn -0.1973 0.0150 -0.9802
vn -0.2173 0.0180 -0.9759
vn -0.2712 0.0194 -0.9623
vn -0.3499 0.0177 -0.9366
vn -0.4283 0.0125 -0.9035
vn -0.5086 -0.0047 -0.8610
vn -0.5478 -0.0036 -0.8366
vn -0.6163 -0.0200 -0.7873
vn -0.6807 -0.0436 -0.7312
vn -0.7193 -0.0362 -0.6937
vn -0.7765 -0.0444 -0.6285
vn -0.8250 -0.0568 -0.5623
vn -0.9040 0.1486 -0.4009
vn -0.9426 0.1665 -0.2893
vn -0.9362 -0.1951 -0.2922
vn -0.8904 -0.0448 0.4530
vn -0.8400 0.1387 0.5246
vn -0.8984 0.1484 0.4133
vn -0.7574 0.3172 0.5708
vn -0.9339 -0.1903 0.3028
vn -0.9014 -0.2333 0.3647
vn -0.9742 0.1878 0.1255
vn -0.9541 0.1721 0.2451
vn -0.9339 0.1628 0.3182
vn -0.9538 -0.1943 0.2290
vn -0.9676 -0.1848 0.1720
vn -0.9792 -0.1777 0.0976
vn -0.9803 0.1957 0.0281
vn -0.9796 0.1951 -0.0481
vn -0.9720 0.1843 -0.1457
vn -0.9605 -0.1871 -0.2058
vn -0.9772 -0.1808 -0.1113
vn -0.9829 -0.1811 -0.0348
vn -0.9833 -0.1809 0.0204
vn -0.8481 -0.0432 0.5281
vn -0.8270 -0.0524 0.5598
vn -0.7760 -0.0414 0.6294
vn -0.7177 -0.0349 0.6955
vn -0.6805 -0.0412 0.7316
vn -0.6146 -0.0197 0.7886
vn -0.5460 -0.0041 0.8378
vn -0.5066 -0.0047 0.8622
vn -0.4261 0.0108 0.9046
vn -0.3507 0.0161 0.9363
vn -0.2932 0.0159 0.9559
vn -0.2308 0.0181 0.9728
vn -0.2193 0.0150 0.9756
vn -0.1740 0.0124 0.9847
vn -0.8801 0.1323 -0.4560
vn -0.9217 -0.0489 -0.3847
vn -0.8789 -0.0557 -0.4737
vn -0.9217 -0.2328 -0.3104
vn -0.8198 0.2697 -0.5051
vn -0.1708 0.0122 -0.9852
vn -0.2108 0.0198 -0.9773
vn -0.2449 0.0253 -0.9692
vn -0.3153 0.0287 -0.9485
vn -0.4046 0.0310 -0.9140
vn -0.4907 0.0184 -0.8712
vn -0.5196 0.0247 -0.8540
vn -0.6028 0.0072 -0.7979
vn -0.6813 -0.0101 -0.7319
vn -0.7544 -0.0310 -0.6557
vn -0.8059 -0.0519 -0.5898
vn -0.8327 -0.0349 -0.5526
vn -0.9635 0.1359 0.2305
vn -0.9363 0.1153 0.3319
vn -0.9451 -0.2167 0.2447
vn -0.9769 -0.2139 -0.0005
vn -0.9280 0.1163 -0.3539
vn -0.9514 -0.2108 0.2247
vn -0.8508 0.2890 0.4389
vn -0.9153 0.1872 0.3567
vn -0.9759 0.1415 -0.1662
vn -0.9529 0.1259 -0.2761
vn -0.9668 -0.2204 -0.1293
vn -0.9560 -0.2119 -0.2030
vn -0.9399 -0.2176 -0.2631
vn -0.9755 -0.2131 -0.0539
vn -0.9872 0.1412 -0.0740
vn -0.9897 0.1431 0.0029
vn -0.9722 -0.2200 0.0798
vn -0.9849 0.1385 0.1040
vn -0.9626 -0.2174 0.1619
vn -0.9252 -0.0369 0.3777
vn -0.9262 -0.0460 0.3741
vn -0.1845 0.0160 0.9827
vn -0.2284 0.0217 0.9733
vn -0.2565 0.0268 0.9662
vn -0.3326 0.0269 0.9427
vn -0.4115 0.0273 0.9110
vn -0.5019 0.0207 0.8647
vn -0.5931 0.0059 0.8051
vn -0.6722 -0.0107 0.7403
vn -0.7452 -0.0307 0.6662
vn -0.7987 -0.0506 0.5996
vn -0.8222 -0.0364 0.5680
vn -0.8712 -0.0556 0.4878
vn 0.8193 0.2711 -0.5053
vn 0.1803 0.0136 -0.9835
vn 0.9230 -0.2373 -0.3028
vn 0.9047 -0.0581 -0.4221
vn 0.9032 -0.0609 -0.4248
vn 0.8837 0.1334 -0.4487
vn 0.2213 0.0190 -0.9750
vn 0.2267 0.0232 -0.9737
vn 0.2766 0.0216 -0.9607
vn 0.2934 0.0277 -0.9556
vn 0.3764 0.0247 -0.9261
vn 0.4353 0.0233 -0.9000
vn 0.4800 0.0231 -0.8769
vn 0.5625 0.0108 -0.8267
vn 0.6483 -0.0046 -0.7613
vn 0.7250 -0.0238 -0.6884
vn 0.7819 -0.0452 -0.6218
vn 0.8038 -0.0304 -0.5941
vn 0.8554 -0.0511 -0.5154
vn 0.9160 -0.0481 0.3984
vn 0.8806 0.1351 0.4541
vn 0.9134 0.1178 0.3896
vn 0.9268 -0.2151 -0.3078
vn 0.8960 0.1155 -0.4288
vn 0.8226 0.2829 0.4932
vn 0.9616 -0.2170 0.1681
vn 0.9498 -0.2178 0.2244
vn 0.9340 -0.2069 0.2913
vn 0.9206 -0.2398 0.3082
vn 0.9450 0.1186 0.3049
vn 0.9629 0.1368 0.2328
vn 0.9829 0.1419 0.1177
vn 0.9724 -0.2158 0.0892
vn 0.9769 -0.2136 0.0085
vn 0.9744 -0.2148 -0.0659
vn 0.9652 -0.2191 -0.1426
vn 0.9898 0.1421 0.0116
vn 0.9860 0.1400 -0.0903
vn 0.9709 0.1326 -0.1995
vn 0.9415 0.1189 -0.3153
vn 0.9479 -0.2192 -0.2313
vn 0.8900 -0.0603 0.4519
vn 0.1887 0.0150 0.9819
vn 0.2138 0.0214 0.9767
vn 0.2699 0.0222 0.9626
vn 0.2985 0.0273 0.9540
vn 0.3758 0.0234 0.9264
vn 0.4139 0.0254 0.9100
vn 0.4610 0.0266 0.8870
vn 0.5469 0.0109 0.8371
vn 0.7096 -0.0256 0.7042
vn 0.6333 0.0010 0.7739
vn 0.7801 -0.0339 0.6247
vn 0.8411 -0.0486 0.5387
vn -0.2230 0.6165 0.7551
vn -0.1497 0.5933 0.7910
vn -0.0833 0.5909 0.8024
vn 0.0068 0.5842 0.8116
vn 0.1012 0.5930 0.7988
vn 0.1743 0.5984 0.7820
vn 0.2591 0.6205 0.7402
vn 0.3355 0.6561 0.6760
vn 0.3960 0.6754 0.6221
vn 0.4463 0.7165 0.5362
vn 0.4786 0.7590 0.4414
vn 0.5074 0.7788 0.3688
vn 0.5108 0.8120 0.2825
vn 0.5192 0.8333 0.1901
vn -0.3263 0.6498 0.6865
vn -0.5184 0.8141 0.2618
vn -0.5057 0.8072 0.3045
vn -0.4999 0.7727 0.3912
vn -0.4660 0.7304 0.4993
vn -0.4142 0.6912 0.5921
vn -0.5222 0.8340 0.1781
vn -0.4070 0.6872 -0.6017
vn -0.4503 0.7272 -0.5180
vn -0.4888 0.7500 -0.4456
vn -0.5082 0.7864 -0.3512
vn -0.5147 0.8161 -0.2626
vn -0.5281 0.8259 -0.1972
vn -0.5290 0.8403 -0.1185
vn -0.5282 0.8479 -0.0455
vn -0.5294 0.8483 0.0146
vn -0.5267 0.8462 0.0807
vn -0.3430 0.6444 -0.6834
vn -0.2737 0.6296 -0.7271
vn -0.1887 0.6017 -0.7761
vn -0.1000 0.5887 -0.8021
vn -0.0272 0.5867 -0.8094
vn 0.0610 0.5892 -0.8057
vn 0.1608 0.6072 -0.7781
vn 0.2153 0.6050 -0.7666
vn 0.2921 0.6305 -0.7191
vn 0.3777 0.6681 -0.6410
vn 0.4430 0.7135 -0.5428
vn 0.4792 0.7594 -0.4401
vn 0.5117 0.7976 -0.3193
vn 0.5241 0.8210 -0.2265
vn 0.5284 0.8390 -0.1297
vn 0.5272 0.8478 -0.0578
vn 0.5243 0.8514 -0.0144
vn 0.2799 0.9595 0.0329
vn 0.2789 0.9577 0.0710
vn 0.2739 0.9562 0.1030
vn 0.2758 0.9498 0.1479
vn 0.2714 0.9420 0.1975
vn 0.2573 0.9366 0.2378
vn 0.2434 0.9246 0.2931
vn 0.2180 0.9137 0.3429
vn 0.1856 0.9083 0.3748
vn 0.1454 0.8976 0.4161
vn 0.0983 0.8922 0.4408
vn 0.0570 0.8906 0.4512
vn 0.0039 0.8872 0.4615
vn -0.0469 0.8902 0.4532
vn -0.0845 0.8908 0.4464
vn -0.1316 0.8948 0.4266
vn -0.1844 0.9037 0.3864
vn -0.2253 0.9159 0.3321
vn -0.2537 0.9282 0.2723
vn -0.2690 0.9398 0.2108
vn -0.2680 0.9498 0.1617
vn -0.2791 0.9506 0.1357
vn -0.2790 0.9555 0.0956
vn -0.2799 0.9589 0.0474
vn -0.2779 0.9606 0.0078
vn -0.2773 0.9605 -0.0240
vn -0.2792 0.9582 -0.0626
vn -0.2789 0.9547 -0.1042
vn -0.2724 0.9521 -0.1393
vn -0.2719 0.9437 -0.1883
vn -0.2635 0.9342 -0.2406
vn -0.2442 0.9280 -0.2815
vn -0.2224 0.9154 -0.3355
vn -0.1895 0.9053 -0.3801
vn -0.1526 0.9009 -0.4063
vn -0.1065 0.8923 -0.4388
vn -0.0566 0.8895 -0.4535
vn -0.0153 0.8888 -0.4580
vn 0.0378 0.8878 -0.4588
vn 0.0857 0.8933 -0.4412
vn 0.1210 0.8942 -0.4310
vn 0.1635 0.9003 -0.4034
vn 0.2092 0.9108 -0.3558
vn 0.2423 0.9235 -0.2974
vn 0.2635 0.9353 -0.2364
vn 0.2733 0.9456 -0.1762
vn 0.2785 0.9529 -0.1205
vn 0.2793 0.9577 -0.0687
vn 0.2764 0.9606 -0.0304
vn 0.2786 0.9604 -0.0051
vn 0.5284 0.8471 0.0562
vn 0.5236 0.8402 0.1411
s 1
f 1//1 2//2 3//3
f 3//3 2//2 4//4
f 3//3 4//4 5//5
f 5//5 4//4 6//6
f 5//5 6//6 7//7
f 7//7 6//6 8//8
f 7//7 8//8 9//9
f 9//9 8//8 10//10
f 9//9 10//10 11//11
f 11//11 10//10 12//12
f 11//11 12//12 13//13
f 13//13 12//12 14//14
f 13//13 14//14 15//15
f 15//15 14//14 16//16
f 15//15 16//16 17//17
f 17//17 16//16 18//18
f 17//17 18//18 19//19
f 19//19 18//18 20//20
f 19//19 20//20 21//21
f 21//21 20//20 22//22
f 21//21 22//22 23//23
f 23//23 22//22 24//24
f 23//23 24//24 25//25
f 25//25 24//24 26//26
f 25//25 26//26 27//27
f 27//27 26//26 28//28
f 27//27 28//28 29//29
f 29//29 28//28 30//30
f 29//29 30//30 31//31
f 31//31 30//30 32//32
f 31//31 32//32 33//33
f 33//33 32//32 34//34
f 33//33 34//34 35//35
f 35//35 34//34 36//36
f 35//35 36//36 37//37
f 37//37 36//36 38//38
f 37//37 38//38 39//39
f 39//39 38//38 40//40
f 39//39 40//40 41//41
f 41//41 40//40 42//42
f 41//41 42//42 43//43
f 43//43 42//42 44//44
f 43//43 44//44 45//45
f 45//45 44//44 46//46
f 45//45 46//46 47//47
f 47//47 46//46 48//48
f 47//47 48//48 49//49
f 49//49 48//48 50//50
f 49//49 50//50 51//51
f 51//51 50//50 52//52
f 51//51 52//52 53//53
f 53//53 52//52 54//54
f 53//53 54//54 55//55
f 55//55 54//54 56//56
f 55//55 56//56 57//57
f 57//57 56//56 58//58
f 57//57 58//58 59//59
f 59//59 58//58 60//60
f 59//59 60//60 61//61
f 61//61 60//60 62//62
f 61//61 62//62 63//63
f 63//63 62//62 64//64
f 63//63 64//64 65//65
f 65//65 64//64 66//66
f 65//65 66//66 67//67
f 67//67 66//66 68//68
f 67//67 68//68 69//69
f 69//69 68//68 70//70
f 69//69 70//70 71//71
f 71//71 70//70 72//72
f 71//71 72//72 73//73
f 73//73 72//72 74//74
f 73//73 74//74 75//75
f 75//75 74//74 76//76
f 75//75 76//76 77//77
f 77//77 76//76 78//78
f 77//77 78//78 79//79
f 79//79 78//78 80//80
f 79//79 80//80 81//81
f 81//81 80//80 82//82
f 81//81 82//82 83//83
f 83//83 82//82 84//84
f 83//83 84//84 85//85
f 85//85 84//84 86//86
f 85//85 86//86 87//87
f 87//87 86//86 1//1
f 87//87 1//1 3//3
f 71//71 88//88 69//69
f 69//69 88//88 89//89
f 69//69 89//89 67//67
f 67//67 89//89 90//90
f 67//67 90//90 65//65
f 65//65 90//90 91//91
f 65//65 91//91 63//63
f 63//63 91//91 92//92
f 63//63 92//92 61//61
f 61//61 92//92 93//93
f 61//61 93//93 59//59
f 59//59 93//93 94//94
f 59//59 94//94 57//57
f 57//57 94//94 95//95
f 57//57 95//95 55//55
f 55//55 95//95 96//96
f 55//55 96//96 53//53
f 53//53 96//96 97//97
f 53//53 97//97 51//51
f 51//51 97//97 98//98
f 51//51 98//98 49//49
f 49//49 98//98 99//99
f 49//49 99//99 47//47
f 47//47 99//99 100//100
f 47//47 100//100 45//45
f 45//45 100//100 101//101
f 45//45 101//101 43//43
f 43//43 101//101 102//102
f 43//43 102//102 41//41
f 41//41 102//102 103//103
f 41//41 103//103 39//39
f 39//39 103//103 104//104
f 39//39 104//104 37//37
f 37//37 104//104 105//105
f 37//37 105//105 35//35
f 35//35 105//105 106//106
f 35//35 106//106 33//33
f 33//33 106//106 107//107
f 33//33 107//107 31//31
f 31//31 107//107 108//108
f 31//31 108//108 29//29
f 29//29 108//108 109//109
f 29//29 109//109 27//27
f 27//27 109//109 110//110
f 27//27 110//110 25//25
f 25//25 110//110 111//111
f 25//25 111//111 23//23
f 23//23 111//111 112//112
f 23//23 112//112 21//21
f 21//21 112//112 113//113
f 21//21 113//113 19//19
f 19//19 113//113 114//114
f 19//19 114//114 17//17
f 17//17 114//114 115//115
f 17//17 115//115 15//15
f 15//15 115//115 116//116
f 15//15 116//116 13//13
f 13//13 116//116 117//117
f 13//13 117//117 11//11
f 11//11 117//117 118//118
f 11//11 118//118 9//9
f 9//9 118//118 119//119
f 9//9 119//119 7//7
f 7//7 119//119 120//120
f 7//7 120//120 5//5
f 5//5 120//120 121//121
f 5//5 121//121 3//3
f 3//3 121//121 122//122
f 3//3 122//122 87//87
f 87//87 122//122 123//123
f 87//87 123//123 85//85
f 85//85 123//123 124//124
f 85//85 124//124 83//83
f 83//83 124//124 125//125
f 83//83 125//125 81//81
f 81//81 125//125 126//126
f 81//81 126//126 79//79
f 79//79 126//126 127//127
f 79//79 127//127 77//77
f 77//77 127//127 128//128
f 77//77 128//128 75//75
f 75//75 128//128 129//129
f 75//75 129//129 73//73
f 73//73 129//129 130//130
f 73//73 130//130 71//71
f 71//71 130//130 88//88
f 130//130 131//131 88//88
f 88//88 131//131 132//132
f 88//88 132//132 89//89
f 89//89 132//132 133//133
f 89//89 133//133 90//90
f 90//90 133//133 134//134
f 90//90 134//134 91//91
f 91//91 134//134 135//135
f 91//91 135//135 92//92
f 92//92 135//135 136//136
f 92//92 136//136 93//93
f 93//93 136//136 137//137
f 93//93 137//137 94//94
f 94//94 137//137 138//138
f 94//94 138//138 95//95
f 95//95 138//138 139//139
f 95//95 139//139 96//96
f 96//96 139//139 140//140
f 96//96 140//140 97//97
f 97//97 140//140 141//141
f 97//97 141//141 98//98
f 98//98 141//141 142//142
f 98//98 142//142 99//99
f 99//99 142//142 143//143
f 99//99 143//143 100//100
f 100//100 143//143 144//144
f 100//100 144//144 101//101
f 101//101 144//144 145//145
f 101//101 145//145 102//102
f 102//102 145//145 146//146
f 102//102 146//146 103//103
f 103//103 146//146 147//147
f 103//103 147//147 104//104
f 104//104 147//147 148//148
f 104//104 148//148 105//105
f 105//105 148//148 149//149
f 105//105 149//149 106//106
f 106//106 149//149 150//150
f 106//106 150//150 107//107
f 107//107 150//150 151//151
f 107//107 151//151 108//108
f 108//108 151//151 152//152
f 108//108 152//152 109//109
f 109//109 152//152 153//153
f 109//109 153//153 110//110
f 110//110 153//153 154//154
f 110//110 154//154 111//111
f 111//111 154//154 155//155
f 111//111 155//155 112//112
f 112//112 155//155 156//156
f 112//112 156//156 113//113
f 113//113 156//156 157//157
f 113//113 157//157 114//114
f 114//114 157//157 158//158
f 114//114 158//158 115//115
f 115//115 158//158 159//159
f 115//115 159//159 116//116
f 116//116 159//159 160//160
f 116//116 160//160 117//117
f 117//117 160//160 161//161
f 117//117 161//161 118//118
f 118//118 161//161 162//162
f 118//118 162//162 119//119
f 119//119 162//162 163//163
f 119//119 163//163 120//120
f 120//120 163//163 164//164
f 120//120 164//164 121//121
f 121//121 164//164 165//165
f 121//121 165//165 122//122
f 122//122 165//165 166//166
f 122//122 166//166 123//123
f 123//123 166//166 167//167
f 123//123 167//167 124//124
f 124//124 167//167 168//168
f 124//124 168//168 125//125
f 125//125 168//168 169//169
f 125//125 169//169 126//126
f 126//126 169//169 170//170
f 126//126 170//170 127//127
f 127//127 170//170 171//171
f 127//127 171//171 128//128
f 128//128 171//171 172//172
f 128//128 172//172 129//129
f 129//129 172//172 173//173
f 129//129 173//173 130//130
f 130//130 173//173 131//131
f 173//173 174//174 131//131
f 131//131 174//174 175//175
f 131//131 175//175 132//132
f 132//132 175//175 176//176
f 132//132 176//176 133//133
f 133//133 176//176 177//177
f 133//133 177//177 134//134
f 134//134 177//177 178//178
f 134//134 178//178 135//135
f 135//135 178//178 179//179
f 135//135 179//179 136//136
f 136//136 179//179 180//180
f 136//136 180//180 137//137
f 137//137 180//180 181//181
f 137//137 181//181 138//138
f 138//138 181//181 182//182
f 138//138 182//182 139//139
f 139//139 182//182 183//183
f 139//139 183//183 140//140
f 140//140 183//183 184//184
f 140//140 184//184 141//141
f 141//141 184//184 185//185
f 141//141 185//185 142//142
f 142//142 185//185 186//186
f 142//142 186//186 143//143
f 143//143 186//186 187//187
f 143//143 187//187 144//144
f 144//144 187//187 188//188
f 144//144 188//188 145//145
f 145//145 188//188 189//189
f 145//145 189//189 146//146
f 146//146 189//189 190//190
f 146//146 190//190 147//147
f 147//147 190//190 191//191
f 147//147 191//191 148//148
f 148//148 191//191 192//192
f 148//148 192//192 149//149
f 149//149 192//192 193//193
f 149//149 193//193 150//150
f 150//150 193//193 194//194
f 150//150 194//194 151//151
f 151//151 194//194 195//195
f 151//151 195//195 152//152
f 152//152 195//195 196//196
f 152//152 196//196 153//153
f 153//153 196//196 197//197
f 153//153 197//197 154//154
f 154//154 197//197 198//198
f 154//154 198//198 155//155
f 155//155 198//198 199//199
f 155//155 199//199 156//156
f 156//156 199//199 200//200
f 156//156 200//200 157//157
f 157//157 200//200 201//201
f 157//157 201//201 158//158
f 158//158 201//201 202//202
f 158//158 202//202 159//159
f 159//159 202//202 203//203
f 159//159 203//203 160//160
f 160//160 203//203 204//204
f 160//160 204//204 161//161
f 161//161 204//204 205//205
f 161//161 205//205 162//162
f 162//162 205//205 206//206
f 162//162 206//206 163//163
f 163//163 206//206 207//207
f 163//163 207//207 164//164
f 164//164 207//207 208//208
f 164//164 208//208 165//165
f 165//165 208//208 209//209
f 165//165 209//209 166//166
f 166//166 209//209 210//210
f 166//166 210//210 167//167
f 167//167 210//210 211//211
f 167//167 211//211 168//168
f 168//168 211//211 212//212
f 168//168 212//212 169//169
f 169//169 212//212 213//213
f 169//169 213//213 170//170
f 170//170 213//213 214//214
f 170//170 214//214 171//171
f 171//171 214//214 215//215
f 171//171 215//215 172//172
f 172//172 215//215 216//216
f 172//172 216//216 173//173
f 173//173 216//216 174//174
f 216//216 217//217 174//174
f 174//174 217//217 218//218
f 174//174 218//218 175//175
f 175//175 218//218 219//219
f 175//175 219//219 176//176
f 176//176 219//219 220//220
f 176//176 220//220 177//177
f 177//177 220//220 221//221
f 177//177 221//221 178//178
f 178//178 221//221 222//222
f 178//178 222//222 179//179
f 179//179 222//222 223//223
f 179//179 223//223 180//180
f 180//180 223//223 224//224
f 180//180 224//224 181//181
f 181//181 224//224 225//225
f 181//181 225//225 182//182
f 182//182 225//225 226//226
f 182//182 226//226 183//183
f 183//183 226//226 227//227
f 183//183 227//227 184//184
f 184//184 227//227 228//228
f 184//184 228//228 185//185
f 185//185 228//228 229//229
f 185//185 229//229 186//186
f 186//186 229//229 230//230
f 186//186 230//230 187//187
f 187//187 230//230 231//231
f 187//187 231//231 188//188
f 188//188 231//231 232//232
f 188//188 232//232 189//189
f 189//189 232//232 233//233
f 189//189 233//233 190//190
f 190//190 233//233 234//234
f 190//190 234//234 191//191
f 191//191 234//234 235//235
f 191//191 235//235 192//192
f 192//192 235//235 236//236
f 192//192 236//236 193//193
f 193//193 236//236 237//237
f 193//193 237//237 194//194
f 194//194 237//237 238//238
f 194//194 238//238 195//195
f 195//195 238//238 239//239
f 195//195 239//239 196//196
f 196//196 239//239 240//240
f 196//196 240//240 197//197
f 197//197 240//240 241//241
f 197//197 241//241 198//198
f 198//198 241//241 242//242
f 198//198 242//242 199//199
f 199//199 242//242 243//243
f 199//199 243//243 200//200
f 200//200 243//243 244//244
f 200//200 244//244 201//201
f 201//201 244//244 245//245
f 201//201 245//245 202//202
f 202//202 245//245 246//246
f 202//202 246//246 203//203
f 203//203 246//246 247//247
f 203//203 247//247 204//204
f 204//204 247//247 248//248
f 204//204 248//248 205//205
f 205//205 248//248 249//249
f 205//205 249//249 206//206
f 206//206 249//249 250//250
f 206//206 250//250 207//207
f 207//207 250//250 251//251
f 207//207 251//251 208//208
f 208//208 251//251 252//252
f 208//208 252//252 209//209
f 209//209 252//252 253//253
f 209//209 253//253 210//210
f 210//210 253//253 254//254
f 210//210 254//254 211//211
f 211//211 254//254 255//255
f 211//211 255//255 212//212
f 212//212 255//255 256//256
f 212//212 256//256 213//213
f 213//213 256//256 257//257
f 213//213 257//257 214//214
f 214//214 257//257 258//258
f 214//214 258//258 215//215
f 215//215 258//258 259//259
f 215//215 259//259 216//216
f 216//216 259//259 217//217
f 259//259 260//260 217//217
f 217//217 260//260 261//261
f 217//217 261//261 218//218
f 218//218 261//261 262//262
f 218//218 262//262 219//219
f 219//219 262//262 263//263
f 219//219 263//263 220//220
f 220//220 263//263 264//264
f 220//220 264//264 221//221
f 221//221 264//264 265//265
f 221//221 265//265 222//222
f 222//222 265//265 266//266
f 222//222 266//266 223//223
f 223//223 266//266 267//267
f 223//223 267//267 224//224
f 224//224 267//267 268//268
f 224//224 268//268 225//225
f 225//225 268//268 269//269
f 225//225 269//269 226//226
f 226//226 269//269 270//270
f 226//226 270//270 227//227
f 227//227 270//270 271//271
f 227//227 271//271 228//228
f 228//228 271//271 272//272
f 228//228 272//272 229//229
f 229//229 272//272 273//273
f 229//229 273//273 230//230
f 230//230 273//273 274//274
f 230//230 274//274 231//231
f 231//231 274//274 275//275
f 231//231 275//275 232//232
f 232//232 275//275 276//276
f 232//232 276//276 233//233
f 233//233 276//276 277//277
f 233//233 277//277 234//234
f 234//234 277//277 278//278
f 234//234 278//278 235//235
f 235//235 278//278 279//279
f 235//235 279//279 236//236
f 236//236 279//279 280//280
f 236//236 280//280 237//237
f 237//237 280//280 281//281
f 237//237 281//281 238//238
f 238//238 281//281 282//282
f 238//238 282//282 239//239
f 239//239 282//282 283//283
f 239//239 283//283 240//240
f 240//240 283//283 284//284
f 240//240 284//284 241//241
f 241//241 284//284 285//285
f 241//241 285//285 242//242
f 242//242 285//285 286//286
f 242//242 286//286 243//243
f 243//243 286//286 287//287
f 243//243 287//287 244//244
f 244//244 287//287 288//288
f 244//244 288//288 245//245
f 245//245 288//288 289//289
f 245//245 289//289 246//246
f 246//246 289//289 290//290
f 246//246 290//290 247//247
f 247//247 290//290 291//291
f 247//247 291//291 248//248
f 248//248 291//291 292//292
f 248//248 292//292 249//249
f 249//249 292//292 293//293
f 249//249 293//293 250//250
f 250//250 293//293 294//294
f 250//250 294//294 251//251
f 251//251 294//294 295//295
f 251//251 295//295 252//252
f 252//252 295//295 296//296
f 252//252 296//296 253//253
f 253//253 296//296 297//297
f 253//253 297//297 254//254
f 254//254 297//297 298//298
f 254//254 298//298 255//255
f 255//255 298//298 299//299
f 255//255 299//299 256//256
f 256//256 299//299 300//300
f 256//256 300//300 257//257
f 257//257 300//300 301//301
f 257//257 301//301 258//258
f 258//258 301//301 302//302
f 258//258 302//302 259//259
f 259//259 302//302 260//260
f 303//303 304//304 271//271
f 271//271 304//304 305//305
f 271//271 305//305 272//272
f 272//272 305//305 306//306
f 272//272 306//306 273//273
f 273//273 306//306 307//307
f 273//273 307//307 274//274
f 274//274 307//307 308//308
f 274//274 308//308 275//275
f 275//275 308//308 309//309
f 275//275 309//309 276//276
f 276//276 309//309 310//310
f 276//276 310//310 277//277
f 277//277 310//310 311//311
f 277//277 311//311 278//278
f 278//278 311//311 312//312
f 278//278 312//312 279//279
f 279//279 312//312 313//313
f 279//279 313//313 280//280
f 280//280 313//313 314//314
f 280//280 314//314 281//281
f 281//281 314//314 315//315
f 281//281 315//315 282//282
f 282//282 315//315 316//316
f 282//282 316//316 283//283
f 283//283 316//316 317//317
f 283//283 317//317 284//284
f 284//284 317//317 318//318
f 284//284 318//318 285//285
f 285//285 318//318 319//319
f 285//285 319//319 286//286
f 286//286 319//319 320//320
f 286//286 320//320 287//287
f 287//287 320//320 321//321
f 287//287 321//321 288//288
f 288//288 321//321 322//322
f 288//288 322//322 289//289
f 289//289 322//322 323//323
f 289//289 323//323 290//290
f 290//290 323//323 324//324
f 290//290 324//324 291//291
f 291//291 324//324 325//325
f 291//291 325//325 292//292
f 292//292 325//325 326//326
f 292//292 326//326 293//293
f 293//293 326//326 327//327
f 293//293 327//327 294//294
f 294//294 327//327 328//328
f 294//294 328//328 295//295
f 295//295 328//328 329//329
f 295//295 329//329 296//296
f 296//296 329//329 330//330
f 296//296 330//330 297//297
f 297//297 330//330 331//331
f 297//297 331//331 298//298
f 298//298 331//331 332//332
f 298//298 332//332 299//299
f 299//299 332//332 333//333
f 299//299 333//333 300//300
f 300//300 333//333 334//334
f 300//300 334//334 301//301
f 301//301 334//334 335//335
f 301//301 335//335 302//302
f 302//302 335//335 336//336
f 302//302 336//336 260//260
f 260//260 336//336 337//337
f 260//260 337//337 261//261
f 261//261 337//337 338//338
f 261//261 338//338 262//262
f 262//262 338//338 339//339
f 262//262 339//339 263//263
f 263//263 339//339 340//340
f 263//263 340//340 264//264
f 264//264 340//340 341//341
f 264//264 341//341 265//265
f 265//265 341//341 342//342
f 265//265 342//342 266//266
f 266//266 342//342 343//343
f 266//266 343//343 267//267
f 267//267 343//343 344//344
f 267//267 344//344 268//268
f 268//268 344//344 345//345
f 268//268 345//345 269//269
f 269//269 345//345 346//346
f 269//269 346//346 270//270
f 270//270 346//346 303//303
f 270//270 303//303 271//271
f 304//347 303//347 347//347
f 304//347 347//347 305//347
f 308//347 307//347 347//347
f 347//347 307//347 306//347
f 347//347 306//347 305//347
f 311//347 310//347 347//347
f 347//347 310//347 309//347
f 347//347 309//347 308//347
f 314//347 313//347 347//347
f 347//347 313//347 312//347
f 347//347 312//347 311//347
f 317//347 316//347 347//347
f 347//347 316//347 315//347
f 347//347 315//347 314//347
f 320//347 319//347 347//347
f 347//347 319//347 318//347
f 347//347 318//347 317//347
f 323//347 322//347 347//347
f 347//347 322//347 321//347
f 347//347 321//347 320//347
f 326//347 325//347 347//347
f 347//347 325//347 324//347
f 347//347 324//347 323//347
f 329//347 328//347 347//347
f 347//347 328//347 327//347
f 347//347 327//347 326//347
f 332//347 331//347 347//347
f 347//347 331//347 330//347
f 347//347 330//347 329//347
f 335//347 334//347 347//347
f 347//347 334//347 333//347
f 347//347 333//347 332//347
f 338//347 337//347 347//347
f 347//347 337//347 336//347
f 347//347 336//347 335//347
f 341//347 340//347 347//347
f 347//347 340//347 339//347
f 347//347 339//347 338//347
f 344//347 343//347 347//347
f 347//347 343//347 342//347
f 347//347 342//347 341//347
f 303//347 346//347 347//347
f 347//347 346//347 345//347
f 347//347 345//347 344//347
f 4//348 2//348 348//348
f 4//348 348//348 6//348
f 12//348 10//348 348//348
f 348//348 10//348 8//348
f 348//348 8//348 6//348
f 18//348 16//348 348//348
f 348//348 16//348 14//348
f 348//348 14//348 12//348
f 24//348 22//348 348//348
f 348//348 22//348 20//348
f 348//348 20//348 18//348
f 30//348 28//348 348//348
f 348//348 28//348 26//348
f 348//348 26//348 24//348
f 36//348 34//348 348//348
f 348//348 34//348 32//348
f 348//348 32//348 30//348
f 42//348 40//348 348//348
f 348//348 40//348 38//348
f 348//348 38//348 36//348
f 48//348 46//348 348//348
f 348//348 46//348 44//348
f 348//348 44//348 42//348
f 54//348 52//348 348//348
f 348//348 52//348 50//348
f 348//348 50//348 48//348
f 60//348 58//348 348//348
f 348//348 58//348 56//348
f 348//348 56//348 54//348
f 66//348 64//348 348//348
f 348//348 64//348 62//348
f 348//348 62//348 60//348
f 72//348 70//348 348//348
f 348//348 70//348 68//348
f 348//348 68//348 66//348
f 78//348 76//348 348//348
f 348//348 76//348 74//348
f 348//348 74//348 72//348
f 84//348 82//348 348//348
f 348//348 82//348 80//348
f 348//348 80//348 78//348
f 2//348 1//348 348//348
f 348//348 1//348 86//348
f 348//348 86//348 84//348
f 349//348 350//348 351//349
f 352//348 353//348 354//350
f 351//349 350//348 355//351
f 355//351 350//348 356//348
f 355//351 356//348 357//348
f 352//348 354//350 358//348
f 358//348 354//350 359//352
f 358//348 359//352 360//348
f 357//348 361//348 355//351
f 355//351 361//348 362//348
f 355//351 362//348 363//353
f 363//353 362//348 364//354
f 365//355 366//348 359//352
f 359//352 366//348 367//348
f 359//352 367//348 360//348
f 353//348 368//348 354//350
f 354//350 368//348 369//348
f 354//350 369//348 370//356
f 370//356 369//348 371//357
f 372//358 373//348 351//349
f 351//349 373//348 374//348
f 351//349 374//348 349//348
f 365//355 375//359 366//348
f 366//348 375//359 376//360
f 366//348 376//360 362//348
f 362//348 376//360 377//361
f 362//348 377//361 364//354
f 372//358 378//362 373//348
f 373//348 378//362 379//363
f 373//348 379//363 369//348
f 369//348 379//363 380//364
f 369//348 380//364 371//357
f 381//365 382//366 383//367
f 384//368 385//369 386//370
f 383//367 382//366 387//371
f 385//369 388//372 386//370
f 386//370 388//372 389//373
f 386//370 389//373 390//374
f 382//366 391//375 387//371
f 387//371 391//375 392//376
f 387//371 392//376 389//373
f 389//373 392//376 393//377
f 389//373 393//377 390//374
f 394//378 384//368 395//379
f 395//379 384//368 386//370
f 395//379 386//370 396//380
f 396//380 386//370 397//381
f 396//380 397//381 398//382
f 398//382 397//381 399//383
f 398//382 399//383 400//384
f 400//384 399//383 401//385
f 400//384 401//385 402//386
f 402//386 401//385 403//387
f 402//386 403//387 404//388
f 404//388 403//387 405//389
f 404//388 405//389 406//390
f 407//391 408//392 409//393
f 410//394 411//395 383//367
f 383//367 411//395 412//396
f 383//367 412//396 381//365
f 411//395 407//391 412//396
f 412//396 407//391 409//393
f 412//396 409//393 413//397
f 413//397 409//393 414//398
f 413//397 414//398 415//399
f 415//399 414//398 416//400
f 415//399 416//400 406//390
f 406//390 416//400 417//401
f 406//390 417//401 404//388
f 418//402 419//403 420//404
f 420//404 419//403 421//405
f 420//404 421//405 422//406
f 423//407 424//408 425//409
f 426//410 427//411 425//409
f 425//409 427//411 428//412
f 425//409 428//412 423//407
f 421//405 429//413 422//406
f 422//406 429//413 430//414
f 422//406 430//414 431//415
f 431//415 430//414 432//416
f 431//415 432//416 433//417
f 433//417 432//416 434//418
f 433//417 434//418 426//410
f 426//410 434//418 435//419
f 426//410 435//419 427//411
f 419//403 418//402 436//420
f 436//420 418//402 437//421
f 436//420 437//421 438//422
f 438//422 437//421 439//423
f 438//422 439//423 440//424
f 440//424 439//423 441//425
f 440//424 441//425 442//426
f 442//426 441//425 443//427
f 442//426 443//427 444//428
f 444//428 443//427 445//429
f 444//428 445//429 446//430
f 446//430 445//429 447//431
f 446//430 447//431 448//432
f 448//432 447//431 449//433
f 450//434 451//435 449//433
f 449//433 451//435 452//436
f 449//433 452//436 448//432
f 453//437 454//438 455//439
f 455//439 454//438 456//440
f 455//439 456//440 457//441
f 457//441 456//440 458//442
f 457//441 458//442 459//443
f 460//444 461//445 462//446
f 460//444 462//446 463//447
f 462//446 464//448 463//447
f 463//447 464//448 465//449
f 463//447 465//449 466//450
f 466//450 465//449 467//451
f 466//450 467//451 468//452
f 468//452 467//451 469//453
f 468//452 469//453 470//454
f 470//454 469//453 471//455
f 470//454 471//455 472//456
f 472//456 471//455 473//457
f 472//456 473//457 474//458
f 474//458 473//457 475//459
f 474//458 475//459 459//443
f 459//443 475//459 476//460
f 459//443 476//460 457//441
f 454//438 453//437 477//461
f 477//461 453//437 478//462
f 477//461 478//462 479//463
f 479//463 478//462 480//464
f 479//463 480//464 481//465
f 481//465 480//464 482//466
f 481//465 482//466 483//467
f 483//467 482//466 484//468
f 483//467 484//468 485//469
f 485//469 484//468 486//470
f 485//469 486//470 487//471
f 487//471 486//470 488//472
f 487//471 488//472 489//473
f 488//472 490//474 489//473
f 489//473 490//474 491//475
f 489//473 491//475 492//476
f 492//476 491//475 493//477
f 491//475 494//478 493//477
f 493//477 494//478 495//479
f 493//477 495//479 496//480
f 496//480 495//479 497//481
f 496//480 497//481 498//482
f 499//483 500//484 501//485
f 502//486 424//408 503//487
f 500//484 499//483 504//488
f 499//483 505//489 504//488
f 504//488 505//489 506//490
f 504//488 506//490 507//491
f 507//491 506//490 508//492
f 507//491 508//492 509//493
f 509//493 508//492 510//494
f 509//493 510//494 511//495
f 511//495 510//494 512//496
f 513//497 514//498 453//437
f 515//499 516//500 517//501
f 517//501 516//500 518//502
f 517//501 518//502 514//498
f 421//405 419//403 519//503
f 503//487 424//408 520//504
f 521//505 464//448 522//506
f 522//506 464//448 462//446
f 522//506 462//446 510//494
f 510//494 462//446 461//445
f 510//494 461//445 512//496
f 523//507 471//455 524//508
f 524//508 471//455 469//453
f 524//508 469//453 525//509
f 525//509 469//453 467//451
f 525//509 467//451 521//505
f 521//505 467//451 465//449
f 521//505 465//449 464//448
f 424//408 423//407 520//504
f 520//504 423//407 428//412
f 520//504 428//412 526//510
f 526//510 428//412 427//411
f 526//510 427//411 527//511
f 527//511 427//411 435//419
f 527//511 435//419 528//512
f 528//512 435//419 434//418
f 528//512 434//418 529//513
f 529//513 434//418 432//416
f 529//513 432//416 530//514
f 432//416 430//414 530//514
f 530//514 430//414 429//413
f 530//514 429//413 531//515
f 531//515 429//413 421//405
f 531//515 421//405 532//516
f 532//516 421//405 519//503
f 532//516 519//503 515//499
f 515//499 517//501 532//516
f 532//516 517//501 533//517
f 532//516 533//517 531//515
f 531//515 533//517 534//518
f 531//515 534//518 530//514
f 530//514 534//518 535//519
f 530//514 535//519 529//513
f 529//513 535//519 536//520
f 529//513 536//520 528//512
f 528//512 536//520 537//521
f 528//512 537//521 527//511
f 527//511 537//521 538//522
f 527//511 538//522 526//510
f 526//510 538//522 539//523
f 526//510 539//523 520//504
f 520//504 539//523 540//524
f 520//504 540//524 503//487
f 503//487 540//524 541//525
f 503//487 541//525 502//486
f 514//498 513//497 517//501
f 517//501 513//497 542//526
f 517//501 542//526 533//517
f 533//517 542//526 543//527
f 533//517 543//527 534//518
f 534//518 543//527 523//507
f 534//518 523//507 535//519
f 535//519 523//507 524//508
f 535//519 524//508 536//520
f 536//520 524//508 525//509
f 536//520 525//509 537//521
f 537//521 525//509 521//505
f 537//521 521//505 538//522
f 538//522 521//505 522//506
f 538//522 522//506 539//523
f 539//523 522//506 510//494
f 539//523 510//494 540//524
f 540//524 510//494 508//492
f 540//524 508//492 541//525
f 453//437 455//439 513//497
f 513//497 455//439 457//441
f 513//497 457//441 542//526
f 542//526 457//441 476//460
f 542//526 476//460 543//527
f 543//527 476//460 475//459
f 543//527 475//459 523//507
f 523//507 475//459 473//457
f 523//507 473//457 471//455
f 544//528 545//529 546//530
f 509//531 511//495 547//532
f 548//533 549//534 550//535
f 550//536 549//536 551//536
f 551//537 549//537 552//537
f 551//538 552//539 553//540
f 553//541 552//542 554//543
f 553//544 554//545 555//546
f 556//547 557//548 558//549
f 558//549 557//548 555//550
f 558//549 555//551 559//552
f 559//553 555//546 554//545
f 560//554 561//555 562//556
f 562//556 561//555 563//557
f 547//532 511//495 564//558
f 564//558 511//495 512//496
f 564//558 512//496 461//445
f 565//559 566//560 547//532
f 547//532 566//560 507//561
f 547//562 507//562 509//562
f 545//529 544//528 567//563
f 567//563 544//528 568//564
f 567//563 568//564 565//559
f 569//565 570//566 546//530
f 546//530 570//566 571//567
f 546//530 571//567 544//528
f 565//559 547//532 567//563
f 567//563 547//532 564//558
f 567//563 564//558 545//529
f 545//529 564//558 572//568
f 545//529 572//568 546//530
f 546//530 572//568 548//533
f 546//530 548//533 569//565
f 569//565 548//533 550//535
f 569//565 550//535 570//566
f 470//454 549//534 468//452
f 468//452 549//534 548//533
f 468//452 548//533 466//450
f 466//450 548//533 572//568
f 466//450 572//568 463//447
f 463//447 572//568 564//558
f 463//447 564//558 460//444
f 460//444 564//558 461//445
f 573//569 574//570 474//458
f 474//458 574//570 472//456
f 474//458 459//443 573//569
f 573//569 459//443 458//442
f 573//569 458//442 575//571
f 575//571 458//442 456//440
f 575//571 456//440 562//556
f 562//556 456//440 454//438
f 562//556 454//438 560//554
f 470//454 472//456 549//534
f 549//534 472//456 574//570
f 549//572 574//572 552//572
f 552//542 574//573 573//574
f 552//542 573//574 554//543
f 554//575 573//576 575//577
f 554//575 575//577 559//578
f 559//579 575//571 562//556
f 559//552 562//556 558//549
f 558//549 562//556 563//557
f 558//549 563//557 556//547
f 576//580 577//581 578//582
f 516//500 515//499 579//583
f 519//503 419//403 436//420
f 580//584 518//502 516//500
f 478//462 453//437 514//498
f 581//585 582//586 498//482
f 583//587 584//588 585//589
f 585//589 584//588 586//590
f 585//589 586//590 587//591
f 587//591 586//590 588//592
f 587//591 588//592 589//593
f 585//589 590//594 583//587
f 583//587 590//594 591//595
f 583//587 591//595 592//596
f 498//482 497//481 581//585
f 581//585 497//481 495//479
f 581//585 495//479 593//597
f 593//597 495//479 494//478
f 593//597 494//478 594//598
f 594//598 494//478 491//475
f 594//598 491//475 595//599
f 576//580 578//582 450//434
f 450//434 578//582 596//600
f 450//434 596//600 451//435
f 451//435 596//600 597//601
f 451//435 597//601 452//436
f 452//436 597//601 598//602
f 452//436 598//602 448//432
f 448//432 598//602 599//603
f 448//432 599//603 446//430
f 446//430 599//603 600//604
f 446//430 600//604 444//428
f 491//475 490//474 595//599
f 595//599 490//474 488//472
f 595//599 488//472 601//605
f 601//605 488//472 486//470
f 601//605 486//470 602//606
f 602//606 486//470 484//468
f 602//606 484//468 603//607
f 484//468 482//466 603//607
f 603//607 482//466 480//464
f 603//607 480//464 604//608
f 604//608 480//464 478//462
f 604//608 478//462 605//609
f 605//609 478//462 514//498
f 605//609 514//498 518//502
f 518//502 580//584 605//609
f 605//609 580//584 606//610
f 605//609 606//610 604//608
f 604//608 606//610 607//611
f 604//608 607//611 603//607
f 603//607 607//611 608//612
f 603//607 608//612 602//606
f 602//606 608//612 609//613
f 602//606 609//613 601//605
f 601//605 609//613 610//614
f 601//605 610//614 595//599
f 595//599 610//614 611//615
f 595//599 611//615 594//598
f 594//598 611//615 612//616
f 594//598 612//616 593//597
f 593//597 612//616 592//596
f 593//597 592//596 581//585
f 581//585 592//596 591//595
f 581//585 591//595 582//586
f 516//500 579//583 580//584
f 580//584 579//583 613//617
f 580//584 613//617 606//610
f 606//610 613//617 614//618
f 606//610 614//618 607//611
f 607//611 614//618 600//604
f 607//611 600//604 608//612
f 608//612 600//604 599//603
f 608//612 599//603 609//613
f 609//613 599//603 598//602
f 609//613 598//602 610//614
f 610//614 598//602 597//601
f 610//614 597//601 611//615
f 611//615 597//601 596//600
f 611//615 596//600 612//616
f 612//616 596//600 578//582
f 612//616 578//582 592//596
f 592//596 578//582 577//581
f 592//596 577//581 583//587
f 444//428 600//604 442//426
f 442//426 600//604 614//618
f 442//426 614//618 440//424
f 440//424 614//618 613//617
f 440//424 613//617 438//422
f 438//422 613//617 579//583
f 438//422 579//583 436//420
f 436//420 579//583 515//499
f 436//420 515//499 519//503
f 591//595 615//619 582//586
f 616//620 617//620 618//620
f 556//547 563//557 619//621
f 619//621 563//557 561//555
f 619//621 561//555 560//554
f 620//622 621//623 622//624
f 622//625 621//626 623//627
f 622//625 623//627 624//628
f 624//628 623//627 625//629
f 624//628 625//630 626//631
f 626//631 625//629 557//548
f 626//631 557//548 556//547
f 627//632 628//633 629//634
f 629//635 628//636 630//637
f 630//637 628//633 616//638
f 616//638 628//633 631//639
f 616//638 631//639 617//640
f 591//595 590//641 632//642
f 591//595 632//642 615//619
f 615//619 632//642 633//643
f 615//619 633//643 634//644
f 635//645 496//480 498//482
f 498//482 582//586 635//645
f 635//645 582//586 615//619
f 635//645 615//619 636//646
f 636//646 615//619 634//644
f 636//646 634//644 637//647
f 637//647 634//644 633//643
f 493//477 496//480 638//648
f 638//648 496//480 635//645
f 638//648 635//645 639//649
f 639//649 635//645 636//646
f 639//649 636//646 640//650
f 640//651 636//646 637//647
f 492//476 493//477 631//639
f 631//639 493//477 638//648
f 631//639 638//648 617//640
f 617//640 638//648 639//649
f 617//640 639//649 618//652
f 618//652 639//649 640//651
f 492//476 631//639 489//473
f 489//473 631//639 628//633
f 489//473 628//633 487//471
f 487//471 628//633 627//632
f 487//471 627//632 485//469
f 556//547 619//621 626//631
f 626//631 619//621 641//653
f 626//631 641//653 624//628
f 624//628 641//653 642//654
f 624//628 642//654 622//625
f 622//624 642//655 627//656
f 622//624 627//656 620//622
f 620//657 627//657 629//657
f 620//658 629//635 621//626
f 485//469 627//632 483//467
f 483//467 627//632 642//654
f 483//467 642//654 481//465
f 481//465 642//654 641//653
f 481//465 641//653 479//463
f 479//463 641//653 619//621
f 479//463 619//621 477//461
f 477//461 619//621 560//554
f 477//461 560//554 454//438
f 643//659 644//660 645//661
f 645//661 646//662 643//659
f 643//659 646//662 647//663
f 643//659 647//663 648//664
f 648//664 647//663 649//665
f 648//664 649//665 650//666
f 650//666 649//665 651//667
f 652//668 653//668 654//668
f 654//669 653//670 651//667
f 654//669 651//667 655//671
f 655//671 651//667 649//665
f 656//672 657//673 658//674
f 659//675 660//676 661//677
f 662//678 663//679 661//677
f 661//677 663//679 664//680
f 661//677 664//680 659//675
f 661//677 665//681 662//678
f 662//678 665//681 656//672
f 662//678 656//672 666//682
f 666//682 656//672 658//674
f 667//683 668//684 669//685
f 669//685 668//684 670//686
f 670//686 668//684 671//687
f 671//687 668//684 672//688
f 672//688 673//689 671//687
f 671//687 673//689 674//690
f 671//687 674//690 675//691
f 675//691 674//690 676//692
f 675//691 676//692 677//693
f 658//674 657//673 678//694
f 678//694 657//673 679//695
f 680//696 681//697 679//695
f 679//695 681//697 682//698
f 679//695 682//698 678//694
f 683//699 684//700 680//696
f 680//696 684//700 685//701
f 680//696 685//701 681//697
f 686//702 687//703 688//704
f 688//704 687//703 689//705
f 688//704 689//705 690//706
f 645//661 644//660 691//707
f 691//707 644//660 692//708
f 691//707 692//708 693//709
f 693//709 692//708 694//710
f 693//709 694//710 695//711
f 695//711 694//710 686//702
f 695//711 686//702 696//712
f 696//712 686//702 688//704
f 669//685 697//713 667//683
f 667//683 697//713 698//714
f 698//714 697//713 699//715
f 698//714 699//715 700//716
f 700//716 699//715 701//717
f 700//716 701//717 702//718
f 702//718 701//717 703//719
f 702//718 703//719 704//720
f 705//721 706//722 707//723
f 707//723 706//722 708//724
f 707//723 708//724 709//725
f 677//693 710//726 711//727
f 711//727 710//726 712//728
f 677//693 676//692 710//726
f 710//726 676//692 706//722
f 710//726 706//722 712//728
f 712//728 706//722 705//721
f 713//729 659//730 664//731
f 713//729 664//731 714//732
f 664//731 715//733 714//732
f 714//732 715//733 716//734
f 714//732 716//734 708//724
f 708//724 716//734 717//735
f 708//724 717//735 709//725
f 718//736 719//737 720//738
f 721//739 722//740 648//664
f 723//741 724//742 725//743
f 725//743 724//742 726//744
f 706//722 676//692 727//745
f 728//746 660//747 659//730
f 729//748 730//749 731//750
f 732//751 719//737 733//752
f 733//752 719//737 718//736
f 733//752 718//736 731//750
f 731//750 718//736 734//753
f 731//750 734//753 729//748
f 720//738 719//737 735//754
f 735//754 719//737 736//755
f 735//756 736//756 737//756
f 648//664 650//666 721//739
f 721//739 650//666 651//667
f 721//739 651//667 738//757
f 738//757 651//667 653//670
f 738//757 653//670 739//758
f 739//758 653//670 652//759
f 739//758 652//759 736//755
f 736//755 652//759 740//760
f 736//755 740//760 737//761
f 732//751 660//747 719//737
f 719//737 660//747 728//746
f 719//737 728//746 736//755
f 736//755 728//746 741//762
f 736//755 741//762 739//758
f 739//758 741//762 742//763
f 739//758 742//763 738//757
f 738//757 742//763 725//743
f 738//757 725//743 721//739
f 721//739 725//743 726//744
f 721//739 726//744 722//740
f 659//730 713//729 728//746
f 728//746 713//729 714//732
f 728//746 714//732 741//762
f 741//762 714//732 708//724
f 741//762 708//724 742//763
f 742//763 708//724 706//722
f 742//763 706//722 725//743
f 725//743 706//722 727//745
f 725//743 727//745 723//741
f 673//689 672//688 743//764
f 676//692 674//690 727//745
f 727//745 674//690 744//765
f 727//745 744//765 723//741
f 723//741 744//765 724//742
f 724//742 744//765 745//766
f 724//742 745//766 726//744
f 648//664 722//740 643//659
f 643//659 722//740 746//767
f 643//659 746//767 644//660
f 644//660 746//767 747//768
f 722//740 726//744 746//767
f 746//767 726//744 745//766
f 746//767 745//766 747//768
f 747//768 745//766 748//769
f 748//769 745//766 749//770
f 749//770 745//766 744//765
f 749//770 744//765 743//764
f 743//764 744//765 674//690
f 743//764 674//690 673//689
f 694//710 692//708 750//771
f 694//710 750//771 751//772
f 751//772 750//771 752//773
f 751//772 752//773 753//774
f 753//774 752//773 754//775
f 754//775 752//773 755//776
f 754//775 755//776 756//777
f 756//777 755//776 757//778
f 757//778 755//776 668//684
f 757//778 668//684 667//683
f 672//688 668//684 743//764
f 743//764 668//684 755//776
f 743//764 755//776 749//770
f 749//770 755//776 752//773
f 749//770 752//773 748//769
f 748//769 752//773 750//771
f 748//769 750//771 747//768
f 747//768 750//771 692//708
f 747//768 692//708 644//660
f 754//775 756//777 758//779
f 758//779 756//777 757//778
f 686//702 694//710 751//772
f 759//780 690//781 760//782
f 761//783 762//784 763//785
f 763//785 762//784 764//786
f 763//785 764//786 765//787
f 704//720 766//788 767//789
f 767//789 766//788 768//790
f 767//789 768//790 761//783
f 761//783 768//790 769//791
f 761//783 769//791 762//784
f 690//781 689//705 760//782
f 760//782 689//705 687//703
f 760//782 687//703 770//792
f 770//792 687//703 686//702
f 770//792 686//702 771//793
f 771//793 686//702 751//772
f 771//793 751//772 753//774
f 763//785 759//780 761//783
f 761//783 759//780 760//782
f 761//783 760//782 767//789
f 767//789 760//782 770//792
f 767//789 770//792 772//794
f 772//794 770//792 771//793
f 772//794 771//793 758//779
f 758//779 771//793 753//774
f 758//779 753//774 754//775
f 704//720 767//789 702//718
f 702//718 767//789 772//794
f 702//718 772//794 700//716
f 700//716 772//794 758//779
f 700//716 758//779 698//714
f 698//714 758//779 757//778
f 698//714 757//778 667//683
f 664//680 663//679 715//795
f 715//795 663//679 716//796
f 716//796 663//679 662//678
f 716//796 662//678 773//797
f 712//728 705//721 774//798
f 774//798 705//721 707//723
f 774//799 707//723 775//800
f 775//800 707//723 709//725
f 775//800 709//801 773//797
f 773//797 709//801 717//802
f 773//797 717//803 716//796
f 671//687 675//691 776//804
f 776//804 675//691 677//693
f 776//804 677//693 711//727
f 711//727 712//728 776//804
f 776//804 712//728 774//799
f 776//804 774//799 777//805
f 777//805 774//799 775//800
f 777//805 775//800 778//806
f 778//806 775//800 773//797
f 778//806 773//797 666//682
f 666//682 773//797 662//678
f 779//807 671//687 776//804
f 779//807 776//804 780//808
f 780//808 776//804 777//805
f 780//808 777//805 781//809
f 781//809 777//805 778//806
f 781//809 778//806 658//674
f 658//674 778//806 666//682
f 782//810 682//698 681//697
f 783//811 784//812 782//810
f 697//713 669//685 785//813
f 768//814 766//815 786//816
f 786//816 766//815 704//720
f 762//817 769//818 787//819
f 787//819 769//818 768//814
f 788//820 765//821 789//822
f 789//822 765//821 764//823
f 782//810 681//697 783//811
f 783//811 681//697 685//701
f 783//811 685//701 790//824
f 790//824 685//701 684//700
f 790//824 684//700 791//825
f 791//825 684//700 683//699
f 791//825 683//699 792//826
f 792//826 683//699 793//827
f 792//826 793//827 789//822
f 764//823 762//817 789//822
f 789//822 762//817 787//819
f 789//822 787//819 792//826
f 792//826 787//819 794//828
f 792//826 794//828 791//825
f 791//825 794//828 795//829
f 791//825 795//829 790//824
f 790//824 795//829 796//830
f 790//824 796//830 783//811
f 783//811 796//830 797//831
f 783//811 797//831 784//812
f 768//814 786//816 787//819
f 787//819 786//816 798//832
f 787//819 798//832 794//828
f 794//828 798//832 799//833
f 794//828 799//833 795//829
f 795//829 799//833 800//834
f 795//829 800//834 796//830
f 796//830 800//834 801//835
f 796//830 801//835 797//831
f 704//720 703//719 786//816
f 786//816 703//719 701//717
f 786//816 701//717 798//832
f 798//832 701//717 699//715
f 798//832 699//715 799//833
f 799//833 699//715 697//713
f 799//833 697//713 800//834
f 800//834 697//713 785//813
f 800//834 785//813 801//835
f 669//685 670//686 785//813
f 670//686 802//836 785//813
f 785//813 802//836 803//837
f 785//813 803//837 801//835
f 801//835 803//837 797//831
f 797//831 803//837 804//838
f 797//831 804//838 784//812
f 678//694 682//698 804//838
f 804//838 682//698 782//810
f 804//838 782//810 784//812
f 658//674 678//694 781//809
f 781//809 678//694 804//838
f 781//809 804//838 780//808
f 780//808 804//838 803//837
f 780//808 803//837 779//807
f 779//807 803//837 802//836
f 779//807 802//836 671//687
f 671//687 802//836 670//686
f 805//839 806//840 807//841
f 806//840 805//839 808//842
f 809//843 810//844 811//845
f 811//845 810//844 812//846
f 813//847 814//848 815//849
f 816//850 817//851 818//852
f 819//853 820//854 821//855
f 822//856 823//857 824//858
f 825//859 826//860 827//861
f 827//861 826//860 828//862
f 827//861 828//862 829//863
f 830//864 831//865 810//844
f 810//844 831//865 832//866
f 810//844 832//866 833//867
f 834//868 835//869 836//870
f 836//870 835//869 837//871
f 836//870 837//871 838//872
f 830//864 810//844 839//873
f 839//873 810//844 809//843
f 839//873 809//843 840//874
f 840//874 809//843 841//875
f 840//874 841//875 842//876
f 843//877 844//878 845//879
f 846//880 847//881 840//874
f 840//874 847//881 848//882
f 840//874 848//882 839//873
f 839//873 848//882 849//883
f 839//873 849//883 830//864
f 850//884 851//885 852//886
f 852//886 851//885 853//887
f 852//886 853//887 854//888
f 854//888 853//887 855//889
f 854//888 855//889 845//879
f 845//879 855//889 856//890
f 845//879 856//890 843//877
f 857//891 858//892 859//893
f 859//893 858//892 860//894
f 859//893 860//894 861//895
f 815//849 862//896 859//893
f 859//893 862//896 863//897
f 859//893 863//897 857//891
f 864//898 865//899 814//848
f 814//848 865//899 866//900
f 814//848 866//900 815//849
f 815//849 866//900 867//901
f 815//849 867//901 862//896
f 868//902 869//903 870//904
f 871//905 872//906 873//907
f 873//907 872//906 874//908
f 874//908 872//906 875//909
f 874//908 875//909 817//851
f 817//851 875//909 876//910
f 817//851 876//910 877//911
f 877//911 878//912 817//851
f 817//851 878//912 879//913
f 817//851 879//913 818//852
f 818//852 879//913 880//914
f 818//852 880//914 869//903
f 829//863 881//915 827//861
f 827//861 881//915 882//916
f 827//861 882//916 883//917
f 884//918 885//919 886//920
f 886//920 885//919 887//921
f 887//921 888//922 886//920
f 886//920 888//922 889//923
f 886//920 889//923 890//924
f 891//925 892//926 893//927
f 894//928 895//929 892//926
f 896//930 897//931 898//932
f 899//933 900//934 901//935
f 901//935 900//934 902//936
f 901//935 902//936 903//937
f 904//938 905//939 906//940
f 907//941 908//942 909//943
f 908//942 910//944 909//943
f 909//943 910//944 911//945
f 909//943 911//945 912//946
f 913//947 914//948 915//949
f 915//949 819//853 913//947
f 913//947 819//853 821//855
f 913//947 821//855 916//950
f 916//950 821//855 917//951
f 916//950 917//951 918//952
f 919//953 920//954 921//955
f 921//955 920//954 922//956
f 921//955 922//956 914//948
f 923//957 924//958 925//959
f 925//959 924//958 926//960
f 927//961 928//962 923//957
f 923//957 928//962 929//963
f 923//957 929//963 924//958
f 930//964 931//965 932//966
f 932//966 931//965 933//967
f 932//966 933//967 934//968
f 935//969 936//970 937//971
f 937//971 936//970 938//972
f 935//969 939//973 936//970
f 936//970 939//973 940//974
f 936//970 940//974 933//967
f 933//967 940//974 941//975
f 933//967 941//975 934//968
f 942//976 943//977 944//978
f 942//976 944//978 945//979
f 945//979 944//978 946//980
f 945//979 946//980 873//907
f 871//905 873//907 947//981
f 947//981 873//907 946//980
f 947//981 946//980 883//917
f 883//917 946//980 944//978
f 883//917 944//978 827//861
f 827//861 944//978 943//977
f 827//861 943//977 948//982
f 868//902 949//983 950//984
f 950//984 951//985 952//986
f 869//903 868//902 818//852
f 818//852 868//902 950//984
f 818//852 950//984 816//850
f 816//850 950//984 952//986
f 816//850 952//986 953//987
f 953//987 936//970 816//850
f 816//850 936//970 933//967
f 816//850 933//967 817//851
f 817//851 933//967 931//965
f 817//851 931//965 874//908
f 874//908 931//965 954//988
f 874//908 954//988 873//907
f 873//907 954//988 955//989
f 873//907 955//989 945//979
f 945//979 955//989 956//990
f 948//982 957//991 827//861
f 827//861 957//991 958//992
f 827//861 958//992 825//859
f 825//859 958//992 959//993
f 960//994 961//995 813//847
f 813//847 961//995 962//996
f 951//985 950//984 963//997
f 963//997 950//984 949//983
f 963//997 949//983 962//996
f 962//996 949//983 868//902
f 962//996 868//902 813//847
f 813//847 868//902 870//904
f 813//847 870//904 814//848
f 814//848 870//904 964//998
f 814//848 964//998 864//898
f 965//999 966//1000 838//872
f 838//872 966//1000 812//846
f 838//872 812//846 836//870
f 836//870 812//846 810//844
f 836//870 810//844 834//868
f 834//868 810//844 833//867
f 967//1001 846//880 968//1002
f 968//1002 846//880 840//874
f 968//1002 840//874 969//1003
f 969//1003 840//874 842//876
f 969//1003 842//876 970//1004
f 844//878 967//1001 845//879
f 845//879 967//1001 968//1002
f 845//879 968//1002 971//1005
f 971//1005 968//1002 969//1003
f 971//1005 969//1003 972//1006
f 972//1006 969//1003 970//1004
f 805//839 973//1007 808//842
f 808//842 973//1007 974//1008
f 808//842 974//1008 886//920
f 886//920 974//1008 824//858
f 886//920 824//858 884//918
f 884//918 824//858 823//857
f 907//941 909//943 975//1009
f 975//1009 909//943 976//1010
f 975//1009 976//1010 977//1011
f 978//1012 979//1013 980//1014
f 980//1014 979//1013 904//938
f 980//1014 904//938 902//936
f 902//936 904//938 906//940
f 902//936 906//940 903//937
f 981//1015 982//1016 983//1017
f 983//1017 982//1016 984//1018
f 983//1017 984//1018 894//928
f 894//928 984//1018 985//1019
f 894//928 985//1019 895//929
f 892//926 891//925 894//928
f 894//928 891//925 986//1020
f 894//928 986//1020 983//1017
f 983//1017 986//1020 987//1021
f 983//1017 987//1021 981//1015
f 918//952 988//1022 989//1023
f 989//1023 988//1022 977//1011
f 989//1023 977//1011 978//1012
f 978//1012 977//1011 976//1010
f 978//1012 976//1010 979//1013
f 979//1013 976//1010 909//943
f 979//1013 909//943 904//938
f 904//938 909//943 912//946
f 904//938 912//946 905//939
f 914//948 913//947 921//955
f 921//955 913//947 916//950
f 921//955 916//950 990//1024
f 990//1024 916//950 918//952
f 990//1024 918//952 991//1025
f 991//1025 918//952 989//1023
f 991//1025 989//1023 992//1026
f 992//1026 989//1023 978//1012
f 992//1026 978//1012 993//1027
f 993//1027 978//1012 980//1014
f 993//1027 980//1014 994//1028
f 994//1028 980//1014 902//936
f 994//1028 902//936 995//1029
f 995//1029 902//936 900//934
f 995//1029 900//934 896//930
f 896//930 900//934 899//933
f 896//930 899//933 897//931
f 996//1030 997//1031 998//1032
f 998//1032 997//1031 999//1033
f 998//1032 999//1033 1000//1034
f 1000//1034 999//1033 925//959
f 1000//1034 925//959 1001//1035
f 1001//1035 925//959 926//960
f 926//960 1002//1036 1001//1035
f 1001//1035 1002//1036 1003//1037
f 1001//1035 1003//1037 1000//1034
f 1000//1034 1003//1037 1004//1038
f 1000//1034 1004//1038 998//1032
f 998//1032 1004//1038 1005//1039
f 998//1032 1005//1039 996//1030
f 1002//1036 919//953 1003//1037
f 1003//1037 919//953 1006//1040
f 1003//1037 1006//1040 1004//1038
f 1004//1038 1006//1040 1007//1041
f 1004//1038 1007//1041 1005//1039
f 1005//1039 1007//1041 1008//1042
f 1005//1039 1008//1042 996//1030
f 996//1030 1008//1042 1009//1043
f 996//1030 1009//1043 966//1000
f 966//1000 1009//1043 1010//1044
f 966//1000 1010//1044 812//846
f 812//846 1010//1044 981//1015
f 812//846 981//1015 811//845
f 811//845 981//1015 987//1021
f 811//845 987//1021 809//843
f 809//843 987//1021 986//1020
f 809//843 986//1020 841//875
f 841//875 986//1020 891//925
f 841//875 891//925 842//876
f 842//876 891//925 893//927
f 842//876 893//927 970//1004
f 919//953 921//955 1006//1040
f 1006//1040 921//955 990//1024
f 1006//1040 990//1024 1007//1041
f 1007//1041 990//1024 991//1025
f 1007//1041 991//1025 1008//1042
f 1008//1042 991//1025 992//1026
f 1008//1042 992//1026 1009//1043
f 1009//1043 992//1026 993//1027
f 1009//1043 993//1027 1010//1044
f 1010//1044 993//1027 994//1028
f 1010//1044 994//1028 981//1015
f 981//1015 994//1028 995//1029
f 981//1015 995//1029 982//1016
f 982//1016 995//1029 896//930
f 982//1016 896//930 984//1018
f 984//1018 896//930 898//932
f 984//1018 898//932 985//1019
f 972//1006 822//856 971//1005
f 971//1005 822//856 824//858
f 971//1005 824//858 845//879
f 845//879 824//858 974//1008
f 845//879 974//1008 854//888
f 854//888 974//1008 973//1007
f 854//888 973//1007 852//886
f 852//886 973//1007 805//839
f 852//886 805//839 850//884
f 850//884 805//839 807//841
f 850//884 807//841 1011//1045
f 1011//1045 807//841 1012//1046
f 1011//1045 1012//1046 1013//1047
f 861//895 851//885 859//893
f 859//893 851//885 850//884
f 859//893 850//884 815//849
f 815//849 850//884 1011//1045
f 815//849 1011//1045 813//847
f 813//847 1011//1045 1013//1047
f 813//847 1013//1047 960//994
f 930//964 1014//1048 931//965
f 931//965 1014//1048 1015//1049
f 931//965 1015//1049 954//988
f 954//988 1015//1049 1016//1050
f 954//988 1016//1050 955//989
f 955//989 1016//1050 927//961
f 955//989 927//961 956//990
f 956//990 927//961 923//957
f 956//990 923//957 945//979
f 945//979 923//957 925//959
f 945//979 925//959 942//976
f 942//976 925//959 999//1033
f 942//976 999//1033 943//977
f 943//977 999//1033 997//1031
f 943//977 997//1031 948//982
f 948//982 997//1031 996//1030
f 948//982 996//1030 957//991
f 957//991 996//1030 966//1000
f 957//991 966//1000 958//992
f 958//992 966//1000 965//999
f 958//992 965//999 959//993
f 1017//1051 1018//1052 1019//1053
f 1019//1053 1018//1052 1020//1054
f 1020//1054 1018//1052 1021//1055
f 1017//1051 1019//1053 1022//1056
f 1022//1056 1019//1053 1023//1057
f 1022//1056 1023//1057 1024//1058
f 1023//1057 1025//1059 1024//1058
f 1024//1058 1025//1059 1026//1060
f 1024//1058 1026//1060 1027//1061
f 1027//1061 1026//1060 1028//1062
f 1027//1061 1028//1062 1029//1063
f 1029//1063 1028//1062 1030//1064
f 1029//1063 1030//1064 1031//1065
f 1031//1065 1030//1064 1032//1066
f 1031//1065 1032//1066 1033//1067
f 1033//1067 1032//1066 1034//1068
f 1034//1068 1032//1066 1035//1069
f 1034//1068 1035//1069 1036//1070
f 1036//1070 1035//1069 1037//1071
f 1037//1071 1035//1069 1038//1072
f 1037//1071 1038//1072 1039//1073
f 1039//1073 1038//1072 1040//1074
f 1039//1073 1040//1074 1041//1075
f 1041//1075 1040//1074 1042//1076
f 1042//1076 1040//1074 1043//1077
f 1042//1076 1043//1077 1044//1078
f 1044//1078 1043//1077 1045//1079
f 1044//1078 1045//1079 1046//1080
f 1046//1080 1045//1079 1047//1081
f 1046//1080 1047//1081 1048//1082
f 1049//1083 1050//1084 1051//1085
f 1049//1083 1051//1085 1052//1086
f 1053//1087 1054//1088 1055//1089
f 1055//1089 1054//1088 1056//1090
f 1051//1085 1057//1091 1052//1086
f 1052//1086 1057//1091 1058//1092
f 1052//1086 1058//1092 1059//1093
f 1059//1093 1058//1092 1056//1090
f 1059//1093 1056//1090 1060//1094
f 1060//1094 1056//1090 1054//1088
f 1055//1089 1061//1095 1053//1087
f 1053//1087 1061//1095 1062//1096
f 1053//1087 1062//1096 1063//1097
f 1063//1097 1062//1096 1064//1098
f 1063//1097 1064//1098 1065//1099
f 1065//1099 1064//1098 1066//1100
f 1066//1100 1064//1098 1067//1101
f 1066//1100 1067//1101 1068//1102
f 1068//1102 1067//1101 1069//1103
f 1069//1103 1067//1101 1021//1055
f 1069//1103 1021//1055 1018//1052
f 1070//1104 1071//1105 1072//1106
f 1073//1107 1074//1108 1050//1084
f 1050//1084 1074//1108 1075//1109
f 1050//1084 1075//1109 1051//1085
f 1073//1107 1050//1084 1076//1110
f 1076//1110 1050//1084 1077//1111
f 1078//1112 1079//1113 1080//1114
f 1080//1114 1079//1113 1081//1115
f 1080//1114 1081//1115 1082//1116
f 1082//1116 1081//1115 1083//1117
f 1078//1112 1080//1114 1084//1118
f 1084//1118 1080//1114 1085//1119
f 1084//1118 1085//1119 1086//1120
f 1086//1120 1085//1119 1087//1121
f 1087//1121 1085//1119 1088//1122
f 1087//1121 1088//1122 1089//1123
f 1071//1105 1070//1104 1090//1124
f 1070//1104 1091//1125 1090//1124
f 1090//1124 1091//1125 1092//1126
f 1090//1124 1092//1126 1088//1122
f 1088//1122 1092//1126 1093//1127
f 1088//1122 1093//1127 1089//1123
f 1077//1111 1094//1128 1076//1110
f 1076//1110 1094//1128 1095//1129
f 1076//1110 1095//1129 1096//1130
f 1096//1130 1095//1129 1097//1131
f 1096//1130 1097//1131 1072//1106
f 1072//1106 1097//1131 1098//1132
f 1072//1106 1098//1132 1070//1104
f 1099//1133 1100//1134 1101//1135
f 1101//1135 1100//1134 1102//1136
f 1103//1137 1104//1138 1105//1139
f 1106//1140 1107//1141 1108//1142
f 1109//1143 1110//1144 1111//1145
f 1112//1146 1113//1147 1114//1148
f 1115//1149 1116//1150 1117//1151
f 1118//1152 1119//1153 1120//1154
f 1121//1155 1122//1156 1123//1157
f 1124//1158 1125//1159 1126//1160
f 1127//1161 1128//1162 1129//1163
f 1130//1164 1131//1165 1132//1166
f 1133//1167 1134//1168 1112//1146
f 1025//1169 1023//1170 1135//1171
f 1135//1171 1023//1170 1019//1172
f 1136//1173 1055//1174 1056//1175
f 1073//1176 1137//1177 1074//1178
f 1138//1179 1139//1180 1140//1181
f 1141//1182 1142//1183 1143//1184
f 1143//1184 1142//1183 1144//1185
f 1145//1186 1146//1187 1147//1188
f 1148//1189 1149//1190 1147//1188
f 1147//1188 1149//1190 1150//1191
f 1147//1188 1150//1191 1145//1186
f 1138//1179 1140//1181 1151//1192
f 1107//1141 1152//1193 1153//1194
f 1153//1194 1152//1193 1154//1195
f 1082//1116 1155//1196 1106//1140
f 1106//1140 1155//1196 1156//1197
f 1106//1140 1156//1197 1107//1141
f 1107//1141 1156//1197 1157//1198
f 1107//1141 1157//1198 1152//1193
f 1085//1119 1158//1199 1088//1122
f 1088//1122 1158//1199 1159//1200
f 1088//1122 1159//1200 1090//1124
f 1090//1124 1159//1200 1160//1201
f 1137//1177 1073//1176 1161//1202
f 1071//1203 1162//1204 1072//1205
f 1072//1205 1162//1204 1163//1206
f 1072//1205 1163//1206 1096//1207
f 1096//1207 1163//1206 1161//1202
f 1096//1207 1161//1202 1076//1208
f 1076//1208 1161//1202 1073//1176
f 1055//1174 1136//1173 1061//1209
f 1061//1209 1136//1173 1164//1210
f 1061//1209 1164//1210 1062//1211
f 1067//1212 1165//1213 1021//1214
f 1021//1214 1165//1213 1166//1215
f 1021//1214 1166//1215 1020//1216
f 1028//1217 1167//1218 1030//1219
f 1030//1219 1167//1218 1032//1220
f 1168//1221 1045//1079 1043//1077
f 1169//1222 1170//1223 1133//1167
f 1171//1224 1172//1225 1173//1226
f 1173//1226 1172//1225 1174//1227
f 1173//1226 1174//1227 1175//1228
f 1176//1229 1177//1230 1171//1224
f 1171//1224 1177//1230 1178//1231
f 1171//1224 1178//1231 1172//1225
f 1132//1166 1131//1165 1179//1232
f 1179//1232 1131//1165 1180//1233
f 1179//1232 1180//1233 1128//1162
f 1124//1158 1126//1160 1181//1234
f 1126//1160 1182//1235 1181//1234
f 1181//1234 1182//1235 1183//1236
f 1181//1234 1183//1236 1184//1237
f 1185//1238 1186//1239 1183//1236
f 1183//1236 1186//1239 1187//1240
f 1183//1236 1187//1240 1184//1237
f 1188//1241 1189//1242 1185//1238
f 1185//1238 1189//1242 1190//1243
f 1185//1238 1190//1243 1186//1239
f 1191//1244 1192//1245 1193//1246
f 1193//1246 1192//1245 1194//1247
f 1193//1246 1194//1247 1195//1248
f 1195//1248 1194//1247 1196//1249
f 1195//1248 1196//1249 1188//1241
f 1148//1189 1147//1188 1197//1250
f 1197//1250 1147//1188 1146//1187
f 1197//1250 1146//1187 1198//1251
f 1198//1251 1146//1187 1199//1252
f 1198//1251 1199//1252 1200//1253
f 1200//1253 1199//1252 1201//1254
f 1200//1253 1201//1254 1202//1255
f 1202//1255 1201//1254 1203//1256
f 1202//1255 1203//1256 1191//1244
f 1204//1257 1205//1258 1206//1259
f 1205//1258 1204//1257 1123//1157
f 1123//1157 1204//1257 1207//1260
f 1123//1157 1207//1260 1121//1155
f 1122//1156 1121//1155 1208//1261
f 1208//1261 1121//1155 1209//1262
f 1208//1261 1209//1262 1210//1263
f 1210//1263 1209//1262 1211//1264
f 1211//1264 1209//1262 1212//1265
f 1211//1264 1212//1265 1213//1266
f 1214//1267 1215//1268 1216//1269
f 1217//1270 1218//1271 1219//1272
f 1219//1272 1218//1271 1220//1273
f 1221//1274 1222//1275 1223//1276
f 1104//1138 1224//1277 1225//1278
f 1226//1279 1227//1280 1228//1281
f 1228//1281 1227//1280 1229//1282
f 1228//1281 1229//1282 1103//1137
f 1103//1137 1229//1282 1230//1283
f 1103//1137 1230//1283 1104//1138
f 1104//1138 1230//1283 1231//1284
f 1104//1138 1231//1284 1224//1277
f 1226//1279 1228//1281 1232//1285
f 1232//1285 1228//1281 1233//1286
f 1232//1285 1233//1286 1234//1287
f 1234//1287 1233//1286 1235//1288
f 1234//1287 1235//1288 1236//1289
f 1236//1289 1235//1288 1193//1246
f 1236//1289 1193//1246 1237//1290
f 1237//1290 1193//1246 1238//1291
f 1238//1291 1193//1246 1195//1248
f 1238//1291 1195//1248 1239//1292
f 1188//1241 1185//1238 1195//1248
f 1195//1248 1185//1238 1240//1293
f 1195//1248 1240//1293 1239//1292
f 1241//1294 1242//1295 1243//1296
f 1244//1297 1245//1298 1241//1294
f 1241//1294 1245//1298 1246//1299
f 1241//1294 1246//1299 1242//1295
f 1247//1300 1248//1301 1249//1302
f 1249//1302 1248//1301 1250//1303
f 1249//1302 1250//1303 1251//1304
f 1251//1304 1250//1303 1252//1305
f 1251//1304 1252//1305 1253//1306
f 1254//1307 1255//1308 1256//1309
f 1256//1309 1255//1308 1247//1300
f 1257//1310 1258//1311 1259//1312
f 1259//1312 1258//1311 1260//1313
f 1259//1312 1260//1313 1261//1314
f 1067//1212 1064//1315 1165//1213
f 1165//1213 1064//1315 1262//1316
f 1165//1213 1262//1316 1263//1317
f 1264//1318 1265//1319 1266//1320
f 1266//1320 1265//1319 1267//1321
f 1266//1320 1267//1321 1268//1322
f 1268//1322 1267//1321 1269//1323
f 1268//1322 1269//1323 1270//1324
f 1270//1324 1269//1323 1271//1325
f 1206//1259 1272//1326 1204//1257
f 1204//1257 1272//1326 1273//1327
f 1204//1257 1273//1327 1262//1316
f 1262//1316 1273//1327 1274//1328
f 1262//1316 1274//1328 1263//1317
f 1133//1167 1112//1146 1169//1222
f 1169//1222 1112//1146 1114//1148
f 1169//1222 1114//1148 1275//1329
f 1275//1329 1114//1148 1115//1149
f 1275//1329 1115//1149 1276//1330
f 1276//1330 1115//1149 1117//1151
f 1276//1330 1117//1151 1277//1331
f 1047//1081 1045//1079 1278//1332
f 1278//1332 1045//1079 1168//1221
f 1278//1332 1168//1221 1279//1333
f 1279//1333 1168//1221 1280//1334
f 1113//1147 1280//1334 1114//1148
f 1114//1148 1280//1334 1168//1221
f 1114//1148 1168//1221 1115//1149
f 1115//1149 1168//1221 1043//1077
f 1115//1149 1043//1077 1116//1150
f 1116//1150 1043//1077 1040//1074
f 1116//1150 1040//1074 1117//1151
f 1117//1151 1040//1074 1038//1072
f 1108//1142 1140//1181 1109//1143
f 1109//1143 1140//1181 1139//1180
f 1109//1143 1139//1180 1110//1144
f 1110//1144 1139//1180 1281//1335
f 1110//1144 1281//1335 1111//1145
f 1111//1145 1281//1335 1282//1336
f 1111//1145 1282//1336 1283//1337
f 1108//1142 1107//1141 1140//1181
f 1140//1181 1107//1141 1153//1194
f 1140//1181 1153//1194 1151//1192
f 1151//1192 1153//1194 1154//1195
f 1151//1192 1154//1195 1284//1338
f 1283//1337 1285//1339 1111//1145
f 1111//1145 1285//1339 1286//1340
f 1111//1145 1286//1340 1109//1143
f 1109//1143 1286//1340 1287//1341
f 1109//1143 1287//1341 1108//1142
f 1108//1142 1287//1341 1288//1342
f 1108//1142 1288//1342 1106//1140
f 1106//1140 1288//1342 1080//1114
f 1106//1140 1080//1114 1082//1116
f 1289//1343 1105//1139 1290//1344
f 1290//1344 1105//1139 1104//1138
f 1290//1344 1104//1138 1291//1345
f 1291//1345 1104//1138 1225//1278
f 1291//1345 1225//1278 1292//1346
f 1283//1337 1141//1182 1285//1339
f 1285//1339 1141//1182 1143//1184
f 1285//1339 1143//1184 1148//1189
f 1148//1189 1143//1184 1144//1185
f 1148//1189 1144//1185 1149//1190
f 1293//1347 1289//1343 1294//1348
f 1294//1348 1289//1343 1290//1344
f 1294//1348 1290//1344 1295//1349
f 1295//1349 1290//1344 1291//1345
f 1295//1349 1291//1345 1221//1274
f 1221//1274 1291//1345 1292//1346
f 1221//1274 1292//1346 1222//1275
f 1216//1269 1213//1266 1296//1350
f 1296//1350 1213//1266 1212//1265
f 1296//1350 1212//1265 1297//1351
f 1297//1351 1212//1265 1209//1262
f 1207//1260 1298//1352 1121//1155
f 1121//1155 1298//1352 1299//1353
f 1121//1155 1299//1353 1209//1262
f 1209//1262 1299//1353 1300//1354
f 1209//1262 1300//1354 1297//1351
f 1062//1211 1164//1210 1301//1355
f 1301//1355 1164//1210 1136//1173
f 1301//1355 1136//1173 1302//1356
f 1302//1356 1136//1173 1056//1175
f 1302//1356 1056//1175 1303//1357
f 1303//1357 1056//1175 1058//1358
f 1303//1357 1058//1358 1057//1359
f 1051//1360 1299//1353 1057//1359
f 1057//1359 1299//1353 1298//1352
f 1057//1359 1298//1352 1303//1357
f 1303//1357 1298//1352 1207//1260
f 1303//1357 1207//1260 1302//1356
f 1302//1356 1207//1260 1204//1257
f 1302//1356 1204//1257 1301//1355
f 1301//1355 1204//1257 1262//1316
f 1301//1355 1262//1316 1062//1211
f 1062//1211 1262//1316 1064//1315
f 1051//1360 1075//1361 1299//1353
f 1299//1353 1075//1361 1074//1178
f 1299//1353 1074//1178 1300//1354
f 1300//1354 1074//1178 1137//1177
f 1300//1354 1137//1177 1297//1351
f 1297//1351 1137//1177 1161//1202
f 1297//1351 1161//1202 1296//1350
f 1296//1350 1161//1202 1163//1206
f 1216//1269 1296//1350 1214//1267
f 1214//1267 1296//1350 1163//1206
f 1214//1267 1163//1206 1304//1362
f 1304//1362 1163//1206 1162//1204
f 1304//1362 1162//1204 1160//1201
f 1160//1201 1162//1204 1071//1203
f 1160//1201 1071//1203 1090//1124
f 1305//1363 1293//1347 1306//1364
f 1306//1364 1293//1347 1294//1348
f 1306//1364 1294//1348 1307//1365
f 1307//1365 1294//1348 1295//1349
f 1307//1365 1295//1349 1308//1366
f 1308//1366 1295//1349 1221//1274
f 1308//1366 1221//1274 1218//1271
f 1218//1271 1221//1274 1223//1276
f 1218//1271 1223//1276 1220//1273
f 1085//1119 1305//1363 1158//1199
f 1158//1199 1305//1363 1306//1364
f 1158//1199 1306//1364 1159//1200
f 1159//1200 1306//1364 1307//1365
f 1159//1200 1307//1365 1160//1201
f 1160//1201 1307//1365 1308//1366
f 1160//1201 1308//1366 1304//1362
f 1304//1362 1308//1366 1218//1271
f 1304//1362 1218//1271 1214//1267
f 1214//1267 1218//1271 1217//1270
f 1214//1267 1217//1270 1215//1268
f 1191//1244 1193//1246 1202//1255
f 1202//1255 1193//1246 1235//1288
f 1202//1255 1235//1288 1200//1253
f 1200//1253 1235//1288 1233//1286
f 1200//1253 1233//1286 1198//1251
f 1198//1251 1233//1286 1228//1281
f 1198//1251 1228//1281 1197//1250
f 1197//1250 1228//1281 1103//1137
f 1197//1250 1103//1137 1148//1189
f 1148//1189 1103//1137 1105//1139
f 1148//1189 1105//1139 1285//1339
f 1285//1339 1105//1139 1289//1343
f 1285//1339 1289//1343 1286//1340
f 1286//1340 1289//1343 1293//1347
f 1286//1340 1293//1347 1287//1341
f 1287//1341 1293//1347 1305//1363
f 1287//1341 1305//1363 1288//1342
f 1288//1342 1305//1363 1085//1119
f 1288//1342 1085//1119 1080//1114
f 1309//1367 1259//1312 1310//1368
f 1310//1368 1259//1312 1261//1314
f 1310//1368 1261//1314 1311//1369
f 1020//1216 1166//1215 1019//1172
f 1019//1172 1166//1215 1099//1133
f 1019//1172 1099//1133 1135//1171
f 1135//1171 1099//1133 1101//1135
f 1135//1171 1101//1135 1025//1169
f 1127//1161 1129//1163 1125//1159
f 1125//1159 1129//1163 1312//1370
f 1125//1159 1312//1370 1126//1160
f 1126//1160 1312//1370 1244//1297
f 1126//1160 1244//1297 1182//1235
f 1182//1235 1244//1297 1241//1294
f 1182//1235 1241//1294 1183//1236
f 1183//1236 1241//1294 1243//1296
f 1183//1236 1243//1296 1185//1238
f 1185//1238 1243//1296 1313//1371
f 1185//1238 1313//1371 1240//1293
f 1128//1162 1180//1233 1129//1163
f 1129//1163 1180//1233 1249//1302
f 1129//1163 1249//1302 1312//1370
f 1312//1370 1249//1302 1251//1304
f 1312//1370 1251//1304 1244//1297
f 1244//1297 1251//1304 1253//1306
f 1244//1297 1253//1306 1245//1298
f 1314//1372 1309//1367 1315//1373
f 1315//1373 1309//1367 1310//1368
f 1315//1373 1310//1368 1316//1374
f 1316//1374 1310//1368 1311//1369
f 1316//1374 1311//1369 1317//1375
f 1038//1072 1035//1069 1117//1151
f 1117//1151 1035//1069 1032//1220
f 1117//1151 1032//1220 1277//1331
f 1277//1331 1032//1220 1167//1218
f 1277//1331 1167//1218 1102//1136
f 1102//1136 1167//1218 1028//1217
f 1102//1136 1028//1217 1101//1135
f 1101//1135 1028//1217 1026//1376
f 1101//1135 1026//1376 1025//1169
f 1264//1318 1318//1377 1265//1319
f 1265//1319 1318//1377 1257//1310
f 1265//1319 1257//1310 1319//1378
f 1319//1378 1257//1310 1259//1312
f 1319//1378 1259//1312 1320//1379
f 1320//1379 1259//1312 1309//1367
f 1320//1379 1309//1367 1321//1380
f 1321//1380 1309//1367 1314//1372
f 1321//1380 1314//1372 1322//1381
f 1247//1300 1249//1302 1256//1309
f 1256//1309 1249//1302 1180//1233
f 1256//1309 1180//1233 1323//1382
f 1323//1382 1180//1233 1131//1165
f 1323//1382 1131//1165 1176//1229
f 1176//1229 1131//1165 1130//1164
f 1176//1229 1130//1164 1177//1230
f 1324//1383 1322//1381 1325//1384
f 1325//1384 1322//1381 1314//1372
f 1325//1384 1314//1372 1326//1385
f 1326//1385 1314//1372 1315//1373
f 1326//1385 1315//1373 1327//1386
f 1327//1386 1315//1373 1316//1374
f 1327//1386 1316//1374 1120//1154
f 1120//1154 1316//1374 1317//1375
f 1120//1154 1317//1375 1118//1152
f 1175//1228 1324//1383 1173//1226
f 1173//1226 1324//1383 1325//1384
f 1173//1226 1325//1384 1171//1224
f 1171//1224 1325//1384 1326//1385
f 1171//1224 1326//1385 1176//1229
f 1176//1229 1326//1385 1327//1386
f 1176//1229 1327//1386 1323//1382
f 1323//1382 1327//1386 1120//1154
f 1323//1382 1120//1154 1256//1309
f 1256//1309 1120//1154 1119//1153
f 1256//1309 1119//1153 1254//1307
f 1263//1317 1271//1325 1165//1213
f 1165//1213 1271//1325 1269//1323
f 1165//1213 1269//1323 1166//1215
f 1166//1215 1269//1323 1267//1321
f 1166//1215 1267//1321 1099//1133
f 1099//1133 1267//1321 1265//1319
f 1099//1133 1265//1319 1100//1134
f 1100//1134 1265//1319 1319//1378
f 1100//1134 1319//1378 1102//1136
f 1102//1136 1319//1378 1320//1379
f 1102//1136 1320//1379 1277//1331
f 1277//1331 1320//1379 1321//1380
f 1277//1331 1321//1380 1276//1330
f 1276//1330 1321//1380 1322//1381
f 1276//1330 1322//1381 1275//1329
f 1275//1329 1322//1381 1324//1383
f 1275//1329 1324//1383 1169//1222
f 1169//1222 1324//1383 1175//1228
f 1169//1222 1175//1228 1170//1223
f 1328//1387 1329//1388 1330//1389
f 1331//1390 1332//1391 1333//1392
f 1334//1393 1335//1394 1336//1395
f 1337//1396 1338//1397 1339//1398
f 1340//1399 1341//1400 1342//1401
f 1342//1401 1341//1400 1343//1402
f 1344//1403 1345//1404 1346//1405
f 1347//1406 1348//1407 1349//1408
f 1350//1409 1351//1410 1352//1411
f 1353//1412 1354//1413 1355//1414
f 1356//1415 1357//1416 1358//1417
f 1359//1418 1360//1419 1361//1420
f 1362//1421 1363//1422 1364//1423
f 1365//1424 1366//1425 1367//1426
f 1368//1427 1369//1428 1370//1429
f 1371//1430 1372//1431 1373//1432
f 1374//1433 1375//1434 1376//1435
f 1377//1436 1378//1437 1376//1435
f 1376//1435 1378//1437 1379//1438
f 1376//1435 1379//1438 1374//1433
f 1380//1439 1381//1440 1377//1436
f 1377//1436 1381//1440 1382//1441
f 1377//1436 1382//1441 1378//1437
f 1383//1442 1384//1443 1385//1444
f 1385//1444 1384//1443 1365//1424
f 1386//1445 1387//1446 1388//1447
f 1388//1447 1387//1446 1389//1448
f 1388//1447 1389//1448 1390//1449
f 1390//1449 1389//1448 1391//1450
f 1390//1449 1391//1450 1392//1451
f 1392//1451 1391//1450 1393//1452
f 1392//1451 1393//1452 1385//1444
f 1385//1444 1393//1452 1394//1453
f 1385//1444 1394//1453 1383//1442
f 1386//1445 1388//1447 1395//1454
f 1395//1454 1388//1447 1396//1455
f 1395//1454 1396//1455 1397//1456
f 1397//1456 1396//1455 1398//1457
f 1398//1457 1396//1455 1399//1458
f 1398//1457 1399//1458 1400//1459
f 1363//1422 1401//1460 1364//1423
f 1364//1423 1401//1460 1402//1461
f 1364//1423 1402//1461 1403//1462
f 1403//1462 1402//1461 1404//1463
f 1403//1462 1404//1463 1405//1464
f 1405//1464 1404//1463 1406//1465
f 1405//1464 1406//1465 1407//1466
f 1408//1467 1409//1468 1410//1469
f 1410//1469 1409//1468 1411//1470
f 1360//1419 1412//1471 1361//1420
f 1361//1420 1412//1471 1411//1470
f 1361//1420 1411//1470 1413//1472
f 1413//1472 1411//1470 1409//1468
f 1413//1472 1409//1468 1414//1473
f 1414//1473 1409//1468 1408//1467
f 1414//1473 1408//1467 1362//1421
f 1415//1474 1416//1475 1417//1476
f 1417//1476 1416//1475 1418//1477
f 1417//1476 1418//1477 1419//1478
f 1419//1478 1418//1477 1420//1479
f 1419//1478 1420//1479 1421//1480
f 1415//1474 1417//1476 1422//1481
f 1422//1481 1417//1476 1423//1482
f 1422//1481 1423//1482 1424//1483
f 1425//1484 1426//1485 1427//1486
f 1427//1486 1426//1485 1428//1487
f 1427//1486 1428//1487 1423//1482
f 1423//1482 1428//1487 1429//1488
f 1423//1482 1429//1488 1424//1483
f 1430//1489 1431//1490 1432//1491
f 1432//1491 1431//1490 1433//1492
f 1434//1493 1435//1494 1432//1491
f 1432//1491 1435//1494 1436//1495
f 1432//1491 1436//1495 1430//1489
f 1437//1496 1438//1497 1434//1493
f 1434//1493 1438//1497 1439//1498
f 1434//1493 1439//1498 1435//1494
f 1440//1499 1441//1500 1442//1501
f 1442//1501 1441//1500 1443//1502
f 1442//1501 1443//1502 1444//1503
f 1445//1504 1446//1505 1447//1506
f 1445//1504 1447//1506 1448//1507
f 1446//1505 1445//1504 1449//1508
f 1449//1508 1445//1504 1450//1509
f 1449//1508 1450//1509 1451//1510
f 1451//1510 1450//1509 1452//1511
f 1452//1511 1450//1509 1453//1512
f 1452//1511 1453//1512 1048//1082
f 1353//1412 1355//1414 1454//1513
f 1455//1514 1456//1515 1457//1516
f 1457//1516 1456//1515 1458//1517
f 1457//1516 1458//1517 1459//1518
f 1460//1519 1461//1520 1462//1521
f 1462//1521 1461//1520 1463//1522
f 1463//1522 1461//1520 1464//1523
f 1464//1523 1461//1520 1465//1524
f 1464//1523 1465//1524 1466//1525
f 1467//1526 1468//1527 1469//1528
f 1469//1528 1468//1527 1470//1529
f 1469//1528 1470//1529 1465//1524
f 1465//1524 1470//1529 1471//1530
f 1465//1524 1471//1530 1466//1525
f 1472//1531 1473//1532 1474//1533
f 1474//1533 1473//1532 1475//1534
f 1474//1533 1475//1534 1476//1535
f 1476//1535 1475//1534 1477//1536
f 1476//1535 1477//1536 1469//1528
f 1469//1528 1477//1536 1478//1537
f 1469//1528 1478//1537 1467//1526
f 1375//1434 1479//1538 1376//1435
f 1376//1435 1479//1538 1480//1539
f 1376//1435 1480//1539 1472//1531
f 1472//1531 1480//1539 1481//1540
f 1472//1531 1481//1540 1473//1532
f 1482//1541 1483//1542 1484//1543
f 1484//1543 1483//1542 1485//1544
f 1483//1542 1486//1545 1485//1544
f 1485//1544 1486//1545 1487//1546
f 1485//1544 1487//1546 1488//1547
f 1489//1548 1490//1549 1491//1550
f 1491//1550 1490//1549 1492//1551
f 1491//1550 1492//1551 1493//1552
f 1493//1552 1494//1553 1491//1550
f 1491//1550 1494//1553 1495//1554
f 1491//1550 1495//1554 1496//1555
f 1497//1556 1498//1557 1484//1543
f 1484//1543 1498//1557 1499//1558
f 1484//1543 1499//1558 1482//1541
f 1500//1559 1501//1560 1502//1561
f 1502//1561 1501//1560 1503//1562
f 1502//1561 1503//1562 1497//1556
f 1497//1556 1503//1562 1504//1563
f 1497//1556 1504//1563 1498//1557
f 1505//1564 1506//1565 1507//1566
f 1507//1566 1506//1565 1508//1567
f 1508//1567 1509//1568 1507//1566
f 1507//1566 1509//1568 1510//1569
f 1507//1566 1510//1569 1511//1570
f 1511//1570 1510//1569 1512//1571
f 1512//1571 1513//1572 1511//1570
f 1511//1570 1513//1572 1514//1573
f 1511//1570 1514//1573 1502//1561
f 1502//1561 1514//1573 1515//1574
f 1502//1561 1515//1574 1500//1559
f 1516//1575 1517//1576 1518//1577
f 1516//1575 1518//1577 1519//1578
f 1518//1577 1520//1579 1519//1578
f 1519//1578 1520//1579 1521//1580
f 1519//1578 1521//1580 1507//1566
f 1507//1566 1521//1580 1522//1581
f 1507//1566 1522//1581 1505//1564
f 1495//1554 1523//1582 1496//1555
f 1496//1555 1523//1582 1524//1583
f 1496//1555 1524//1583 1516//1575
f 1516//1575 1524//1583 1525//1584
f 1516//1575 1525//1584 1517//1576
f 1526//1585 1527//1586 1528//1587
f 1528//1587 1527//1586 1529//1588
f 1528//1587 1529//1588 1530//1589
f 1531//1590 1532//1591 1533//1592
f 1351//1410 1350//1409 1533//1592
f 1533//1592 1350//1409 1534//1593
f 1533//1592 1534//1593 1531//1590
f 1535//1594 1536//1595 1537//1596
f 1537//1596 1536//1595 1538//1597
f 1537//1596 1538//1597 1539//1598
f 1540//1599 1541//1600 1542//1601
f 1542//1601 1541//1600 1543//1602
f 1542//1601 1543//1602 1529//1588
f 1529//1588 1543//1602 1544//1603
f 1529//1588 1544//1603 1530//1589
f 1545//1604 1546//1605 1547//1606
f 1547//1606 1546//1605 1548//1607
f 1547//1606 1548//1607 1352//1411
f 1352//1411 1548//1607 1549//1608
f 1352//1411 1549//1608 1350//1409
f 1550//1609 1551//1610 1545//1604
f 1545//1604 1551//1610 1552//1611
f 1545//1604 1552//1611 1546//1605
f 1339//1398 1553//1612 1554//1613
f 1554//1613 1553//1612 1555//1614
f 1554//1613 1555//1614 1556//1615
f 1556//1615 1557//1616 1550//1609
f 1557//1616 1558//1617 1550//1609
f 1550//1609 1558//1617 1559//1618
f 1550//1609 1559//1618 1551//1610
f 1560//1619 1561//1620 1562//1621
f 1562//1621 1561//1620 1563//1622
f 1562//1621 1563//1622 1564//1623
f 1564//1623 1563//1622 1565//1624
f 1564//1623 1565//1624 1338//1397
f 1338//1397 1565//1624 1566//1625
f 1338//1397 1566//1625 1339//1398
f 1339//1398 1566//1625 1567//1626
f 1339//1398 1567//1626 1553//1612
f 1526//1585 1568//1627 1527//1586
f 1527//1586 1568//1627 1569//1628
f 1527//1586 1569//1628 1570//1629
f 1570//1629 1569//1628 1571//1630
f 1570//1629 1571//1630 1572//1631
f 1572//1631 1571//1630 1573//1632
f 1572//1631 1573//1632 1574//1633
f 1574//1633 1573//1632 1575//1634
f 1574//1633 1575//1634 1576//1635
f 1576//1635 1575//1634 1577//1636
f 1576//1635 1577//1636 1560//1619
f 1560//1619 1577//1636 1578//1637
f 1560//1619 1578//1637 1561//1620
f 1579//1638 1580//1639 1581//1640
f 1580//1639 1582//1641 1581//1640
f 1581//1640 1582//1641 1583//1642
f 1581//1640 1583//1642 1584//1643
f 1585//1644 1586//1645 1587//1646
f 1587//1646 1586//1645 1448//1507
f 1587//1646 1448//1507 1588//1647
f 1588//1647 1448//1507 1447//1506
f 1586//1645 1589//1648 1448//1507
f 1448//1507 1589//1648 1590//1649
f 1448//1507 1590//1649 1591//1650
f 1592//1651 1593//1652 1594//1653
f 1592//1651 1594//1653 1595//1654
f 1594//1653 1596//1655 1595//1654
f 1595//1654 1596//1655 1597//1656
f 1595//1654 1597//1656 1581//1640
f 1581//1640 1597//1656 1598//1657
f 1581//1640 1598//1657 1579//1638
f 1599//1658 1600//1659 1592//1651
f 1592//1651 1600//1659 1601//1660
f 1592//1651 1601//1660 1593//1652
f 1602//1661 1453//1512 1603//1662
f 1603//1662 1453//1512 1450//1509
f 1603//1662 1450//1509 1604//1663
f 1604//1663 1450//1509 1605//1664
f 1602//1661 1606//1665 1453//1512
f 1453//1512 1606//1665 1607//1666
f 1453//1512 1607//1666 1608//1667
f 1609//1668 1610//1669 1611//1670
f 1611//1670 1610//1669 1612//1671
f 1609//1668 1613//1672 1610//1669
f 1610//1669 1613//1672 1614//1673
f 1610//1669 1614//1673 1599//1658
f 1599//1658 1614//1673 1615//1674
f 1599//1658 1615//1674 1600//1659
f 1605//1664 1450//1509 1616//1675
f 1616//1675 1450//1509 1445//1504
f 1616//1675 1445//1504 1617//1676
f 1591//1650 1618//1677 1448//1507
f 1448//1507 1618//1677 1619//1678
f 1448//1507 1619//1678 1445//1504
f 1445//1504 1619//1678 1620//1679
f 1445//1504 1620//1679 1617//1676
f 1621//1680 1622//1681 1623//1682
f 1621//1680 1623//1682 1624//1683
f 1348//1407 1347//1406 1621//1680
f 1621//1680 1347//1406 1625//1684
f 1621//1680 1625//1684 1622//1681
f 1626//1685 1627//1686 1628//1687
f 1628//1687 1627//1686 1629//1688
f 1628//1687 1629//1688 1630//1689
f 1631//1690 1632//1691 1633//1692
f 1631//1690 1633//1692 1634//1693
f 1632//1691 1635//1694 1633//1692
f 1633//1692 1635//1694 1636//1695
f 1633//1692 1636//1695 1349//1408
f 1349//1408 1636//1695 1637//1696
f 1349//1408 1637//1696 1347//1406
f 962//996 1638//1697 963//997
f 963//997 1638//1697 1639//1698
f 963//997 1639//1698 951//985
f 951//985 1639//1698 1640//1699
f 951//985 1640//1699 952//986
f 1641//1700 1642//1701 807//841
f 807//841 1642//1701 1643//1702
f 807//841 1643//1702 1012//1046
f 1012//1046 1643//1702 1644//1703
f 1012//1046 1644//1703 1013//1047
f 1013//1047 1644//1703 1645//1704
f 1013//1047 1645//1704 960//994
f 960//994 1645//1704 1646//1705
f 960//994 1646//1705 961//995
f 961//995 1646//1705 1647//1706
f 961//995 1647//1706 962//996
f 962//996 1647//1706 1648//1707
f 962//996 1648//1707 1638//1697
f 1641//1700 807//841 1649//1708
f 1649//1708 807//841 806//840
f 1649//1708 806//840 1650//1709
f 1651//1710 1652//1711 1653//1712
f 1653//1712 1652//1711 1654//1713
f 1653//1712 1654//1713 1655//1714
f 1656//1715 1657//1716 808//842
f 808//842 1657//1716 1658//1717
f 808//842 1658//1717 806//840
f 806//840 1658//1717 1659//1718
f 806//840 1659//1718 1650//1709
f 1623//1682 1660//1719 1624//1683
f 1624//1683 1660//1719 1661//1720
f 1624//1683 1661//1720 1651//1710
f 1651//1710 1661//1720 1662//1721
f 1651//1710 1662//1721 1652//1711
f 1663//1722 1664//1723 1665//1724
f 1665//1724 1664//1723 1666//1725
f 1665//1724 1666//1725 1667//1726
f 1667//1726 1666//1725 1668//1727
f 1667//1726 1668//1727 1669//1728
f 1669//1728 1668//1727 1670//1729
f 1669//1728 1670//1729 1671//1730
f 1671//1730 1670//1729 1672//1731
f 1671//1730 1672//1731 1673//1732
f 1673//1732 1672//1731 1674//1733
f 1673//1732 1674//1733 1675//1734
f 1676//1735 1677//1736 1678//1737
f 1678//1737 1677//1736 1675//1734
f 1678//1737 1675//1734 1679//1738
f 1679//1738 1675//1734 1674//1733
f 1680//1739 1453//1512 1610//1669
f 1610//1669 1453//1512 1608//1667
f 1610//1669 1608//1667 1612//1671
f 1676//1735 1453//1512 1677//1736
f 1677//1736 1453//1512 1680//1739
f 1677//1736 1680//1739 1675//1734
f 1675//1734 1680//1739 1681//1740
f 1675//1734 1681//1740 1673//1732
f 1673//1732 1681//1740 1682//1741
f 1673//1732 1682//1741 1671//1730
f 1671//1730 1682//1741 1683//1742
f 1671//1730 1683//1742 1669//1728
f 1669//1728 1683//1742 1684//1743
f 1669//1728 1684//1743 1667//1726
f 1667//1726 1684//1743 1685//1744
f 1667//1726 1685//1744 1665//1724
f 1665//1724 1685//1744 1686//1745
f 1665//1724 1686//1745 1663//1722
f 1663//1722 1686//1745 1687//1746
f 1688//1747 1345//1404 1689//1748
f 1689//1748 1345//1404 1344//1403
f 1689//1748 1344//1403 1690//1749
f 1655//1714 1691//1750 1653//1712
f 1653//1712 1691//1750 1692//1751
f 1653//1712 1692//1751 1693//1752
f 1693//1752 1692//1751 1694//1753
f 1693//1752 1694//1753 1695//1754
f 1695//1754 1694//1753 1696//1755
f 1695//1754 1696//1755 1697//1756
f 1697//1756 1696//1755 1698//1757
f 1697//1756 1698//1757 1699//1758
f 1346//1405 1340//1399 1344//1403
f 1344//1403 1340//1399 1342//1401
f 1344//1403 1342//1401 1690//1749
f 1690//1749 1342//1401 1343//1402
f 1690//1749 1343//1402 890//924
f 1691//1750 1656//1715 1692//1751
f 1692//1751 1656//1715 808//842
f 1692//1751 808//842 1694//1753
f 1694//1753 808//842 886//920
f 1694//1753 886//920 1696//1755
f 1696//1755 886//920 890//924
f 1696//1755 890//924 1698//1757
f 1698//1757 890//924 1343//1402
f 1698//1757 1343//1402 1699//1758
f 1699//1758 1343//1402 1341//1400
f 1700//1759 1581//1640 1587//1646
f 1587//1646 1581//1640 1584//1643
f 1587//1646 1584//1643 1585//1644
f 1640//1699 1626//1685 952//986
f 952//986 1626//1685 1628//1687
f 952//986 1628//1687 953//987
f 953//987 1628//1687 1701//1760
f 953//987 1701//1760 936//970
f 936//970 1701//1760 1702//1761
f 1703//1762 1704//1763 1705//1764
f 1705//1764 1704//1763 1706//1765
f 1705//1764 1706//1765 1707//1766
f 1707//1766 1706//1765 1708//1767
f 1707//1766 1708//1767 1709//1768
f 1709//1768 1708//1767 1710//1769
f 1709//1768 1710//1769 1711//1770
f 1711//1770 1710//1769 1712//1771
f 1711//1770 1712//1771 1713//1772
f 1713//1772 1712//1771 1714//1773
f 1713//1772 1714//1773 1715//1774
f 1715//1774 1714//1773 1716//1775
f 1715//1774 1716//1775 1717//1776
f 1717//1776 1716//1775 1718//1777
f 1717//1776 1718//1777 1719//1778
f 1719//1778 1718//1777 1720//1779
f 1719//1778 1720//1779 1721//1780
f 1721//1780 1720//1779 1700//1759
f 1721//1780 1700//1759 1722//1781
f 1722//1781 1700//1759 1587//1646
f 1723//1782 1724//1783 1725//1784
f 1725//1784 1724//1783 1726//1785
f 1726//1785 1724//1783 1727//1786
f 1726//1785 1727//1786 1728//1787
f 1728//1787 1727//1786 1729//1788
f 1728//1787 1729//1788 1703//1762
f 1704//1763 1730//1789 1706//1765
f 1706//1765 1730//1789 1731//1790
f 1706//1765 1731//1790 1708//1767
f 1708//1767 1731//1790 1732//1791
f 1708//1767 1732//1791 1710//1769
f 1710//1769 1732//1791 1733//1792
f 1710//1769 1733//1792 1712//1771
f 1712//1771 1733//1792 1734//1793
f 1712//1771 1734//1793 1714//1773
f 1714//1773 1734//1793 1735//1794
f 1714//1773 1735//1794 1716//1775
f 1716//1775 1735//1794 1736//1795
f 1716//1775 1736//1795 1718//1777
f 1718//1777 1736//1795 1737//1796
f 1718//1777 1737//1796 1720//1779
f 1720//1779 1737//1796 1738//1797
f 1720//1779 1738//1797 1700//1759
f 1700//1759 1738//1797 1739//1798
f 1700//1759 1739//1798 1581//1640
f 1488//1547 1489//1548 1485//1544
f 1485//1544 1489//1548 1491//1550
f 1485//1544 1491//1550 1740//1799
f 1740//1799 1491//1550 1741//1800
f 1740//1799 1741//1800 1723//1782
f 1723//1782 1741//1800 1742//1801
f 1723//1782 1742//1801 1724//1783
f 1724//1783 1742//1801 1743//1802
f 1724//1783 1743//1802 1727//1786
f 1727//1786 1743//1802 1744//1803
f 1727//1786 1744//1803 1729//1788
f 1729//1788 1744//1803 1745//1804
f 1725//1784 1746//1805 1723//1782
f 1723//1782 1746//1805 1747//1806
f 1723//1782 1747//1806 1740//1799
f 1740//1799 1747//1806 1748//1807
f 1740//1799 1748//1807 1485//1544
f 1485//1544 1748//1807 1399//1458
f 1485//1544 1399//1458 1484//1543
f 1484//1543 1399//1458 1396//1455
f 1484//1543 1396//1455 1497//1556
f 1497//1556 1396//1455 1388//1447
f 1497//1556 1388//1447 1502//1561
f 1502//1561 1388//1447 1390//1449
f 1502//1561 1390//1449 1511//1570
f 1511//1570 1390//1449 1392//1451
f 1730//1789 1749//1808 1731//1790
f 1731//1790 1749//1808 1750//1809
f 1731//1790 1750//1809 1732//1791
f 1732//1791 1750//1809 1751//1810
f 1732//1791 1751//1810 1733//1792
f 1733//1792 1751//1810 1752//1811
f 1733//1792 1752//1811 1734//1793
f 1734//1793 1752//1811 1753//1812
f 1734//1793 1753//1812 1735//1794
f 1735//1794 1753//1812 1754//1813
f 1735//1794 1754//1813 1736//1795
f 1736//1795 1754//1813 1755//1814
f 1736//1795 1755//1814 1737//1796
f 1737//1796 1755//1814 1756//1815
f 1737//1796 1756//1815 1738//1797
f 1738//1797 1756//1815 1757//1816
f 1738//1797 1757//1816 1739//1798
f 1739//1798 1757//1816 1633//1692
f 1739//1798 1633//1692 1581//1640
f 1581//1640 1633//1692 1349//1408
f 1581//1640 1349//1408 1595//1654
f 1595//1654 1349//1408 1348//1407
f 1595//1654 1348//1407 1592//1651
f 1592//1651 1348//1407 1621//1680
f 1592//1651 1621//1680 1599//1658
f 1599//1658 1621//1680 1624//1683
f 1599//1658 1624//1683 1610//1669
f 1610//1669 1624//1683 1651//1710
f 1610//1669 1651//1710 1680//1739
f 1680//1739 1651//1710 1653//1712
f 1680//1739 1653//1712 1681//1740
f 1681//1740 1653//1712 1693//1752
f 1681//1740 1693//1752 1682//1741
f 1682//1741 1693//1752 1695//1754
f 1682//1741 1695//1754 1683//1742
f 1683//1742 1695//1754 1697//1756
f 1683//1742 1697//1756 1684//1743
f 1684//1743 1697//1756 1699//1758
f 1684//1743 1699//1758 1685//1744
f 1685//1744 1699//1758 1341//1400
f 1685//1744 1341//1400 1686//1745
f 1686//1745 1341//1400 1340//1399
f 1686//1745 1340//1399 1687//1746
f 1687//1746 1340//1399 1346//1405
f 1749//1808 1758//1817 1750//1809
f 1750//1809 1758//1817 1759//1818
f 1750//1809 1759//1818 1751//1810
f 1751//1810 1759//1818 1760//1819
f 1751//1810 1760//1819 1752//1811
f 1752//1811 1760//1819 1761//1820
f 1752//1811 1761//1820 1753//1812
f 1753//1812 1761//1820 1762//1821
f 1753//1812 1762//1821 1754//1813
f 1754//1813 1762//1821 1763//1822
f 1754//1813 1763//1822 1755//1814
f 1755//1814 1763//1822 1764//1823
f 1755//1814 1764//1823 1756//1815
f 1756//1815 1764//1823 1702//1761
f 1756//1815 1702//1761 1757//1816
f 1757//1816 1702//1761 1701//1760
f 1757//1816 1701//1760 1633//1692
f 1633//1692 1701//1760 1628//1687
f 1633//1692 1628//1687 1634//1693
f 1634//1693 1628//1687 1630//1689
f 1765//1824 1766//1825 1767//1826
f 1532//1591 1535//1594 1533//1592
f 1533//1592 1535//1594 1537//1596
f 1533//1592 1537//1596 1768//1827
f 1768//1827 1537//1596 1769//1828
f 1768//1827 1769//1828 1770//1829
f 1770//1829 1769//1828 1771//1830
f 1770//1829 1771//1830 1772//1831
f 1772//1831 1771//1830 1773//1832
f 1772//1831 1773//1832 1774//1833
f 1539//1598 1540//1599 1537//1596
f 1537//1596 1540//1599 1542//1601
f 1537//1596 1542//1601 1769//1828
f 1769//1828 1542//1601 1775//1834
f 1769//1828 1775//1834 1771//1830
f 1771//1830 1775//1834 1765//1824
f 1771//1830 1765//1824 1773//1832
f 1773//1832 1765//1824 1767//1826
f 1773//1832 1767//1826 1774//1833
f 1774//1833 1745//1804 1772//1831
f 1772//1831 1745//1804 1744//1803
f 1772//1831 1744//1803 1770//1829
f 1770//1829 1744//1803 1743//1802
f 1770//1829 1743//1802 1768//1827
f 1768//1827 1743//1802 1742//1801
f 1768//1827 1742//1801 1533//1592
f 1533//1592 1742//1801 1741//1800
f 1533//1592 1741//1800 1351//1410
f 1351//1410 1741//1800 1491//1550
f 1351//1410 1491//1550 1352//1411
f 1352//1411 1491//1550 1496//1555
f 1352//1411 1496//1555 1547//1606
f 1547//1606 1496//1555 1516//1575
f 1547//1606 1516//1575 1545//1604
f 1545//1604 1516//1575 1519//1578
f 1545//1604 1519//1578 1550//1609
f 1550//1609 1519//1578 1507//1566
f 1776//1835 1777//1836 1778//1837
f 1778//1837 1777//1836 1779//1838
f 1778//1837 1779//1838 1780//1839
f 1780//1839 1779//1838 1781//1840
f 1780//1839 1781//1840 1782//1841
f 1782//1841 1781//1840 1783//1842
f 1782//1841 1783//1842 1784//1843
f 1784//1843 1783//1842 1785//1844
f 1784//1843 1785//1844 1786//1845
f 1337//1396 1786//1845 1787//1846
f 1787//1846 1786//1845 1785//1844
f 1787//1846 1785//1844 1788//1847
f 1789//1848 1790//1849 1791//1850
f 1333//1392 1792//1851 1793//1852
f 1793//1852 1792//1851 1794//1853
f 1794//1853 1792//1851 1795//1854
f 1794//1853 1795//1854 1796//1855
f 1796//1855 1795//1854 1797//1856
f 1796//1855 1797//1856 1791//1850
f 1791//1850 1797//1856 1798//1857
f 1791//1850 1798//1857 1789//1848
f 1421//1480 1359//1418 1419//1478
f 1419//1478 1359//1418 1361//1420
f 1419//1478 1361//1420 1799//1858
f 1799//1858 1361//1420 1413//1472
f 1799//1858 1413//1472 1800//1859
f 1800//1859 1413//1472 1414//1473
f 1800//1859 1414//1473 1801//1860
f 1801//1860 1414//1473 1802//1861
f 1801//1860 1802//1861 1803//1862
f 1333//1392 1332//1391 1792//1851
f 1792//1851 1332//1391 1804//1863
f 1792//1851 1804//1863 1795//1854
f 1795//1854 1804//1863 1805//1864
f 1795//1854 1805//1864 1797//1856
f 1797//1856 1805//1864 1806//1865
f 1797//1856 1806//1865 1798//1857
f 1798//1857 1806//1865 1807//1866
f 1798//1857 1807//1866 1789//1848
f 1362//1421 1364//1423 1414//1473
f 1414//1473 1364//1423 1403//1462
f 1414//1473 1403//1462 1802//1861
f 1802//1861 1403//1462 1405//1464
f 1802//1861 1405//1464 1803//1862
f 1372//1431 1808//1867 1373//1432
f 1373//1432 1808//1867 1380//1439
f 1373//1432 1380//1439 1809//1868
f 1809//1868 1380//1439 1377//1436
f 1809//1868 1377//1436 1810//1869
f 1810//1869 1377//1436 1376//1435
f 1369//1428 1811//1870 1370//1429
f 1370//1429 1811//1870 1371//1430
f 1370//1429 1371//1430 1812//1871
f 1812//1871 1371//1430 1373//1432
f 1812//1871 1373//1432 1813//1872
f 1813//1872 1373//1432 1809//1868
f 1813//1872 1809//1868 1814//1873
f 1814//1873 1809//1868 1810//1869
f 1815//1874 1816//1875 1817//1876
f 1814//1873 1818//1877 1813//1872
f 1813//1872 1818//1877 1819//1878
f 1813//1872 1819//1878 1812//1871
f 1812//1871 1819//1878 1820//1879
f 1812//1871 1820//1879 1370//1429
f 1370//1429 1820//1879 1367//1426
f 1370//1429 1367//1426 1368//1427
f 1368//1427 1367//1426 1366//1425
f 1365//1424 1367//1426 1385//1444
f 1385//1444 1367//1426 1820//1879
f 1385//1444 1820//1879 1821//1880
f 1821//1880 1820//1879 1819//1878
f 1821//1880 1819//1878 1822//1881
f 1822//1881 1819//1878 1818//1877
f 1822//1881 1818//1877 1823//1882
f 1329//1388 1328//1387 1824//1883
f 1825//1884 1826//1885 1827//1886
f 1827//1886 1826//1885 1828//1887
f 1827//1886 1828//1887 1829//1888
f 1337//1396 1339//1398 1786//1845
f 1786//1845 1339//1398 1554//1613
f 1786//1845 1554//1613 1784//1843
f 1784//1843 1554//1613 1830//1889
f 1784//1843 1830//1889 1782//1841
f 1782//1841 1830//1889 1825//1884
f 1782//1841 1825//1884 1780//1839
f 1780//1839 1825//1884 1827//1886
f 1780//1839 1827//1886 1778//1837
f 1778//1837 1827//1886 1829//1888
f 1778//1837 1829//1888 1776//1835
f 1815//1874 1817//1876 1831//1890
f 1831//1890 1817//1876 1832//1891
f 1831//1890 1832//1891 1833//1892
f 1833//1892 1832//1891 1834//1893
f 1833//1892 1834//1893 1835//1894
f 1835//1894 1834//1893 1836//1895
f 1835//1894 1836//1895 1837//1896
f 1837//1896 1836//1895 1838//1897
f 1837//1896 1838//1897 1839//1898
f 1839//1898 1838//1897 1840//1899
f 1839//1898 1840//1899 1841//1900
f 1841//1900 1840//1899 1842//1901
f 1841//1900 1842//1901 1843//1902
f 1843//1902 1842//1901 1844//1903
f 1843//1902 1844//1903 1845//1904
f 1845//1904 1844//1903 1846//1905
f 1845//1904 1846//1905 1788//1847
f 1328//1387 1847//1906 1824//1883
f 1824//1883 1847//1906 1848//1907
f 1824//1883 1848//1907 1849//1908
f 1849//1908 1848//1907 1850//1909
f 1816//1875 1330//1389 1817//1876
f 1817//1876 1330//1389 1329//1388
f 1817//1876 1329//1388 1832//1891
f 1832//1891 1329//1388 1824//1883
f 1832//1891 1824//1883 1834//1893
f 1834//1893 1824//1883 1849//1908
f 1834//1893 1849//1908 1836//1895
f 1836//1895 1849//1908 1851//1910
f 1836//1895 1851//1910 1838//1897
f 1838//1897 1851//1910 1852//1911
f 1838//1897 1852//1911 1840//1899
f 1840//1899 1852//1911 1853//1912
f 1840//1899 1853//1912 1842//1901
f 1842//1901 1853//1912 1854//1913
f 1842//1901 1854//1913 1844//1903
f 1844//1903 1854//1913 1855//1914
f 1844//1903 1855//1914 1846//1905
f 1556//1615 1550//1609 1554//1613
f 1554//1613 1550//1609 1507//1566
f 1554//1613 1507//1566 1830//1889
f 1830//1889 1507//1566 1511//1570
f 1830//1889 1511//1570 1825//1884
f 1825//1884 1511//1570 1392//1451
f 1825//1884 1392//1451 1826//1885
f 1826//1885 1392//1451 1385//1444
f 1826//1885 1385//1444 1828//1887
f 1828//1887 1385//1444 1821//1880
f 1828//1887 1821//1880 1829//1888
f 1829//1888 1821//1880 1822//1881
f 1829//1888 1822//1881 1776//1835
f 1776//1835 1822//1881 1823//1882
f 1776//1835 1823//1882 1777//1836
f 1816//1875 1856//1915 1330//1389
f 1330//1389 1856//1915 1857//1916
f 1330//1389 1857//1916 1328//1387
f 1328//1387 1857//1916 1858//1917
f 1328//1387 1858//1917 1847//1906
f 1847//1906 1858//1917 1859//1918
f 1847//1906 1859//1918 1848//1907
f 1848//1907 1859//1918 1860//1919
f 1848//1907 1860//1919 1850//1909
f 1861//1920 1862//1921 1460//1519
f 1460//1519 1862//1921 1863//1922
f 1460//1519 1863//1922 1461//1520
f 1461//1520 1863//1922 1864//1923
f 1461//1520 1864//1923 1465//1524
f 1864//1923 1865//1924 1465//1524
f 1465//1524 1865//1924 1866//1925
f 1465//1524 1866//1925 1469//1528
f 1469//1528 1866//1925 1867//1926
f 1469//1528 1867//1926 1476//1535
f 1476//1535 1867//1926 1868//1927
f 1476//1535 1868//1927 1474//1533
f 1474//1533 1868//1927 1869//1928
f 1474//1533 1869//1928 1472//1531
f 1870//1929 1871//1930 1872//1931
f 1862//1921 1873//1932 1863//1922
f 1863//1922 1873//1932 1874//1933
f 1863//1922 1874//1933 1864//1923
f 1864//1923 1874//1933 1875//1934
f 1864//1923 1875//1934 1865//1924
f 1865//1924 1875//1934 1876//1935
f 1865//1924 1876//1935 1866//1925
f 1866//1925 1876//1935 1877//1936
f 1866//1925 1877//1936 1867//1926
f 1867//1926 1877//1936 1872//1931
f 1867//1926 1872//1931 1868//1927
f 1868//1927 1872//1931 1871//1930
f 1868//1927 1871//1930 1869//1928
f 1459//1518 1878//1937 1457//1516
f 1457//1516 1878//1937 1873//1932
f 1457//1516 1873//1932 1455//1514
f 1455//1514 1873//1932 1862//1921
f 1455//1514 1862//1921 1879//1938
f 1879//1938 1862//1921 1861//1920
f 1878//1937 1880//1939 1873//1932
f 1873//1932 1880//1939 1881//1940
f 1873//1932 1881//1940 1874//1933
f 1874//1933 1881//1940 1882//1941
f 1874//1933 1882//1941 1875//1934
f 1875//1934 1882//1941 1883//1942
f 1875//1934 1883//1942 1876//1935
f 1876//1935 1883//1942 1884//1943
f 1876//1935 1884//1943 1877//1936
f 1877//1936 1884//1943 1885//1944
f 1877//1936 1885//1944 1872//1931
f 1872//1931 1885//1944 1886//1945
f 1872//1931 1886//1945 1870//1929
f 1887//1946 1432//1491 1427//1486
f 1427//1486 1432//1491 1433//1492
f 1427//1486 1433//1492 1425//1484
f 1357//1416 1888//1947 1358//1417
f 1358//1417 1888//1947 1437//1496
f 1358//1417 1437//1496 1889//1948
f 1889//1948 1437//1496 1434//1493
f 1889//1948 1434//1493 1890//1949
f 1890//1949 1434//1493 1432//1491
f 1890//1949 1432//1491 1891//1950
f 1891//1950 1432//1491 1887//1946
f 1887//1946 1892//1951 1891//1950
f 1891//1950 1892//1951 1893//1952
f 1891//1950 1893//1952 1890//1949
f 1890//1949 1893//1952 1894//1953
f 1890//1949 1894//1953 1889//1948
f 1889//1948 1894//1953 1895//1954
f 1889//1948 1895//1954 1358//1417
f 1358//1417 1895//1954 1896//1955
f 1358//1417 1896//1955 1356//1415
f 1356//1415 1896//1955 1897//1956
f 1356//1415 1897//1956 1898//1957
f 1898//1957 1897//1956 1899//1958
f 1900//1959 1901//1960 1790//1849
f 1790//1849 1901//1960 1902//1961
f 1790//1849 1902//1961 1791//1850
f 1791//1850 1902//1961 1903//1962
f 1791//1850 1903//1962 1796//1855
f 1796//1855 1903//1962 1904//1963
f 1796//1855 1904//1963 1794//1853
f 1794//1853 1904//1963 1905//1964
f 1794//1853 1905//1964 1793//1852
f 1803//1862 1331//1390 1801//1860
f 1801//1860 1331//1390 1333//1392
f 1801//1860 1333//1392 1800//1859
f 1800//1859 1333//1392 1793//1852
f 1800//1859 1793//1852 1799//1858
f 1799//1858 1793//1852 1905//1964
f 1799//1858 1905//1964 1419//1478
f 1419//1478 1905//1964 1904//1963
f 1419//1478 1904//1963 1417//1476
f 1417//1476 1904//1963 1903//1962
f 1417//1476 1903//1962 1423//1482
f 1423//1482 1903//1962 1902//1961
f 1423//1482 1902//1961 1427//1486
f 1427//1486 1902//1961 1901//1960
f 1427//1486 1901//1960 1887//1946
f 1887//1946 1901//1960 1900//1959
f 1887//1946 1900//1959 1892//1951
f 1459//1518 1454//1513 1878//1937
f 1878//1937 1454//1513 1355//1414
f 1878//1937 1355//1414 1880//1939
f 1880//1939 1355//1414 1906//1965
f 1880//1939 1906//1965 1881//1940
f 1881//1940 1906//1965 1907//1966
f 1881//1940 1907//1966 1882//1941
f 1882//1941 1907//1966 1908//1967
f 1882//1941 1908//1967 1883//1942
f 1883//1942 1908//1967 1909//1968
f 1883//1942 1909//1968 1884//1943
f 1884//1943 1909//1968 1910//1969
f 1884//1943 1910//1969 1885//1944
f 1885//1944 1910//1969 1911//1970
f 1885//1944 1911//1970 1886//1945
f 1886//1945 1911//1970 1912//1971
f 1886//1945 1912//1971 1870//1929
f 1870//1929 1912//1971 1913//1972
f 1914//1973 1915//1974 1916//1975
f 1916//1975 1915//1974 1917//1976
f 1916//1975 1917//1976 1442//1501
f 1918//1977 1914//1973 1919//1978
f 1919//1978 1914//1973 1916//1975
f 1919//1978 1916//1975 1920//1979
f 1920//1979 1916//1975 1442//1501
f 1920//1979 1442//1501 1921//1980
f 1921//1980 1442//1501 1444//1503
f 1921//1980 1444//1503 1922//1981
f 1336//1395 1335//1394 1923//1982
f 1923//1982 1335//1394 1924//1983
f 1923//1982 1924//1983 1925//1984
f 1925//1984 1924//1983 1926//1985
f 1925//1984 1926//1985 1927//1986
f 1927//1986 1926//1985 1928//1987
f 1927//1986 1928//1987 1929//1988
f 1929//1988 1928//1987 1930//1989
f 1929//1988 1930//1989 1918//1977
f 1918//1977 1930//1989 1931//1990
f 1918//1977 1931//1990 1914//1973
f 1914//1973 1931//1990 1932//1991
f 1914//1973 1932//1991 1915//1974
f 1922//1981 1899//1958 1921//1980
f 1921//1980 1899//1958 1897//1956
f 1921//1980 1897//1956 1920//1979
f 1920//1979 1897//1956 1896//1955
f 1920//1979 1896//1955 1919//1978
f 1919//1978 1896//1955 1895//1954
f 1919//1978 1895//1954 1918//1977
f 1918//1977 1895//1954 1894//1953
f 1918//1977 1894//1953 1929//1988
f 1929//1988 1894//1953 1893//1952
f 1929//1988 1893//1952 1927//1986
f 1927//1986 1893//1952 1892//1951
f 1927//1986 1892//1951 1925//1984
f 1925//1984 1892//1951 1900//1959
f 1925//1984 1900//1959 1923//1982
f 1923//1982 1900//1959 1790//1849
f 1923//1982 1790//1849 1336//1395
f 1336//1395 1790//1849 1789//1848
f 1336//1395 1789//1848 1334//1393
f 1334//1393 1789//1848 1807//1866
f 1354//1413 1048//1082 1355//1414
f 1355//1414 1048//1082 1453//1512
f 1355//1414 1453//1512 1906//1965
f 1906//1965 1453//1512 1676//1735
f 1906//1965 1676//1735 1907//1966
f 1907//1966 1676//1735 1678//1737
f 1907//1966 1678//1737 1908//1967
f 1908//1967 1678//1737 1679//1738
f 1908//1967 1679//1738 1909//1968
f 1909//1968 1679//1738 1674//1733
f 1909//1968 1674//1733 1910//1969
f 1910//1969 1674//1733 1672//1731
f 1910//1969 1672//1731 1911//1970
f 1911//1970 1672//1731 1670//1729
f 1911//1970 1670//1729 1912//1971
f 1912//1971 1670//1729 1668//1727
f 1912//1971 1668//1727 1913//1972
f 1913//1972 1668//1727 1666//1725
f 1913//1972 1666//1725 1933//1992
f 1933//1992 1666//1725 1664//1723
f 1933//1992 1664//1723 1934//1993
f 1934//1993 1664//1723 1663//1722
f 1934//1993 1663//1722 1935//1994
f 1935//1994 1663//1722 1687//1746
f 1935//1994 1687//1746 1936//1995
f 1936//1995 1687//1746 1346//1405
f 1936//1995 1346//1405 1937//1996
f 1937//1996 1346//1405 1345//1404
f 1937//1996 1345//1404 1938//1997
f 1938//1997 1345//1404 1688//1747
f 1938//1997 1688//1747 1939//1998
f 1703//1762 1729//1788 1704//1763
f 1704//1763 1729//1788 1745//1804
f 1704//1763 1745//1804 1730//1789
f 1730//1789 1745//1804 1774//1833
f 1730//1789 1774//1833 1749//1808
f 1749//1808 1774//1833 1767//1826
f 1749//1808 1767//1826 1758//1817
f 1758//1817 1767//1826 1766//1825
f 1758//1817 1766//1825 1759//1818
f 1759//1818 1766//1825 1940//1999
f 1759//1818 1940//1999 1760//1819
f 1760//1819 1940//1999 1941//2000
f 1760//1819 1941//2000 1761//1820
f 1761//1820 1941//2000 1942//2001
f 1761//1820 1942//2001 1762//1821
f 1762//1821 1942//2001 1943//2002
f 1762//1821 1943//2002 1763//1822
f 1763//1822 1943//2002 1944//2003
f 1763//1822 1944//2003 1764//1823
f 1764//1823 1944//2003 1945//2004
f 1764//1823 1945//2004 1702//1761
f 1702//1761 1945//2004 938//972
f 1702//1761 938//972 936//970
f 1788//1847 1785//1844 1845//1904
f 1845//1904 1785//1844 1783//1842
f 1845//1904 1783//1842 1843//1902
f 1843//1902 1783//1842 1781//1840
f 1843//1902 1781//1840 1841//1900
f 1841//1900 1781//1840 1779//1838
f 1841//1900 1779//1838 1839//1898
f 1839//1898 1779//1838 1777//1836
f 1839//1898 1777//1836 1837//1896
f 1837//1896 1777//1836 1823//1882
f 1837//1896 1823//1882 1835//1894
f 1835//1894 1823//1882 1818//1877
f 1835//1894 1818//1877 1833//1892
f 1833//1892 1818//1877 1814//1873
f 1833//1892 1814//1873 1831//1890
f 1831//1890 1814//1873 1810//1869
f 1831//1890 1810//1869 1815//1874
f 1815//1874 1810//1869 1376//1435
f 1815//1874 1376//1435 1816//1875
f 1816//1875 1376//1435 1472//1531
f 1816//1875 1472//1531 1856//1915
f 1856//1915 1472//1531 1869//1928
f 1856//1915 1869//1928 1857//1916
f 1857//1916 1869//1928 1871//1930
f 1857//1916 1871//1930 1858//1917
f 1858//1917 1871//1930 1870//1929
f 1858//1917 1870//1929 1859//1918
f 1859//1918 1870//1929 1913//1972
f 1859//1918 1913//1972 1860//1919
f 1860//1919 1913//1972 1933//1992
f 1860//1919 1933//1992 1850//1909
f 1850//1909 1933//1992 1934//1993
f 1850//1909 1934//1993 1849//1908
f 1849//1908 1934//1993 1935//1994
f 1849//1908 1935//1994 1851//1910
f 1851//1910 1935//1994 1936//1995
f 1851//1910 1936//1995 1852//1911
f 1852//1911 1936//1995 1937//1996
f 1852//1911 1937//1996 1853//1912
f 1853//1912 1937//1996 1938//1997
f 1853//1912 1938//1997 1854//1913
f 1854//1913 1938//1997 1939//1998
f 1854//1913 1939//1998 1855//1914
f 1407//1466 1400//1459 1405//1464
f 1405//1464 1400//1459 1399//1458
f 1405//1464 1399//1458 1803//1862
f 1803//1862 1399//1458 1748//1807
f 1803//1862 1748//1807 1331//1390
f 1331//1390 1748//1807 1747//1806
f 1331//1390 1747//1806 1332//1391
f 1332//1391 1747//1806 1746//1805
f 1332//1391 1746//1805 1804//1863
f 1804//1863 1746//1805 1725//1784
f 1804//1863 1725//1784 1805//1864
f 1805//1864 1725//1784 1726//1785
f 1805//1864 1726//1785 1806//1865
f 1806//1865 1726//1785 1728//1787
f 1806//1865 1728//1787 1807//1866
f 1807//1866 1728//1787 1703//1762
f 1807//1866 1703//1762 1334//1393
f 1334//1393 1703//1762 1705//1764
f 1334//1393 1705//1764 1335//1394
f 1335//1394 1705//1764 1707//1766
f 1335//1394 1707//1766 1924//1983
f 1924//1983 1707//1766 1709//1768
f 1924//1983 1709//1768 1926//1985
f 1926//1985 1709//1768 1711//1770
f 1926//1985 1711//1770 1928//1987
f 1928//1987 1711//1770 1713//1772
f 1928//1987 1713//1772 1930//1989
f 1930//1989 1713//1772 1715//1774
f 1930//1989 1715//1774 1931//1990
f 1931//1990 1715//1774 1717//1776
f 1931//1990 1717//1776 1932//1991
f 1932//1991 1717//1776 1719//1778
f 1932//1991 1719//1778 1915//1974
f 1915//1974 1719//1778 1721//1780
f 1915//1974 1721//1780 1917//1976
f 1917//1976 1721//1780 1722//1781
f 1917//1976 1722//1781 1442//1501
f 1442//1501 1722//1781 1587//1646
f 1442//1501 1587//1646 1440//1499
f 1440//1499 1587//1646 1588//1647
f 1788//1847 1846//1905 1946//2005
f 1947//2006 1948//2007 1788//1847
f 1949//2008 1950//2009 1788//1847
f 1788//1847 1950//2009 1951//2010
f 1788//1847 1951//2010 1947//2006
f 1948//2007 1952//2011 1788//1847
f 1788//1847 1952//2011 1953//2012
f 1788//1847 1953//2012 1787//1846
f 1954//2013 1955//2014 1956//2015
f 1956//2015 1955//2014 1957//2016
f 1956//2015 1957//2016 1958//2017
f 1958//2017 1957//2016 1959//2018
f 1958//2017 1959//2018 1960//2019
f 1960//2019 1959//2018 1961//2020
f 1960//2019 1961//2020 1946//2005
f 1946//2005 1961//2020 1962//2021
f 1946//2005 1962//2021 1788//1847
f 1788//1847 1962//2021 1963//2022
f 1788//1847 1963//2022 1949//2008
f 1964//2023 1965//2024 1966//2025
f 1966//2025 1965//2024 1967//2026
f 1966//2025 1967//2026 1968//2027
f 1969//2028 1970//2029 1971//2030
f 1971//2030 1970//2029 1972//2031
f 1971//2030 1972//2031 1973//2032
f 1974//2033 1975//2034 1976//2035
f 1976//2035 1975//2034 1973//2032
f 1977//2036 1978//2037 1979//2038
f 1979//2038 1978//2037 1980//2039
f 389//373 388//372 1977//2036
f 1981//2040 1982//2041 1983//2042
f 1983//2042 1982//2041 1984//2043
f 1985//2044 1986//2045 1981//2040
f 1987//2046 1988//2047 1989//2048
f 1989//2048 1988//2047 1990//2049
f 1989//2048 1990//2049 1991//2050
f 1992//2051 1993//2052 1994//2053
f 1994//2053 1993//2052 1995//2054
f 1994//2053 1995//2054 1996//2055
f 1996//2055 1995//2054 1997//2056
f 1996//2055 1997//2056 1998//2057
f 1998//2057 1997//2056 1999//2058
f 1998//2057 1999//2058 2000//2059
f 2000//2059 1999//2058 2001//2060
f 2000//2059 2001//2060 2002//2061
f 2003//2062 2004//2063 1992//2051
f 1992//2051 2004//2063 2005//2064
f 1992//2051 2005//2064 1993//2052
f 890//924 889//923 1690//1749
f 1690//1749 889//923 888//922
f 1690//1749 888//922 2006//2065
f 2006//2065 2007//2066 1690//1749
f 1690//1749 2007//2066 2008//2067
f 1690//1749 2008//2067 887//921
f 887//921 2009//2068 1690//1749
f 1690//1749 2009//2068 2010//2069
f 1690//1749 2010//2069 2003//2062
f 2003//2062 2010//2069 2011//2070
f 2003//2062 2011//2070 2004//2063
f 2012//2071 2013//2072 2014//2073
f 2014//2073 2013//2072 2015//2074
f 2014//2073 2015//2074 2016//2075
f 2016//2075 2015//2074 2017//2076
f 2016//2075 2017//2076 2018//2077
f 2018//2077 2017//2076 2019//2078
f 2018//2077 2019//2078 2020//2079
f 2020//2079 2019//2078 2021//2080
f 2020//2079 2021//2080 2022//2081
f 2022//2081 2021//2080 2023//2082
f 2000//2059 2023//2082 1998//2057
f 1998//2057 2023//2082 2021//2080
f 1998//2057 2021//2080 1996//2055
f 1996//2055 2021//2080 2019//2078
f 1996//2055 2019//2078 1994//2053
f 1994//2053 2019//2078 2017//2076
f 1994//2053 2017//2076 1992//2051
f 1992//2051 2017//2076 2015//2074
f 1992//2051 2015//2074 2003//2062
f 2003//2062 2015//2074 2013//2072
f 2003//2062 2013//2072 1690//1749
f 1690//1749 2013//2072 2012//2071
f 1690//1749 2012//2071 1689//1748
f 1969//2028 1968//2027 1970//2029
f 1970//2029 1968//2027 1967//2026
f 1970//2029 1967//2026 2024//2083
f 2024//2083 1967//2026 1965//2024
f 1939//1998 1688//1747 2025//2084
f 2025//2084 1688//1747 2026//2085
f 2025//2084 2026//2085 2027//2086
f 2027//2086 2026//2085 2028//2087
f 2027//2086 2028//2087 2029//2088
f 2029//2088 2028//2087 2030//2089
f 2029//2088 2030//2089 2031//2090
f 2031//2090 2030//2089 2032//2091
f 2031//2090 2032//2091 2033//2092
f 1855//1914 1939//1998 2034//2093
f 2034//2093 1939//1998 2025//2084
f 2034//2093 2025//2084 2035//2094
f 2035//2094 2025//2084 2027//2086
f 2035//2094 2027//2086 2036//2095
f 2036//2095 2027//2086 2029//2088
f 2036//2095 2029//2088 2037//2096
f 2037//2096 2029//2088 2031//2090
f 2037//2096 2031//2090 2038//2097
f 2038//2097 2031//2090 2033//2092
f 2038//2097 2033//2092 2039//2098
f 2040//2099 1974//2033 2041//2100
f 2041//2100 1974//2033 1976//2035
f 2041//2100 1976//2035 2042//2101
f 2043//2102 1972//2031 2044//2103
f 2044//2103 1972//2031 1970//2029
f 2044//2103 1970//2029 2045//2104
f 2045//2104 1970//2029 2024//2083
f 2045//2104 2024//2083 2046//2105
f 2046//2105 2024//2083 1965//2024
f 2046//2105 1965//2024 1956//2015
f 1956//2015 1965//2024 1964//2023
f 1956//2015 1964//2023 1954//2013
f 1977//2036 1979//2038 389//373
f 389//373 1979//2038 2047//2106
f 389//373 2047//2106 387//371
f 387//371 2047//2106 1983//2042
f 387//371 1983//2042 383//367
f 383//367 1983//2042 1984//2043
f 383//367 1984//2043 410//394
f 1981//2040 1983//2042 1985//2044
f 1985//2044 1983//2042 2047//2106
f 1985//2044 2047//2106 2042//2101
f 2042//2101 2047//2106 1979//2038
f 2042//2101 1979//2038 2041//2100
f 2041//2100 1979//2038 1980//2039
f 2041//2100 1980//2039 2040//2099
f 1973//2032 1972//2031 1976//2035
f 1976//2035 1972//2031 2043//2102
f 1976//2035 2043//2102 2042//2101
f 2042//2101 2043//2102 2048//2107
f 2042//2101 2048//2107 1985//2044
f 1985//2044 2048//2107 2049//2108
f 1985//2044 2049//2108 1986//2045
f 1846//1905 1855//1914 1946//2005
f 1946//2005 1855//1914 2034//2093
f 1946//2005 2034//2093 1960//2019
f 1960//2019 2034//2093 2035//2094
f 1960//2019 2035//2094 1958//2017
f 1958//2017 2035//2094 2036//2095
f 1958//2017 2036//2095 1956//2015
f 1956//2015 2036//2095 2037//2096
f 1956//2015 2037//2096 2046//2105
f 2046//2105 2037//2096 2038//2097
f 2046//2105 2038//2097 2045//2104
f 2045//2104 2038//2097 2039//2098
f 2045//2104 2039//2098 2044//2103
f 2044//2103 2039//2098 1990//2049
f 2044//2103 1990//2049 2043//2102
f 2043//2102 1990//2049 1988//2047
f 2043//2102 1988//2047 2048//2107
f 2048//2107 1988//2047 1987//2046
f 2048//2107 1987//2046 2049//2108
f 2002//2061 2050//2109 2000//2059
f 2000//2059 2050//2109 1991//2050
f 2000//2059 1991//2050 2023//2082
f 2023//2082 1991//2050 1990//2049
f 2023//2082 1990//2049 2022//2081
f 2022//2081 1990//2049 2039//2098
f 2022//2081 2039//2098 2020//2079
f 2020//2079 2039//2098 2033//2092
f 2020//2079 2033//2092 2018//2077
f 2018//2077 2033//2092 2032//2091
f 2018//2077 2032//2091 2016//2075
f 2016//2075 2032//2091 2030//2089
f 2016//2075 2030//2089 2014//2073
f 2014//2073 2030//2089 2028//2087
f 2014//2073 2028//2087 2012//2071
f 2012//2071 2028//2087 2026//2085
f 2012//2071 2026//2085 1689//1748
f 1689//1748 2026//2085 1688//1747
f 2051//2110 1529//1588 1527//1586
f 1529//1588 2051//2110 1542//1601
f 2052//2111 2053//2112 2054//2113
f 2055//2114 2056//2115 2057//2116
f 2058//2117 2059//2118 2060//2119
f 2061//2120 2062//2121 2063//2122
f 2064//2123 2065//2124 2066//2125
f 2067//2126 2068//2127 2069//2128
f 2070//2129 2071//2130 2072//2131
f 2073//2132 2074//2133 2075//2134
f 2076//2135 2077//2136 2078//2137
f 2079//2138 2080//2139 2081//2140
f 2082//2141 2083//2142 2084//2143
f 2084//2143 2083//2142 2081//2140
f 2084//2143 2081//2140 2085//2144
f 2085//2144 2081//2140 2080//2139
f 2086//2145 2087//2146 2088//2147
f 2088//2147 2087//2146 2089//2148
f 2090//2149 2091//2150 2088//2147
f 2088//2147 2091//2150 2092//2151
f 2088//2147 2092//2151 2086//2145
f 2073//2132 2075//2134 2093//2152
f 2071//2130 2094//2153 2095//2154
f 2070//2129 2072//2131 2096//2155
f 1950//2009 2096//2155 1337//1396
f 1787//1846 1953//2012 1337//1396
f 1337//1396 1953//2012 1952//2011
f 1337//1396 1952//2011 1950//2009
f 2097//2156 2098//2157 1775//1834
f 2098//2157 2099//2158 1775//1834
f 1775//1834 2099//2158 2100//2159
f 1775//1834 2100//2159 1765//1824
f 2101//2160 2102//2161 2103//2162
f 2103//2162 2102//2161 2104//2163
f 2103//2162 2104//2163 2105//2164
f 2105//2164 2104//2163 2106//2165
f 2107//2166 2108//2167 2109//2168
f 2109//2168 2108//2167 2110//2169
f 2109//2168 2110//2169 2111//2170
f 2111//2170 2110//2169 2112//2171
f 2111//2170 2112//2171 2101//2160
f 2101//2160 2112//2171 2113//2172
f 2101//2160 2113//2172 2102//2161
f 2114//2173 2115//2174 2116//2175
f 2116//2175 2115//2174 2117//2176
f 2118//2177 2119//2178 2120//2179
f 2120//2179 2119//2178 2116//2175
f 2120//2179 2116//2175 2121//2180
f 2121//2180 2116//2175 2117//2176
f 2122//2181 2123//2182 2124//2183
f 2124//2183 2123//2182 2125//2184
f 2126//2185 2127//2186 2128//2187
f 2128//2187 2127//2186 2129//2188
f 2128//2187 2129//2188 2130//2189
f 2131//2190 2132//2191 2133//2192
f 2134//2193 2135//2194 2053//2112
f 2053//2112 2135//2194 2136//2195
f 2137//2196 2138//2197 2054//2113
f 2136//2195 2139//2198 2053//2112
f 2053//2112 2139//2198 2140//2199
f 2053//2112 2140//2199 2054//2113
f 2054//2113 2140//2199 2141//2200
f 2054//2113 2141//2200 2137//2196
f 2138//2197 2142//2201 2054//2113
f 2054//2113 2142//2201 2143//2202
f 2054//2113 2143//2202 2126//2185
f 2126//2185 2143//2202 2144//2203
f 2126//2185 2144//2203 2127//2186
f 2145//2204 2146//2205 2147//2206
f 2147//2206 2146//2205 2148//2207
f 2147//2206 2148//2207 2149//2208
f 2149//2208 2148//2207 2150//2209
f 2149//2208 2150//2209 2133//2192
f 2133//2192 2150//2209 2151//2210
f 2133//2192 2151//2210 2131//2190
f 2057//2116 2152//2211 2153//2212
f 2153//2212 2152//2211 2154//2213
f 2153//2212 2154//2213 2155//2214
f 2156//2215 2157//2216 2056//2115
f 2056//2115 2157//2216 2158//2217
f 2056//2115 2158//2217 2057//2116
f 2057//2116 2158//2217 2159//2218
f 2057//2116 2159//2218 2152//2211
f 2059//2118 2058//2117 2160//2219
f 2160//2219 2058//2117 2161//2220
f 2160//2219 2161//2220 2162//2221
f 2162//2221 2163//2222 2160//2219
f 2160//2219 2163//2222 2164//2223
f 2160//2219 2164//2223 2165//2224
f 2165//2224 2164//2223 2166//2225
f 2165//2224 2166//2225 2167//2226
f 2167//2226 2168//2227 2165//2224
f 2165//2224 2168//2227 2169//2228
f 2165//2224 2169//2228 2170//2229
f 2169//2228 2171//2230 2170//2229
f 2170//2229 2171//2230 2172//2231
f 2170//2229 2172//2231 2173//2232
f 2173//2232 2174//2233 2170//2229
f 2170//2229 2174//2233 2175//2234
f 2170//2229 2175//2234 2063//2122
f 2063//2122 2175//2234 2176//2235
f 2063//2122 2176//2235 2061//2120
f 2177//2236 2178//2237 2179//2238
f 2180//2239 2181//2240 2182//2241
f 2183//2242 2184//2243 2185//2244
f 2186//2245 2187//2246 2188//2247
f 2188//2247 2187//2246 2189//2248
f 2188//2247 2189//2248 2184//2243
f 2184//2243 2189//2248 2190//2249
f 2184//2243 2190//2249 2185//2244
f 2160//2219 2191//2250 2059//2118
f 2059//2118 2191//2250 2192//2251
f 2059//2118 2192//2251 2060//2119
f 2060//2119 2192//2251 2177//2236
f 2060//2119 2177//2236 2193//2252
f 2193//2252 2177//2236 2179//2238
f 2170//2229 2095//2154 2165//2224
f 2165//2224 2095//2154 2194//2253
f 2165//2224 2194//2253 2160//2219
f 2160//2219 2194//2253 2195//2254
f 2160//2219 2195//2254 2191//2250
f 2191//2250 2195//2254 2196//2255
f 2191//2250 2196//2255 2197//2256
f 2071//2130 2095//2154 2072//2131
f 2072//2131 2095//2154 2170//2229
f 2072//2131 2170//2229 2198//2257
f 2198//2257 2170//2229 2063//2122
f 2198//2257 2063//2122 2199//2258
f 2199//2258 2063//2122 2062//2121
f 2199//2258 2062//2121 2200//2259
f 2096//2155 2072//2131 1337//1396
f 1337//1396 2072//2131 2198//2257
f 1337//1396 2198//2257 1338//1397
f 1338//1397 2198//2257 2199//2258
f 1338//1397 2199//2258 1564//1623
f 2185//2244 2180//2239 2183//2242
f 2183//2242 2180//2239 2182//2241
f 2183//2242 2182//2241 2177//2236
f 2177//2236 2182//2241 2181//2240
f 2177//2236 2181//2240 2178//2237
f 1574//1633 1576//1635 2055//2114
f 2055//2114 1576//1635 1560//1619
f 1564//1623 2199//2258 1562//1621
f 1562//1621 2199//2258 2200//2259
f 1562//1621 2200//2259 1560//1619
f 1560//1619 2200//2259 2062//2121
f 1560//1619 2062//2121 2055//2114
f 2055//2114 2062//2121 2061//2120
f 2055//2114 2061//2120 2056//2115
f 2056//2115 2061//2120 2201//2260
f 2056//2115 2201//2260 2156//2215
f 2118//2177 2202//2261 2203//2262
f 2203//2262 2202//2261 2204//2263
f 2132//2191 2134//2193 2133//2192
f 2133//2192 2134//2193 2053//2112
f 2133//2192 2053//2112 2069//2128
f 2069//2128 2053//2112 2052//2111
f 2069//2128 2052//2111 2067//2126
f 2067//2126 2052//2111 2106//2165
f 2051//2110 2205//2264 1542//1601
f 1542//1601 2205//2264 2206//2265
f 1542//1601 2206//2265 1775//1834
f 1775//1834 2206//2265 2207//2266
f 1775//1834 2207//2266 2097//2156
f 2097//2156 2207//2266 2208//2267
f 2130//2189 2186//2245 2128//2187
f 2128//2187 2186//2245 2188//2247
f 2128//2187 2188//2247 2209//2268
f 2209//2268 2188//2247 2184//2243
f 2209//2268 2184//2243 2210//2269
f 2211//2270 2212//2271 2213//2272
f 2213//2272 2212//2271 2123//2182
f 2105//2164 2214//2273 2103//2162
f 2103//2162 2214//2273 2215//2274
f 2103//2162 2215//2274 2101//2160
f 2101//2160 2215//2274 2216//2275
f 2101//2160 2216//2275 2111//2170
f 2111//2170 2216//2275 2217//2276
f 2111//2170 2217//2276 2109//2168
f 2214//2273 2204//2263 2215//2274
f 2215//2274 2204//2263 2202//2261
f 2215//2274 2202//2261 2216//2275
f 2216//2275 2202//2261 2118//2177
f 2216//2275 2118//2177 2217//2276
f 2217//2276 2118//2177 2120//2179
f 2217//2276 2120//2179 2109//2168
f 2109//2168 2120//2179 2121//2180
f 2109//2168 2121//2180 2107//2166
f 2107//2166 2121//2180 2117//2176
f 2106//2165 2052//2111 2105//2164
f 2105//2164 2052//2111 2054//2113
f 2105//2164 2054//2113 2214//2273
f 2214//2273 2054//2113 2126//2185
f 2214//2273 2126//2185 2204//2263
f 2204//2263 2126//2185 2128//2187
f 2204//2263 2128//2187 2203//2262
f 2203//2262 2128//2187 2209//2268
f 2203//2262 2209//2268 2118//2177
f 2118//2177 2209//2268 2210//2269
f 2118//2177 2210//2269 2119//2178
f 2077//2136 2079//2138 2078//2137
f 2078//2137 2079//2138 2081//2140
f 2078//2137 2081//2140 2218//2277
f 2218//2277 2081//2140 2083//2142
f 2218//2277 2083//2142 2219//2278
f 2219//2278 2220//2279 2218//2277
f 2218//2277 2220//2279 2221//2280
f 2218//2277 2221//2280 2078//2137
f 2078//2137 2221//2280 2089//2148
f 2078//2137 2089//2148 2076//2135
f 2076//2135 2089//2148 2087//2146
f 2074//2133 2091//2150 2075//2134
f 2075//2134 2091//2150 2090//2149
f 2075//2134 2090//2149 2222//2281
f 2222//2281 2090//2149 2088//2147
f 2222//2281 2088//2147 2223//2282
f 2223//2282 2088//2147 2089//2148
f 2223//2282 2089//2148 2224//2283
f 2224//2283 2089//2148 2221//2280
f 2224//2283 2221//2280 2225//2284
f 2225//2284 2221//2280 2220//2279
f 2225//2284 2220//2279 2226//2285
f 2226//2285 2220//2279 2227//2286
f 2226//2285 2227//2286 2228//2287
f 2122//2181 2064//2123 2123//2182
f 2123//2182 2064//2123 2066//2125
f 2123//2182 2066//2125 2213//2272
f 2213//2272 2066//2125 2229//2288
f 2213//2272 2229//2288 2211//2270
f 2211//2270 2229//2288 2230//2289
f 2211//2270 2230//2289 2231//2290
f 2231//2290 2230//2289 2232//2291
f 2231//2290 2232//2291 2233//2292
f 2233//2292 2232//2291 2234//2293
f 2233//2292 2234//2293 2235//2294
f 2234//2293 2236//2295 2237//2296
f 2237//2296 2236//2295 2238//2297
f 2235//2294 2234//2293 2239//2298
f 2239//2298 2234//2293 2237//2296
f 2239//2298 2237//2296 2240//2299
f 2240//2299 2237//2296 2238//2297
f 2240//2299 2238//2297 2241//2300
f 2241//2300 2075//2134 2240//2299
f 2240//2299 2075//2134 2222//2281
f 2240//2299 2222//2281 2239//2298
f 2239//2298 2222//2281 2223//2282
f 2239//2298 2223//2282 2235//2294
f 2235//2294 2223//2282 2224//2283
f 2235//2294 2224//2283 2233//2292
f 2233//2292 2224//2283 2225//2284
f 2233//2292 2225//2284 2231//2290
f 2231//2290 2225//2284 2226//2285
f 2231//2290 2226//2285 2211//2270
f 2211//2270 2226//2285 2228//2287
f 2211//2270 2228//2287 2212//2271
f 2212//2271 2228//2287 2242//2301
f 2212//2271 2242//2301 2123//2182
f 2123//2182 2242//2301 2243//2302
f 2123//2182 2243//2302 2125//2184
f 2068//2127 2208//2267 2069//2128
f 2069//2128 2208//2267 2207//2266
f 2069//2128 2207//2266 2133//2192
f 2133//2192 2207//2266 2206//2265
f 2133//2192 2206//2265 2149//2208
f 2149//2208 2206//2265 2205//2264
f 2149//2208 2205//2264 2147//2206
f 2147//2206 2205//2264 2051//2110
f 2147//2206 2051//2110 2145//2204
f 2145//2204 2051//2110 1527//1586
f 2145//2204 1527//1586 2244//2303
f 2244//2303 1527//1586 1570//1629
f 2244//2303 1570//1629 1572//1631
f 2155//2214 2146//2205 2153//2212
f 2153//2212 2146//2205 2145//2204
f 2153//2212 2145//2204 2057//2116
f 2057//2116 2145//2204 2244//2303
f 2057//2116 2244//2303 2055//2114
f 2055//2114 2244//2303 1572//1631
f 2055//2114 1572//1631 1574//1633
f 2065//2124 2114//2173 2066//2125
f 2066//2125 2114//2173 2116//2175
f 2066//2125 2116//2175 2229//2288
f 2229//2288 2116//2175 2119//2178
f 2229//2288 2119//2178 2230//2289
f 2230//2289 2119//2178 2210//2269
f 2230//2289 2210//2269 2232//2291
f 2232//2291 2210//2269 2184//2243
f 2232//2291 2184//2243 2234//2293
f 2234//2293 2184//2243 2183//2242
f 2234//2293 2183//2242 2236//2295
f 2236//2295 2183//2242 2177//2236
f 2236//2295 2177//2236 2238//2297
f 2238//2297 2177//2236 2192//2251
f 2238//2297 2192//2251 2241//2300
f 2241//2300 2192//2251 2191//2250
f 2241//2300 2191//2250 2075//2134
f 2075//2134 2191//2250 2197//2256
f 2075//2134 2197//2256 2093//2152
f 2093//2152 2197//2256 2196//2255
f 2093//2152 2196//2255 2245//2304
f 2245//2304 2196//2255 2195//2254
f 2245//2304 2195//2254 2246//2305
f 2246//2305 2195//2254 2194//2253
f 2246//2305 2194//2253 2247//2306
f 2247//2306 2194//2253 2095//2154
f 2247//2306 2095//2154 2248//2307
f 2248//2307 2095//2154 2094//2153
f 2249//2308 2250//2309 2251//2310
f 1945//2004 1944//2003 2252//2311
f 2253//2312 2254//2313 2255//2314
f 2255//2314 2254//2313 2256//2315
f 2257//2316 2258//2317 2253//2312
f 2259//2318 2260//2319 2261//2320
f 2261//2320 2260//2319 2262//2321
f 2261//2320 2262//2321 2263//2322
f 2264//2323 2265//2324 2266//2325
f 2266//2325 2265//2324 2267//2326
f 2268//2327 2269//2328 2267//2326
f 2267//2326 2269//2328 2270//2329
f 2267//2326 2270//2329 2266//2325
f 2271//2330 2272//2331 2268//2327
f 2268//2327 2272//2331 2273//2332
f 2268//2327 2273//2332 2269//2328
f 2274//2333 2275//2334 2276//2335
f 2276//2335 2275//2334 2277//2336
f 2276//2335 2277//2336 2271//2330
f 2271//2330 2277//2336 2278//2337
f 2271//2330 2278//2337 2272//2331
f 1765//1824 2100//2159 1766//1825
f 1766//1825 2100//2159 2099//2158
f 2099//2158 2279//2338 1766//1825
f 1766//1825 2279//2338 2280//2339
f 1766//1825 2280//2339 2281//2339
f 2281//2339 2282//2340 1766//1825
f 1766//1825 2282//2340 2283//2341
f 1766//1825 2283//2341 2274//2333
f 2274//2333 2283//2341 2284//2342
f 2274//2333 2284//2342 2275//2334
f 2285//2343 935//969 1945//2004
f 1945//2004 935//969 937//971
f 1945//2004 937//971 938//972
f 2286//2344 2287//2345 2288//2346
f 2288//2346 2287//2345 2289//2347
f 2288//2346 2289//2347 2290//2348
f 2290//2348 2289//2347 2291//2349
f 2290//2348 2291//2349 2292//2350
f 2292//2350 2291//2349 2293//2351
f 2292//2350 2293//2351 2252//2311
f 2252//2311 2293//2351 2294//2352
f 2252//2311 2294//2352 1945//2004
f 1945//2004 2294//2352 2295//2353
f 1945//2004 2295//2353 2285//2343
f 2249//2308 2251//2310 2296//2354
f 2296//2354 2251//2310 2297//2355
f 2296//2354 2297//2355 2298//2356
f 2299//2357 2300//2358 2301//2359
f 2302//2360 2303//2361 2304//2362
f 2304//2362 2303//2361 2305//2363
f 2306//2364 2307//2365 2302//2360
f 2308//2366 2309//2367 2310//2368
f 2310//2368 2309//2367 2311//2369
f 2310//2368 2311//2369 2312//2370
f 2312//2370 2311//2369 2313//2371
f 2312//2370 2313//2371 2314//2372
f 2314//2372 2313//2371 2315//2373
f 2314//2372 2315//2373 2316//2374
f 2316//2374 2315//2373 2317//2375
f 2316//2374 2317//2375 2318//2376
f 2318//2376 2317//2375 2319//2377
f 2265//2324 2319//2377 2267//2326
f 2267//2326 2319//2377 2317//2375
f 2267//2326 2317//2375 2268//2327
f 2268//2327 2317//2375 2315//2373
f 2268//2327 2315//2373 2271//2330
f 2271//2330 2315//2373 2313//2371
f 2271//2330 2313//2371 2276//2335
f 2276//2335 2313//2371 2311//2369
f 2276//2335 2311//2369 2274//2333
f 2274//2333 2311//2369 2309//2367
f 2274//2333 2309//2367 1766//1825
f 1766//1825 2309//2367 2308//2366
f 1766//1825 2308//2366 1940//1999
f 2251//2310 2320//2378 2297//2355
f 2297//2355 2320//2378 2321//2379
f 2297//2355 2321//2379 2298//2356
f 2298//2356 2321//2379 2322//2380
f 2298//2356 2322//2380 2301//2359
f 1942//2001 1941//2000 2323//2381
f 2323//2381 1941//2000 2324//2382
f 2323//2381 2324//2382 2325//2383
f 2325//2383 2324//2382 2326//2384
f 2325//2383 2326//2384 2327//2385
f 2327//2385 2326//2384 2328//2386
f 2327//2385 2328//2386 2329//2387
f 2329//2387 2328//2386 2330//2388
f 2329//2387 2330//2388 2331//2389
f 1943//2002 1942//2001 2332//2390
f 2332//2390 1942//2001 2323//2381
f 2332//2390 2323//2381 2333//2391
f 2333//2391 2323//2381 2325//2383
f 2333//2391 2325//2383 2334//2392
f 2334//2392 2325//2383 2327//2385
f 2334//2392 2327//2385 2335//2393
f 2335//2393 2327//2385 2329//2387
f 2335//2393 2329//2387 2336//2394
f 2336//2394 2329//2387 2331//2389
f 2336//2394 2331//2389 2337//2395
f 2338//2396 2339//2397 2299//2357
f 2299//2357 2339//2397 2340//2398
f 2299//2357 2340//2398 2300//2358
f 2341//2399 2322//2380 2342//2400
f 2342//2400 2322//2380 2321//2379
f 2342//2400 2321//2379 2343//2401
f 2343//2401 2321//2379 2320//2378
f 2343//2401 2320//2378 2344//2402
f 2344//2402 2320//2378 2251//2310
f 2344//2402 2251//2310 2288//2346
f 2288//2346 2251//2310 2250//2309
f 2288//2346 2250//2309 2286//2344
f 2302//2360 2304//2362 2306//2364
f 2306//2364 2304//2362 2345//2403
f 2306//2364 2345//2403 2346//2404
f 2346//2404 2345//2403 2255//2314
f 2346//2404 2255//2314 2347//2405
f 2347//2405 2255//2314 2256//2315
f 2347//2405 2256//2315 2348//2406
f 2253//2312 2255//2314 2257//2316
f 2257//2316 2255//2314 2345//2403
f 2257//2316 2345//2403 2338//2396
f 2338//2396 2345//2403 2304//2362
f 2338//2396 2304//2362 2339//2397
f 2339//2397 2304//2362 2305//2363
f 2339//2397 2305//2363 2340//2398
f 2301//2359 2322//2380 2299//2357
f 2299//2357 2322//2380 2341//2399
f 2299//2357 2341//2399 2338//2396
f 2338//2396 2341//2399 2349//2407
f 2338//2396 2349//2407 2257//2316
f 2257//2316 2349//2407 2350//2408
f 2257//2316 2350//2408 2258//2317
f 1944//2003 1943//2002 2252//2311
f 2252//2311 1943//2002 2332//2390
f 2252//2311 2332//2390 2292//2350
f 2292//2350 2332//2390 2333//2391
f 2292//2350 2333//2391 2290//2348
f 2290//2348 2333//2391 2334//2392
f 2290//2348 2334//2392 2288//2346
f 2288//2346 2334//2392 2335//2393
f 2288//2346 2335//2393 2344//2402
f 2344//2402 2335//2393 2336//2394
f 2344//2402 2336//2394 2343//2401
f 2343//2401 2336//2394 2337//2395
f 2343//2401 2337//2395 2342//2400
f 2342//2400 2337//2395 2262//2321
f 2342//2400 2262//2321 2341//2399
f 2341//2399 2262//2321 2260//2319
f 2341//2399 2260//2319 2349//2407
f 2349//2407 2260//2319 2259//2318
f 2349//2407 2259//2318 2350//2408
f 2264//2323 2351//2409 2265//2324
f 2265//2324 2351//2409 2263//2322
f 2265//2324 2263//2322 2319//2377
f 2319//2377 2263//2322 2262//2321
f 2319//2377 2262//2321 2318//2376
f 2318//2376 2262//2321 2337//2395
f 2318//2376 2337//2395 2316//2374
f 2316//2374 2337//2395 2331//2389
f 2316//2374 2331//2389 2314//2372
f 2314//2372 2331//2389 2330//2388
f 2314//2372 2330//2388 2312//2370
f 2312//2370 2330//2388 2328//2386
f 2312//2370 2328//2386 2310//2368
f 2310//2368 2328//2386 2326//2384
f 2310//2368 2326//2384 2308//2366
f 2308//2366 2326//2384 2324//2382
f 2308//2366 2324//2382 1940//1999
f 1940//1999 2324//2382 1941//2000
f 2352//2410 2243//2302 2242//2301
f 2352//2410 2242//2301 2353//2411
f 2353//2411 2242//2301 2354//2412
f 2354//2412 2242//2301 2228//2287
f 2354//2412 2228//2287 2355//2413
f 2082//2141 2356//2414 2083//2142
f 2083//2142 2356//2414 2357//2415
f 2083//2142 2357//2415 2219//2278
f 2219//2278 2357//2415 2358//2416
f 2219//2278 2358//2416 2220//2279
f 2220//2279 2358//2416 2355//2413
f 2220//2279 2355//2413 2227//2286
f 2227//2286 2355//2413 2228//2287
f 2359//2417 2360//2418 2361//2419
f 2361//2419 2360//2418 2362//2420
f 2363//2421 2364//2422 2365//2423
f 2366//2424 2360//2418 2367//2425
f 2367//2425 2360//2418 2359//2417
f 2367//2425 2359//2417 2368//2426
f 2368//2426 2359//2417 2369//2427
f 2370//2428 2371//2429 2372//2430
f 2372//2430 2371//2429 2373//2431
f 2374//2432 2375//2433 2373//2431
f 2373//2431 2375//2433 2376//2434
f 2373//2431 2376//2434 2372//2430
f 2348//2406 2377//2435 2347//2405
f 2347//2405 2377//2435 2378//2436
f 2347//2405 2378//2436 2346//2404
f 2346//2404 2378//2436 2361//2419
f 2346//2404 2361//2419 2306//2364
f 2306//2364 2361//2419 2362//2420
f 2306//2364 2362//2420 2307//2365
f 2377//2435 2363//2421 2378//2436
f 2378//2436 2363//2421 2365//2423
f 2378//2436 2365//2423 2369//2427
f 2369//2427 2365//2423 2375//2433
f 2369//2427 2375//2433 2368//2426
f 2368//2426 2375//2433 2374//2432
f 2379//2437 907//941 975//1009
f 2379//2437 975//1009 2380//2438
f 2380//2438 975//1009 2381//2439
f 2381//2439 975//1009 977//1011
f 2381//2439 977//1011 2382//2440
f 820//854 2383//2441 821//855
f 821//855 2383//2441 2384//2442
f 821//855 2384//2442 917//951
f 917//951 2384//2442 2385//2443
f 917//951 2385//2443 918//952
f 918//952 2385//2443 2382//2440
f 918//952 2382//2440 988//1022
f 988//1022 2382//2440 977//1011
f 2386//2444 2387//2445 2388//2446
f 2389//2447 2390//2448 2391//2449
f 2389//2447 2391//2449 2392//2450
f 2392//2450 2391//2449 2393//2451
f 2393//2451 2391//2449 2394//2452
f 2393//2451 2394//2452 2395//2453
f 2395//2453 2394//2452 2396//2454
f 2395//2453 2396//2454 2397//2455
f 2398//2456 2386//2444 2399//2457
f 2399//2457 2386//2444 2388//2446
f 2399//2457 2388//2446 2400//2458
f 2400//2458 2388//2446 2401//2459
f 2400//2458 2401//2459 2396//2454
f 2396//2454 2401//2459 2402//2460
f 2396//2454 2402//2460 2397//2455
f 2392//2450 2393//2451 2403//2461
f 2403//2461 2393//2451 2404//2462
f 2403//2461 2404//2462 2405//2463
f 2405//2463 2404//2462 2406//2464
f 2406//2464 2404//2462 2407//2465
f 2406//2464 2407//2465 2408//2466
f 2408//2466 2407//2465 2409//2467
f 2408//2466 2409//2467 2410//2468
f 2410//2468 2409//2467 2411//2469
f 2410//2468 2411//2469 2412//2470
f 2412//2470 2411//2469 365//355
f 2412//2470 365//355 359//352
f 402//386 404//388 2413//2471
f 402//386 2413//2471 2414//2472
f 2414//2472 2413//2471 2415//2473
f 2414//2472 2415//2473 2416//2474
f 2416//2474 2415//2473 2417//2475
f 2416//2474 2417//2475 2418//2476
f 2418//2476 2417//2475 2419//2477
f 2418//2476 2419//2477 2420//2478
f 2420//2478 2419//2477 2421//2479
f 2420//2478 2421//2479 2422//2480
f 2422//2480 2421//2479 359//352
f 2422//2480 359//352 354//350
f 2423//2481 2424//2482 2425//2483
f 2423//2481 2425//2483 2426//2484
f 2427//2485 354//350 370//356
f 2425//2483 2428//2486 2426//2484
f 2426//2484 2428//2486 2429//2487
f 2426//2484 2429//2487 2430//2488
f 2430//2488 2429//2487 2427//2485
f 2430//2488 2427//2485 2431//2489
f 2431//2489 2427//2485 370//356
f 2424//2482 2423//2481 2432//2490
f 2432//2490 2423//2481 2433//2491
f 2432//2490 2433//2491 2434//2492
f 2435//2493 2434//2492 2433//2491
f 2436//2494 2437//2495 2438//2496
f 2436//2494 2438//2496 2439//2497
f 2439//2497 2438//2496 2440//2498
f 2440//2498 2438//2496 2441//2499
f 2440//2498 2441//2499 2442//2500
f 2442//2500 2441//2499 2443//2501
f 2442//2500 2443//2501 2444//2502
f 2445//2503 2435//2493 2446//2504
f 2446//2504 2435//2493 2433//2491
f 2446//2504 2433//2491 2447//2505
f 2447//2505 2433//2491 2448//2506
f 2447//2505 2448//2506 2443//2501
f 2443//2501 2448//2506 2449//2507
f 2443//2501 2449//2507 2444//2502
f 2437//2495 2450//2508 2438//2496
f 2438//2496 2450//2508 2451//2509
f 2438//2496 2451//2509 2452//2510
f 2453//2511 2445//2503 2454//2512
f 2454//2512 2445//2503 2446//2504
f 2454//2512 2446//2504 2455//2513
f 2455//2513 2446//2504 2447//2505
f 2455//2513 2447//2505 2456//2514
f 2456//2514 2447//2505 2443//2501
f 2456//2514 2443//2501 2452//2510
f 2452//2510 2443//2501 2441//2499
f 2452//2510 2441//2499 2438//2496
f 2356//2414 2453//2511 2357//2415
f 2357//2415 2453//2511 2454//2512
f 2357//2415 2454//2512 2358//2416
f 2358//2416 2454//2512 2455//2513
f 2358//2416 2455//2513 2355//2413
f 2355//2413 2455//2513 2456//2514
f 2355//2413 2456//2514 2354//2412
f 2354//2412 2456//2514 2452//2510
f 2354//2412 2452//2510 2353//2411
f 2353//2411 2452//2510 2451//2509
f 2353//2411 2451//2509 2352//2410
f 2352//2410 2451//2509 2450//2508
f 2391//2449 2390//2448 2457//2515
f 2457//2515 2458//2516 2391//2449
f 2391//2449 2458//2516 2459//2517
f 2391//2449 2459//2517 2394//2452
f 2460//2518 2399//2457 2400//2458
f 2461//2519 2398//2456 2399//2457
f 2399//2457 2460//2518 2461//2519
f 2461//2519 2460//2518 2384//2442
f 2461//2519 2384//2442 2383//2441
f 2457//2515 2379//2437 2458//2516
f 2458//2516 2379//2437 2380//2438
f 2458//2516 2380//2438 2459//2517
f 2459//2517 2380//2438 2381//2439
f 2459//2517 2381//2439 2462//2520
f 2462//2520 2381//2439 2382//2440
f 2462//2520 2382//2440 2463//2521
f 2463//2521 2382//2440 2385//2443
f 2394//2452 2459//2517 2396//2454
f 2396//2454 2459//2517 2462//2520
f 2396//2454 2462//2520 2400//2458
f 2400//2458 2462//2520 2463//2521
f 2400//2458 2463//2521 2460//2518
f 2460//2518 2463//2521 2385//2443
f 2460//2518 2385//2443 2384//2442
f 2439//2497 2440//2498 2464//2522
f 2464//2522 2440//2498 2465//2523
f 2464//2522 2465//2523 2466//2524
f 2466//2524 2465//2523 2467//2525
f 2467//2525 2465//2523 2468//2526
f 2467//2525 2468//2526 2469//2527
f 2469//2527 2468//2526 2470//2528
f 2470//2528 2468//2526 2471//2529
f 2470//2528 2471//2529 2472//2530
f 2472//2530 2471//2529 372//358
f 2472//2530 372//358 351//349
f 355//351 2473//2531 351//349
f 351//349 2473//2531 2474//2532
f 2473//2531 2475//2533 2474//2532
f 2474//2532 2475//2533 2476//2534
f 2474//2532 2476//2534 2477//2535
f 2477//2535 2476//2534 2478//2536
f 2477//2535 2478//2536 2479//2537
f 2479//2537 2478//2536 2480//2538
f 2479//2537 2480//2538 2370//2428
f 2370//2428 2480//2538 2371//2429
f 2481//2539 2482//2540 2483//2541
f 2481//2539 2483//2541 2484//2542
f 2485//2543 355//351 363//353
f 2483//2541 2486//2544 2484//2542
f 2484//2542 2486//2544 2487//2545
f 2484//2542 2487//2545 2488//2546
f 2488//2546 2487//2545 2485//2543
f 2488//2546 2485//2543 2489//2547
f 2489//2547 2485//2543 363//353
f 2482//2540 2481//2539 2490//2548
f 2490//2548 2481//2539 2388//2446
f 2490//2548 2388//2446 2387//2445
f 2481//2539 2491//2549 2388//2446
f 2388//2446 2491//2549 2492//2550
f 2388//2446 2492//2550 2401//2459
f 2401//2459 2492//2550 2493//2551
f 2401//2459 2493//2551 2402//2460
f 2402//2460 2493//2551 2494//2552
f 2402//2460 2494//2552 2397//2455
f 2397//2455 2494//2552 2495//2553
f 2397//2455 2495//2553 2395//2453
f 2395//2453 2495//2553 2496//2554
f 2395//2453 2496//2554 2393//2451
f 2393//2451 2496//2554 2497//2555
f 2393//2451 2497//2555 2404//2462
f 2491//2549 2498//2556 2499//2557
f 2495//2553 2494//2552 2500//2558
f 2500//2558 2494//2552 2493//2551
f 2500//2558 2493//2551 2499//2557
f 2499//2557 2493//2551 2492//2550
f 2499//2557 2492//2550 2491//2549
f 2495//2553 2500//2558 2496//2554
f 2496//2554 2500//2558 2501//2559
f 2496//2554 2501//2559 2497//2555
f 2404//2462 2497//2555 2407//2465
f 2407//2465 2497//2555 2501//2559
f 2407//2465 2501//2559 2409//2467
f 2409//2467 2501//2559 2411//2469
f 365//355 2411//2469 2502//2560
f 2491//2549 2481//2539 2498//2556
f 2498//2556 2481//2539 2484//2542
f 2498//2556 2484//2542 2488//2546
f 2411//2469 2501//2559 2502//2560
f 2502//2560 2501//2559 2500//2558
f 2502//2560 2500//2558 2503//2561
f 2503//2561 2500//2558 2499//2557
f 2503//2561 2499//2557 2504//2562
f 2504//2562 2499//2557 2498//2556
f 2504//2562 2498//2556 2505//2563
f 2505//2563 2498//2556 2488//2546
f 2505//2563 2488//2546 2489//2547
f 365//355 2502//2560 375//359
f 375//359 2502//2560 2503//2561
f 375//359 2503//2561 376//360
f 376//360 2503//2561 2504//2562
f 376//360 2504//2562 377//361
f 377//361 2504//2562 2505//2563
f 377//361 2505//2563 364//354
f 364//354 2505//2563 2489//2547
f 364//354 2489//2547 363//353
f 369//348 366//348 373//348
f 373//348 366//348 362//348
f 360//348 367//348 358//348
f 358//348 367//348 366//348
f 358//348 366//348 352//348
f 352//348 366//348 369//348
f 352//348 369//348 353//348
f 353//348 369//348 368//348
f 349//348 374//348 350//348
f 350//348 374//348 373//348
f 350//348 373//348 356//348
f 356//348 373//348 362//348
f 356//348 362//348 357//348
f 357//348 362//348 361//348
f 2506//2564 2507//2565 2508//2566
f 2509//2567 2510//2568 2511//2569
f 2511//2569 2510//2568 2512//2570
f 2511//2569 2512//2570 2508//2566
f 2508//2566 2512//2570 2513//2571
f 2508//2566 2513//2571 2506//2564
f 2509//2567 2511//2569 2514//2572
f 2514//2572 2511//2569 2515//2573
f 2514//2572 2515//2573 2516//2574
f 2465//2523 2516//2574 2468//2526
f 2468//2526 2516//2574 2515//2573
f 2468//2526 2515//2573 2471//2529
f 372//358 2471//2529 2517//2575
f 2506//2564 2423//2481 2507//2565
f 2507//2565 2423//2481 2426//2484
f 2507//2565 2426//2484 2430//2488
f 2471//2529 2515//2573 2517//2575
f 2517//2575 2515//2573 2511//2569
f 2517//2575 2511//2569 2518//2576
f 2518//2576 2511//2569 2508//2566
f 2518//2576 2508//2566 2519//2577
f 2519//2577 2508//2566 2507//2565
f 2519//2577 2507//2565 2520//2578
f 2520//2578 2507//2565 2430//2488
f 2520//2578 2430//2488 2431//2489
f 372//358 2517//2575 378//362
f 378//362 2517//2575 2518//2576
f 378//362 2518//2576 379//363
f 379//363 2518//2576 2519//2577
f 379//363 2519//2577 380//364
f 380//364 2519//2577 2520//2578
f 380//364 2520//2578 371//357
f 371//357 2520//2578 2431//2489
f 371//357 2431//2489 370//356
f 2423//2481 2506//2564 2433//2491
f 2433//2491 2506//2564 2513//2571
f 2433//2491 2513//2571 2448//2506
f 2448//2506 2513//2571 2512//2570
f 2448//2506 2512//2570 2449//2507
f 2449//2507 2512//2570 2510//2568
f 2449//2507 2510//2568 2444//2502
f 2444//2502 2510//2568 2509//2567
f 2444//2502 2509//2567 2442//2500
f 2442//2500 2509//2567 2514//2572
f 2442//2500 2514//2572 2440//2498
f 2440//2498 2514//2572 2516//2574
f 2440//2498 2516//2574 2465//2523
f 2521//2579 2522//2580 2523//2581
f 2521//2579 2523//2581 2524//2582
f 2521//2579 2524//2582 2525//2583
f 2525//2583 2524//2582 2526//2584
f 2526//2584 2527//2585 2525//2583
f 2525//2583 2527//2585 2528//2586
f 2525//2583 2528//2586 2529//2587
f 2529//2587 2528//2586 2530//2588
f 2530//2588 2528//2586 2531//2589
f 2530//2588 2531//2589 2532//2590
f 2533//2591 2534//2592 2535//2593
f 2535//2593 2534//2592 2532//2590
f 2535//2593 2532//2590 2536//2594
f 2536//2594 2532//2590 2531//2589
f 2537//2595 2538//2596 2539//2597
f 2539//2597 2538//2596 2540//2598
f 2539//2597 2540//2598 2533//2591
f 2533//2591 2540//2598 2541//2599
f 2533//2591 2541//2599 2534//2592
f 1441//1500 2542//2600 2543//2601
f 2543//2601 2542//2600 2544//2602
f 2543//2601 2544//2602 2545//2603
f 2545//2603 2544//2602 2546//2604
f 2545//2603 2546//2604 2547//2605
f 2547//2605 2546//2604 2548//2606
f 2547//2605 2548//2606 2549//2607
f 2549//2607 2548//2606 2550//2608
f 2549//2607 2550//2608 2551//2609
f 2551//2609 2550//2608 2537//2595
f 2551//2609 2537//2595 2552//2610
f 2552//2610 2537//2595 2539//2597
f 2553//2611 2554//2612 2555//2613
f 2555//2613 2556//2614 2553//2611
f 2553//2611 2556//2614 2557//2615
f 2553//2611 2557//2615 2558//2616
f 2558//2616 2557//2615 2559//2617
f 2558//2616 2559//2617 2560//2618
f 2560//2618 2559//2617 2561//2619
f 2560//2618 2561//2619 2562//2620
f 2561//2619 2563//2621 2562//2620
f 2562//2620 2563//2621 2564//2622
f 2562//2620 2564//2622 2565//2623
f 2565//2623 2564//2622 2566//2624
f 2567//2625 2568//2626 2569//2627
f 2569//2627 2568//2626 2570//2628
f 2569//2627 2570//2628 2566//2624
f 2566//2624 2570//2628 2571//2629
f 2566//2624 2571//2629 2565//2623
f 2524//2582 2523//2581 2572//2630
f 2572//2630 2523//2581 2573//2631
f 2572//2630 2573//2631 2567//2625
f 2567//2625 2573//2631 2574//2632
f 2567//2625 2574//2632 2568//2626
f 2575//2633 2576//2634 2577//2635
f 2577//2635 2576//2634 2578//2636
f 2577//2635 2578//2636 1400//1459
f 2577//2635 2579//2637 2575//2633
f 2575//2633 2579//2637 2580//2638
f 2575//2633 2580//2638 2581//2639
f 2581//2639 2580//2638 2582//2640
f 2581//2639 2582//2640 2583//2641
f 2583//2641 2582//2640 2584//2642
f 2583//2641 2584//2642 2585//2643
f 2584//2642 2586//2644 2585//2643
f 2585//2643 2586//2644 2587//2645
f 2585//2643 2587//2645 2588//2646
f 2587//2645 2589//2647 2588//2646
f 2588//2646 2589//2647 2590//2648
f 2588//2646 2590//2648 2591//2649
f 2591//2649 2590//2648 2592//2650
f 2591//2649 2592//2650 2593//2651
f 2593//2651 2592//2650 2594//2652
f 2593//2651 2594//2652 2595//2653
f 2595//2653 2594//2652 2596//2654
f 2595//2653 2596//2654 2597//2655
f 2597//2655 2596//2654 2598//2656
f 2597//2655 2598//2656 2599//2657
f 2599//2657 2598//2656 2600//2658
f 2600//2658 2598//2656 2601//2659
f 2600//2658 2601//2659 2602//2660
f 2601//2659 2603//2661 2602//2660
f 2602//2660 2603//2661 2555//2613
f 2602//2660 2555//2613 2604//2662
f 2604//2662 2555//2613 2554//2612
f 2604//2662 2554//2612 2605//2663
f 2606//2664 1284//1338 2607//2665
f 2607//2665 1284//1338 1154//1195
f 1398//1457 1400//1459 2606//2664
f 2606//2664 1400//1459 2578//2636
f 2606//2664 2578//2636 1284//1338
f 1398//1457 2608//2666 1397//1456
f 1397//1456 2608//2666 2609//2667
f 1397//1456 2609//2667 1395//1454
f 1395//1454 2609//2667 2610//2668
f 1395//1454 2610//2668 1386//1445
f 1386//1445 2610//2668 2611//2669
f 1386//1445 2611//2669 1387//1446
f 1387//1446 2611//2669 2612//2670
f 1387//1446 2612//2670 1389//1448
f 1389//1448 2612//2670 1391//1450
f 1391//1450 2612//2670 2613//2671
f 1391//1450 2613//2671 1393//1452
f 2611//2669 1156//1197 2612//2670
f 2612//2670 1156//1197 1155//1196
f 2612//2670 1155//1196 2613//2671
f 2613//2671 1155//1196 1082//1116
f 2613//2671 1082//1116 1393//1452
f 1393//1452 1082//1116 1083//1117
f 1393//1452 1083//1117 1394//1453
f 1398//1457 2606//2664 2608//2666
f 2608//2666 2606//2664 2607//2665
f 2608//2666 2607//2665 2609//2667
f 2609//2667 2607//2665 1154//1195
f 2609//2667 1154//1195 2610//2668
f 2610//2668 1154//1195 1152//1193
f 2610//2668 1152//1193 2611//2669
f 2611//2669 1152//1193 1157//1198
f 2611//2669 1157//1198 1156//1197
f 1449//1508 2614//2672 2615//2673
f 2616//2674 2617//2675 1440//1499
f 1112//1146 1134//1168 2616//2674
f 2616//2674 1134//1168 2542//2600
f 2616//2674 2542//2600 2617//2675
f 2617//2675 2542//2600 1441//1500
f 2617//2675 1441//1500 1440//1499
f 1452//1511 1048//1082 1047//1081
f 1452//1511 1047//1081 2618//2676
f 2614//2672 1449//1508 2618//2676
f 2618//2676 1449//1508 1451//1510
f 2618//2676 1451//1510 1452//1511
f 1047//1081 1278//1332 2618//2676
f 2618//2676 1278//1332 1279//1333
f 2618//2676 1279//1333 2614//2672
f 2614//2672 1279//1333 1280//1334
f 2614//2672 1280//1334 2615//2673
f 2615//2673 1280//1334 1113//1147
f 2615//2673 1113//1147 2619//2677
f 2619//2677 1113//1147 1112//1146
f 2619//2677 1112//1146 2620//2678
f 2620//2678 1112//1146 2616//2674
f 2620//2678 2616//2674 2621//2679
f 2621//2679 2616//2674 1440//1499
f 2621//2679 1440//1499 2620//2678
f 2620//2678 1440//1499 1588//1647
f 2620//2678 1588//1647 2619//2677
f 2619//2677 1588//1647 1447//1506
f 2619//2677 1447//1506 2615//2673
f 2615//2673 1447//1506 1446//1505
f 2615//2673 1446//1505 1449//1508
f 2622//2680 2623//2681 2624//2682
f 2625//2683 2626//2684 2627//2685
f 2623//2681 2628//2686 2629//2687
f 2625//2683 2627//2685 2630//2688
f 2631//2689 2632//2690 2627//2685
f 2633//2691 2634//2692 2623//2681
f 2623//2681 2634//2692 2635//2693
f 2623//2681 2635//2693 2636//2694
f 2636//2694 2637//2695 2623//2681
f 2623//2681 2637//2695 2638//2696
f 2623//2681 2638//2696 2639//2697
f 2622//2680 2624//2682 2640//2698
f 2631//2689 2627//2685 2641//2699
f 2639//2697 2642//2700 2623//2681
f 2623//2681 2642//2700 2643//2701
f 2623//2681 2643//2701 2624//2682
f 2628//2686 2623//2681 2627//2685
f 2627//2685 2623//2681 2644//2702
f 2627//2685 2644//2702 2630//2688
f 2632//2690 2645//2703 2627//2685
f 2627//2685 2645//2703 2646//2704
f 2627//2685 2646//2704 2647//2705
f 2647//2705 2648//2706 2627//2685
f 2627//2685 2648//2706 2649//2707
f 2627//2685 2649//2707 2650//2708
f 2651//2709 2652//2710 2623//2681
f 2623//2681 2652//2710 2653//2711
f 2623//2681 2653//2711 2633//2691
f 2654//2712 2655//2713 2656//2714
f 2656//2714 2655//2713 2657//2715
f 2656//2714 2657//2715 2658//2716
f 2654//2712 2656//2714 2624//2682
f 2624//2682 2656//2714 2659//2717
f 2624//2682 2659//2717 2640//2698
f 2626//2684 2660//2718 2627//2685
f 2627//2685 2660//2718 2661//2719
f 2627//2685 2661//2719 2641//2699
f 2662//2720 2663//2721 2664//2722
f 2664//2722 2663//2721 2665//2723
f 2665//2723 2666//2724 2664//2722
f 2664//2722 2666//2724 2667//2725
f 2664//2722 2667//2725 2668//2726
f 2650//2708 2669//2727 2627//2685
f 2627//2685 2669//2727 2663//2721
f 2627//2685 2663//2721 2670//2728
f 2670//2728 2663//2721 2662//2720
f 2629//2687 2671//2729 2623//2681
f 2623//2681 2671//2729 2672//2730
f 2623//2681 2672//2730 2651//2709
f 940//2731 939//2732 2285//2733
f 2285//2733 939//2732 935//2734
f 2673//2735 2295//2353 2294//2352
f 2673//2735 2294//2352 2674//2736
f 2674//2736 2294//2352 2293//2351
f 2674//2736 2293//2351 2675//2737
f 2675//2737 2293//2351 2291//2349
f 2675//2737 2291//2349 2676//2738
f 2676//2738 2291//2349 2289//2347
f 2676//2738 2289//2347 2677//2739
f 2677//2739 2289//2347 2287//2345
f 2677//2739 2287//2345 2678//2740
f 2678//2740 2287//2345 2286//2344
f 2678//2740 2286//2344 2679//2741
f 2679//2741 2286//2344 2250//2309
f 2679//2741 2250//2309 2680//2742
f 2680//2742 2250//2309 2249//2308
f 2680//2742 2249//2308 2681//2743
f 2681//2743 2249//2308 2296//2354
f 2681//2743 2296//2354 2682//2744
f 2682//2744 2296//2354 2298//2356
f 2682//2744 2298//2356 2683//2745
f 2683//2745 2298//2356 2301//2359
f 2683//2745 2301//2359 2684//2746
f 2684//2746 2301//2359 2300//2358
f 2684//2746 2300//2358 2685//2747
f 2685//2747 2300//2358 2340//2398
f 2685//2747 2340//2398 2686//2748
f 2686//2748 2340//2398 2305//2363
f 2686//2748 2305//2363 2687//2749
f 2687//2749 2305//2363 2303//2361
f 2687//2749 2303//2361 2688//2750
f 2688//2750 2303//2361 2302//2360
f 2688//2750 2302//2360 2689//2751
f 2689//2751 2302//2360 2307//2365
f 2689//2751 2307//2365 2690//2752
f 2691//2753 2673//2735 2692//2754
f 2692//2754 2673//2735 2674//2736
f 2692//2754 2674//2736 2693//2755
f 2693//2755 2674//2736 2675//2737
f 2693//2755 2675//2737 2694//2756
f 2694//2756 2675//2737 2676//2738
f 2694//2756 2676//2738 2695//2757
f 2695//2757 2676//2738 2677//2739
f 2695//2757 2677//2739 2696//2758
f 2696//2758 2677//2739 2678//2740
f 2696//2758 2678//2740 2697//2759
f 2697//2759 2678//2740 2679//2741
f 2697//2759 2679//2741 2698//2760
f 2698//2760 2679//2741 2680//2742
f 2698//2760 2680//2742 2699//2761
f 2699//2761 2680//2742 2681//2743
f 2699//2761 2681//2743 2700//2762
f 2700//2762 2681//2743 2682//2744
f 2700//2762 2682//2744 2701//2763
f 2701//2763 2682//2744 2683//2745
f 2701//2763 2683//2745 2702//2764
f 2702//2764 2683//2745 2684//2746
f 2702//2764 2684//2746 2703//2765
f 2703//2765 2684//2746 2685//2747
f 2703//2765 2685//2747 2704//2766
f 2704//2766 2685//2747 2686//2748
f 2704//2766 2686//2748 2705//2767
f 2705//2767 2686//2748 2687//2749
f 2705//2767 2687//2749 2706//2768
f 2706//2768 2687//2749 2688//2750
f 2706//2768 2688//2750 2707//2769
f 2707//2769 2688//2750 2689//2751
f 2707//2769 2689//2751 2708//2770
f 2708//2770 2689//2751 2690//2752
f 2708//2770 2690//2752 2709//2771
f 2691//2753 2692//2754 2710//2772
f 2710//2772 2692//2754 2693//2755
f 2710//2772 2693//2755 2711//2773
f 2711//2773 2693//2755 2694//2756
f 2711//2773 2694//2756 2712//2774
f 2712//2774 2694//2756 2695//2757
f 2712//2774 2695//2757 2713//2775
f 2713//2775 2695//2757 2696//2758
f 2713//2775 2696//2758 2714//2776
f 2714//2776 2696//2758 2697//2759
f 2714//2776 2697//2759 2715//2777
f 2715//2777 2697//2759 2698//2760
f 2715//2777 2698//2760 2716//2778
f 2716//2778 2698//2760 2699//2761
f 2716//2778 2699//2761 2717//2779
f 2717//2779 2699//2761 2700//2762
f 2717//2779 2700//2762 2718//2780
f 2718//2780 2700//2762 2701//2763
f 2718//2780 2701//2763 2719//2781
f 2719//2781 2701//2763 2702//2764
f 2719//2781 2702//2764 2720//2782
f 2720//2782 2702//2764 2703//2765
f 2720//2782 2703//2765 2721//2783
f 2721//2783 2703//2765 2704//2766
f 2721//2783 2704//2766 2722//2784
f 2722//2784 2704//2766 2705//2767
f 2722//2784 2705//2767 2723//2785
f 2723//2785 2705//2767 2706//2768
f 2723//2785 2706//2768 2724//2786
f 2724//2786 2706//2768 2707//2769
f 2724//2786 2707//2769 2725//2787
f 2725//2787 2707//2769 2708//2770
f 2725//2787 2708//2770 2726//2788
f 2726//2788 2708//2770 2709//2771
f 2726//2788 2709//2771 2727//2789
f 2295//2353 2673//2735 2285//2343
f 2285//2343 2673//2735 2691//2753
f 2285//2343 2691//2753 940//974
f 940//974 2691//2753 941//975
f 941//975 2691//2753 2710//2772
f 941//975 2710//2772 934//968
f 934//968 2710//2772 2711//2773
f 934//968 2711//2773 932//966
f 932//966 2711//2773 2712//2774
f 932//966 2712//2774 930//964
f 930//964 2712//2774 2713//2775
f 930//964 2713//2775 1014//1048
f 1014//1048 2713//2775 2714//2776
f 1014//1048 2714//2776 1015//1049
f 1015//1049 2714//2776 2715//2777
f 1015//1049 2715//2777 1016//1050
f 1016//1050 2715//2777 2716//2778
f 1016//1050 2716//2778 927//961
f 927//961 2716//2778 2717//2779
f 927//961 2717//2779 928//962
f 928//962 2717//2779 2718//2780
f 928//962 2718//2780 929//963
f 929//963 2718//2780 2719//2781
f 929//963 2719//2781 924//958
f 924//958 2719//2781 2720//2782
f 924//958 2720//2782 926//960
f 926//960 2720//2782 2721//2783
f 926//960 2721//2783 1002//1036
f 1002//1036 2721//2783 2722//2784
f 1002//1036 2722//2784 919//953
f 919//953 2722//2784 2723//2785
f 919//953 2723//2785 920//954
f 920//954 2723//2785 2724//2786
f 920//954 2724//2786 922//956
f 922//956 2724//2786 2725//2787
f 922//956 2725//2787 914//948
f 914//948 2725//2787 2726//2788
f 914//948 2726//2788 915//949
f 915//949 2726//2788 2727//2789
f 915//949 2727//2789 819//853
f 820//854 819//853 2728//2790
f 2728//2790 819//853 2727//2789
f 2728//2790 2727//2789 2729//2791
f 2729//2791 2727//2789 2709//2771
f 2729//2791 2709//2771 2730//2792
f 2730//2792 2709//2771 2690//2752
f 2730//2792 2690//2752 2731//2793
f 2731//2793 2690//2752 2307//2365
f 2731//2793 2307//2365 2362//2420
f 2732//2794 2383//2441 820//854
f 2362//2420 2360//2418 2731//2793
f 2731//2793 2360//2418 2733//2795
f 2731//2793 2733//2795 2730//2792
f 2730//2792 2733//2795 2734//2796
f 2730//2792 2734//2796 2729//2791
f 2729//2791 2734//2796 2732//2794
f 2729//2791 2732//2794 2728//2790
f 2728//2790 2732//2794 820//854
f 2461//2519 2735//2797 2398//2456
f 2398//2456 2735//2797 2736//2798
f 2736//2798 2735//2797 2737//2799
f 2737//2799 2735//2797 2738//2800
f 2737//2799 2738//2800 2739//2801
f 2739//2801 2738//2800 2740//2802
f 2739//2801 2740//2802 2741//2803
f 2741//2803 2740//2802 2366//2424
f 2741//2803 2366//2424 2367//2425
f 2461//2519 2383//2441 2735//2797
f 2735//2797 2383//2441 2732//2794
f 2735//2797 2732//2794 2738//2800
f 2738//2800 2732//2794 2734//2796
f 2738//2800 2734//2796 2740//2802
f 2740//2802 2734//2796 2733//2795
f 2740//2802 2733//2795 2366//2424
f 2366//2424 2733//2795 2360//2418
f 2398//2456 2736//2798 2386//2444
f 2386//2444 2736//2798 2742//2804
f 2743//2805 2368//2426 2374//2432
f 2367//2425 2368//2426 2741//2803
f 2741//2803 2368//2426 2743//2805
f 2741//2803 2743//2805 2739//2801
f 2739//2801 2743//2805 2742//2804
f 2739//2801 2742//2804 2737//2799
f 2737//2799 2742//2804 2736//2798
f 2387//2445 2386//2444 2744//2806
f 2744//2806 2386//2444 2742//2804
f 2744//2806 2742//2804 2745//2807
f 2745//2807 2742//2804 2743//2805
f 2745//2807 2743//2805 2374//2432
f 2482//2540 2490//2548 2746//2808
f 2747//2809 2748//2810 2746//2808
f 2746//2808 2748//2810 2482//2540
f 2746//2808 2749//2811 2747//2809
f 2747//2809 2749//2811 2373//2431
f 2747//2809 2373//2431 2371//2429
f 2490//2548 2387//2445 2746//2808
f 2746//2808 2387//2445 2744//2806
f 2746//2808 2744//2806 2749//2811
f 2749//2811 2744//2806 2745//2807
f 2749//2811 2745//2807 2373//2431
f 2373//2431 2745//2807 2374//2432
f 2747//2809 2750//2812 2748//2810
f 2748//2810 2750//2812 2751//2813
f 2748//2810 2751//2813 2483//2541
f 2748//2810 2483//2541 2482//2540
f 2371//2429 2752//2814 2747//2809
f 2747//2809 2752//2814 2753//2815
f 2747//2809 2753//2815 2750//2812
f 355//351 2754//2816 2473//2531
f 2473//2531 2754//2816 2475//2533
f 2475//2533 2754//2816 2755//2817
f 2475//2533 2755//2817 2476//2534
f 2476//2534 2755//2817 2478//2536
f 2478//2536 2755//2817 2756//2818
f 2478//2536 2756//2818 2480//2538
f 2480//2538 2756//2818 2752//2814
f 2480//2538 2752//2814 2371//2429
f 2757//2819 2750//2812 2753//2815
f 2486//2544 2483//2541 2751//2813
f 355//351 2758//2820 2754//2816
f 2754//2816 2758//2820 2759//2821
f 2754//2816 2759//2821 2755//2817
f 2755//2817 2759//2821 2757//2819
f 2755//2817 2757//2819 2756//2818
f 2756//2818 2757//2819 2753//2815
f 2756//2818 2753//2815 2752//2814
f 355//351 2485//2543 2758//2820
f 2758//2820 2485//2543 2487//2545
f 2758//2820 2487//2545 2759//2821
f 2759//2821 2487//2545 2486//2544
f 2759//2821 2486//2544 2757//2819
f 2757//2819 2486//2544 2751//2813
f 2757//2819 2751//2813 2750//2812
f 2281//2822 2280//2822 2282//2822
f 2280//2823 2279//2823 2282//2823
f 2760//2824 2348//2406 2256//2315
f 2125//2184 2761//2825 2762//2826
f 2760//2824 2256//2315 2763//2827
f 2763//2827 2256//2315 2254//2313
f 2763//2827 2254//2313 2764//2828
f 2764//2828 2254//2313 2253//2312
f 2764//2828 2253//2312 2765//2829
f 2765//2829 2253//2312 2258//2317
f 2765//2829 2258//2317 2766//2830
f 2766//2830 2258//2317 2350//2408
f 2766//2830 2350//2408 2767//2831
f 2767//2831 2350//2408 2259//2318
f 2767//2831 2259//2318 2768//2832
f 2768//2832 2259//2318 2261//2320
f 2768//2832 2261//2320 2769//2833
f 2769//2833 2261//2320 2263//2322
f 2769//2833 2263//2322 2770//2834
f 2770//2834 2263//2322 2351//2409
f 2770//2834 2351//2409 2771//2835
f 2771//2835 2351//2409 2264//2323
f 2771//2835 2264//2323 2772//2836
f 2772//2836 2264//2323 2266//2325
f 2772//2836 2266//2325 2773//2837
f 2773//2837 2266//2325 2270//2329
f 2773//2837 2270//2329 2774//2838
f 2774//2838 2270//2329 2269//2328
f 2774//2838 2269//2328 2775//2839
f 2775//2839 2269//2328 2273//2332
f 2775//2839 2273//2332 2776//2840
f 2273//2332 2272//2331 2776//2840
f 2776//2840 2272//2331 2278//2337
f 2776//2840 2278//2337 2777//2841
f 2777//2841 2278//2337 2277//2336
f 2777//2841 2277//2336 2778//2842
f 2778//2842 2277//2336 2275//2334
f 2778//2842 2275//2334 2779//2843
f 2779//2843 2275//2334 2284//2342
f 2779//2843 2284//2342 2780//2844
f 2780//2844 2284//2342 2283//2341
f 2282//2340 2781//2845 2283//2341
f 2283//2341 2781//2845 2782//2846
f 2283//2341 2782//2846 2780//2844
f 2780//2844 2782//2846 2783//2847
f 2780//2844 2783//2847 2779//2843
f 2779//2843 2783//2847 2784//2848
f 2779//2843 2784//2848 2778//2842
f 2778//2842 2784//2848 2785//2849
f 2778//2842 2785//2849 2777//2841
f 2777//2841 2785//2849 2786//2850
f 2777//2841 2786//2850 2776//2840
f 2776//2840 2786//2850 2787//2851
f 2776//2840 2787//2851 2775//2839
f 2775//2839 2787//2851 2788//2852
f 2775//2839 2788//2852 2774//2838
f 2774//2838 2788//2852 2789//2853
f 2774//2838 2789//2853 2773//2837
f 2773//2837 2789//2853 2790//2854
f 2773//2837 2790//2854 2772//2836
f 2772//2836 2790//2854 2791//2855
f 2772//2836 2791//2855 2771//2835
f 2771//2835 2791//2855 2792//2856
f 2771//2835 2792//2856 2770//2834
f 2770//2834 2792//2856 2793//2857
f 2770//2834 2793//2857 2769//2833
f 2769//2833 2793//2857 2794//2858
f 2769//2833 2794//2858 2768//2832
f 2768//2832 2794//2858 2795//2859
f 2768//2832 2795//2859 2767//2831
f 2767//2831 2795//2859 2796//2860
f 2767//2831 2796//2860 2766//2830
f 2766//2830 2796//2860 2797//2861
f 2766//2830 2797//2861 2765//2829
f 2765//2829 2797//2861 2798//2862
f 2765//2829 2798//2862 2764//2828
f 2764//2828 2798//2862 2799//2863
f 2764//2828 2799//2863 2763//2827
f 2763//2827 2799//2863 2800//2864
f 2763//2827 2800//2864 2760//2824
f 2781//2845 2801//2865 2782//2846
f 2782//2846 2801//2865 2802//2866
f 2782//2846 2802//2866 2783//2847
f 2783//2847 2802//2866 2803//2867
f 2783//2847 2803//2867 2784//2848
f 2784//2848 2803//2867 2804//2868
f 2784//2848 2804//2868 2785//2849
f 2785//2849 2804//2868 2805//2869
f 2785//2849 2805//2869 2786//2850
f 2786//2850 2805//2869 2806//2870
f 2786//2850 2806//2870 2787//2851
f 2787//2851 2806//2870 2807//2871
f 2787//2851 2807//2871 2788//2852
f 2788//2852 2807//2871 2808//2872
f 2788//2852 2808//2872 2789//2853
f 2789//2853 2808//2872 2809//2873
f 2789//2853 2809//2873 2790//2854
f 2790//2854 2809//2873 2810//2874
f 2790//2854 2810//2874 2791//2855
f 2791//2855 2810//2874 2811//2875
f 2791//2855 2811//2875 2792//2856
f 2792//2856 2811//2875 2812//2876
f 2792//2856 2812//2876 2793//2857
f 2793//2857 2812//2876 2813//2877
f 2793//2857 2813//2877 2794//2858
f 2794//2858 2813//2877 2814//2878
f 2794//2858 2814//2878 2795//2859
f 2795//2859 2814//2878 2815//2879
f 2795//2859 2815//2879 2796//2860
f 2796//2860 2815//2879 2816//2880
f 2796//2860 2816//2880 2797//2861
f 2797//2861 2816//2880 2817//2881
f 2797//2861 2817//2881 2798//2862
f 2798//2862 2817//2881 2762//2826
f 2798//2862 2762//2826 2799//2863
f 2799//2863 2762//2826 2761//2825
f 2799//2863 2761//2825 2800//2864
f 2125//2184 2762//2826 2124//2183
f 2124//2183 2762//2826 2817//2881
f 2124//2183 2817//2881 2122//2181
f 2122//2181 2817//2881 2816//2880
f 2122//2181 2816//2880 2064//2123
f 2064//2123 2816//2880 2815//2879
f 2064//2123 2815//2879 2065//2124
f 2065//2124 2815//2879 2814//2878
f 2065//2124 2814//2878 2114//2173
f 2114//2173 2814//2878 2813//2877
f 2114//2173 2813//2877 2115//2174
f 2115//2174 2813//2877 2812//2876
f 2115//2174 2812//2876 2117//2176
f 2117//2176 2812//2876 2811//2875
f 2117//2176 2811//2875 2107//2166
f 2107//2166 2811//2875 2810//2874
f 2107//2166 2810//2874 2108//2167
f 2108//2167 2810//2874 2809//2873
f 2108//2167 2809//2873 2110//2169
f 2110//2169 2809//2873 2808//2872
f 2110//2169 2808//2872 2112//2171
f 2112//2171 2808//2872 2807//2871
f 2112//2171 2807//2871 2113//2172
f 2113//2172 2807//2871 2806//2870
f 2113//2172 2806//2870 2102//2161
f 2102//2161 2806//2870 2805//2869
f 2102//2161 2805//2869 2104//2163
f 2104//2163 2805//2869 2804//2868
f 2104//2163 2804//2868 2106//2165
f 2106//2165 2804//2868 2803//2867
f 2106//2165 2803//2867 2067//2126
f 2067//2126 2803//2867 2802//2866
f 2067//2126 2802//2866 2068//2127
f 2068//2127 2802//2866 2801//2865
f 2068//2127 2801//2865 2208//2267
f 2208//2267 2801//2865 2781//2845
f 2208//2267 2781//2845 2097//2156
f 2097//2156 2781//2845 2282//2340
f 2097//2156 2282//2340 2098//2157
f 2098//2157 2282//2340 2279//2338
f 2098//2157 2279//2338 2099//2158
f 2377//2435 2348//2406 2818//2882
f 2818//2882 2348//2406 2760//2824
f 2818//2882 2760//2824 2819//2883
f 2819//2883 2760//2824 2800//2864
f 2819//2883 2800//2864 2820//2884
f 2820//2884 2800//2864 2761//2825
f 2820//2884 2761//2825 2243//2302
f 2243//2302 2761//2825 2125//2184
f 2821//2885 2363//2421 2377//2435
f 2819//2883 2820//2884 2822//2886
f 2822//2886 2820//2884 2243//2302
f 2822//2886 2243//2302 2352//2410
f 2822//2886 2823//2887 2819//2883
f 2819//2883 2823//2887 2821//2885
f 2819//2883 2821//2885 2818//2882
f 2818//2882 2821//2885 2377//2435
f 2824//2888 2365//2423 2364//2422
f 2450//2508 2437//2495 2825//2889
f 2450//2508 2825//2889 2826//2890
f 2826//2890 2825//2889 2824//2888
f 2826//2890 2824//2888 2827//2891
f 2827//2891 2824//2888 2364//2422
f 2827//2891 2364//2422 2363//2421
f 2352//2410 2450//2508 2822//2886
f 2822//2886 2450//2508 2826//2890
f 2822//2886 2826//2890 2823//2887
f 2823//2887 2826//2890 2827//2891
f 2823//2887 2827//2891 2821//2885
f 2821//2885 2827//2891 2363//2421
f 2436//2494 2439//2497 2828//2892
f 2375//2433 2365//2423 2829//2893
f 2829//2893 2365//2423 2824//2888
f 2829//2893 2824//2888 2830//2894
f 2830//2894 2824//2888 2825//2889
f 2376//2434 2375//2433 2831//2895
f 2831//2895 2375//2433 2829//2893
f 2831//2895 2829//2893 2828//2892
f 2828//2892 2829//2893 2830//2894
f 2828//2892 2830//2894 2436//2494
f 2436//2494 2830//2894 2825//2889
f 2436//2494 2825//2889 2437//2495
f 2832//2896 2833//2897 2834//2898
f 2832//2896 2834//2898 2372//2430
f 2372//2430 2834//2898 2370//2428
f 2832//2896 2835//2899 2833//2897
f 2833//2897 2835//2899 2464//2522
f 2833//2897 2464//2522 2466//2524
f 2372//2430 2376//2434 2832//2896
f 2832//2896 2376//2434 2831//2895
f 2832//2896 2831//2895 2835//2899
f 2835//2899 2831//2895 2828//2892
f 2835//2899 2828//2892 2464//2522
f 2464//2522 2828//2892 2439//2497
f 2466//2524 2467//2525 2833//2897
f 2833//2897 2467//2525 2836//2900
f 2833//2897 2836//2900 2837//2901
f 2833//2897 2837//2901 2834//2898
f 2834//2898 2837//2901 2838//2902
f 2834//2898 2838//2902 2839//2903
f 2834//2898 2839//2903 2370//2428
f 2840//2904 2472//2530 351//349
f 2474//2532 2841//2905 351//349
f 2838//2902 2837//2901 2842//2906
f 2842//2906 2837//2901 2836//2900
f 2838//2902 2843//2907 2839//2903
f 2839//2903 2843//2907 2479//2537
f 2839//2903 2479//2537 2370//2428
f 2841//2905 2474//2532 2843//2907
f 2843//2907 2474//2532 2477//2535
f 2843//2907 2477//2535 2479//2537
f 2838//2902 2842//2906 2843//2907
f 2843//2907 2842//2906 2840//2904
f 2843//2907 2840//2904 2841//2905
f 2841//2905 2840//2904 351//349
f 2472//2530 2840//2904 2470//2528
f 2470//2528 2840//2904 2842//2906
f 2470//2528 2842//2906 2469//2527
f 2469//2527 2842//2906 2836//2900
f 2469//2527 2836//2900 2467//2525
f 2008//2067 2007//2066 887//921
f 2007//2066 2006//2065 887//921
f 908//942 2844//2908 2845//2909
f 2009//2068 2846//2910 2010//2069
f 2010//2069 2846//2910 2847//2911
f 2010//2069 2847//2911 2011//2070
f 2011//2070 2847//2911 2848//2912
f 2011//2070 2848//2912 2004//2063
f 2004//2063 2848//2912 2849//2913
f 2004//2063 2849//2913 2005//2064
f 2005//2064 2849//2913 2850//2914
f 2005//2064 2850//2914 1993//2052
f 1993//2052 2850//2914 2851//2915
f 1993//2052 2851//2915 1995//2054
f 1995//2054 2851//2915 2852//2916
f 1995//2054 2852//2916 1997//2056
f 1997//2056 2852//2916 2853//2917
f 1997//2056 2853//2917 1999//2058
f 1999//2058 2853//2917 2854//2918
f 1999//2058 2854//2918 2001//2060
f 2001//2060 2854//2918 2855//2919
f 2001//2060 2855//2919 2002//2061
f 2002//2061 2855//2919 2856//2920
f 2002//2061 2856//2920 2050//2109
f 2050//2109 2856//2920 2857//2921
f 2050//2109 2857//2921 1991//2050
f 1991//2050 2857//2921 2858//2922
f 1991//2050 2858//2922 1989//2048
f 1989//2048 2858//2922 2859//2923
f 1989//2048 2859//2923 1987//2046
f 1987//2046 2859//2923 2860//2924
f 1987//2046 2860//2924 2049//2108
f 2049//2108 2860//2924 2861//2925
f 2049//2108 2861//2925 1986//2045
f 1986//2045 2861//2925 2862//2926
f 1986//2045 2862//2926 1981//2040
f 1981//2040 2862//2926 2863//2927
f 1981//2040 2863//2927 1982//2041
f 1982//2041 2863//2927 2864//2928
f 1982//2041 2864//2928 1984//2043
f 1984//2043 2864//2928 2865//2929
f 1984//2043 2865//2929 410//394
f 887//921 885//919 2009//2068
f 2009//2068 885//919 2866//2930
f 2009//2068 2866//2930 2846//2910
f 2846//2910 2866//2930 2867//2931
f 2846//2910 2867//2931 2847//2911
f 2847//2911 2867//2931 2868//2932
f 2847//2911 2868//2932 2848//2912
f 2848//2912 2868//2932 2869//2933
f 2848//2912 2869//2933 2849//2913
f 2849//2913 2869//2933 2870//2934
f 2849//2913 2870//2934 2850//2914
f 2850//2914 2870//2934 2871//2935
f 2850//2914 2871//2935 2851//2915
f 2851//2915 2871//2935 2872//2936
f 2851//2915 2872//2936 2852//2916
f 2852//2916 2872//2936 2873//2937
f 2852//2916 2873//2937 2853//2917
f 2853//2917 2873//2937 2874//2938
f 2853//2917 2874//2938 2854//2918
f 2854//2918 2874//2938 2875//2939
f 2854//2918 2875//2939 2855//2919
f 2855//2919 2875//2939 2876//2940
f 2855//2919 2876//2940 2856//2920
f 2856//2920 2876//2940 2877//2941
f 2856//2920 2877//2941 2857//2921
f 2857//2921 2877//2941 2878//2942
f 2857//2921 2878//2942 2858//2922
f 2858//2922 2878//2942 2879//2943
f 2858//2922 2879//2943 2859//2923
f 2859//2923 2879//2943 2880//2944
f 2859//2923 2880//2944 2860//2924
f 2860//2924 2880//2944 2881//2945
f 2860//2924 2881//2945 2861//2925
f 2861//2925 2881//2945 2882//2946
f 2861//2925 2882//2946 2862//2926
f 2862//2926 2882//2946 2883//2947
f 2862//2926 2883//2947 2863//2927
f 2863//2927 2883//2947 2884//2948
f 2863//2927 2884//2948 2864//2928
f 2864//2928 2884//2948 2885//2949
f 2864//2928 2885//2949 2865//2929
f 885//919 2886//2950 2866//2930
f 2866//2930 2886//2950 2887//2951
f 2866//2930 2887//2951 2867//2931
f 2867//2931 2887//2951 2888//2952
f 2867//2931 2888//2952 2868//2932
f 2868//2932 2888//2952 2889//2953
f 2868//2932 2889//2953 2869//2933
f 2869//2933 2889//2953 2890//2954
f 2869//2933 2890//2954 2870//2934
f 2870//2934 2890//2954 2891//2955
f 2870//2934 2891//2955 2871//2935
f 2871//2935 2891//2955 2892//2956
f 2871//2935 2892//2956 2872//2936
f 2872//2936 2892//2956 2893//2957
f 2872//2936 2893//2957 2873//2937
f 2873//2937 2893//2957 2894//2958
f 2873//2937 2894//2958 2874//2938
f 2874//2938 2894//2958 2895//2959
f 2874//2938 2895//2959 2875//2939
f 2875//2939 2895//2959 2896//2960
f 2875//2939 2896//2960 2876//2940
f 2876//2940 2896//2960 2897//2961
f 2876//2940 2897//2961 2877//2941
f 2877//2941 2897//2961 2898//2962
f 2877//2941 2898//2962 2878//2942
f 2878//2942 2898//2962 2899//2963
f 2878//2942 2899//2963 2879//2943
f 2879//2943 2899//2963 2900//2964
f 2879//2943 2900//2964 2880//2944
f 2880//2944 2900//2964 2901//2965
f 2880//2944 2901//2965 2881//2945
f 2881//2945 2901//2965 2902//2966
f 2881//2945 2902//2966 2882//2946
f 2882//2946 2902//2966 2903//2967
f 2882//2946 2903//2967 2883//2947
f 2883//2947 2903//2967 2845//2909
f 2883//2947 2845//2909 2884//2948
f 2884//2948 2845//2909 2844//2908
f 2884//2948 2844//2908 2885//2949
f 908//942 2845//2909 910//944
f 910//944 2845//2909 2903//2967
f 910//944 2903//2967 911//945
f 911//945 2903//2967 2902//2966
f 911//945 2902//2966 912//946
f 912//946 2902//2966 2901//2965
f 912//946 2901//2965 905//939
f 905//939 2901//2965 2900//2964
f 905//939 2900//2964 906//940
f 906//940 2900//2964 2899//2963
f 906//940 2899//2963 903//937
f 903//937 2899//2963 2898//2962
f 903//937 2898//2962 901//935
f 901//935 2898//2962 2897//2961
f 901//935 2897//2961 899//933
f 899//933 2897//2961 2896//2960
f 899//933 2896//2960 897//931
f 897//931 2896//2960 2895//2959
f 897//931 2895//2959 898//932
f 898//932 2895//2959 2894//2958
f 898//932 2894//2958 985//1019
f 985//1019 2894//2958 2893//2957
f 985//1019 2893//2957 895//929
f 895//929 2893//2957 2892//2956
f 895//929 2892//2956 892//926
f 892//926 2892//2956 2891//2955
f 892//926 2891//2955 893//927
f 893//927 2891//2955 2890//2954
f 893//927 2890//2954 970//1004
f 970//1004 2890//2954 2889//2953
f 970//1004 2889//2953 972//1006
f 972//1006 2889//2953 2888//2952
f 972//1006 2888//2952 822//856
f 822//856 2888//2952 2887//2951
f 822//856 2887//2951 823//857
f 823//857 2887//2951 2886//2950
f 823//857 2886//2950 884//918
f 884//918 2886//2950 885//919
f 887//921 2006//2065 888//922
f 411//395 410//394 2904//2968
f 2904//2968 410//394 2865//2929
f 2904//2968 2865//2929 2905//2969
f 2905//2969 2865//2929 2885//2949
f 2905//2969 2885//2949 2906//2970
f 2906//2970 2885//2949 2844//2908
f 2906//2970 2844//2908 907//941
f 907//941 2844//2908 908//942
f 2907//2971 407//391 411//395
f 2905//2969 2906//2970 2908//2972
f 2908//2972 2906//2970 907//941
f 2908//2972 907//941 2379//2437
f 411//395 2904//2968 2907//2971
f 2907//2971 2904//2968 2905//2969
f 2907//2971 2905//2969 2909//2973
f 2909//2973 2905//2969 2908//2972
f 2910//2974 409//393 408//392
f 2457//2515 2390//2448 2911//2975
f 2457//2515 2911//2975 2912//2976
f 2912//2976 2911//2975 2910//2974
f 2912//2976 2910//2974 2913//2977
f 2913//2977 2910//2974 408//392
f 2913//2977 408//392 407//391
f 2379//2437 2457//2515 2908//2972
f 2908//2972 2457//2515 2912//2976
f 2908//2972 2912//2976 2909//2973
f 2909//2973 2912//2976 2913//2977
f 2909//2973 2913//2977 2907//2971
f 2907//2971 2913//2977 407//391
f 2389//2447 2392//2450 2914//2978
f 416//400 414//398 2915//2979
f 2915//2979 414//398 2916//2980
f 2915//2979 2916//2980 2914//2978
f 2914//2978 2916//2980 2917//2981
f 2914//2978 2917//2981 2389//2447
f 2390//2448 2389//2447 2911//2975
f 2911//2975 2389//2447 2917//2981
f 2911//2975 2917//2981 2910//2974
f 2910//2974 2917//2981 2916//2980
f 2910//2974 2916//2980 409//393
f 409//393 2916//2980 414//398
f 2918//2982 2919//2983 2920//2984
f 2918//2982 2920//2984 417//401
f 417//401 2920//2984 404//388
f 2918//2982 2921//2985 2919//2983
f 2919//2983 2921//2985 2403//2461
f 2919//2983 2403//2461 2405//2463
f 417//401 416//400 2918//2982
f 2918//2982 416//400 2915//2979
f 2918//2982 2915//2979 2921//2985
f 2921//2985 2915//2979 2914//2978
f 2921//2985 2914//2978 2403//2461
f 2403//2461 2914//2978 2392//2450
f 2405//2463 2406//2464 2919//2983
f 2919//2983 2406//2464 2922//2986
f 2919//2983 2922//2986 2923//2987
f 2919//2983 2923//2987 2920//2984
f 2920//2984 2923//2987 2924//2988
f 2920//2984 2924//2988 2925//2989
f 2920//2984 2925//2989 404//388
f 2421//2479 2926//2990 359//352
f 2926//2990 2421//2479 2927//2991
f 2421//2479 2419//2477 2927//2991
f 2927//2991 2419//2477 2417//2475
f 2927//2991 2417//2475 2928//2992
f 2928//2992 2417//2475 2415//2473
f 2928//2992 2415//2473 2413//2471
f 2929//2993 2923//2987 2922//2986
f 2413//2471 404//388 2928//2992
f 2928//2992 404//388 2925//2989
f 2928//2992 2925//2989 2924//2988
f 359//352 2930//2994 2412//2470
f 2412//2470 2930//2994 2931//2995
f 2412//2470 2931//2995 2410//2468
f 2410//2468 2931//2995 2929//2993
f 2410//2468 2929//2993 2408//2466
f 2408//2466 2929//2993 2922//2986
f 2408//2466 2922//2986 2406//2464
f 359//352 2926//2990 2930//2994
f 2930//2994 2926//2990 2927//2991
f 2930//2994 2927//2991 2931//2995
f 2931//2995 2927//2991 2928//2992
f 2931//2995 2928//2992 2929//2993
f 2929//2993 2928//2992 2924//2988
f 2929//2993 2924//2988 2923//2987
f 1950//2009 1947//2006 1951//2010
f 1950//2009 1952//2011 1948//2007
f 2932//2996 2084//2143 2085//2144
f 2932//2996 2085//2144 2933//2997
f 2933//2997 2085//2144 2080//2139
f 2933//2997 2080//2139 2934//2998
f 2934//2998 2080//2139 2079//2138
f 2934//2998 2079//2138 2935//2999
f 2935//2999 2079//2138 2077//2136
f 2935//2999 2077//2136 2936//3000
f 2936//3000 2077//2136 2076//2135
f 2936//3000 2076//2135 2937//3001
f 2937//3001 2076//2135 2087//2146
f 2937//3001 2087//2146 2938//3002
f 2938//3002 2087//2146 2086//2145
f 2938//3002 2086//2145 2939//3003
f 2939//3003 2086//2145 2092//2151
f 2939//3003 2092//2151 2940//3004
f 2940//3004 2092//2151 2091//2150
f 2940//3004 2091//2150 2941//3005
f 2941//3005 2091//2150 2074//2133
f 2941//3005 2074//2133 2942//3006
f 2942//3006 2074//2133 2073//2132
f 2942//3006 2073//2132 2943//3007
f 2943//3007 2073//2132 2093//2152
f 2943//3007 2093//2152 2944//3008
f 2944//3008 2093//2152 2245//2304
f 2944//3008 2245//2304 2945//3009
f 2945//3009 2245//2304 2246//2305
f 2945//3009 2246//2305 2946//3010
f 2946//3010 2246//2305 2247//2306
f 2946//3010 2247//2306 2947//3011
f 2947//3011 2247//2306 2248//2307
f 2947//3011 2248//2307 2948//3012
f 2948//3012 2248//2307 2094//2153
f 2948//3012 2094//2153 2949//3013
f 2949//3013 2094//2153 2071//2130
f 2949//3013 2071//2130 2950//3014
f 2950//3014 2071//2130 2070//2129
f 2950//3014 2070//2129 2951//3015
f 2951//3015 2070//2129 2096//2155
f 1950//2009 1948//2007 1947//2006
f 2096//2155 2952//3016 2951//3015
f 2951//3015 2952//3016 2953//3017
f 2951//3015 2953//3017 2950//3014
f 2950//3014 2953//3017 2954//3018
f 2950//3014 2954//3018 2949//3013
f 2949//3013 2954//3018 2955//3019
f 2949//3013 2955//3019 2948//3012
f 2948//3012 2955//3019 2956//3020
f 2948//3012 2956//3020 2947//3011
f 2947//3011 2956//3020 2957//3021
f 2947//3011 2957//3021 2946//3010
f 2946//3010 2957//3021 2958//3022
f 2946//3010 2958//3022 2945//3009
f 2945//3009 2958//3022 2959//3023
f 2945//3009 2959//3023 2944//3008
f 2944//3008 2959//3023 2960//3024
f 2944//3008 2960//3024 2943//3007
f 2943//3007 2960//3024 2961//3025
f 2943//3007 2961//3025 2942//3006
f 2942//3006 2961//3025 2962//3026
f 2942//3006 2962//3026 2941//3005
f 2941//3005 2962//3026 2963//3027
f 2941//3005 2963//3027 2940//3004
f 2940//3004 2963//3027 2964//3028
f 2940//3004 2964//3028 2939//3003
f 2939//3003 2964//3028 2965//3029
f 2939//3003 2965//3029 2938//3002
f 2938//3002 2965//3029 2966//3030
f 2938//3002 2966//3030 2937//3001
f 2937//3001 2966//3030 2967//3031
f 2937//3001 2967//3031 2936//3000
f 2936//3000 2967//3031 2968//3032
f 2936//3000 2968//3032 2935//2999
f 2935//2999 2968//3032 2969//3033
f 2935//2999 2969//3033 2934//2998
f 2934//2998 2969//3033 2970//3034
f 2934//2998 2970//3034 2933//2997
f 2933//2997 2970//3034 2971//3035
f 2933//2997 2971//3035 2932//2996
f 1950//2009 1949//2008 2096//2155
f 2096//2155 1949//2008 2972//3036
f 2096//2155 2972//3036 2952//3016
f 2952//3016 2972//3036 2973//3037
f 2952//3016 2973//3037 2953//3017
f 2953//3017 2973//3037 2974//3038
f 2953//3017 2974//3038 2954//3018
f 2954//3018 2974//3038 2975//3039
f 2954//3018 2975//3039 2955//3019
f 2955//3019 2975//3039 2976//3040
f 2955//3019 2976//3040 2956//3020
f 2956//3020 2976//3040 2977//3041
f 2956//3020 2977//3041 2957//3021
f 2957//3021 2977//3041 2978//3042
f 2957//3021 2978//3042 2958//3022
f 2958//3022 2978//3042 2979//3043
f 2958//3022 2979//3043 2959//3023
f 2959//3023 2979//3043 2980//3044
f 2959//3023 2980//3044 2960//3024
f 2960//3024 2980//3044 2981//3045
f 2960//3024 2981//3045 2961//3025
f 2961//3025 2981//3045 2982//3046
f 2961//3025 2982//3046 2962//3026
f 2962//3026 2982//3046 2983//3047
f 2962//3026 2983//3047 2963//3027
f 2963//3027 2983//3047 2984//3048
f 2963//3027 2984//3048 2964//3028
f 2964//3028 2984//3048 2985//3049
f 2964//3028 2985//3049 2965//3029
f 2965//3029 2985//3049 2986//3050
f 2965//3029 2986//3050 2966//3030
f 2966//3030 2986//3050 2987//3051
f 2966//3030 2987//3051 2967//3031
f 2967//3031 2987//3051 2988//3052
f 2967//3031 2988//3052 2968//3032
f 2968//3032 2988//3052 2989//3053
f 2968//3032 2989//3053 2969//3033
f 2969//3033 2989//3053 2990//3054
f 2969//3033 2990//3054 2970//3034
f 2970//3034 2990//3054 2991//3055
f 2970//3034 2991//3055 2971//3035
f 1949//2008 1963//2022 2972//3036
f 2972//3036 1963//2022 1962//2021
f 2972//3036 1962//2021 2973//3037
f 2973//3037 1962//2021 1961//2020
f 2973//3037 1961//2020 2974//3038
f 2974//3038 1961//2020 1959//2018
f 2974//3038 1959//2018 2975//3039
f 2975//3039 1959//2018 1957//2016
f 2975//3039 1957//2016 2976//3040
f 2976//3040 1957//2016 1955//2014
f 2976//3040 1955//2014 2977//3041
f 2977//3041 1955//2014 1954//2013
f 2977//3041 1954//2013 2978//3042
f 2978//3042 1954//2013 1964//2023
f 2978//3042 1964//2023 2979//3043
f 2979//3043 1964//2023 1966//2025
f 2979//3043 1966//2025 2980//3044
f 2980//3044 1966//2025 1968//2027
f 2980//3044 1968//2027 2981//3045
f 2981//3045 1968//2027 1969//2028
f 2981//3045 1969//2028 2982//3046
f 2982//3046 1969//2028 1971//2030
f 2982//3046 1971//2030 2983//3047
f 2983//3047 1971//2030 1973//2032
f 2983//3047 1973//2032 2984//3048
f 2984//3048 1973//2032 1975//2034
f 2984//3048 1975//2034 2985//3049
f 2985//3049 1975//2034 1974//2033
f 2985//3049 1974//2033 2986//3050
f 2986//3050 1974//2033 2040//2099
f 2986//3050 2040//2099 2987//3051
f 2987//3051 2040//2099 1980//2039
f 2987//3051 1980//2039 2988//3052
f 2988//3052 1980//2039 1978//2037
f 2988//3052 1978//2037 2989//3053
f 2989//3053 1978//2037 1977//2036
f 2989//3053 1977//2036 2990//3054
f 2990//3054 1977//2036 388//372
f 2990//3054 388//372 2991//3055
f 388//372 385//369 2991//3055
f 2991//3055 385//369 2992//3056
f 2991//3055 2992//3056 2971//3035
f 2971//3035 2992//3056 2993//3057
f 2971//3035 2993//3057 2932//2996
f 2932//2996 2993//3057 2994//3058
f 2932//2996 2994//3058 2084//2143
f 2084//2143 2994//3058 2082//2141
f 2995//3059 2356//2414 2082//2141
f 2992//3056 385//369 384//368
f 2082//2141 2994//3058 2995//3059
f 2995//3059 2994//3058 2993//3057
f 2995//3059 2993//3057 2996//3060
f 2996//3060 2993//3057 2992//3056
f 2996//3060 2992//3056 2997//3061
f 2997//3061 2992//3056 384//368
f 2998//3062 2453//2511 2356//2414
f 2445//2503 2453//2511 2999//3063
f 2999//3063 2453//2511 2998//3062
f 2999//3063 2998//3062 3000//3064
f 2999//3063 3000//3064 3001//3065
f 3001//3065 3000//3064 394//378
f 3001//3065 394//378 395//379
f 384//368 394//378 2997//3061
f 2997//3061 394//378 3000//3064
f 2997//3061 3000//3064 2996//3060
f 2996//3060 3000//3064 2998//3062
f 2996//3060 2998//3062 2995//3059
f 2995//3059 2998//3062 2356//2414
f 3002//3066 2435//2493 2445//2503
f 3003//3067 396//380 398//382
f 2434//2492 2435//2493 3004//3068
f 3004//3068 2435//2493 3002//3066
f 3004//3068 3002//3066 3005//3069
f 3005//3069 3002//3066 3003//3067
f 3005//3069 3003//3067 398//382
f 395//379 396//380 3001//3065
f 3001//3065 396//380 3003//3067
f 3001//3065 3003//3067 2999//3063
f 2999//3063 3003//3067 3002//3066
f 2999//3063 3002//3066 2445//2503
f 2424//2482 2432//2490 3006//3070
f 3007//3071 3008//3072 3006//3070
f 3006//3070 3008//3072 2424//2482
f 3006//3070 3009//3073 3007//3071
f 3007//3071 3009//3073 400//384
f 3007//3071 400//384 402//386
f 2432//2490 2434//2492 3006//3070
f 3006//3070 2434//2492 3004//3068
f 3006//3070 3004//3068 3009//3073
f 3009//3073 3004//3068 3005//3069
f 3009//3073 3005//3069 400//384
f 400//384 3005//3069 398//382
f 3007//3071 3010//3074 3008//3072
f 3008//3072 3010//3074 3011//3075
f 3008//3072 3011//3075 2425//2483
f 3008//3072 2425//2483 2424//2482
f 402//386 3012//3076 3007//3071
f 3007//3071 3012//3076 3013//3077
f 3007//3071 3013//3077 3010//3074
f 3014//3078 3012//3076 402//386
f 3015//3079 3010//3074 3013//3077
f 2428//2486 2425//2483 3011//3075
f 3016//3080 2420//2478 3017//3081
f 3017//3081 2420//2478 2422//2480
f 3017//3081 2422//2480 354//350
f 402//386 2414//2472 3014//3078
f 3014//3078 2414//2472 2416//2474
f 3014//3078 2416//2474 3016//3080
f 3016//3080 2416//2474 2418//2476
f 3016//3080 2418//2476 2420//2478
f 354//350 3018//3082 3017//3081
f 3017//3081 3018//3082 3019//3083
f 3017//3081 3019//3083 3016//3080
f 3016//3080 3019//3083 3015//3079
f 3016//3080 3015//3079 3014//3078
f 3014//3078 3015//3079 3013//3077
f 3014//3078 3013//3077 3012//3076
f 354//350 2427//2485 3018//3082
f 3018//3082 2427//2485 2429//2487
f 3018//3082 2429//2487 3019//3083
f 3019//3083 2429//2487 2428//2486
f 3019//3083 2428//2486 3015//3079
f 3015//3079 2428//2486 3011//3075
f 3015//3079 3011//3075 3010//3074
f 3020//3084 3021//3084 3022//3084
f 3020//3085 3022//3086 3023//3087
f 3023//3087 3022//3086 3024//3088
f 3023//3087 3024//3088 3025//3089
f 3025//3089 3024//3088 3026//3090
f 3025//3089 3026//3090 3027//3091
f 3027//3091 3026//3090 3028//3092
f 3027//3091 3028//3092 3029//3093
f 3028//3092 3030//3094 3029//3093
f 3029//3093 3030//3094 3031//3095
f 3029//3093 3031//3095 3032//3096
f 3033//3097 3034//3098 3035//3099
f 3036//3100 3037//3101 3038//3102
f 3038//3102 3037//3101 3039//3103
f 3038//3102 3039//3103 3040//3104
f 3040//3104 3039//3103 3041//3105
f 3040//3104 3041//3105 3042//3106
f 3042//3106 3041//3105 3033//3097
f 3042//3106 3033//3097 3043//3107
f 3043//3107 3033//3097 3035//3099
f 3044//3108 3045//3109 3046//3110
f 3047//3111 3048//3112 3046//3110
f 3046//3110 3048//3112 3049//3113
f 3046//3110 3049//3113 3044//3108
f 3048//3112 3047//3111 3050//3114
f 3048//3112 3050//3114 3051//3115
f 3051//3115 3050//3114 3052//3116
f 3051//3115 3052//3116 3053//3117
f 3054//3118 3037//3101 3036//3100
f 3055//3119 3056//3120 3057//3121
f 3057//3121 3056//3120 3058//3122
f 3036//3100 3059//3123 3054//3118
f 3054//3118 3059//3123 3060//3124
f 3054//3118 3060//3124 3056//3120
f 3056//3120 3060//3124 3061//3125
f 3056//3120 3061//3125 3058//3122
f 3062//3126 3032//3096 3031//3095
f 3031//3095 3063//3127 3062//3126
f 3062//3126 3063//3127 3064//3128
f 3062//3126 3064//3128 3065//3129
f 3065//3129 3064//3128 3066//3130
f 3065//3129 3066//3130 3067//3131
f 3067//3131 3066//3130 3068//3132
f 3067//3131 3068//3132 3069//3133
f 3070//3134 3071//3135 3069//3133
f 3069//3133 3071//3135 3072//3136
f 3069//3133 3072//3136 3067//3131
f 3045//3109 3044//3108 3073//3137
f 3074//3138 3075//3139 3076//3140
f 3076//3140 3075//3139 3077//3141
f 3076//3140 3077//3141 3078//3142
f 3078//3142 3077//3141 3079//3143
f 3078//3142 3079//3143 3073//3137
f 3073//3137 3079//3143 3080//3144
f 3073//3137 3080//3144 3045//3109
f 3081//3145 3052//3116 3082//3146
f 3081//3145 3082//3146 3083//3147
f 3053//3117 3052//3116 3084//3148
f 3084//3148 3052//3116 3081//3145
f 3084//3148 3081//3145 3085//3149
f 3085//3149 3081//3145 3086//3150
f 3085//3149 3086//3150 3087//3151
f 3087//3151 3088//3152 3085//3149
f 3085//3149 3088//3152 3089//3153
f 3085//3149 3089//3153 3090//3154
f 3089//3153 3091//3155 3090//3154
f 3090//3154 3091//3155 3092//3156
f 3090//3154 3092//3156 3093//3157
f 3093//3157 3092//3156 3043//3158
f 3093//3157 3043//3158 3035//3159
f 3094//3160 3053//3117 3084//3148
f 3095//3161 3096//3162 3097//3163
f 3097//3163 3096//3162 3094//3160
f 3025//3089 3027//3091 3098//3164
f 3099//3165 3100//3166 3021//3167
f 3101//3168 3102//3168 3100//3168
f 3100//3166 3102//3169 3103//3170
f 3100//3166 3103//3170 3021//3167
f 3104//3171 3105//3172 3101//3173
f 3104//3171 3034//3174 3105//3172
f 3105//3172 3034//3174 3106//3175
f 3105//3172 3106//3175 3107//3176
f 3108//3177 3109//3178 3110//3179
f 3110//3179 3109//3178 3111//3180
f 3110//3179 3111//3180 3107//3176
f 3107//3176 3111//3180 3112//3181
f 3107//3176 3112//3181 3105//3172
f 3105//3172 3112//3181 3113//3182
f 3105//3172 3113//3182 3101//3173
f 3021//3167 3020//3085 3099//3165
f 3099//3165 3020//3085 3023//3087
f 3099//3165 3023//3087 3114//3183
f 3114//3183 3023//3087 3025//3089
f 3114//3183 3025//3089 3115//3184
f 3115//3184 3025//3089 3098//3164
f 3115//3184 3098//3164 3116//3185
f 3094//3160 3084//3148 3097//3163
f 3097//3163 3084//3148 3085//3149
f 3097//3163 3085//3149 3117//3186
f 3117//3186 3085//3149 3090//3154
f 3117//3186 3090//3154 3118//3187
f 3118//3187 3090//3154 3093//3157
f 3118//3187 3093//3157 3104//3171
f 3104//3171 3093//3157 3035//3159
f 3104//3171 3035//3159 3034//3174
f 3101//3173 3100//3166 3104//3171
f 3104//3171 3100//3166 3099//3165
f 3104//3171 3099//3165 3118//3187
f 3118//3187 3099//3165 3114//3183
f 3118//3187 3114//3183 3117//3186
f 3117//3186 3114//3183 3115//3184
f 3117//3186 3115//3184 3097//3163
f 3097//3163 3115//3184 3116//3185
f 3097//3163 3116//3185 3095//3161
f 3098//3164 3119//3188 3120//3189
f 3121//3190 3122//3191 3123//3192
f 3123//3192 3122//3191 3120//3189
f 3123//3192 3120//3189 3124//3193
f 3124//3193 3120//3189 3119//3188
f 3124//3193 3119//3188 3125//3194
f 3032//3096 3125//3194 3029//3093
f 3029//3093 3125//3194 3119//3188
f 3029//3093 3119//3188 3027//3091
f 3027//3091 3119//3188 3098//3164
f 3094//3160 3096//3162 3122//3191
f 3122//3191 3096//3162 3095//3161
f 3122//3191 3095//3161 3120//3189
f 3120//3189 3095//3161 3116//3185
f 3120//3189 3116//3185 3098//3164
f 3053//3117 3094//3160 3051//3115
f 3051//3115 3094//3160 3122//3191
f 3051//3115 3122//3191 3048//3112
f 3048//3112 3122//3191 3121//3190
f 3125//3194 3126//3195 3127//3196
f 3128//3197 3049//3113 3048//3112
f 3044//3108 3049//3113 3129//3198
f 3129//3198 3049//3113 3128//3197
f 3129//3198 3128//3197 3130//3199
f 3130//3199 3128//3197 3131//3200
f 3131//3200 3128//3197 3127//3196
f 3131//3200 3127//3196 3132//3201
f 3132//3201 3127//3196 3126//3195
f 3132//3201 3126//3195 3133//3202
f 3065//3129 3133//3202 3062//3126
f 3062//3126 3133//3202 3126//3195
f 3062//3126 3126//3195 3032//3096
f 3032//3096 3126//3195 3125//3194
f 3048//3112 3121//3190 3128//3197
f 3128//3197 3121//3190 3123//3192
f 3128//3197 3123//3192 3127//3196
f 3127//3196 3123//3192 3124//3193
f 3127//3196 3124//3193 3125//3194
f 3134//3203 3135//3204 3136//3205
f 3136//3206 3135//3204 3137//3207
f 3132//3201 3133//3202 3138//3208
f 3138//3208 3133//3202 3065//3129
f 3130//3199 3131//3200 3139//3209
f 3139//3209 3131//3200 3132//3201
f 3073//3137 3044//3108 3129//3198
f 3140//3210 3141//3211 3074//3138
f 3137//3207 3142//3212 3136//3206
f 3136//3206 3142//3212 3143//3213
f 3136//3206 3143//3213 3144//3214
f 3144//3214 3145//3215 3136//3206
f 3136//3206 3145//3215 3146//3216
f 3136//3206 3146//3216 3134//3203
f 3074//3138 3076//3140 3140//3210
f 3140//3210 3076//3140 3078//3142
f 3140//3210 3078//3142 3147//3217
f 3147//3217 3078//3142 3073//3137
f 3147//3217 3073//3137 3139//3209
f 3139//3209 3073//3137 3129//3198
f 3139//3209 3129//3198 3130//3199
f 3132//3201 3138//3208 3139//3209
f 3139//3209 3138//3208 3148//3218
f 3139//3209 3148//3218 3147//3217
f 3147//3217 3148//3218 3146//3216
f 3147//3217 3146//3216 3140//3210
f 3140//3210 3146//3216 3145//3215
f 3140//3210 3145//3215 3141//3211
f 3065//3129 3067//3131 3138//3208
f 3138//3208 3067//3131 3072//3136
f 3138//3208 3072//3136 3148//3218
f 3148//3218 3072//3136 3071//3135
f 3148//3218 3071//3135 3146//3216
f 3146//3216 3071//3135 3070//3219
f 3146//3216 3070//3219 3134//3203
f 3149//3220 3083//3147 3050//3114
f 3050//3114 3083//3147 3082//3146
f 3082//3146 3052//3116 3050//3114
f 3150//3221 3087//3222 3151//3223
f 3151//3223 3087//3151 3086//3150
f 3151//3223 3086//3150 3152//3224
f 3152//3225 3086//3150 3081//3145
f 3043//3107 3092//3226 3042//3106
f 3042//3106 3092//3226 3091//3227
f 3042//3106 3091//3227 3040//3104
f 3040//3104 3091//3227 3089//3228
f 3040//3104 3089//3228 3150//3221
f 3150//3221 3089//3228 3088//3229
f 3150//3221 3088//3230 3087//3222
f 3038//3102 3040//3104 3153//3231
f 3153//3231 3040//3104 3150//3221
f 3153//3231 3150//3221 3154//3232
f 3154//3232 3150//3221 3151//3223
f 3154//3232 3151//3223 3149//3220
f 3149//3220 3151//3223 3152//3224
f 3149//3220 3152//3224 3083//3147
f 3083//3147 3152//3225 3081//3145
f 3036//3100 3038//3102 3155//3233
f 3155//3233 3038//3102 3153//3231
f 3155//3233 3153//3231 3156//3234
f 3156//3234 3153//3231 3154//3232
f 3156//3234 3154//3232 3157//3235
f 3157//3235 3154//3232 3149//3220
f 3157//3235 3149//3220 3047//3111
f 3047//3111 3149//3220 3050//3114
f 3141//3236 3145//3237 3158//3238
f 3137//3239 3159//3240 3160//3241
f 3161//3242 3162//3243 3163//3244
f 3164//3245 3165//3246 3166//3247
f 3061//3125 3060//3124 3167//3248
f 3160//3241 3168//3249 3169//3250
f 3169//3250 3168//3249 3055//3119
f 3169//3250 3055//3119 3170//3251
f 3145//3237 3144//3252 3171//3253
f 3171//3253 3144//3252 3143//3254
f 3171//3253 3143//3254 3160//3241
f 3160//3241 3143//3254 3142//3255
f 3160//3241 3142//3255 3137//3239
f 3055//3119 3057//3121 3170//3251
f 3170//3251 3057//3121 3058//3122
f 3170//3251 3058//3122 3172//3256
f 3172//3256 3058//3122 3061//3125
f 3172//3256 3061//3125 3164//3245
f 3164//3245 3061//3125 3167//3248
f 3164//3245 3167//3248 3165//3246
f 3045//3109 3080//3144 3173//3257
f 3173//3257 3080//3144 3079//3143
f 3173//3257 3079//3143 3174//3258
f 3174//3258 3079//3143 3077//3141
f 3174//3258 3077//3141 3175//3259
f 3175//3259 3077//3141 3075//3139
f 3175//3259 3075//3139 3158//3238
f 3158//3238 3075//3139 3074//3138
f 3158//3238 3074//3138 3141//3236
f 3145//3237 3171//3253 3158//3238
f 3158//3238 3171//3253 3176//3260
f 3158//3238 3176//3260 3175//3259
f 3175//3259 3176//3260 3177//3261
f 3175//3259 3177//3261 3174//3258
f 3174//3258 3177//3261 3161//3242
f 3174//3258 3161//3242 3173//3257
f 3173//3257 3161//3242 3163//3244
f 3173//3257 3163//3244 3045//3109
f 3160//3241 3169//3250 3171//3253
f 3171//3253 3169//3250 3170//3251
f 3171//3253 3170//3251 3176//3260
f 3176//3260 3170//3251 3172//3256
f 3176//3260 3172//3256 3177//3261
f 3177//3261 3172//3256 3164//3245
f 3177//3261 3164//3245 3161//3242
f 3161//3242 3164//3245 3166//3247
f 3161//3242 3166//3247 3162//3243
f 3060//3124 3059//3123 3167//3248
f 3167//3248 3059//3123 3178//3262
f 3167//3248 3178//3262 3165//3246
f 3165//3246 3178//3262 3166//3247
f 3166//3247 3178//3262 3179//3263
f 3166//3247 3179//3263 3162//3243
f 3162//3243 3179//3263 3180//3264
f 3162//3243 3180//3264 3163//3244
f 3046//3110 3045//3109 3180//3264
f 3180//3264 3045//3109 3163//3244
f 3047//3111 3046//3110 3157//3235
f 3157//3235 3046//3110 3180//3264
f 3157//3235 3180//3264 3156//3234
f 3156//3234 3180//3264 3179//3263
f 3156//3234 3179//3263 3155//3233
f 3155//3233 3179//3263 3178//3262
f 3155//3233 3178//3262 3036//3100
f 3036//3100 3178//3262 3059//3123
f 3181//3265 826//3265 825//3265
f 3181//3266 825//3266 3182//3266
f 3182//3267 825//3268 959//3269
f 3182//3267 959//3269 3183//3270
f 3183//3270 959//3269 3184//3271
f 3184//3271 959//3269 965//3272
f 3184//3271 965//3272 3185//3273
f 3186//3274 830//3275 849//3276
f 849//3276 848//3277 3187//3278
f 3187//3278 3188//3279 849//3276
f 849//3276 3188//3279 3189//3280
f 849//3276 3189//3280 3186//3274
f 3190//3281 871//3282 947//3283
f 882//3284 3191//3285 883//3286
f 883//3287 3191//3285 3192//3288
f 883//3289 3192//3288 947//3283
f 947//3283 3192//3288 3193//3290
f 947//3283 3193//3290 3190//3281
f 880//3291 3194//3292 3195//3293
f 3196//3294 862//3295 3197//3296
f 3197//3296 862//3295 867//3297
f 3197//3296 867//3297 3198//3298
f 3198//3298 867//3297 866//3299
f 3198//3298 866//3299 3199//3300
f 3199//3300 866//3299 865//3301
f 3199//3300 865//3301 3200//3302
f 3200//3302 865//3301 864//3303
f 3200//3302 864//3303 3201//3304
f 3201//3304 864//3303 3202//3305
f 864//3303 964//3306 3202//3305
f 3202//3305 964//3306 870//3307
f 3202//3305 870//3307 3195//3293
f 3195//3293 870//3307 869//3308
f 3195//3293 869//3308 880//3291
f 879//3309 3203//3310 880//3291
f 880//3291 3203//3310 3204//3311
f 880//3291 3204//3311 3194//3292
f 853//3312 3205//3313 855//3314
f 855//3314 3205//3313 3206//3315
f 855//3314 3206//3315 856//3316
f 862//3295 3196//3294 3207//3317
f 862//3295 3207//3317 863//3318
f 863//3318 3207//3317 3208//3319
f 863//3318 3208//3319 857//3320
f 857//3320 3208//3319 3209//3321
f 857//3320 3209//3321 858//3322
f 858//3322 3209//3321 3210//3323
f 858//3322 3210//3323 860//3324
f 860//3324 3210//3323 3211//3325
f 860//3324 3211//3325 861//3326
f 861//3326 3211//3325 3212//3327
f 861//3326 3212//3327 851//3328
f 851//3328 3212//3327 3213//3329
f 851//3328 3213//3329 853//3312
f 853//3312 3213//3329 3214//3330
f 853//3312 3214//3330 3205//3313
f 3185//3273 965//3272 3215//3331
f 3215//3331 965//3272 838//3332
f 3215//3331 838//3332 3216//3333
f 3216//3333 838//3332 837//3334
f 3216//3333 837//3334 3217//3335
f 3217//3335 837//3334 835//3336
f 3217//3335 835//3336 3218//3337
f 3218//3338 835//3338 834//3338
f 3219//3339 3220//3340 3221//3341
f 3221//3341 3220//3340 3222//3342
f 3221//3341 3222//3342 3223//3343
f 3223//3343 3222//3342 3224//3344
f 3223//3343 3224//3344 3225//3345
f 3225//3345 3224//3344 3226//3346
f 3225//3345 3226//3346 3227//3347
f 3227//3347 3226//3346 3228//3348
f 3227//3347 3228//3348 3229//3349
f 3229//3349 3228//3348 3230//3350
f 3229//3349 3230//3350 3231//3351
f 3231//3351 3230//3350 3232//3352
f 3231//3351 3232//3352 3233//3353
f 3232//3352 3234//3354 3233//3353
f 3233//3353 3234//3354 3235//3355
f 3233//3353 3235//3355 3236//3356
f 3236//3356 3235//3355 3237//3357
f 3235//3355 3238//3358 3237//3357
f 3237//3357 3238//3358 3239//3359
f 3237//3357 3239//3359 3240//3360
f 3240//3360 3239//3359 3241//3361
f 3240//3360 3241//3361 3242//3362
f 3243//3363 3244//3364 3245//3365
f 3243//3363 3245//3365 3246//3366
f 3245//3365 3247//3367 3246//3366
f 3246//3366 3247//3367 3248//3368
f 3246//3366 3248//3368 3249//3369
f 3249//3369 3248//3368 3250//3370
f 3249//3369 3250//3370 3251//3371
f 3251//3371 3250//3370 3252//3372
f 3251//3371 3252//3372 3253//3373
f 3253//3373 3252//3372 3254//3374
f 3253//3373 3254//3374 3255//3375
f 3255//3375 3254//3374 3256//3376
f 3255//3375 3256//3376 3257//3377
f 3257//3377 3256//3376 3258//3378
f 3257//3377 3258//3378 3259//3379
f 3259//3379 3258//3378 3260//3380
f 3259//3379 3260//3380 3261//3381
f 3220//3340 3219//3339 3262//3382
f 3262//3382 3219//3339 3263//3383
f 3262//3382 3263//3383 3261//3381
f 3261//3381 3263//3383 3264//3384
f 3261//3381 3264//3384 3259//3379
f 3228//3348 3226//3346 3265//3385
f 3266//3386 3196//3294 3197//3296
f 3267//3387 3268//3388 3269//3389
f 3269//3389 3268//3388 3270//3390
f 3269//3389 3270//3390 3271//3391
f 3271//3391 3270//3390 3272//3392
f 3271//3391 3272//3392 3273//3393
f 3273//3393 3272//3392 3222//3342
f 3273//3393 3222//3342 3220//3340
f 3274//3394 3275//3395 3276//3396
f 3276//3396 3277//3397 3274//3394
f 3274//3394 3277//3397 3278//3398
f 3274//3394 3278//3398 3242//3362
f 876//910 875//909 3275//3395
f 876//910 3275//3395 877//911
f 877//911 3275//3395 3279//3399
f 877//911 3279//3399 878//3400
f 3242//3362 3241//3361 3274//3394
f 3274//3394 3241//3361 3239//3359
f 3274//3394 3239//3359 3280//3401
f 3280//3401 3239//3359 3238//3358
f 3280//3401 3238//3358 3281//3402
f 3281//3402 3238//3358 3235//3355
f 3281//3402 3235//3355 3282//3403
f 3235//3355 3234//3354 3282//3403
f 3282//3403 3234//3354 3232//3352
f 3282//3403 3232//3352 3283//3404
f 3283//3404 3232//3352 3230//3350
f 3283//3404 3230//3350 3284//3405
f 3275//3395 3274//3394 3279//3399
f 3279//3399 3274//3394 3280//3401
f 3279//3399 3280//3401 3285//3406
f 3285//3406 3280//3401 3281//3402
f 3285//3406 3281//3402 3286//3407
f 3286//3407 3281//3402 3282//3403
f 3286//3407 3282//3403 3287//3408
f 3287//3408 3282//3403 3283//3404
f 3287//3408 3283//3404 3288//3409
f 3288//3409 3283//3404 3284//3405
f 3288//3409 3284//3405 3289//3410
f 878//3400 3279//3399 3290//3411
f 3290//3411 3279//3399 3285//3406
f 3290//3411 3285//3406 3291//3412
f 3291//3412 3285//3406 3286//3407
f 3291//3412 3286//3407 3292//3413
f 3292//3413 3286//3407 3287//3408
f 3292//3413 3287//3408 3293//3414
f 3293//3414 3287//3408 3288//3409
f 3293//3414 3288//3409 3294//3415
f 3294//3415 3288//3409 3289//3410
f 3294//3415 3289//3410 3295//3416
f 3295//3416 3202//3305 3294//3415
f 3294//3415 3202//3305 3195//3293
f 3294//3415 3195//3293 3293//3414
f 3293//3414 3195//3293 3194//3292
f 3293//3414 3194//3292 3292//3413
f 3292//3413 3194//3292 3204//3311
f 3292//3413 3204//3311 3291//3412
f 3291//3412 3204//3311 3203//3310
f 3291//3412 3203//3310 3290//3411
f 3290//3411 3203//3310 879//3309
f 3290//3411 879//3309 878//3400
f 3199//3300 3200//3302 3295//3416
f 3295//3416 3200//3302 3201//3304
f 3295//3416 3201//3304 3202//3305
f 3226//3346 3224//3344 3265//3385
f 3265//3385 3224//3344 3296//3417
f 3265//3385 3296//3417 3297//3418
f 3297//3418 3296//3417 3298//3419
f 3297//3418 3298//3419 3299//3420
f 3299//3420 3298//3419 3300//3421
f 3224//3344 3222//3342 3296//3417
f 3296//3417 3222//3342 3272//3392
f 3296//3417 3272//3392 3298//3419
f 3298//3419 3272//3392 3270//3390
f 3298//3419 3270//3390 3300//3421
f 3300//3421 3270//3390 3268//3388
f 3230//3350 3228//3348 3284//3405
f 3284//3405 3228//3348 3265//3385
f 3284//3405 3265//3385 3289//3410
f 3289//3410 3265//3385 3297//3418
f 3289//3410 3297//3418 3295//3416
f 3295//3416 3297//3418 3299//3420
f 3295//3416 3299//3420 3199//3300
f 3199//3300 3299//3420 3300//3421
f 3199//3300 3300//3421 3198//3298
f 3198//3298 3300//3421 3268//3388
f 3198//3298 3268//3388 3197//3296
f 3197//3296 3268//3388 3267//3387
f 3197//3296 3267//3387 3266//3386
f 3301//3422 3302//3423 3219//3339
f 3303//3424 3304//3425 3305//3426
f 3305//3426 3304//3425 3302//3423
f 3306//3427 3307//3428 3303//3424
f 3184//3271 3185//3273 3308//3429
f 826//3430 3309//3431 828//3432
f 828//3433 3309//3431 3310//3434
f 828//3435 3310//3435 829//3435
f 829//3436 3310//3434 3311//3437
f 829//3436 3311//3437 881//3438
f 3275//3439 875//3440 3312//3441
f 3312//3441 875//3440 872//3442
f 3313//3443 3278//3398 3314//3444
f 3314//3444 3278//3398 3277//3397
f 3314//3444 3277//3397 3276//3445
f 871//3282 3190//3281 3315//3446
f 3315//3446 3190//3281 3193//3290
f 3315//3446 3193//3290 3316//3447
f 3316//3447 3193//3290 3192//3288
f 3316//3447 3192//3288 3317//3448
f 3317//3448 3192//3288 3191//3285
f 3317//3448 3191//3285 3311//3437
f 3311//3437 3191//3285 882//3284
f 3311//3437 882//3284 881//3449
f 3318//3450 3237//3357 3319//3451
f 3319//3451 3237//3357 3240//3360
f 3319//3451 3240//3360 3313//3443
f 3313//3443 3240//3360 3242//3362
f 3313//3443 3242//3362 3278//3398
f 3320//3452 3231//3351 3321//3453
f 3321//3453 3231//3351 3233//3353
f 3321//3453 3233//3353 3318//3450
f 3318//3450 3233//3353 3236//3356
f 3318//3450 3236//3356 3237//3357
f 826//3430 3181//3454 3309//3431
f 3309//3431 3181//3454 3182//3267
f 3309//3431 3182//3267 3322//3455
f 3322//3455 3182//3267 3183//3270
f 3322//3455 3183//3270 3323//3456
f 3323//3456 3183//3270 3184//3271
f 3323//3456 3184//3271 3306//3427
f 3306//3427 3184//3271 3308//3429
f 3306//3427 3308//3429 3307//3428
f 3303//3424 3305//3426 3306//3427
f 3306//3427 3305//3426 3324//3457
f 3306//3427 3324//3457 3323//3456
f 3323//3456 3324//3457 3325//3458
f 3323//3456 3325//3458 3322//3455
f 3322//3455 3325//3458 3326//3459
f 3322//3455 3326//3459 3309//3431
f 3309//3431 3326//3459 3327//3460
f 3309//3431 3327//3460 3310//3434
f 3310//3434 3327//3460 3328//3461
f 3310//3434 3328//3461 3311//3437
f 3311//3437 3328//3461 3329//3462
f 3311//3437 3329//3462 3317//3448
f 3317//3448 3329//3462 3330//3463
f 3317//3448 3330//3463 3316//3447
f 3316//3447 3330//3463 3312//3441
f 3316//3447 3312//3441 3315//3446
f 3315//3446 3312//3441 872//3442
f 3315//3446 872//3442 871//3282
f 3302//3423 3301//3422 3305//3426
f 3305//3426 3301//3422 3331//3464
f 3305//3426 3331//3464 3324//3457
f 3324//3457 3331//3464 3332//3465
f 3324//3457 3332//3465 3325//3458
f 3325//3458 3332//3465 3320//3452
f 3325//3458 3320//3452 3326//3459
f 3326//3459 3320//3452 3321//3453
f 3326//3459 3321//3453 3327//3460
f 3327//3460 3321//3453 3318//3450
f 3327//3460 3318//3450 3328//3461
f 3328//3461 3318//3450 3319//3451
f 3328//3461 3319//3451 3329//3462
f 3329//3462 3319//3451 3313//3443
f 3329//3462 3313//3443 3330//3463
f 3330//3463 3313//3443 3314//3444
f 3330//3463 3314//3444 3312//3441
f 3312//3441 3314//3444 3276//3445
f 3312//3441 3276//3445 3275//3439
f 3219//3339 3221//3341 3301//3422
f 3301//3422 3221//3341 3223//3343
f 3301//3422 3223//3343 3331//3464
f 3331//3464 3223//3343 3225//3345
f 3331//3464 3225//3345 3332//3465
f 3332//3465 3225//3345 3227//3347
f 3332//3465 3227//3466 3320//3452
f 3320//3452 3227//3347 3229//3349
f 3320//3452 3229//3349 3231//3351
f 3333//3467 3273//3393 3220//3340
f 3267//3387 3269//3389 3334//3468
f 3334//3468 3269//3389 3271//3391
f 3334//3468 3271//3391 3273//3393
f 3207//3317 3196//3294 3266//3386
f 3335//3469 844//878 843//3470
f 846//880 967//1001 3336//3471
f 3336//3471 967//1001 3337//3472
f 3336//3473 3337//3472 3338//3474
f 3339//3475 3247//3367 3340//3476
f 3340//3476 3247//3367 3245//3365
f 3340//3476 3245//3365 3337//3472
f 3337//3472 3245//3365 3244//3364
f 3337//3472 3244//3364 3338//3474
f 3341//3477 3254//3374 3342//3478
f 3342//3478 3254//3374 3252//3372
f 3342//3478 3252//3372 3343//3479
f 3343//3479 3252//3372 3250//3370
f 3343//3479 3250//3370 3339//3475
f 3339//3475 3250//3370 3248//3368
f 3339//3475 3248//3368 3247//3367
f 856//3316 3206//3315 3344//3480
f 3344//3480 3206//3315 3205//3313
f 3344//3480 3205//3313 3345//3481
f 3345//3481 3205//3313 3214//3330
f 3345//3481 3214//3330 3346//3482
f 3346//3482 3214//3330 3213//3329
f 3346//3482 3213//3329 3347//3483
f 3347//3483 3213//3329 3212//3327
f 3347//3483 3212//3327 3348//3484
f 3348//3484 3212//3327 3211//3325
f 3348//3484 3211//3325 3349//3485
f 3349//3485 3211//3325 3210//3323
f 3349//3485 3210//3323 3350//3486
f 3210//3323 3209//3321 3350//3486
f 3350//3486 3209//3321 3208//3319
f 3350//3486 3208//3319 3351//3487
f 3351//3487 3208//3319 3207//3317
f 3351//3487 3207//3317 3352//3488
f 3352//3488 3207//3317 3266//3386
f 3352//3488 3266//3386 3267//3387
f 3267//3387 3334//3468 3352//3488
f 3352//3488 3334//3468 3353//3489
f 3352//3488 3353//3489 3351//3487
f 3351//3487 3353//3489 3354//3490
f 3351//3487 3354//3490 3350//3486
f 3350//3486 3354//3490 3355//3491
f 3350//3486 3355//3491 3349//3485
f 3349//3485 3355//3491 3356//3492
f 3349//3485 3356//3492 3348//3484
f 3348//3484 3356//3492 3357//3493
f 3348//3484 3357//3493 3347//3483
f 3347//3483 3357//3493 3358//3494
f 3347//3483 3358//3494 3346//3482
f 3346//3482 3358//3494 3359//3495
f 3346//3482 3359//3495 3345//3481
f 3345//3481 3359//3495 3335//3469
f 3345//3481 3335//3469 3344//3480
f 3344//3480 3335//3469 843//3470
f 3344//3480 843//3470 856//3316
f 3273//3393 3333//3467 3334//3468
f 3334//3468 3333//3467 3360//3496
f 3334//3468 3360//3496 3353//3489
f 3353//3489 3360//3496 3361//3497
f 3353//3489 3361//3497 3354//3490
f 3354//3490 3361//3497 3341//3477
f 3354//3490 3341//3477 3355//3491
f 3355//3491 3341//3477 3342//3478
f 3355//3491 3342//3478 3356//3492
f 3356//3492 3342//3478 3343//3479
f 3356//3492 3343//3479 3357//3493
f 3357//3493 3343//3479 3339//3475
f 3357//3493 3339//3475 3358//3494
f 3358//3494 3339//3475 3340//3476
f 3358//3494 3340//3476 3359//3495
f 3359//3495 3340//3476 3337//3472
f 3359//3495 3337//3472 3335//3469
f 3335//3469 3337//3472 967//1001
f 3335//3469 967//1001 844//878
f 3220//3340 3262//3382 3333//3467
f 3333//3467 3262//3382 3261//3381
f 3333//3467 3261//3381 3360//3496
f 3360//3496 3261//3381 3260//3380
f 3360//3496 3260//3380 3361//3497
f 3361//3497 3260//3380 3258//3378
f 3361//3497 3258//3378 3341//3477
f 3341//3477 3258//3378 3256//3376
f 3341//3477 3256//3376 3254//3374
f 3303//3424 3307//3428 3362//3498
f 3308//3429 3185//3273 3215//3331
f 3303//3424 3362//3498 3304//3425
f 3263//3383 3219//3339 3302//3423
f 3244//3364 3363//3499 3338//3474
f 3338//3474 3363//3499 3364//3500
f 3365//3501 846//3502 3336//3503
f 830//3504 3366//3505 831//3506
f 831//3507 3366//3505 3367//3508
f 831//3509 3367//3509 832//3509
f 832//3510 3367//3510 3368//3510
f 832//3511 3368//3512 833//3513
f 833//3513 3368//3512 834//3514
f 830//3504 3186//3274 3366//3505
f 3366//3505 3186//3274 3189//3280
f 3366//3505 3189//3280 3369//3515
f 3369//3515 3189//3280 3188//3279
f 3369//3515 3188//3279 3370//3516
f 3370//3516 3188//3279 3187//3278
f 3370//3516 3187//3278 3371//3517
f 3371//3517 3187//3278 848//3277
f 3371//3517 848//3277 847//3518
f 3244//3364 3243//3363 3363//3499
f 3363//3499 3243//3363 3246//3366
f 3363//3499 3246//3366 3372//3519
f 3372//3519 3246//3366 3249//3369
f 3372//3519 3249//3369 3373//3520
f 3373//3520 3249//3369 3251//3371
f 3373//3520 3251//3371 3374//3521
f 3251//3371 3253//3373 3374//3521
f 3374//3521 3253//3373 3255//3375
f 3374//3521 3255//3375 3375//3522
f 3375//3522 3255//3375 3257//3377
f 3375//3522 3257//3523 3376//3524
f 3257//3377 3259//3379 3376//3524
f 3376//3524 3259//3379 3264//3384
f 3376//3524 3264//3384 3377//3525
f 3377//3525 3264//3384 3263//3383
f 3377//3525 3263//3383 3378//3526
f 3378//3526 3263//3383 3302//3423
f 3378//3526 3302//3423 3304//3425
f 3304//3425 3379//3527 3378//3526
f 3378//3526 3379//3527 3380//3528
f 3378//3526 3380//3528 3377//3525
f 3377//3525 3380//3528 3381//3529
f 3377//3525 3381//3529 3376//3524
f 3376//3524 3381//3529 3382//3530
f 3376//3524 3382//3530 3375//3522
f 3375//3522 3382//3530 3383//3531
f 3375//3522 3383//3531 3374//3521
f 3374//3521 3383//3531 3384//3532
f 3374//3521 3384//3532 3373//3520
f 3373//3520 3384//3532 3385//3533
f 3373//3520 3385//3533 3372//3519
f 3372//3519 3385//3533 3386//3534
f 3372//3519 3386//3534 3363//3499
f 3363//3499 3386//3534 3365//3501
f 3363//3499 3365//3501 3364//3500
f 3364//3500 3365//3501 3336//3503
f 3364//3500 3336//3473 3338//3474
f 3304//3425 3362//3498 3379//3527
f 3379//3527 3362//3498 3387//3535
f 3379//3527 3387//3535 3380//3528
f 3380//3528 3387//3535 3388//3536
f 3380//3528 3388//3536 3381//3529
f 3381//3529 3388//3536 3368//3512
f 3381//3529 3368//3512 3382//3530
f 3382//3530 3368//3512 3367//3508
f 3382//3530 3367//3508 3383//3531
f 3383//3531 3367//3508 3366//3505
f 3383//3531 3366//3505 3384//3532
f 3384//3532 3366//3505 3369//3515
f 3384//3532 3369//3515 3385//3533
f 3385//3533 3369//3515 3370//3516
f 3385//3533 3370//3516 3386//3534
f 3386//3534 3370//3516 3371//3517
f 3386//3534 3371//3517 3365//3501
f 3365//3501 3371//3517 847//3518
f 3365//3501 847//3518 846//3502
f 834//3514 3368//3512 3218//3337
f 3218//3337 3368//3512 3388//3536
f 3218//3337 3388//3536 3217//3335
f 3217//3335 3388//3536 3387//3535
f 3217//3335 3387//3535 3216//3333
f 3216//3333 3387//3535 3362//3498
f 3216//3333 3362//3498 3215//3331
f 3215//3331 3362//3498 3307//3428
f 3215//3331 3307//3428 3308//3429
f 3389//3537 3390//3538 3391//3539
f 3392//3540 3393//3541 3394//3542
f 3394//3542 3393//3541 3395//3543
f 3394//3542 3395//3543 3396//3544
f 3389//3537 3391//3539 3397//3545
f 3397//3545 3391//3539 3398//3546
f 3397//3545 3398//3546 3399//3547
f 3399//3547 3398//3546 3400//3548
f 3399//3547 3400//3548 3394//3542
f 3394//3542 3400//3548 3401//3549
f 3394//3542 3401//3549 3392//3540
f 3402//3550 3403//3551 3404//3552
f 3404//3552 3403//3551 3405//3553
f 3404//3552 3405//3553 3406//3554
f 3407//3555 3408//3556 3405//3553
f 3405//3553 3408//3556 3409//3557
f 3405//3553 3409//3557 3406//3554
f 3403//3551 3402//3550 3410//3558
f 3410//3558 3402//3550 3411//3559
f 3410//3558 3411//3559 3412//3560
f 3412//3560 3411//3559 3413//3561
f 3412//3560 3413//3561 3414//3562
f 3415//3563 3416//3564 3417//3565
f 3417//3565 3416//3564 3418//3566
f 3417//3565 3418//3566 3389//3537
f 3389//3537 3418//3566 3390//3538
f 3419//3567 3420//3568 3421//3569
f 3421//3569 3422//3570 3419//3567
f 3419//3567 3422//3570 3423//3571
f 3419//3567 3423//3571 3415//3563
f 3415//3563 3423//3571 3424//3572
f 3415//3563 3424//3572 3416//3564
f 3425//3573 3426//3574 3427//3575
f 3425//3573 3427//3575 3428//3576
f 3427//3575 3429//3577 3428//3576
f 3428//3576 3429//3577 3430//3578
f 3428//3576 3430//3578 3431//3579
f 3431//3579 3430//3578 3432//3580
f 3431//3579 3432//3580 3433//3581
f 3432//3580 3434//3582 3433//3581
f 3433//3581 3434//3582 3435//3583
f 3433//3581 3435//3583 3436//3584
f 3437//3585 3438//3586 3439//3587
f 3439//3587 3438//3586 3440//3588
f 3437//3585 3441//3589 3438//3586
f 3438//3586 3441//3589 3442//3590
f 3438//3586 3442//3590 3443//3591
f 3443//3591 3442//3590 3444//3592
f 3444//3592 3442//3590 3445//3593
f 3444//3592 3445//3593 3446//3594
f 3446//3594 3445//3593 3436//3584
f 3446//3594 3436//3584 3435//3583
f 3447//3595 3448//3596 3449//3597
f 3450//3598 3451//3598 3452//3598
f 3452//3599 3451//3600 3440//3588
f 3453//3601 3454//3602 3455//3603
f 3456//3604 3457//3605 3458//3606
f 3458//3606 3457//3605 3459//3607
f 3458//3606 3459//3607 3460//3608
f 3456//3604 3458//3606 3461//3609
f 3461//3609 3458//3606 3460//3608
f 3461//3609 3460//3608 3449//3597
f 3449//3597 3460//3608 3462//3610
f 3449//3597 3462//3610 3447//3595
f 3421//3569 3420//3568 3459//3607
f 3459//3607 3420//3568 3463//3611
f 3459//3607 3463//3611 3460//3608
f 3457//3612 3453//3601 3459//3613
f 3459//3613 3453//3601 3455//3603
f 3459//3607 3455//3614 3421//3569
f 3421//3569 3455//3614 3464//3615
f 3421//3569 3464//3615 3422//3570
f 3422//3570 3464//3615 3465//3616
f 3422//3570 3465//3616 3423//3571
f 3440//3588 3438//3586 3452//3599
f 3452//3599 3438//3586 3443//3591
f 3452//3599 3443//3591 3466//3617
f 3466//3617 3443//3591 3444//3592
f 3466//3617 3444//3592 3467//3618
f 3467//3618 3444//3592 3446//3594
f 3467//3618 3446//3594 3468//3619
f 3468//3619 3446//3594 3435//3583
f 3468//3619 3435//3583 3469//3620
f 3454//3602 3450//3621 3455//3603
f 3455//3603 3450//3621 3452//3599
f 3455//3603 3452//3599 3464//3615
f 3464//3615 3452//3599 3466//3617
f 3464//3615 3466//3617 3465//3616
f 3465//3616 3466//3617 3467//3618
f 3465//3616 3467//3618 3470//3622
f 3470//3622 3467//3618 3468//3619
f 3470//3622 3468//3619 3471//3623
f 3471//3623 3468//3619 3469//3620
f 3471//3623 3469//3620 3472//3624
f 3423//3571 3465//3616 3424//3572
f 3424//3625 3465//3616 3470//3622
f 3424//3572 3470//3622 3416//3564
f 3416//3564 3470//3622 3471//3623
f 3416//3564 3471//3623 3418//3566
f 3418//3566 3471//3623 3472//3624
f 3418//3566 3472//3624 3390//3538
f 3396//3544 3395//3543 3473//3626
f 3474//3627 3475//3628 3476//3629
f 3476//3629 3475//3628 3477//3630
f 3476//3629 3477//3630 3396//3544
f 3396//3544 3473//3626 3476//3629
f 3476//3629 3473//3626 3478//3631
f 3476//3629 3478//3631 3474//3627
f 3479//3632 3480//3633 3481//3634
f 3481//3634 3480//3633 3482//3635
f 3481//3634 3482//3635 3473//3626
f 3473//3626 3482//3635 3483//3636
f 3473//3626 3483//3636 3478//3631
f 3484//3637 3393//3541 3392//3540
f 3484//3637 3392//3540 3485//3638
f 3485//3638 3392//3540 3401//3549
f 3485//3638 3401//3549 3486//3639
f 3486//3639 3401//3549 3400//3548
f 3486//3639 3400//3548 3487//3640
f 3487//3640 3400//3548 3398//3546
f 3487//3640 3398//3546 3488//3641
f 3488//3641 3398//3546 3391//3539
f 3488//3641 3391//3539 3489//3642
f 3489//3642 3391//3539 3390//3538
f 3489//3642 3390//3538 3472//3624
f 3395//3543 3393//3541 3473//3626
f 3473//3626 3393//3541 3484//3637
f 3473//3626 3484//3637 3481//3634
f 3481//3634 3484//3637 3485//3638
f 3481//3634 3485//3638 3490//3643
f 3490//3643 3485//3638 3486//3639
f 3490//3643 3486//3639 3491//3644
f 3491//3644 3486//3639 3487//3640
f 3491//3644 3487//3640 3492//3645
f 3492//3645 3487//3640 3488//3641
f 3492//3645 3488//3641 3493//3646
f 3493//3646 3488//3641 3489//3642
f 3493//3646 3489//3642 3494//3647
f 3494//3647 3489//3642 3472//3624
f 3494//3647 3472//3624 3469//3620
f 3479//3632 3481//3634 3426//3574
f 3426//3574 3481//3634 3490//3643
f 3426//3574 3490//3643 3427//3575
f 3427//3575 3490//3643 3491//3644
f 3427//3575 3491//3644 3429//3577
f 3429//3577 3491//3644 3492//3645
f 3429//3577 3492//3645 3430//3578
f 3430//3578 3492//3645 3493//3646
f 3430//3578 3493//3646 3432//3580
f 3432//3580 3493//3646 3494//3647
f 3432//3580 3494//3647 3434//3582
f 3434//3582 3494//3647 3469//3620
f 3434//3582 3469//3620 3435//3583
f 3495//3648 3448//3649 3496//3650
f 3414//3562 3413//3561 3497//3651
f 3498//3652 3499//3653 3500//3654
f 3498//3652 3500//3654 3501//3655
f 3501//3655 3500//3654 3502//3656
f 3501//3655 3502//3656 3503//3657
f 3503//3657 3502//3656 3411//3559
f 3503//3657 3411//3559 3402//3550
f 3504//3658 3505//3659 3457//3660
f 3457//3660 3456//3661 3504//3658
f 3504//3658 3456//3661 3461//3662
f 3504//3658 3461//3662 3495//3648
f 3495//3648 3461//3662 3449//3663
f 3495//3648 3449//3663 3448//3649
f 3504//3658 3414//3562 3505//3659
f 3505//3664 3414//3664 3497//3664
f 3505//3659 3497//3651 3457//3660
f 3457//3660 3497//3651 3506//3665
f 3457//3660 3506//3665 3453//3666
f 3507//3667 3450//3668 3506//3665
f 3506//3665 3450//3668 3454//3669
f 3506//3665 3454//3669 3453//3666
f 3440//3588 3451//3670 3507//3667
f 3507//3667 3451//3670 3450//3668
f 3441//3589 3437//3585 3507//3667
f 3507//3667 3437//3585 3439//3587
f 3507//3667 3439//3587 3440//3588
f 3498//3652 3436//3584 3499//3653
f 3499//3653 3436//3584 3445//3593
f 3499//3653 3445//3593 3442//3590
f 3413//3561 3411//3559 3497//3651
f 3497//3651 3411//3559 3502//3656
f 3497//3651 3502//3656 3506//3665
f 3506//3665 3502//3656 3500//3654
f 3506//3665 3500//3654 3507//3667
f 3507//3667 3500//3654 3499//3653
f 3507//3667 3499//3653 3441//3671
f 3441//3671 3499//3653 3442//3590
f 3508//3672 3501//3655 3503//3657
f 3433//3581 3436//3584 3498//3652
f 3509//3673 3479//3674 3426//3574
f 3483//3675 3482//3676 3510//3677
f 3510//3677 3482//3676 3480//3678
f 3474//3679 3478//3680 3511//3681
f 3511//3681 3512//3682 3474//3679
f 3474//3679 3512//3682 3513//3683
f 3474//3679 3513//3683 3475//3684
f 3475//3684 3513//3683 3514//3685
f 3426//3574 3425//3573 3509//3673
f 3509//3673 3425//3573 3428//3576
f 3509//3673 3428//3576 3515//3686
f 3515//3686 3428//3576 3431//3579
f 3515//3686 3431//3579 3516//3687
f 3516//3687 3431//3579 3433//3581
f 3516//3687 3433//3581 3517//3688
f 3517//3688 3433//3581 3498//3652
f 3517//3688 3498//3652 3501//3655
f 3501//3655 3508//3672 3517//3688
f 3517//3688 3508//3672 3518//3689
f 3517//3688 3518//3689 3516//3687
f 3516//3687 3518//3689 3519//3690
f 3516//3687 3519//3690 3515//3686
f 3515//3686 3519//3690 3510//3677
f 3515//3686 3510//3677 3509//3673
f 3509//3673 3510//3677 3480//3678
f 3509//3673 3480//3678 3479//3674
f 3478//3680 3483//3675 3511//3681
f 3511//3681 3483//3675 3510//3677
f 3511//3681 3510//3677 3520//3691
f 3520//3691 3510//3677 3519//3690
f 3520//3691 3519//3690 3521//3692
f 3521//3692 3519//3690 3518//3689
f 3521//3692 3518//3689 3522//3693
f 3522//3693 3518//3689 3508//3672
f 3522//3693 3508//3672 3523//3694
f 3523//3694 3508//3672 3503//3657
f 3523//3694 3503//3657 3402//3550
f 3402//3550 3404//3552 3523//3694
f 3523//3694 3404//3552 3406//3554
f 3523//3694 3406//3554 3522//3693
f 3522//3693 3406//3554 3409//3557
f 3522//3693 3409//3557 3521//3692
f 3521//3692 3409//3557 3408//3556
f 3521//3692 3408//3556 3520//3691
f 3520//3691 3408//3556 3407//3555
f 3520//3691 3407//3555 3511//3681
f 3511//3681 3407//3555 3524//3695
f 3511//3696 3524//3696 3512//3696
f 3525//3697 3526//3698 3527//3699
f 3527//3699 3526//3698 3528//3700
f 3527//3699 3528//3700 3529//3701
f 3529//3701 3528//3700 3530//3702
f 3529//3701 3530//3702 3531//3703
f 3531//3703 3530//3702 3532//3704
f 3531//3703 3532//3704 3533//3705
f 3533//3705 3532//3704 3534//3706
f 3525//3697 3535//3707 3536//3708
f 3536//3708 3537//3709 3525//3697
f 3525//3697 3537//3709 3538//3710
f 3525//3697 3538//3710 3526//3698
f 3539//3711 3540//3712 3541//3713
f 3539//3711 3541//3713 3542//3714
f 3541//3713 3543//3715 3542//3714
f 3542//3714 3543//3715 3544//3716
f 3542//3714 3544//3716 3545//3717
f 3545//3717 3544//3716 3546//3718
f 3545//3717 3546//3718 3547//3719
f 3540//3712 3539//3711 3548//3720
f 3548//3720 3539//3711 3549//3721
f 3548//3720 3549//3721 3550//3722
f 3550//3722 3549//3721 3551//3723
f 3552//3724 3553//3725 3554//3726
f 3533//3705 3534//3706 3555//3727
f 3552//3724 3556//3728 3553//3725
f 3553//3725 3556//3728 3557//3729
f 3553//3725 3557//3729 3558//3730
f 3533//3705 3555//3727 3559//3731
f 3559//3731 3555//3727 3560//3732
f 3559//3731 3560//3732 3554//3726
f 3554//3726 3560//3732 3561//3733
f 3554//3726 3561//3733 3552//3724
f 3562//3734 3563//3735 3564//3736
f 3564//3736 3563//3735 3565//3737
f 3564//3736 3565//3737 3566//3738
f 3567//3739 3568//3740 3569//3741
f 3569//3741 3568//3740 3570//3742
f 3564//3736 3571//3743 3562//3734
f 3562//3734 3571//3743 3572//3744
f 3562//3734 3572//3744 3567//3739
f 3567//3739 3572//3744 3573//3745
f 3567//3739 3573//3745 3568//3740
f 3574//3746 3575//3747 3576//3748
f 3577//3749 3566//3738 3565//3737
f 3577//3749 3565//3737 3578//3750
f 3578//3750 3565//3737 3579//3751
f 3578//3750 3579//3751 3580//3752
f 3579//3751 3581//3753 3580//3752
f 3580//3752 3581//3753 3582//3754
f 3580//3752 3582//3754 3576//3748
f 3576//3748 3582//3754 3583//3755
f 3576//3748 3583//3755 3574//3746
f 3584//3756 3585//3757 3586//3758
f 3587//3759 3588//3760 3589//3761
f 3590//3762 3591//3763 3592//3764
f 3592//3764 3591//3763 3593//3765
f 3592//3764 3593//3765 3587//3759
f 3587//3759 3593//3765 3594//3766
f 3587//3759 3594//3766 3588//3760
f 3588//3760 3594//3766 3595//3767
f 3588//3760 3595//3767 3596//3768
f 3596//3768 3595//3767 3558//3730
f 3596//3768 3558//3730 3597//3769
f 3589//3761 3588//3760 3598//3770
f 3598//3770 3588//3760 3596//3768
f 3598//3770 3596//3768 3599//3771
f 3599//3771 3596//3768 3600//3772
f 3600//3772 3596//3768 3597//3769
f 3600//3772 3597//3769 3585//3757
f 3584//3756 3586//3758 3575//3747
f 3558//3730 3557//3729 3597//3769
f 3597//3769 3557//3729 3556//3728
f 3597//3769 3556//3728 3601//3773
f 3601//3773 3556//3728 3552//3724
f 3601//3773 3552//3724 3602//3774
f 3602//3774 3552//3724 3561//3733
f 3602//3774 3561//3775 3603//3776
f 3561//3733 3560//3732 3603//3776
f 3603//3776 3560//3732 3555//3727
f 3603//3776 3555//3727 3604//3777
f 3604//3777 3555//3727 3534//3706
f 3604//3777 3534//3706 3605//3778
f 3585//3757 3597//3769 3601//3773
f 3585//3757 3601//3773 3586//3758
f 3586//3758 3601//3773 3602//3774
f 3586//3758 3602//3774 3606//3779
f 3606//3779 3602//3774 3603//3776
f 3606//3779 3603//3776 3607//3780
f 3607//3780 3603//3776 3604//3777
f 3607//3780 3604//3777 3608//3781
f 3608//3781 3604//3777 3605//3778
f 3608//3781 3605//3778 3609//3782
f 3575//3747 3586//3758 3576//3748
f 3576//3748 3586//3758 3606//3779
f 3576//3748 3606//3779 3580//3752
f 3580//3752 3606//3779 3607//3780
f 3580//3752 3607//3780 3578//3750
f 3578//3750 3607//3780 3608//3781
f 3578//3750 3608//3781 3577//3749
f 3577//3749 3608//3781 3609//3782
f 3577//3749 3609//3782 3566//3738
f 3610//3783 3611//3784 3612//3785
f 3613//3786 3614//3787 3570//3742
f 3615//3788 3616//3789 3614//3787
f 3614//3787 3616//3789 3617//3790
f 3614//3787 3617//3790 3570//3742
f 3618//3791 3619//3792 3615//3788
f 3611//3784 3620//3793 3612//3785
f 3612//3785 3620//3793 3621//3794
f 3612//3785 3621//3794 3619//3792
f 3619//3792 3621//3794 3622//3795
f 3619//3792 3622//3795 3615//3788
f 3570//3742 3568//3740 3613//3786
f 3613//3786 3568//3740 3573//3745
f 3613//3786 3573//3745 3623//3796
f 3623//3796 3573//3745 3572//3744
f 3623//3796 3572//3744 3624//3797
f 3624//3797 3572//3744 3571//3743
f 3624//3797 3571//3743 3625//3798
f 3625//3798 3571//3743 3564//3736
f 3625//3798 3564//3736 3626//3799
f 3626//3799 3564//3736 3566//3738
f 3626//3799 3566//3738 3609//3782
f 3615//3788 3614//3787 3618//3791
f 3618//3791 3614//3787 3613//3786
f 3618//3791 3613//3786 3627//3800
f 3627//3800 3613//3786 3623//3796
f 3627//3800 3623//3796 3628//3801
f 3628//3801 3623//3796 3624//3797
f 3628//3801 3624//3797 3629//3802
f 3629//3802 3624//3797 3625//3798
f 3629//3802 3625//3798 3630//3803
f 3630//3803 3625//3798 3626//3799
f 3630//3803 3626//3799 3631//3804
f 3631//3804 3626//3799 3609//3782
f 3631//3804 3609//3782 3605//3778
f 3610//3783 3612//3785 3535//3707
f 3535//3707 3612//3785 3619//3792
f 3535//3707 3619//3792 3536//3708
f 3536//3708 3619//3792 3618//3791
f 3536//3708 3618//3791 3537//3709
f 3537//3709 3618//3791 3627//3800
f 3537//3709 3627//3800 3538//3710
f 3538//3710 3627//3800 3628//3801
f 3538//3710 3628//3801 3526//3698
f 3526//3698 3628//3801 3629//3802
f 3526//3698 3629//3802 3528//3700
f 3528//3700 3629//3802 3630//3803
f 3528//3700 3630//3803 3530//3702
f 3530//3702 3630//3803 3631//3804
f 3530//3702 3631//3804 3532//3704
f 3532//3704 3631//3804 3605//3778
f 3532//3704 3605//3778 3534//3706
f 3632//3805 3633//3806 3634//3807
f 3540//3712 3548//3720 3635//3808
f 3540//3712 3635//3808 3636//3809
f 3636//3809 3635//3808 3637//3810
f 3636//3809 3637//3810 3638//3811
f 3638//3811 3637//3810 3639//3812
f 3638//3811 3639//3812 3640//3813
f 3599//3814 3600//3815 3641//3816
f 3641//3816 3600//3815 3585//3817
f 3641//3816 3585//3817 3642//3818
f 3642//3818 3585//3817 3584//3819
f 3643//3820 3590//3821 3644//3822
f 3644//3822 3590//3821 3592//3823
f 3644//3822 3592//3823 3632//3805
f 3632//3805 3592//3823 3587//3824
f 3632//3805 3587//3824 3633//3806
f 3633//3806 3587//3824 3589//3825
f 3633//3806 3589//3825 3598//3826
f 3645//3827 3550//3722 3551//3723
f 3599//3814 3641//3816 3598//3826
f 3598//3826 3641//3816 3645//3827
f 3598//3826 3645//3827 3633//3806
f 3633//3828 3645//3828 3551//3828
f 3633//3806 3551//3723 3634//3807
f 3584//3819 3575//3747 3642//3818
f 3642//3818 3575//3747 3574//3746
f 3642//3818 3574//3746 3583//3755
f 3565//3737 3640//3813 3579//3751
f 3579//3751 3640//3813 3639//3812
f 3579//3751 3639//3812 3581//3753
f 3581//3753 3639//3812 3582//3754
f 3548//3720 3550//3722 3635//3808
f 3635//3808 3550//3722 3645//3827
f 3635//3808 3645//3827 3637//3810
f 3637//3810 3645//3827 3641//3816
f 3637//3810 3641//3816 3639//3812
f 3639//3812 3641//3816 3642//3818
f 3639//3812 3642//3818 3582//3754
f 3582//3754 3642//3818 3583//3755
f 3547//3719 3646//3829 3647//3830
f 3617//3831 3616//3832 3648//3833
f 3615//3834 3622//3835 3649//3836
f 3650//3837 3640//3813 3565//3737
f 3651//3838 3638//3811 3640//3813
f 3541//3713 3540//3712 3636//3809
f 3646//3829 3547//3719 3652//3839
f 3547//3719 3546//3718 3652//3839
f 3652//3839 3546//3718 3544//3716
f 3652//3839 3544//3716 3653//3840
f 3653//3840 3544//3716 3543//3715
f 3653//3840 3543//3715 3654//3841
f 3654//3841 3543//3715 3541//3713
f 3654//3841 3541//3713 3655//3842
f 3655//3842 3541//3713 3636//3809
f 3655//3842 3636//3809 3638//3811
f 3638//3811 3651//3838 3655//3842
f 3655//3842 3651//3838 3656//3843
f 3655//3842 3656//3843 3654//3841
f 3654//3841 3656//3843 3657//3844
f 3654//3841 3657//3844 3653//3840
f 3653//3840 3657//3844 3649//3836
f 3653//3840 3649//3836 3652//3839
f 3652//3839 3649//3836 3622//3835
f 3652//3839 3622//3835 3646//3829
f 3646//3829 3622//3835 3621//3845
f 3646//3829 3621//3845 3647//3830
f 3647//3830 3621//3845 3620//3846
f 3647//3830 3620//3846 3658//3847
f 3658//3847 3620//3846 3611//3848
f 3658//3847 3611//3848 3659//3849
f 3640//3813 3650//3837 3651//3838
f 3651//3838 3650//3837 3660//3850
f 3651//3838 3660//3850 3656//3843
f 3656//3843 3660//3850 3661//3851
f 3656//3843 3661//3851 3657//3844
f 3657//3844 3661//3851 3648//3833
f 3657//3844 3648//3833 3649//3836
f 3649//3836 3648//3833 3616//3832
f 3649//3836 3616//3832 3615//3834
f 3565//3737 3563//3735 3650//3837
f 3650//3837 3563//3735 3562//3734
f 3650//3837 3562//3734 3660//3850
f 3660//3850 3562//3734 3567//3739
f 3660//3850 3567//3739 3661//3851
f 3661//3851 3567//3739 3569//3741
f 3661//3851 3569//3741 3648//3833
f 3648//3833 3569//3741 3570//3742
f 3648//3833 3570//3742 3617//3831
f 3662//3852 2138//2197 2137//2196
f 507//561 566//560 3663//3853
f 3664//3854 3665//3855 3666//3856
f 3662//3852 501//485 500//484
f 2141//2200 3667//3857 2137//2196
f 2137//2196 3667//3857 3668//3858
f 2137//2196 3668//3858 3669//3859
f 3662//3852 500//484 3663//3853
f 3663//3853 500//484 504//488
f 3663//3853 504//488 507//561
f 3669//3859 3666//3856 2137//2196
f 2137//2196 3666//3856 3665//3855
f 2137//2196 3665//3855 3662//3852
f 3662//3852 3665//3855 3664//3854
f 3662//3852 3664//3854 501//485
f 2142//2201 2138//2197 3670//3860
f 3670//3860 2138//2197 3662//3852
f 3670//3860 3662//3852 3671//3861
f 3671//3861 3662//3852 3663//3853
f 3671//3861 3663//3853 565//559
f 565//559 3663//3853 566//560
f 3672//3862 3673//3863 3674//3864
f 3670//3860 3671//3861 3675//3865
f 550//535 3676//3866 570//566
f 570//566 3676//3866 3677//3867
f 570//566 3677//3867 571//567
f 571//567 3677//3867 3678//3868
f 571//567 3678//3868 544//528
f 544//528 3678//3868 3675//3865
f 544//528 3675//3865 568//564
f 568//564 3675//3865 3671//3861
f 568//564 3671//3861 565//559
f 550//535 3672//3862 3676//3866
f 3676//3866 3672//3862 3674//3864
f 3676//3866 3674//3864 3677//3867
f 3677//3867 3674//3864 3679//3869
f 3677//3867 3679//3869 3678//3868
f 3678//3868 3679//3869 3680//3870
f 3678//3868 3680//3870 3675//3865
f 3675//3865 3680//3870 3681//3871
f 3675//3865 3681//3871 3670//3860
f 3670//3860 3681//3871 2142//2201
f 2142//2201 3681//3871 2143//2202
f 2143//2202 3681//3871 3680//3870
f 2143//2202 3680//3870 2144//2203
f 2144//2203 3680//3870 3679//3869
f 2144//2203 3679//3869 2127//2186
f 2127//2186 3679//3869 3674//3864
f 2127//2186 3674//3864 2129//2188
f 2129//2188 3674//3864 3673//3863
f 2129//2188 3673//3863 2130//2189
f 3682//3872 3683//3873 3684//3874
f 3669//3859 3685//3875 3686//3876
f 3685//3875 3669//3859 3668//3858
f 3667//3857 2141//2200 2140//2199
f 3666//3856 3687//3877 3664//3854
f 3664//3854 3687//3877 3688//3878
f 3664//3854 3688//3878 501//485
f 2150//2209 3689//3879 2151//2210
f 2151//2210 3689//3879 3690//3880
f 2151//2210 3690//3880 2131//2190
f 2131//2190 3690//3880 3691//3881
f 2131//2190 3691//3881 2132//2191
f 2132//2191 3691//3881 3692//3882
f 2132//2191 3692//3882 2134//2193
f 2134//2193 3692//3882 3693//3883
f 2134//2193 3693//3883 2135//2194
f 2135//2194 3693//3883 3694//3884
f 2135//2194 3694//3884 2136//2195
f 2136//2195 3694//3884 3686//3876
f 2136//2195 3686//3876 2139//2198
f 2139//2198 3686//3876 3685//3875
f 2139//2198 3685//3875 2140//2199
f 2140//2199 3685//3875 3668//3858
f 2140//2199 3668//3858 3667//3857
f 2150//2209 3682//3872 3689//3879
f 3689//3879 3682//3872 3684//3874
f 3689//3879 3684//3874 3690//3880
f 3690//3880 3684//3874 3695//3885
f 3690//3880 3695//3885 3691//3881
f 3691//3881 3695//3885 3696//3886
f 3691//3881 3696//3886 3692//3882
f 3692//3882 3696//3886 3697//3887
f 3692//3882 3697//3887 3693//3883
f 3693//3883 3697//3887 3698//3888
f 3693//3883 3698//3888 3694//3884
f 3694//3884 3698//3888 3688//3878
f 3694//3884 3688//3878 3686//3876
f 3686//3876 3688//3878 3687//3877
f 3686//3876 3687//3877 3669//3859
f 3669//3859 3687//3877 3666//3856
f 501//485 3688//3878 499//483
f 499//483 3688//3878 3698//3888
f 499//483 3698//3888 505//489
f 505//489 3698//3888 3697//3887
f 505//489 3697//3887 506//490
f 506//490 3697//3887 3696//3886
f 506//490 3696//3886 508//492
f 508//492 3696//3886 3695//3885
f 508//492 3695//3885 541//525
f 541//525 3695//3885 3684//3874
f 541//525 3684//3874 502//486
f 502//486 3684//3874 3683//3873
f 502//486 3683//3873 424//408
f 3699//3889 3700//3890 2190//2249
f 555//550 557//548 3701//3891
f 3673//3863 3672//3862 3702//3892
f 3701//3891 3703//3893 555//550
f 555//550 3703//3893 3704//3894
f 555//550 3704//3894 553//540
f 553//540 3704//3894 3702//3892
f 553//540 3702//3892 551//538
f 551//538 3702//3892 3672//3862
f 551//538 3672//3862 550//535
f 3701//3891 3700//3890 3703//3893
f 3703//3893 3700//3890 3699//3889
f 3703//3893 3699//3889 3704//3894
f 3704//3894 3699//3889 3705//3895
f 3704//3894 3705//3895 3702//3892
f 3702//3892 3705//3895 3706//3896
f 3702//3892 3706//3896 3673//3863
f 2190//2249 2189//2248 3699//3889
f 3699//3889 2189//2248 2187//2246
f 3699//3889 2187//2246 3705//3895
f 3705//3895 2187//2246 2186//2245
f 3705//3895 2186//2245 3706//3896
f 3706//3896 2186//2245 2130//2189
f 3706//3896 2130//2189 3673//3863
f 3683//3873 3682//3872 3707//3897
f 3708//3898 418//402 420//404
f 3709//3899 3708//3898 3710//3900
f 3708//3898 420//404 3710//3900
f 3710//3900 420//404 422//406
f 3710//3900 422//406 3711//3901
f 3711//3901 422//406 431//415
f 3711//3901 431//415 3712//3902
f 3712//3902 431//415 433//417
f 3712//3902 433//417 3713//3903
f 433//417 426//410 3713//3903
f 3713//3903 426//410 425//409
f 3713//3903 425//409 3714//3904
f 3714//3904 425//409 424//408
f 424//408 3683//3873 3714//3904
f 3714//3904 3683//3873 3707//3897
f 3714//3904 3707//3897 3713//3903
f 3713//3903 3707//3897 3715//3905
f 3713//3903 3715//3905 3712//3902
f 3712//3902 3715//3905 3716//3906
f 3712//3902 3716//3906 3711//3901
f 3711//3901 3716//3906 3717//3907
f 3711//3901 3717//3907 3710//3900
f 3710//3900 3717//3907 3718//3908
f 3710//3900 3718//3908 3709//3899
f 3709//3899 3718//3908 2159//2218
f 2159//2218 3718//3908 2152//2211
f 2152//2211 3718//3908 3717//3907
f 2152//2211 3717//3907 2154//2213
f 2154//2213 3717//3907 3716//3906
f 2154//2213 3716//3906 2155//2214
f 2155//2214 3716//3906 3715//3905
f 2155//2214 3715//3905 2146//2205
f 2146//2205 3715//3905 3707//3897
f 2146//2205 3707//3897 2148//2207
f 2148//2207 3707//3897 3682//3872
f 2148//2207 3682//3872 2150//2209
f 3719//3909 3720//3910 3721//3911
f 3700//3890 3701//3891 3722//3912
f 616//638 3723//3913 630//637
f 630//637 3723//3913 3724//3914
f 630//637 3724//3914 629//635
f 629//635 3724//3914 3725//3915
f 629//635 3725//3915 621//626
f 621//626 3725//3915 3726//3916
f 621//626 3726//3916 623//627
f 623//627 3726//3916 3722//3912
f 623//627 3722//3912 625//629
f 625//629 3722//3912 3701//3891
f 625//629 3701//3891 557//548
f 616//638 3719//3909 3723//3913
f 3723//3913 3719//3909 3721//3911
f 3723//3913 3721//3911 3724//3914
f 3724//3914 3721//3911 3727//3917
f 3724//3914 3727//3917 3725//3915
f 3725//3915 3727//3917 3728//3918
f 3725//3915 3728//3918 3726//3916
f 3726//3916 3728//3918 3729//3919
f 3726//3916 3729//3919 3722//3912
f 3722//3912 3729//3919 3730//3920
f 3722//3912 3730//3920 3700//3890
f 3700//3890 3730//3920 2190//2249
f 2190//2249 3730//3920 2185//2244
f 2185//2244 3730//3920 3729//3919
f 2185//2244 3729//3919 2180//2239
f 2180//2239 3729//3919 3728//3918
f 2180//2239 3728//3918 2181//2240
f 2181//2240 3728//3918 3727//3917
f 2181//2240 3727//3917 2178//2237
f 2178//2237 3727//3917 3721//3911
f 2178//2237 3721//3911 2179//2238
f 2179//2238 3721//3911 3720//3910
f 2179//2238 3720//3910 2193//2252
f 3708//3898 3709//3899 3731//3921
f 3732//3922 3733//3923 3734//3924
f 445//429 3735//3925 447//431
f 447//431 3735//3925 3734//3924
f 447//431 3734//3924 449//433
f 449//433 3734//3924 3733//3923
f 449//433 3733//3923 450//434
f 443//427 3736//3926 445//429
f 445//429 3736//3926 3737//3927
f 445//429 3737//3927 3735//3925
f 443//427 441//425 3736//3926
f 3736//3926 441//425 439//423
f 3736//3926 439//423 3738//3928
f 3738//3928 439//423 437//421
f 3738//3928 437//421 3739//3929
f 3739//3929 437//421 418//402
f 418//402 3708//3898 3739//3929
f 3739//3929 3708//3898 3731//3921
f 3739//3929 3731//3921 3738//3928
f 3738//3928 3731//3921 3740//3930
f 3738//3928 3740//3930 3736//3926
f 3736//3926 3740//3930 3741//3931
f 3736//3926 3741//3931 3737//3927
f 3737//3927 3741//3931 3742//3932
f 3737//3927 3742//3932 3735//3925
f 3735//3925 3742//3932 3743//3933
f 3735//3925 3743//3933 3734//3924
f 3734//3924 3743//3933 3744//3934
f 3734//3924 3744//3934 3732//3922
f 3732//3922 3744//3934 2175//2234
f 2175//2234 3744//3934 2176//2235
f 2176//2235 3744//3934 3743//3933
f 2176//2235 3743//3933 2061//2120
f 2061//2120 3743//3933 3742//3932
f 2061//2120 3742//3932 2201//2260
f 2201//2260 3742//3932 3741//3931
f 2201//2260 3741//3931 2156//2215
f 2156//2215 3741//3931 3740//3930
f 2156//2215 3740//3930 2157//2216
f 2157//2216 3740//3930 3731//3921
f 2157//2216 3731//3921 2158//2217
f 2158//2217 3731//3921 3709//3899
f 2158//2217 3709//3899 2159//2218
f 2162//2221 2161//2220 3745//3935
f 3745//3935 2161//2220 3746//3936
f 3745//3935 3746//3936 3747//3937
f 632//642 3747//3937 3748//3938
f 640//651 637//647 3748//3938
f 3748//3938 637//647 633//643
f 3748//3938 633//643 632//642
f 2161//2220 2058//2117 3746//3936
f 3746//3936 2058//2117 3749//3939
f 3746//3936 3749//3939 3750//3940
f 3750//3940 3749//3939 3751//3941
f 3720//3910 3752//3942 2193//2252
f 2193//2252 3752//3942 2060//2119
f 2058//2117 2060//2119 3749//3939
f 3749//3939 2060//2119 3752//3942
f 3749//3939 3752//3942 3751//3941
f 3751//3941 3752//3942 3720//3910
f 3751//3941 3720//3910 3719//3909
f 3747//3937 3746//3936 3748//3938
f 3748//3938 3746//3936 3750//3940
f 3748//3938 3750//3940 640//651
f 640//651 3750//3940 3751//3941
f 640//651 3751//3941 618//652
f 618//652 3751//3941 3719//3909
f 618//652 3719//3909 616//638
f 3733//3923 3732//3922 3753//3943
f 3754//3944 3755//3945 3756//3946
f 3756//3946 3755//3945 589//593
f 2166//2225 2164//2223 3757//3947
f 3756//3946 589//593 588//592
f 3756//3946 588//592 3758//3948
f 3758//3948 588//592 586//590
f 3758//3948 586//590 3759//3949
f 3759//3949 586//590 584//588
f 3759//3949 584//588 3760//3950
f 3760//3950 584//588 583//587
f 3760//3950 583//587 3761//3951
f 3761//3951 583//587 577//581
f 3761//3951 577//581 3762//3952
f 3762//3952 577//581 576//580
f 3762//3952 576//580 3763//3953
f 3763//3953 576//580 450//434
f 450//434 3733//3923 3763//3953
f 3763//3953 3733//3923 3753//3943
f 3763//3953 3753//3943 3762//3952
f 3762//3952 3753//3943 3764//3954
f 3762//3952 3764//3954 3761//3951
f 3761//3951 3764//3954 3765//3955
f 3761//3951 3765//3955 3760//3950
f 3760//3950 3765//3955 3766//3956
f 3760//3950 3766//3956 3759//3949
f 3759//3949 3766//3956 3767//3957
f 3759//3949 3767//3957 3758//3948
f 3758//3948 3767//3957 3768//3958
f 3758//3948 3768//3958 3756//3946
f 3756//3946 3768//3958 3769//3959
f 3756//3946 3769//3959 3754//3944
f 3754//3944 3769//3959 3770//3960
f 3754//3944 3770//3960 3771//3961
f 3771//3961 3770//3960 3757//3947
f 3757//3947 3770//3960 2166//2225
f 2166//2225 3770//3960 3769//3959
f 2166//2225 3769//3959 2167//2226
f 2167//2226 3769//3959 3768//3958
f 2167//2226 3768//3958 2168//2227
f 2168//2227 3768//3958 3767//3957
f 2168//2227 3767//3957 2169//2228
f 2169//2228 3767//3957 3766//3956
f 2169//2228 3766//3956 2171//2230
f 2171//2230 3766//3956 3765//3955
f 2171//2230 3765//3955 2172//2231
f 2172//2231 3765//3955 3764//3954
f 2172//2231 3764//3954 2173//2232
f 2173//2232 3764//3954 3753//3943
f 2173//2232 3753//3943 2174//2233
f 2174//2233 3753//3943 3732//3922
f 2174//2233 3732//3922 2175//2234
f 585//3962 3772//3963 590//641
f 3754//3944 3771//3961 2163//2222
f 2163//2222 3771//3961 3757//3947
f 2163//2222 3757//3947 2164//2223
f 3772//3963 585//3962 3773//3964
f 585//3962 587//591 3773//3964
f 3773//3964 587//591 589//593
f 3773//3964 589//593 2163//2222
f 2163//2222 589//593 3755//3945
f 2163//2222 3755//3945 3754//3944
f 632//642 590//641 3747//3937
f 3747//3937 590//641 3772//3963
f 3747//3937 3772//3963 3745//3935
f 3745//3935 3772//3963 3773//3964
f 3745//3935 3773//3964 2162//2221
f 2162//2221 3773//3964 2163//2222
f 3774//3965 3775//3966 3776//3967
f 3777//3968 3778//3969 3779//3970
f 3780//3971 3031//3095 3030//3094
f 3780//3971 3030//3094 3778//3969
f 1644//1703 3781//3972 3782//3973
f 3782//3973 3781//3972 3783//3974
f 3782//3973 3783//3974 3784//3975
f 1644//1703 3782//3973 1645//1704
f 1645//1704 3782//3973 3785//3976
f 1645//1704 3785//3976 1646//1705
f 3778//3969 3030//3094 3779//3970
f 3779//3970 3030//3094 3028//3092
f 3779//3970 3028//3092 3786//3977
f 3786//3977 3028//3092 3026//3090
f 3786//3977 3026//3090 3787//3978
f 3026//3090 3024//3088 3787//3978
f 3787//3978 3024//3088 3022//3086
f 3787//3978 3022//3086 3788//3979
f 3788//3979 3022//3086 3021//3167
f 3021//3167 3774//3965 3788//3979
f 3788//3979 3774//3965 3776//3967
f 3788//3979 3776//3967 3787//3978
f 3787//3978 3776//3967 3789//3980
f 3787//3978 3789//3980 3786//3977
f 3786//3977 3789//3980 3785//3976
f 3786//3977 3785//3976 3779//3970
f 3779//3970 3785//3976 3782//3973
f 3779//3970 3782//3973 3777//3968
f 3777//3968 3782//3973 3784//3975
f 1646//1705 3785//3976 1647//1706
f 1647//1706 3785//3976 3789//3980
f 1647//1706 3789//3980 1648//1707
f 1648//1707 3789//3980 3776//3967
f 1648//1707 3776//3967 1638//1697
f 1638//1697 3776//3967 3775//3966
f 1638//1697 3775//3966 1639//1698
f 3790//3981 3791//3982 3792//3983
f 3781//3972 1644//1703 1643//1702
f 3778//3969 3777//3968 3793//3984
f 3793//3984 3777//3968 3784//3975
f 3793//3984 3784//3975 3783//3974
f 3063//3127 3031//3095 3780//3971
f 1642//1701 3793//3984 1643//1702
f 1643//1702 3793//3984 3783//3974
f 1643//1702 3783//3974 3781//3972
f 3780//3971 3794//3985 3063//3127
f 3063//3127 3794//3985 3795//3986
f 3063//3127 3795//3986 3064//3128
f 1641//1700 3796//3987 1642//1701
f 1642//1701 3796//3987 3797//3988
f 1642//1701 3797//3988 3793//3984
f 1641//1700 1649//1708 3796//3987
f 3796//3987 1649//1708 1650//1709
f 3796//3987 1650//1709 3798//3989
f 3798//3989 1650//1709 1659//1718
f 1659//1718 3790//3981 3798//3989
f 3798//3989 3790//3981 3792//3983
f 3798//3989 3792//3983 3796//3987
f 3796//3987 3792//3983 3799//3990
f 3796//3987 3799//3990 3797//3988
f 3797//3988 3799//3990 3795//3986
f 3797//3988 3795//3986 3793//3984
f 3793//3984 3795//3986 3794//3985
f 3793//3984 3794//3985 3778//3969
f 3778//3969 3794//3985 3780//3971
f 3064//3128 3795//3986 3066//3130
f 3066//3130 3795//3986 3799//3990
f 3066//3130 3799//3990 3068//3132
f 3068//3132 3799//3990 3792//3983
f 3068//3132 3792//3983 3069//3133
f 3069//3133 3792//3983 3791//3982
f 3069//3133 3791//3982 3070//3219
f 3775//3966 3774//3965 3800//3991
f 1632//1691 3801//3992 1635//1694
f 1635//1694 3801//3992 3802//3993
f 1635//1694 3802//3993 1636//1695
f 3803//3994 3804//3995 3805//3996
f 3805//3996 3804//3995 3806//3997
f 3805//3996 3806//3997 3807//3998
f 3808//3999 3809//4000 3108//3177
f 3108//3177 3809//4000 3810//4001
f 3108//3177 3810//4001 3109//3178
f 3109//3178 3810//4001 3811//4002
f 3109//3178 3811//4002 3111//3180
f 3111//3180 3811//4002 3812//4003
f 3111//3180 3812//4003 3112//3181
f 3112//3181 3812//4003 3813//4004
f 3112//3181 3813//4004 3113//3182
f 1639//1698 3814//4005 1640//1699
f 1640//1699 3814//4005 3815//4006
f 1640//1699 3815//4006 1626//1685
f 1626//1685 3815//4006 3816//4007
f 1626//1685 3816//4007 1627//1686
f 1627//1686 3816//4007 3817//4008
f 1627//1686 3817//4008 1629//1688
f 1629//1688 3817//4008 3818//4009
f 1629//1688 3818//4009 1630//1689
f 1630//1689 3818//4009 3819//4010
f 1630//1689 3819//4010 1634//1693
f 1634//1693 3819//4010 3803//3994
f 1634//1693 3803//3994 1631//1690
f 1631//1690 3803//3994 3805//3996
f 1631//1690 3805//3996 1632//1691
f 1632//1691 3805//3996 3807//3998
f 1632//1691 3807//3998 3801//3992
f 1639//1698 3775//3966 3814//4005
f 3814//4005 3775//3966 3800//3991
f 3814//4005 3800//3991 3815//4006
f 3815//4006 3800//3991 3820//4011
f 3815//4006 3820//4011 3816//4007
f 3816//4007 3820//4011 3813//4004
f 3816//4007 3813//4004 3817//4008
f 3817//4008 3813//4004 3812//4003
f 3817//4008 3812//4003 3818//4009
f 3818//4009 3812//4003 3811//4002
f 3818//4009 3811//4002 3819//4010
f 3819//4010 3811//4002 3810//4001
f 3819//4010 3810//4001 3803//3994
f 3803//3994 3810//4001 3809//4000
f 3803//3994 3809//4000 3804//3995
f 3804//3995 3809//4000 3808//3999
f 3113//3182 3813//4004 3101//3173
f 3101//3173 3813//4004 3820//4011
f 3101//3173 3820//4011 3102//3169
f 3102//3169 3820//4011 3800//3991
f 3102//3169 3800//3991 3103//3170
f 3103//3170 3800//3991 3774//3965
f 3103//3170 3774//3965 3021//3167
f 3791//3982 3790//3981 3821//4012
f 3822//4013 3823//4014 3824//4015
f 3824//4015 3823//4014 3159//4016
f 3824//4015 3159//4016 3137//3207
f 3825//4017 3826//4018 3827//4019
f 3827//4019 3826//4018 3828//4020
f 3828//4020 3826//4018 3829//4021
f 3828//4020 3829//4021 3830//4022
f 1691//1750 3831//4023 1656//1715
f 1656//1715 3831//4023 3832//4024
f 1656//1715 3832//4024 3825//4017
f 3137//3207 3135//3204 3824//4015
f 3824//4015 3135//3204 3134//3203
f 3824//4015 3134//3203 3833//4025
f 3833//4025 3134//3203 3070//3219
f 3070//3219 3791//3982 3833//4025
f 3833//4025 3791//3982 3821//4012
f 3833//4025 3821//4012 3824//4015
f 3824//4015 3821//4012 3828//4020
f 3824//4015 3828//4020 3822//4013
f 3822//4013 3828//4020 3830//4022
f 3825//4017 3827//4019 1656//1715
f 1656//1715 3827//4019 3828//4020
f 1656//1715 3828//4020 1657//1716
f 1657//1716 3828//4020 3821//4012
f 1657//1716 3821//4012 1658//1717
f 1658//1717 3821//4012 3790//3981
f 1658//1717 3790//3981 1659//1718
f 3034//3098 3033//3097 3834//4026
f 1637//1696 1636//1695 3802//3993
f 3802//3993 3801//3992 1637//1696
f 1637//1696 3801//3992 3807//3998
f 1637//1696 3807//3998 3806//3997
f 3835//4027 3107//4028 3106//4029
f 3806//3997 3804//3995 1637//1696
f 1637//1696 3804//3995 3808//3999
f 1637//1696 3808//3999 3836//4030
f 3836//4030 3808//3999 3108//3177
f 3836//4030 3108//3177 3110//4031
f 1347//1406 1637//1696 3837//4032
f 3837//4032 1637//1696 3836//4030
f 3837//4032 3836//4030 3835//4027
f 3835//4027 3836//4030 3110//4031
f 3835//4027 3110//4031 3107//4028
f 3041//3105 3039//3103 3838//4033
f 3838//4033 3039//3103 3839//4034
f 3838//4033 3839//4034 3840//4035
f 3033//3097 3041//3105 3834//4026
f 3834//4026 3041//3105 3838//4033
f 3834//4026 3838//4033 3841//4036
f 3841//4036 3838//4033 3840//4035
f 3841//4036 3840//4035 3842//4037
f 1625//1684 1347//1406 3842//4037
f 3842//4037 1347//1406 3837//4032
f 3842//4037 3837//4032 3841//4036
f 3841//4036 3837//4032 3835//4027
f 3841//4036 3835//4027 3834//4026
f 3834//4026 3835//4027 3106//4029
f 3834//4026 3106//4029 3034//3098
f 1622//1681 1625//1684 3843//4038
f 3843//4038 1625//1684 3842//4037
f 3843//4038 3842//4037 3844//4039
f 3844//4039 3842//4037 3840//4035
f 3844//4039 3840//4035 3845//4040
f 3845//4040 3840//4035 3839//4034
f 3845//4040 3839//4034 3037//3101
f 3037//3101 3839//4034 3039//3103
f 3829//4041 3846//4042 3830//4043
f 3826//4018 3825//4017 3847//4044
f 3847//4044 3825//4017 3832//4024
f 3831//4023 1691//1750 1655//1714
f 3831//4023 1655//1714 3832//4024
f 3160//3241 3159//3240 3848//4045
f 3848//4045 3159//3240 3823//4046
f 3848//4045 3823//4046 3846//4042
f 3846//4042 3823//4046 3822//4047
f 3846//4042 3822//4047 3830//4043
f 3832//4024 1655//1714 3847//4044
f 3847//4044 1655//1714 1654//1713
f 3847//4044 1654//1713 3849//4048
f 1652//1711 1662//1721 3850//4049
f 3850//4049 1662//1721 3851//4050
f 3850//4049 3851//4050 3852//4051
f 1654//1713 1652//1711 3849//4048
f 3849//4048 1652//1711 3850//4049
f 3849//4048 3850//4049 3853//4052
f 3853//4052 3850//4049 3852//4051
f 3853//4052 3852//4051 3854//4053
f 3168//3249 3160//3241 3854//4053
f 3854//4053 3160//3241 3848//4045
f 3854//4053 3848//4045 3853//4052
f 3853//4052 3848//4045 3846//4042
f 3853//4052 3846//4042 3849//4048
f 3849//4048 3846//4042 3829//4041
f 3849//4048 3829//4041 3847//4044
f 3847//4044 3829//4041 3826//4018
f 3055//3119 3168//3249 3855//4054
f 3855//4054 3168//3249 3854//4053
f 3855//4054 3854//4053 3856//4055
f 3856//4055 3854//4053 3852//4051
f 3856//4055 3852//4051 3857//4056
f 3857//4056 3852//4051 3851//4050
f 3857//4056 3851//4050 1661//1720
f 1661//1720 3851//4050 1662//1721
f 3858//4057 3054//3118 3056//3120
f 3857//4056 3859//4058 3856//4055
f 3856//4055 3859//4058 3860//4059
f 3856//4055 3860//4059 3855//4054
f 3855//4054 3860//4059 3861//4060
f 3855//4054 3861//4060 3055//3119
f 1623//1682 3859//4058 1660//1719
f 1660//1719 3859//4058 3857//4056
f 1660//1719 3857//4056 1661//1720
f 1623//1682 3862//4061 3859//4058
f 3859//4058 3862//4061 3863//4062
f 3859//4058 3863//4062 3860//4059
f 3860//4059 3863//4062 3858//4057
f 3860//4059 3858//4057 3861//4060
f 3861//4060 3858//4057 3056//3120
f 3861//4060 3056//3120 3055//3119
f 3037//3101 3054//3118 3845//4040
f 3845//4040 3054//3118 3858//4057
f 3845//4040 3858//4057 3844//4039
f 3844//4039 3858//4057 3863//4062
f 3844//4039 3863//4062 3843//4038
f 3843//4038 3863//4062 3862//4061
f 3843//4038 3862//4061 1622//1681
f 1622//1681 3862//4061 1623//1682
f 3864//4063 3865//4064 3866//4065
f 3867//4066 3868//4067 3869//4068
f 1593//1652 3870//4069 1594//1653
f 1594//1653 3870//4069 3871//4070
f 1594//1653 3871//4070 1596//1655
f 1596//1655 3871//4070 3869//4068
f 1596//1655 3869//4068 1597//1656
f 1597//1656 3869//4068 3868//4067
f 1597//1656 3868//4067 1598//1657
f 1593//1652 3864//4063 3870//4069
f 3870//4069 3864//4063 3866//4065
f 3870//4069 3866//4065 3871//4070
f 3871//4070 3866//4065 3872//4071
f 3871//4070 3872//4071 3869//4068
f 3869//4068 3872//4071 3873//4072
f 3869//4068 3873//4072 3867//4066
f 3867//4066 3873//4072 3396//3544
f 3396//3544 3873//4072 3394//3542
f 3394//3542 3873//4072 3872//4071
f 3394//3542 3872//4071 3399//3547
f 3399//3547 3872//4071 3866//4065
f 3399//3547 3866//4065 3397//3545
f 3397//3545 3866//4065 3865//4064
f 3397//3545 3865//4064 3389//3537
f 3874//4073 3875//4074 3876//4075
f 3877//4076 3878//4077 3879//4078
f 3880//4079 3881//4080 3882//4081
f 3883//4082 1584//1643 1583//1642
f 3883//4082 1583//1642 3881//4080
f 3878//4077 3884//4083 3879//4078
f 3879//4078 3884//4083 3885//4084
f 3879//4078 3885//4084 3886//4085
f 3477//3630 3475//3628 3876//4075
f 3876//4075 3475//3628 3514//4086
f 3881//4080 1583//1642 3882//4081
f 3882//4081 1583//1642 1582//1641
f 3882//4081 1582//1641 3887//4087
f 3887//4087 1582//1641 1580//1639
f 3887//4087 1580//1639 3874//4073
f 3874//4073 1580//1639 1579//1638
f 3874//4073 1579//1638 3875//4074
f 3514//4086 3877//4076 3876//4075
f 3876//4075 3877//4076 3879//4078
f 3876//4075 3879//4078 3874//4073
f 3874//4073 3879//4078 3886//4085
f 3874//4073 3886//4085 3887//4087
f 3887//4087 3886//4085 3888//4088
f 3887//4087 3888//4088 3882//4081
f 3882//4081 3888//4088 3880//4079
f 3396//3544 3477//3630 3867//4066
f 3867//4066 3477//3630 3876//4075
f 3867//4066 3876//4075 3868//4067
f 3868//4067 3876//4075 3875//4074
f 3868//4067 3875//4074 1598//1657
f 1598//1657 3875//4074 1579//1638
f 3865//4064 3864//4063 3889//4089
f 3890//4090 3891//4091 3892//4092
f 3389//3537 3893//4093 3417//3565
f 3417//3565 3893//4093 3894//4094
f 3417//3565 3894//4094 3415//3563
f 3415//3563 3894//4094 3892//4092
f 3415//3563 3892//4092 3419//3567
f 3419//3567 3892//4092 3891//4091
f 3419//3567 3891//4091 3420//3568
f 3389//3537 3865//4064 3893//4093
f 3893//4093 3865//4064 3889//4089
f 3893//4093 3889//4089 3894//4094
f 3894//4094 3889//4089 3895//4095
f 3894//4094 3895//4095 3892//4092
f 3892//4092 3895//4095 3896//4096
f 3892//4092 3896//4096 3890//4090
f 3890//4090 3896//4096 1614//1673
f 1614//1673 3896//4096 1615//1674
f 1615//1674 3896//4096 3895//4095
f 1615//1674 3895//4095 1600//1659
f 1600//1659 3895//4095 3889//4089
f 1600//1659 3889//4089 1601//1660
f 1601//1660 3889//4089 3864//4063
f 1601//1660 3864//4063 1593//1652
f 3897//4097 3898//4098 3899//4099
f 3883//4082 3881//4080 3900//4100
f 3885//4101 3884//4102 3901//4103
f 3884//4102 3878//4104 3901//4103
f 3901//4103 3878//4104 3877//4105
f 3901//4103 3877//4105 3902//4106
f 3902//4106 3877//4105 3514//3685
f 3902//4106 3514//3685 3513//3683
f 3903//4107 3880//4079 3904//4108
f 3904//4108 3880//4079 3888//4088
f 3904//4108 3888//4088 3886//4109
f 1585//1644 1584//1643 3883//4082
f 3513//3683 3512//3682 3902//4106
f 3902//4106 3512//3682 3524//3695
f 3902//4106 3524//3695 3407//3555
f 3407//3555 3905//4110 3902//4106
f 3902//4106 3905//4110 3906//4111
f 3902//4106 3906//4111 3901//4103
f 3901//4103 3906//4111 3907//4112
f 3901//4103 3907//4112 3885//4101
f 3885//4101 3907//4112 3904//4108
f 3885//4101 3904//4108 3886//4109
f 3905//4110 3897//4097 3906//4111
f 3906//4111 3897//4097 3899//4099
f 3906//4111 3899//4099 3907//4112
f 3907//4112 3899//4099 3908//4113
f 3907//4112 3908//4113 3904//4108
f 3904//4108 3908//4113 3909//4114
f 3904//4108 3909//4114 3903//4107
f 3903//4107 3909//4114 3900//4100
f 3903//4107 3900//4100 3880//4079
f 3880//4079 3900//4100 3881//4080
f 3883//4082 3900//4100 1585//1644
f 1585//1644 3900//4100 3909//4114
f 1585//1644 3909//4114 1586//1645
f 1586//1645 3909//4114 3908//4113
f 1586//1645 3908//4113 1589//1648
f 1589//1648 3908//4113 3899//4099
f 1589//1648 3899//4099 1590//1649
f 1590//1649 3899//4099 3898//4098
f 1590//1649 3898//4098 1591//1650
f 3891//4091 3890//4090 3910//4115
f 3463//3611 3420//3568 3891//4091
f 3496//4116 3448//3596 3447//3595
f 3911//4117 3912//4118 3913//4119
f 3913//4119 3914//4120 3911//4117
f 3911//4117 3914//4120 3915//4121
f 3911//4117 3915//4121 3916//4122
f 3916//4122 3915//4121 3917//4123
f 3916//4122 3917//4123 3496//4116
f 3918//4124 3919//4125 3920//4126
f 3920//4126 3919//4125 3921//4127
f 3920//4126 3921//4127 3922//4128
f 3920//4126 3922//4128 3912//4118
f 1612//1671 1608//1667 3918//4124
f 3463//3611 3891//4091 3460//3608
f 3496//4116 3447//3595 3916//4122
f 3916//4122 3447//3595 3462//3610
f 3916//4122 3462//3610 3460//3608
f 3460//3608 3891//4091 3916//4122
f 3916//4122 3891//4091 3910//4115
f 3916//4122 3910//4115 3911//4117
f 3911//4117 3910//4115 3923//4129
f 3911//4117 3923//4129 3912//4118
f 3912//4118 3923//4129 3924//4130
f 3912//4118 3924//4130 3920//4126
f 3918//4124 3920//4126 1612//1671
f 1612//1671 3920//4126 3924//4130
f 1612//1671 3924//4130 1611//1670
f 1611//1670 3924//4130 3923//4129
f 1611//1670 3923//4129 1609//1668
f 1609//1668 3923//4129 3910//4115
f 1609//1668 3910//4115 1613//1672
f 1613//1672 3910//4115 3890//4090
f 1613//1672 3890//4090 1614//1673
f 1618//1677 1591//1650 3898//4098
f 1620//1679 1619//1678 3925//4131
f 1620//1679 3925//4131 3926//4132
f 3926//4132 3925//4131 3927//4133
f 3926//4132 3927//4133 3928//4134
f 3928//4134 3927//4133 3929//4135
f 3928//4134 3929//4135 3930//4136
f 3930//4136 3929//4135 3405//3553
f 3930//4136 3405//3553 3403//3551
f 3407//3555 3405//3553 3905//4110
f 3905//4110 3405//3553 3929//4135
f 3905//4110 3929//4135 3897//4097
f 3897//4097 3929//4135 3927//4133
f 3897//4097 3927//4133 3898//4098
f 3898//4098 3927//4133 3925//4131
f 3898//4098 3925//4131 1618//1677
f 1618//1677 3925//4131 1619//1678
f 3931//4137 3932//4138 3933//4139
f 3922//4128 3921//4127 3934//4140
f 3913//4141 3912//4118 3934//4140
f 3934//4140 3912//4118 3922//4128
f 3935//4142 3917//4143 3915//4144
f 3504//3658 3495//3648 3936//4145
f 3936//4145 3495//3648 3496//3650
f 3915//4144 3914//4146 3935//4142
f 3935//4142 3914//4146 3913//4141
f 3935//4142 3913//4141 3933//4139
f 3933//4139 3913//4141 3934//4140
f 3933//4139 3934//4140 3931//4137
f 3931//4137 3934//4140 3921//4127
f 3931//4137 3921//4127 3937//4147
f 3937//4147 3921//4127 3919//4125
f 3937//4147 3919//4125 3918//4124
f 1603//1662 3932//4138 1602//1661
f 1602//1661 3932//4138 3931//4137
f 1602//1661 3931//4137 1606//1665
f 1606//1665 3931//4137 3937//4147
f 1606//1665 3937//4147 1607//1666
f 1607//1666 3937//4147 3918//4124
f 1607//1666 3918//4124 1608//1667
f 1603//1662 3938//4148 3932//4138
f 3932//4138 3938//4148 3939//4149
f 3932//4138 3939//4149 3933//4139
f 3933//4139 3939//4149 3936//4145
f 3933//4139 3936//4145 3935//4142
f 3935//4142 3936//4145 3496//3650
f 3935//4142 3496//3650 3917//4143
f 3414//3562 3504//3658 3940//4150
f 3940//4150 3504//3658 3936//4145
f 3940//4150 3936//4145 3941//4151
f 3941//4151 3936//4145 3939//4149
f 3941//4151 3939//4149 3942//4152
f 3942//4152 3939//4149 3938//4148
f 3942//4152 3938//4148 1604//1663
f 1604//1663 3938//4148 1603//1662
f 3943//4153 3410//3558 3412//3560
f 3942//4152 1604//1663 1605//1664
f 3942//4152 3944//4154 3941//4151
f 3941//4151 3944//4154 3945//4155
f 3941//4151 3945//4155 3940//4150
f 3940//4150 3945//4155 3946//4156
f 3940//4150 3946//4156 3414//3562
f 3942//4152 1605//1664 3944//4154
f 3944//4154 1605//1664 1616//1675
f 3944//4154 1616//1675 1617//1676
f 1617//1676 3947//4157 3944//4154
f 3944//4154 3947//4157 3948//4158
f 3944//4154 3948//4158 3945//4155
f 3945//4155 3948//4158 3943//4153
f 3945//4155 3943//4153 3946//4156
f 3946//4156 3943//4153 3412//3560
f 3946//4156 3412//3560 3414//3562
f 3403//3551 3410//3558 3930//4136
f 3930//4136 3410//3558 3943//4153
f 3930//4136 3943//4153 3928//4134
f 3928//4134 3943//4153 3948//4158
f 3928//4134 3948//4158 3926//4132
f 3926//4132 3948//4158 3947//4157
f 3926//4132 3947//4157 1620//1679
f 1620//1679 3947//4157 1617//1676
f 3949//4159 1552//1611 1551//1610
f 3950//4160 3951//4161 3952//4162
f 3952//4162 3951//4161 3953//4163
f 3952//4162 3953//4163 3954//4164
f 3954//4164 3953//4163 3955//4165
f 3954//4164 3955//4165 1559//1618
f 679//695 3951//4161 680//696
f 680//696 3951//4161 3950//4160
f 680//696 3950//4160 683//699
f 679//695 3956//4166 3951//4161
f 3951//4161 3956//4166 3957//4167
f 3951//4161 3957//4167 3953//4163
f 3953//4163 3957//4167 3949//4159
f 3953//4163 3949//4159 3955//4165
f 3955//4165 3949//4159 1551//1610
f 3955//4165 1551//1610 1559//1618
f 1546//1605 1552//1611 3958//4168
f 3958//4168 1552//1611 3949//4159
f 3958//4168 3949//4159 3959//4169
f 3959//4169 3949//4159 3957//4167
f 3959//4169 3957//4167 3960//4170
f 3960//4170 3957//4167 3956//4166
f 3960//4170 3956//4166 657//673
f 657//673 3956//4166 679//695
f 731//4171 730//4172 3961//4173
f 3961//4173 730//4172 1350//1409
f 1350//1409 730//4172 3962//4174
f 1350//1409 3962//4174 3963//4175
f 3963//4175 3964//4176 1350//1409
f 1350//1409 3964//4176 3965//4177
f 3965//4177 3966//4178 1350//1409
f 1350//1409 3966//4178 3967//4179
f 1350//1409 3967//4179 1534//1593
f 732//4180 3968//4181 660//676
f 660//676 3968//4181 661//677
f 665//681 661//677 3969//4182
f 3969//4182 661//677 3968//4181
f 3969//4182 3968//4181 3970//4183
f 3970//4183 3968//4181 732//4180
f 3970//4183 732//4180 733//4184
f 1549//1608 1548//1607 3971//4185
f 3971//4185 1548//1607 3972//4186
f 3971//4185 3972//4186 3973//4187
f 1350//1409 1549//1608 3961//4173
f 3961//4173 1549//1608 3971//4185
f 3961//4173 3971//4185 3974//4188
f 3974//4188 3971//4185 3973//4187
f 3974//4188 3973//4187 3975//4189
f 656//672 665//681 3975//4189
f 3975//4189 665//681 3969//4182
f 3975//4189 3969//4182 3974//4188
f 3974//4188 3969//4182 3970//4183
f 3974//4188 3970//4183 3961//4173
f 3961//4173 3970//4183 733//4184
f 3961//4173 733//4184 731//4171
f 657//673 656//672 3960//4170
f 3960//4170 656//672 3975//4189
f 3960//4170 3975//4189 3959//4169
f 3959//4169 3975//4189 3973//4187
f 3959//4169 3973//4187 3958//4168
f 3958//4168 3973//4187 3972//4186
f 3958//4168 3972//4186 1546//1605
f 1546//1605 3972//4186 1548//1607
f 3952//4162 3954//4164 3976//4190
f 3977//4191 3978//4192 3979//4193
f 3979//4193 3978//4192 3980//4194
f 3981//4195 3982//4196 3983//4197
f 3984//4198 3985//4199 788//820
f 3980//4194 3986//4200 3979//4193
f 3979//4193 3986//4200 3987//4201
f 1555//1614 1553//1612 3977//4191
f 788//820 789//822 3984//4198
f 3984//4198 789//822 793//827
f 3984//4198 793//827 3988//4202
f 3988//4202 793//827 683//699
f 683//699 3950//4160 3988//4202
f 3988//4202 3950//4160 3989//4203
f 3988//4202 3989//4203 3984//4198
f 3984//4198 3989//4203 3990//4204
f 3984//4198 3990//4204 3985//4199
f 3985//4199 3990//4204 3982//4196
f 3985//4199 3982//4196 3991//4205
f 3991//4205 3982//4196 3981//4195
f 3950//4160 3952//4162 3989//4203
f 3989//4203 3952//4162 3976//4190
f 3989//4203 3976//4190 3990//4204
f 3990//4204 3976//4190 3992//4206
f 3990//4204 3992//4206 3982//4196
f 3982//4196 3992//4206 3987//4201
f 3982//4196 3987//4201 3983//4197
f 3983//4197 3987//4201 3986//4200
f 3977//4191 3979//4193 1555//1614
f 1555//1614 3979//4193 3987//4201
f 1555//1614 3987//4201 1556//1615
f 1556//1615 3987//4201 3992//4206
f 1556//1615 3992//4206 1557//1616
f 1557//1616 3992//4206 3976//4190
f 1557//1616 3976//4190 1558//1617
f 1558//1617 3976//4190 3954//4164
f 1558//1617 3954//4164 1559//1618
f 3993//4207 3994//4208 3995//4209
f 730//749 3996//4210 3962//4174
f 3962//4174 3996//4210 3997//4211
f 3962//4174 3997//4211 3963//4175
f 3965//4177 3964//4176 3998//4212
f 3998//4212 3964//4176 3999//4213
f 3966//4178 1531//1590 3967//4179
f 3967//4179 1531//1590 1534//1593
f 730//749 729//748 3996//4210
f 3996//4210 729//748 734//753
f 3996//4210 734//753 4000//4214
f 4000//4214 734//753 718//736
f 4000//4214 718//736 4001//4215
f 4001//4215 718//736 720//738
f 735//754 4002//4216 720//738
f 720//738 4002//4216 4003//4217
f 720//738 4003//4217 4001//4215
f 735//754 737//761 4002//4216
f 4002//4216 737//761 740//760
f 4002//4216 740//760 4004//4218
f 4004//4218 740//760 652//759
f 652//759 3993//4207 4004//4218
f 4004//4218 3993//4207 3995//4209
f 4004//4218 3995//4209 4002//4216
f 4002//4216 3995//4209 4005//4219
f 4002//4216 4005//4219 4003//4217
f 4003//4217 4005//4219 4006//4220
f 4003//4217 4006//4220 4001//4215
f 4001//4215 4006//4220 4007//4221
f 4001//4215 4007//4221 4000//4214
f 4000//4214 4007//4221 4008//4222
f 4000//4214 4008//4222 3996//4210
f 3996//4210 4008//4222 4009//4223
f 3996//4210 4009//4223 3997//4211
f 3997//4211 4009//4223 3999//4213
f 3997//4211 3999//4213 3963//4175
f 3963//4175 3999//4213 3964//4176
f 3966//4178 3965//4177 1531//1590
f 1531//1590 3965//4177 3998//4212
f 1531//1590 3998//4212 1532//1591
f 1532//1591 3998//4212 3999//4213
f 1532//1591 3999//4213 1535//1594
f 1535//1594 3999//4213 4009//4223
f 1535//1594 4009//4223 1536//1595
f 1536//1595 4009//4223 4008//4222
f 1536//1595 4008//4222 1538//1597
f 1538//1597 4008//4222 4007//4221
f 1538//1597 4007//4221 1539//1598
f 1539//1598 4007//4221 4006//4220
f 1539//1598 4006//4220 1540//1599
f 1540//1599 4006//4220 4005//4219
f 1540//1599 4005//4219 1541//1600
f 1541//1600 4005//4219 3995//4209
f 1541//1600 3995//4209 1543//1602
f 1543//1602 3995//4209 3994//4208
f 1543//1602 3994//4208 1544//1603
f 4010//4224 4011//4225 4012//4226
f 3985//4227 3991//4228 4013//4229
f 763//785 765//787 4013//4229
f 4013//4229 765//787 788//4230
f 4013//4229 788//4230 3985//4227
f 3986//4200 3980//4194 1567//1626
f 3980//4194 3978//4192 1567//1626
f 1567//1626 3978//4192 3977//4191
f 1567//1626 3977//4191 1553//1612
f 3986//4200 4014//4231 3983//4232
f 3983//4232 4014//4231 4010//4224
f 3983//4232 4010//4224 3981//4233
f 3986//4200 1567//1626 4014//4231
f 4014//4231 1567//1626 1566//1625
f 4014//4231 1566//1625 4010//4224
f 4010//4224 1566//1625 1565//1624
f 4010//4224 1565//1624 4011//4225
f 759//780 763//785 4012//4226
f 4012//4226 763//785 4013//4229
f 4012//4226 4013//4229 4010//4224
f 4010//4224 4013//4229 3991//4228
f 4010//4224 3991//4228 3981//4233
f 690//781 759//780 4015//4234
f 4015//4234 759//780 4012//4226
f 4015//4234 4012//4226 4016//4235
f 4016//4235 4012//4226 4011//4225
f 4016//4235 4011//4225 1563//1622
f 1563//1622 4011//4225 1565//1624
f 3994//4208 3993//4207 4017//4236
f 4018//4237 1571//1630 1569//1628
f 4019//4238 4020//4239 4021//4240
f 4021//4240 4020//4239 4022//4241
f 4021//4240 4022//4241 4023//4242
f 646//662 645//661 4024//4243
f 1568//1627 4021//4240 1569//1628
f 1569//1628 4021//4240 4023//4242
f 1569//1628 4023//4242 4018//4237
f 4024//4243 4025//4244 646//662
f 646//662 4025//4244 4026//4245
f 646//662 4026//4245 647//663
f 1526//1585 4027//4246 1568//1627
f 1568//1627 4027//4246 4028//4247
f 1568//1627 4028//4247 4021//4240
f 1526//1585 1528//1587 4027//4246
f 4027//4246 1528//1587 1530//1589
f 4027//4246 1530//1589 4029//4248
f 4029//4248 1530//1589 1544//1603
f 1544//1603 3994//4208 4029//4248
f 4029//4248 3994//4208 4017//4236
f 4029//4248 4017//4236 4027//4246
f 4027//4246 4017//4236 4030//4249
f 4027//4246 4030//4249 4028//4247
f 4028//4247 4030//4249 4026//4245
f 4028//4247 4026//4245 4021//4240
f 4021//4240 4026//4245 4025//4244
f 4021//4240 4025//4244 4019//4238
f 4019//4238 4025//4244 4024//4243
f 647//663 4026//4245 649//665
f 649//665 4026//4245 4030//4249
f 649//665 4030//4249 655//671
f 655//671 4030//4249 4017//4236
f 655//671 4017//4236 654//669
f 654//669 4017//4236 3993//4207
f 654//669 3993//4207 652//759
f 4015//4234 4016//4235 4031//4250
f 4020//4239 4019//4238 4032//4251
f 4024//4243 645//661 691//707
f 4024//4243 691//707 4019//4238
f 1571//1630 4018//4237 4033//4252
f 4033//4252 4018//4237 4023//4242
f 4033//4252 4023//4242 4022//4241
f 1571//1630 4033//4252 1573//1632
f 1573//1632 4033//4252 4034//4253
f 1573//1632 4034//4253 1575//1634
f 4019//4238 691//707 4032//4251
f 4032//4251 691//707 693//709
f 4032//4251 693//709 4035//4254
f 4035//4254 693//709 695//711
f 4035//4254 695//711 4036//4255
f 695//711 696//712 4036//4255
f 4036//4255 696//712 688//704
f 4036//4255 688//704 4037//4256
f 4037//4256 688//704 690//781
f 690//781 4015//4234 4037//4256
f 4037//4256 4015//4234 4031//4250
f 4037//4256 4031//4250 4036//4255
f 4036//4255 4031//4250 4038//4257
f 4036//4255 4038//4257 4035//4254
f 4035//4254 4038//4257 4034//4253
f 4035//4254 4034//4253 4032//4251
f 4032//4251 4034//4253 4033//4252
f 4032//4251 4033//4252 4020//4239
f 4020//4239 4033//4252 4022//4241
f 1575//1634 4034//4253 1577//1636
f 1577//1636 4034//4253 4038//4257
f 1577//1636 4038//4257 1578//1637
f 1578//1637 4038//4257 4031//4250
f 1578//1637 4031//4250 1561//1620
f 1561//1620 4031//4250 4016//4235
f 1561//1620 4016//4235 1563//1622
f 1501//1560 1500//1559 4039//4258
f 1504//1563 1503//1562 4040//4259
f 1504//1563 4040//4259 4041//4260
f 4041//4260 4040//4259 4042//4261
f 4041//4260 4042//4261 4043//4262
f 4043//4262 4042//4261 4044//4263
f 4043//4262 4044//4263 4045//4264
f 4045//4264 4044//4263 3549//3721
f 4045//4264 3549//3721 3539//3711
f 3551//3723 3549//3721 4046//4265
f 4046//4265 3549//3721 4044//4263
f 4046//4265 4044//4263 4047//4266
f 4047//4266 4044//4263 4042//4261
f 4047//4266 4042//4261 4039//4258
f 4039//4258 4042//4261 4040//4259
f 4039//4258 4040//4259 1501//1560
f 1501//1560 4040//4259 1503//1562
f 4047//4266 4039//4258 4048//4267
f 4049//4268 4050//4269 4051//4270
f 4050//4269 4052//4271 4051//4270
f 4051//4270 4052//4271 4053//4272
f 4051//4270 4053//4272 4054//4273
f 4054//4273 4053//4272 3643//3820
f 4054//4273 3643//3820 3644//3822
f 4055//4274 4056//4275 4057//4276
f 4055//4274 4057//4276 4058//4277
f 1512//1571 1510//1569 4059//4278
f 3644//3822 3632//3805 4054//4273
f 4054//4273 3632//3805 3634//3807
f 4054//4273 3634//3807 3551//3723
f 3551//3723 4046//4265 4054//4273
f 4054//4273 4046//4265 4060//4279
f 4054//4273 4060//4279 4051//4270
f 4051//4270 4060//4279 4061//4280
f 4051//4270 4061//4280 4049//4268
f 4049//4268 4061//4280 4055//4274
f 4049//4268 4055//4274 4058//4277
f 4046//4265 4047//4266 4060//4279
f 4060//4279 4047//4266 4048//4267
f 4060//4279 4048//4267 4061//4280
f 4061//4280 4048//4267 4062//4281
f 4061//4280 4062//4281 4055//4274
f 4055//4274 4062//4281 4063//4282
f 4055//4274 4063//4282 4056//4275
f 4056//4275 4063//4282 4064//4283
f 4056//4275 4064//4283 4065//4284
f 4065//4284 4064//4283 4059//4278
f 4059//4278 4064//4283 1512//1571
f 1512//1571 4064//4283 4063//4282
f 1512//1571 4063//4282 1513//1572
f 1513//1572 4063//4282 4062//4281
f 1513//1572 4062//4281 1514//1573
f 1514//1573 4062//4281 4048//4267
f 1514//1573 4048//4267 1515//1574
f 1515//1574 4048//4267 4039//4258
f 1515//1574 4039//4258 1500//1559
f 4066//4285 1499//1558 1498//1557
f 4045//4264 4067//4286 4043//4262
f 4043//4262 4067//4286 4068//4287
f 4043//4262 4068//4287 4041//4260
f 4041//4260 4068//4287 4069//4288
f 4041//4260 4069//4288 1504//1563
f 3545//3717 4067//4286 3542//3714
f 3542//3714 4067//4286 4045//4264
f 3542//3714 4045//4264 3539//3711
f 3545//3717 4070//4289 4067//4286
f 4067//4286 4070//4289 4071//4290
f 4067//4286 4071//4290 4068//4287
f 4068//4287 4071//4290 4066//4285
f 4068//4287 4066//4285 4069//4288
f 4069//4288 4066//4285 1498//1557
f 4069//4288 1498//1557 1504//1563
f 1482//1541 1499//1558 4072//4291
f 4072//4291 1499//1558 4066//4285
f 4072//4291 4066//4285 4073//4292
f 4073//4292 4066//4285 4071//4290
f 4073//4292 4071//4290 4074//4293
f 4074//4293 4071//4290 4070//4289
f 4074//4293 4070//4289 3547//3719
f 3547//3719 4070//4289 3545//3717
f 4075//4294 4076//4295 4077//4296
f 4049//4297 4058//4298 4078//4299
f 4056//4275 4065//4284 4079//4300
f 4059//4278 1510//1569 1509//1568
f 3593//3765 3591//3763 4077//4296
f 4077//4296 3591//3763 3590//3762
f 4080//4301 4058//4298 4081//4302
f 4081//4302 4058//4298 4057//4276
f 4081//4302 4057//4276 4079//4300
f 4079//4300 4057//4276 4056//4275
f 4049//4297 4078//4299 4050//4303
f 3590//3762 3643//4304 4077//4296
f 4077//4296 3643//4304 4053//4305
f 4077//4296 4053//4305 4078//4299
f 4078//4299 4053//4305 4052//4306
f 4078//4299 4052//4306 4050//4303
f 1522//1581 4082//4307 1505//1564
f 1505//1564 4082//4307 4080//4301
f 1505//1564 4080//4301 1506//1565
f 1506//1565 4080//4301 4081//4302
f 1506//1565 4081//4302 1508//1567
f 1508//1567 4081//4302 4079//4300
f 1508//1567 4079//4300 1509//1568
f 1509//1568 4079//4300 4065//4284
f 1509//1568 4065//4284 4059//4278
f 1522//1581 4075//4294 4082//4307
f 4082//4307 4075//4294 4077//4296
f 4082//4307 4077//4296 4080//4301
f 4080//4301 4077//4296 4078//4299
f 4080//4301 4078//4299 4058//4298
f 4076//4295 3558//3730 3595//3767
f 4076//4295 3595//3767 4077//4296
f 4077//4296 3595//3767 3594//3766
f 4077//4296 3594//3766 3593//3765
f 4083//4308 1489//1548 1488//1547
f 4084//4309 4085//4310 4086//4311
f 4084//4309 4086//4311 4087//4312
f 4087//4312 4086//4311 4088//4313
f 4085//4310 4084//4309 4089//4314
f 4089//4314 4084//4309 4090//4315
f 4089//4314 4090//4315 4091//4316
f 4092//4317 4093//4318 4091//4316
f 4091//4316 4093//4318 4094//4319
f 4091//4316 4094//4319 4089//4314
f 3647//3830 3658//3847 4095//4320
f 4095//4320 3658//3847 3659//3849
f 4096//4321 4090//4315 4097//4322
f 4097//4322 4090//4315 4084//4309
f 4097//4322 4084//4309 4098//4323
f 4098//4323 4084//4309 4087//4312
f 4098//4323 4087//4312 4099//4324
f 4099//4324 4087//4312 4088//4313
f 1483//1542 4096//4321 1486//1545
f 1486//1545 4096//4321 4097//4322
f 1486//1545 4097//4322 1487//1546
f 1487//1546 4097//4322 4098//4323
f 1487//1546 4098//4323 1488//1547
f 1488//1547 4098//4323 4099//4325
f 1488//1547 4099//4324 4083//4308
f 1483//1542 4100//4326 4096//4321
f 4096//4321 4100//4326 4101//4327
f 4096//4321 4101//4327 4090//4315
f 4090//4315 4101//4327 4095//4320
f 4090//4315 4095//4320 4091//4316
f 4091//4316 4095//4320 3659//3849
f 4091//4316 3659//3849 4092//4317
f 3547//3719 3647//3830 4074//4293
f 4074//4293 3647//3830 4095//4320
f 4074//4293 4095//4320 4073//4292
f 4073//4292 4095//4320 4101//4327
f 4073//4292 4101//4327 4072//4291
f 4072//4291 4101//4327 4100//4326
f 4072//4291 4100//4326 1482//1541
f 1482//1541 4100//4326 1483//1542
f 4102//4328 4103//4329 4104//4330
f 4076//4295 4075//4294 4105//4331
f 1517//1576 4106//4332 1518//1577
f 1518//1577 4106//4332 4107//4333
f 1518//1577 4107//4333 1520//1579
f 1520//1579 4107//4333 4105//4331
f 1520//1579 4105//4331 1521//1580
f 1521//1580 4105//4331 4075//4294
f 1521//1580 4075//4294 1522//1581
f 1517//1576 4102//4328 4106//4332
f 4106//4332 4102//4328 4104//4330
f 4106//4332 4104//4330 4107//4333
f 4107//4333 4104//4330 4108//4334
f 4107//4333 4108//4334 4105//4331
f 4105//4331 4108//4334 4109//4335
f 4105//4331 4109//4335 4076//4295
f 4076//4295 4109//4335 3558//3730
f 3558//3730 4109//4335 3553//3725
f 3553//3725 4109//4335 4108//4334
f 3553//3725 4108//4334 3554//3726
f 3554//3726 4108//4334 4104//4330
f 3554//3726 4104//4330 3559//3731
f 3559//3731 4104//4330 4103//4329
f 3559//3731 4103//4329 3533//3705
f 4110//4336 4111//4337 4112//4338
f 4113//4339 4085//4310 4089//4340
f 4089//4340 4094//4341 4113//4339
f 4113//4339 4094//4341 4093//4342
f 4113//4339 4093//4342 4114//4343
f 4114//4343 4093//4342 4092//4344
f 4114//4343 4092//4344 3659//4345
f 4083//4308 4099//4324 4115//4346
f 4115//4346 4099//4324 4088//4313
f 4115//4346 4088//4313 4086//4311
f 4115//4346 4086//4311 4085//4310
f 1490//1549 1489//1548 4083//4308
f 3535//3707 4114//4343 3610//3783
f 3610//3783 4114//4343 3659//4345
f 3610//3783 3659//4345 3611//3784
f 3535//3707 4110//4336 4114//4343
f 4114//4343 4110//4336 4112//4338
f 4114//4343 4112//4338 4113//4339
f 4113//4339 4112//4338 4116//4347
f 4113//4339 4116//4347 4085//4310
f 4085//4310 4116//4347 4117//4348
f 4085//4310 4117//4348 4115//4346
f 4083//4308 4115//4346 1490//1549
f 1490//1549 4115//4346 4117//4348
f 1490//1549 4117//4348 1492//1551
f 1492//1551 4117//4348 4116//4347
f 1492//1551 4116//4347 1493//1552
f 1493//1552 4116//4347 4112//4338
f 1493//1552 4112//4338 1494//1553
f 1494//1553 4112//4338 4111//4337
f 1494//1553 4111//4337 1495//1554
f 4103//4329 4102//4328 4118//4349
f 4110//4336 3535//3707 3525//3697
f 4111//4337 4110//4336 4119//4350
f 4110//4336 3525//3697 4119//4350
f 4119//4350 3525//3697 3527//3699
f 4119//4350 3527//3699 4120//4351
f 4120//4351 3527//3699 3529//3701
f 4120//4351 3529//3701 4121//4352
f 4121//4352 3529//3701 3531//3703
f 4121//4352 3531//3703 3533//3705
f 3533//3705 4103//4329 4121//4352
f 4121//4352 4103//4329 4118//4349
f 4121//4352 4118//4349 4120//4351
f 4120//4351 4118//4349 4122//4353
f 4120//4351 4122//4353 4119//4350
f 4119//4350 4122//4353 4123//4354
f 4119//4350 4123//4354 4111//4337
f 4111//4337 4123//4354 1495//1554
f 1495//1554 4123//4354 1523//1582
f 1523//1582 4123//4354 4122//4353
f 1523//1582 4122//4353 1524//1583
f 1524//1583 4122//4353 4118//4349
f 1524//1583 4118//4349 1525//1584
f 1525//1584 4118//4349 4102//4328
f 1525//1584 4102//4328 1517//1576
f 4124//4355 4125//4356 4126//4357
f 4126//4357 4125//4356 4127//4358
f 4128//4359 4129//4360 4130//4361
f 4130//4361 4129//4360 4131//4362
f 4132//4363 4133//4364 4134//4365
f 4134//4365 4133//4364 4135//4366
f 4136//4367 4137//4368 4138//4369
f 4138//4369 4137//4368 4139//4370
f 4140//4371 4141//4372 4142//4373
f 4142//4373 4141//4372 4143//4374
f 4139//4370 4137//4368 4144//4375
f 4139//4370 4144//4375 4145//4376
f 4145//4376 4144//4377 4146//4378
f 4145//4376 4146//4378 4147//4379
f 4147//4379 4146//4378 4140//4371
f 4147//4379 4140//4371 4142//4373
f 4146//4378 4144//4377 4148//4380
f 4137//4368 4149//4381 4150//4382
f 4151//4383 4149//4381 4137//4368
f 4148//4384 4144//4375 4137//4368
f 4152//4385 4150//4386 4153//4387
f 4153//4387 4150//4386 4149//4388
f 4153//4387 4149//4388 4154//4389
f 4154//4389 4149//4388 4151//4390
f 4154//4389 4151//4390 4155//4391
f 4140//4371 4152//4385 4156//4392
f 4156//4392 4152//4385 4153//4387
f 4156//4392 4153//4387 4157//4393
f 4157//4393 4153//4387 4154//4389
f 4157//4393 4154//4389 4158//4394
f 4158//4394 4154//4389 4155//4391
f 4158//4394 4155//4391 4126//4357
f 4140//4371 4146//4378 4152//4385
f 4152//4385 4146//4378 4148//4380
f 4152//4385 4148//4380 4150//4386
f 4150//4382 4148//4384 4137//4368
f 4139//4370 4145//4376 4159//4395
f 4142//4373 4160//4396 4161//4397
f 4145//4376 4162//4398 4159//4395
f 4159//4395 4162//4398 4161//4399
f 4159//4395 4161//4399 4163//4400
f 4163//4400 4161//4399 4160//4396
f 4163//4400 4160//4396 4164//4401
f 4139//4370 4159//4395 4165//4402
f 4165//4402 4159//4395 4163//4400
f 4165//4402 4163//4400 4166//4403
f 4166//4403 4163//4400 4164//4401
f 4166//4403 4164//4401 4132//4363
f 4162//4404 4142//4373 4161//4397
f 4145//4376 4147//4379 4162//4398
f 4162//4404 4147//4379 4142//4373
f 4137//4368 4136//4367 4167//4405
f 4137//4368 4167//4405 4151//4383
f 4151//4390 4167//4405 4168//4406
f 4151//4390 4168//4406 4155//4391
f 4155//4391 4168//4406 4124//4355
f 4155//4391 4124//4355 4126//4357
f 4126//4357 4127//4358 4169//4407
f 4126//4357 4169//4407 4158//4394
f 4158//4394 4169//4407 4170//4408
f 4158//4394 4170//4408 4157//4393
f 4157//4393 4170//4408 4171//4409
f 4157//4393 4171//4409 4156//4392
f 4156//4392 4171//4409 4141//4372
f 4156//4392 4141//4372 4140//4371
f 4131//4362 4129//4360 4172//4410
f 4131//4362 4172//4410 4173//4411
f 4173//4411 4172//4410 4174//4412
f 4173//4411 4174//4412 4175//4413
f 4175//4413 4174//4412 4143//4374
f 4175//4413 4143//4374 4141//4372
f 4133//4364 4132//4363 4164//4401
f 4133//4364 4164//4401 4176//4414
f 4176//4414 4164//4401 4160//4396
f 4176//4414 4160//4396 4177//4415
f 4177//4415 4160//4396 4142//4373
f 4177//4415 4142//4373 4143//4374
f 4132//4363 4134//4365 4178//4416
f 4132//4363 4178//4416 4166//4403
f 4166//4403 4178//4416 4179//4417
f 4166//4403 4179//4417 4165//4402
f 4165//4402 4179//4417 4138//4369
f 4165//4402 4138//4369 4139//4370
f 4136//4367 4138//4369 4180//4418
f 4180//4418 4138//4369 4181//4419
f 4180//4418 4181//4419 4182//4420
f 4182//4420 4181//4419 4183//4421
f 4183//4421 4181//4419 4184//4422
f 4183//4421 4184//4422 4185//4423
f 4185//4423 4184//4422 4186//4424
f 4186//4424 4184//4422 397//381
f 4186//4424 397//381 386//370
f 393//377 392//376 4187//4425
f 390//374 393//377 4188//4426
f 390//374 4189//4427 386//370
f 386//370 4189//4427 4186//4424
f 4180//4418 4182//4420 4190//4428
f 4190//4428 4182//4420 4183//4421
f 4190//4428 4183//4421 4189//4427
f 4189//4427 4183//4421 4185//4423
f 4189//4427 4185//4423 4186//4424
f 4190//4428 4191//4429 4180//4418
f 4180//4418 4191//4429 4167//4405
f 4180//4418 4167//4405 4136//4367
f 390//374 4188//4426 4189//4427
f 4189//4427 4188//4426 4192//4430
f 4189//4427 4192//4430 4190//4428
f 4190//4428 4192//4430 4193//4431
f 4190//4428 4193//4431 4191//4429
f 4191//4429 4193//4431 4168//4406
f 4191//4429 4168//4406 4167//4405
f 393//377 4187//4425 4188//4426
f 4188//4426 4187//4425 4194//4432
f 4188//4426 4194//4432 4192//4430
f 4192//4430 4194//4432 4195//4433
f 4192//4430 4195//4433 4193//4431
f 4193//4431 4195//4433 4124//4355
f 4193//4431 4124//4355 4168//4406
f 4175//4413 4196//4434 4173//4411
f 4173//4411 4196//4434 4197//4435
f 4173//4411 4197//4435 4131//4362
f 4131//4362 4197//4435 4198//4436
f 4199//4437 4198//4436 4200//4438
f 4200//4438 4198//4436 4197//4435
f 4200//4438 4197//4435 4201//4439
f 4201//4439 4197//4435 4196//4434
f 4201//4439 4196//4440 4141//4372
f 4175//4413 4141//4372 4196//4440
f 4141//4372 4171//4409 4201//4439
f 4201//4439 4171//4409 4170//4408
f 4201//4439 4170//4408 4200//4438
f 4200//4438 4170//4408 4169//4407
f 4200//4438 4169//4407 4199//4437
f 4199//4437 4169//4407 4127//4358
f 4133//4364 4176//4414 4202//4441
f 4143//4374 4174//4412 4203//4442
f 4176//4414 4204//4443 4202//4441
f 4202//4441 4204//4443 4203//4444
f 4202//4441 4203//4444 4205//4445
f 4205//4445 4203//4444 4174//4412
f 4205//4445 4174//4412 4172//4410
f 4133//4364 4202//4441 4206//4446
f 4206//4446 4202//4441 4205//4445
f 4206//4446 4205//4445 4207//4447
f 4207//4447 4205//4445 4172//4410
f 4207//4447 4172//4410 4129//4360
f 4204//4448 4143//4374 4203//4442
f 4176//4414 4177//4415 4204//4443
f 4204//4448 4177//4415 4143//4374
f 397//381 4184//4422 399//383
f 399//383 4184//4422 4208//4449
f 399//383 4208//4449 401//385
f 401//385 4208//4449 4209//4397
f 401//385 4209//4397 403//387
f 403//387 4209//4397 4210//4450
f 4184//4422 4181//4419 4208//4398
f 4208//4398 4181//4419 4211//4451
f 4208//4398 4211//4451 4209//4399
f 4209//4399 4211//4451 4212//4452
f 4209//4399 4212//4452 4210//4453
f 4210//4453 4212//4452 4213//4454
f 4181//4419 4138//4369 4211//4451
f 4211//4451 4138//4369 4179//4417
f 4211//4451 4179//4417 4212//4452
f 4212//4452 4179//4417 4178//4416
f 4212//4452 4178//4416 4213//4454
f 4213//4454 4178//4416 4134//4365
f 4125//4356 4124//4355 4195//4433
f 4125//4356 4195//4433 4214//4455
f 4214//4455 4195//4433 4194//4432
f 4214//4455 4194//4432 4215//4456
f 4215//4456 4194//4432 4187//4425
f 4215//4456 4187//4425 4216//4457
f 4216//4457 4187//4425 392//376
f 4216//4457 392//376 391//375
f 4127//4358 4125//4356 4217//4458
f 4127//4358 4217//4458 4199//4437
f 4199//4437 4217//4458 4218//4459
f 4199//4437 4218//4459 4198//4436
f 4198//4436 4218//4459 4130//4361
f 4198//4436 4130//4361 4131//4362
f 4129//4360 4128//4359 4219//4460
f 4129//4360 4219//4460 4207//4447
f 4207//4447 4219//4460 4220//4461
f 4207//4447 4220//4461 4206//4446
f 4206//4446 4220//4461 4135//4366
f 4206//4446 4135//4366 4133//4364
f 4134//4365 4135//4366 4213//4454
f 4213//4454 4135//4366 4221//4462
f 4213//4454 4221//4462 4210//4453
f 4210//4453 4221//4462 4222//4463
f 4210//4450 4222//4464 403//387
f 403//387 4222//4464 405//389
f 412//396 4223//4465 381//365
f 381//365 4223//4465 4224//4440
f 381//365 4224//4440 382//366
f 382//366 4224//4440 4225//4466
f 382//366 4225//4466 391//375
f 4214//4455 4215//4456 4225//4466
f 4225//4466 4215//4456 4216//4457
f 4225//4466 4216//4457 391//375
f 4223//4467 4226//4468 4224//4434
f 4224//4434 4226//4468 4227//4469
f 4224//4434 4227//4469 4225//4466
f 4225//4466 4227//4469 4228//4470
f 4225//4466 4228//4470 4214//4455
f 4226//4468 4130//4361 4227//4469
f 4227//4469 4130//4361 4218//4459
f 4227//4469 4218//4459 4228//4470
f 4228//4470 4218//4459 4217//4458
f 4228//4470 4217//4458 4214//4455
f 4214//4455 4217//4458 4125//4356
f 405//389 4222//4464 406//390
f 406//390 4222//4464 4229//4448
f 406//390 4229//4448 415//399
f 415//399 4229//4448 4230//4471
f 415//399 4230//4471 413//397
f 413//397 4230//4471 4231//4472
f 4222//4463 4221//4462 4229//4443
f 4229//4443 4221//4462 4232//4473
f 4229//4443 4232//4473 4230//4444
f 4230//4444 4232//4473 4233//4474
f 4230//4444 4233//4474 4231//4475
f 4231//4475 4233//4474 4234//4476
f 4221//4462 4135//4366 4232//4473
f 4232//4473 4135//4366 4220//4461
f 4232//4473 4220//4461 4233//4474
f 4233//4474 4220//4461 4219//4460
f 4233//4474 4219//4460 4234//4476
f 4234//4476 4219//4460 4128//4359
f 4128//4359 4130//4361 4234//4476
f 4234//4476 4130//4361 4226//4468
f 4234//4476 4226//4468 4231//4475
f 4231//4475 4226//4468 4223//4467
f 4231//4472 4223//4465 413//397
f 413//397 4223//4465 412//396
f 4235//4477 4236//4478 4237//4479
f 4237//4479 4236//4478 4238//4480
f 4238//4480 4236//4478 4239//4481
f 4238//4480 4239//4481 4240//4482
f 4240//4482 4239//4481 4241//4483
f 4240//4482 4241//4483 4242//4483
f 4242//4483 4241//4483 4243//4484
f 4242//4483 4243//4484 4244//4484
f 4237//4479 4238//4480 4240//4482
f 4237//4479 4240//4482 4245//4485
f 4245//4485 4240//4482 4242//4486
f 4245//4485 4242//4486 4246//4486
f 4246//4486 4242//4486 4244//4487
f 4246//4486 4244//4487 4247//4488
f 4236//4478 4235//4477 4248//4489
f 4236//4478 4248//4489 4239//4481
f 4239//4481 4248//4489 4249//4490
f 4239//4481 4249//4490 4241//4490
f 4241//4490 4249//4490 4250//4491
f 4241//4490 4250//4491 4243//4491
f 4235//4477 4237//4479 4245//4485
f 4235//4477 4245//4485 4248//4489
f 4248//4489 4245//4485 4246//4492
f 4248//4489 4246//4492 4249//4492
f 4249//4492 4246//4492 4247//4493
f 4249//4492 4247//4493 4250//4493
f 4250//4493 4247//4493 4251//4494
f 4250//4493 4251//4494 4252//4494
f 4252//4494 4251//4494 4253//4495
f 4252//4494 4253//4495 4254//4496
f 4254//4496 4253//4495 2369//2427
f 4254//4496 2369//2427 2359//2417
f 4243//4491 4250//4491 4252//4497
f 4243//4491 4252//4497 4255//4497
f 4255//4497 4252//4497 4254//4496
f 4255//4497 4254//4496 4256//4498
f 4256//4498 4254//4496 2359//2417
f 4256//4498 2359//2417 2361//2419
f 2378//2436 2369//2427 4253//4495
f 2378//2436 4253//4495 4257//4499
f 4257//4499 4253//4495 4251//4500
f 4257//4499 4251//4500 4258//4500
f 4258//4500 4251//4500 4247//4488
f 4258//4500 4247//4488 4244//4487
f 4244//4484 4243//4484 4255//4501
f 4244//4484 4255//4501 4258//4501
f 4258//4501 4255//4501 4256//4498
f 4258//4501 4256//4498 4257//4499
f 4257//4499 4256//4498 2361//2419
f 4257//4499 2361//2419 2378//2436
f 4259//4502 1201//1254 1199//1252
f 4260//4503 4261//4504 4262//4505
f 2604//2662 2605//2663 4263//4506
f 1151//1192 1284//1338 2578//2636
f 2578//2636 4264//4507 1151//1192
f 1151//1192 4264//4507 4265//4508
f 1151//1192 4265//4508 1138//1179
f 1138//1179 4265//4508 4266//4509
f 1138//1179 4266//4509 1139//1180
f 1139//1180 4266//4509 4267//4510
f 1139//1180 4267//4510 1281//1335
f 1281//1335 4267//4510 4268//4511
f 1281//1335 4268//4511 1282//1336
f 1282//1336 4268//4511 4269//4512
f 1282//1336 4269//4512 1283//1337
f 1283//1337 4269//4512 4270//4513
f 1283//1337 4270//4513 1141//1182
f 1141//1182 4270//4513 4271//4514
f 1141//1182 4271//4514 1142//1183
f 1142//1183 4271//4514 4272//4515
f 1142//1183 4272//4515 1144//1185
f 1144//1185 4272//4515 4273//4516
f 1144//1185 4273//4516 1149//1190
f 1149//1190 4273//4516 4274//4517
f 1149//1190 4274//4517 1150//1191
f 1150//1191 4274//4517 4275//4518
f 1150//1191 4275//4518 1145//1186
f 1145//1186 4275//4518 4276//4519
f 1145//1186 4276//4519 1146//1187
f 1146//1187 4276//4519 4260//4503
f 1146//1187 4260//4503 1199//1252
f 1199//1252 4260//4503 4262//4505
f 1199//1252 4262//4505 4259//4502
f 2578//2636 2576//2634 4264//4507
f 4264//4507 2576//2634 2575//2633
f 4264//4507 2575//2633 4265//4508
f 4265//4508 2575//2633 2581//2639
f 4265//4508 2581//2639 4266//4509
f 4266//4509 2581//2639 2583//2641
f 4266//4509 2583//2641 4267//4510
f 4267//4510 2583//2641 2585//2643
f 4267//4510 2585//2643 4268//4511
f 4268//4511 2585//2643 2588//2646
f 4268//4511 2588//2646 4269//4512
f 4269//4512 2588//2646 2591//2649
f 4269//4512 2591//2649 4270//4513
f 4270//4513 2591//2649 2593//2651
f 4270//4513 2593//2651 4271//4514
f 4271//4514 2593//2651 2595//2653
f 4271//4514 2595//2653 4272//4515
f 4272//4515 2595//2653 2597//2655
f 4272//4515 2597//2655 4273//4516
f 4273//4516 2597//2655 2599//2657
f 4273//4516 2599//2657 4274//4517
f 4274//4517 2599//2657 2600//2658
f 4274//4517 2600//2658 4275//4518
f 4275//4518 2600//2658 2602//2660
f 4275//4518 2602//2660 4276//4519
f 4276//4519 2602//2660 2604//2662
f 4276//4519 2604//2662 4260//4503
f 4260//4503 2604//2662 4263//4506
f 4260//4503 4263//4506 4261//4504
f 1203//1256 4277//4520 4278//4521
f 4261//4504 4263//4506 4279//4522
f 2605//2663 2554//2612 2553//2611
f 4277//4520 4262//4505 4261//4504
f 4262//4505 4277//4520 4259//4502
f 4259//4502 4277//4520 1203//1256
f 4259//4502 1203//1256 1201//1254
f 4280//4523 4281//4524 4282//4525
f 4282//4525 4281//4524 4283//4526
f 2523//2581 2522//2580 4284//4527
f 4284//4527 2522//2580 4285//4528
f 4284//4527 4285//4528 4280//4523
f 1189//1242 4286//4529 1190//1243
f 1190//1243 4286//4529 4287//4530
f 1190//1243 4287//4530 1186//1239
f 1186//1239 4287//4530 4288//4531
f 1186//1239 4288//4531 1187//1240
f 1187//1240 4288//4531 4282//4525
f 1187//1240 4282//4525 1184//1237
f 1184//1237 4282//4525 4283//4526
f 1184//1237 4283//4526 1181//1234
f 4280//4523 4282//4525 4284//4527
f 4284//4527 4282//4525 4288//4531
f 4284//4527 4288//4531 4289//4532
f 4289//4532 4288//4531 4287//4530
f 4289//4532 4287//4530 4290//4533
f 4290//4533 4287//4530 4286//4529
f 4290//4533 4286//4529 4291//4534
f 4291//4534 2568//2626 4290//4533
f 4290//4533 2568//2626 2574//2632
f 4290//4533 2574//2632 4289//4532
f 4289//4532 2574//2632 2573//2631
f 4289//4532 2573//2631 4284//4527
f 4284//4527 2573//2631 2523//2581
f 2565//2623 2571//2629 4291//4534
f 4291//4534 2571//2629 2570//2628
f 4291//4534 2570//2628 2568//2626
f 4292//4535 1188//1241 1196//1249
f 4292//4535 1196//1249 4293//4536
f 4293//4536 1196//1249 1194//1247
f 4293//4536 1194//1247 4294//4537
f 4294//4537 1194//1247 1192//1245
f 4294//4537 1192//1245 4278//4521
f 4278//4521 1192//1245 1191//1244
f 4278//4521 1191//1244 1203//1256
f 4261//4504 4279//4522 4277//4520
f 4277//4520 4279//4522 4295//4538
f 4277//4520 4295//4538 4278//4521
f 4278//4521 4295//4538 4296//4539
f 4278//4521 4296//4539 4294//4537
f 4294//4537 4296//4539 4297//4540
f 4294//4537 4297//4540 4293//4536
f 4293//4536 4297//4540 4298//4541
f 4293//4536 4298//4541 4292//4535
f 1189//1242 1188//1241 4286//4529
f 4286//4529 1188//1241 4292//4535
f 4286//4529 4292//4535 4291//4534
f 4291//4534 4292//4535 4298//4541
f 4291//4534 4298//4541 2565//2623
f 2565//2623 4298//4541 4297//4540
f 2565//2623 4297//4540 2562//2620
f 2562//2620 4297//4540 4296//4539
f 2562//2620 4296//4539 2560//2618
f 2560//2618 4296//4539 4295//4538
f 2560//2618 4295//4538 2558//2616
f 2558//2616 4295//4538 4279//4522
f 2558//2616 4279//4522 2553//2611
f 2553//2611 4279//4522 4263//4506
f 2553//2611 4263//4506 2605//2663
f 4285//4528 2522//2580 2521//2579
f 4299//4542 4280//4523 4285//4528
f 1181//1234 4283//4526 1124//1158
f 1124//1158 4283//4526 4281//4524
f 4285//4528 2521//2579 4299//4542
f 4299//4542 2521//2579 2525//2583
f 4299//4542 2525//2583 4300//4543
f 4300//4543 2525//2583 2529//2587
f 4300//4543 2529//2587 4301//4544
f 4301//4544 2529//2587 2530//2588
f 4301//4544 2530//2588 4302//4545
f 4302//4545 2530//2588 2532//2590
f 4302//4545 2532//2590 4303//4546
f 4303//4546 2532//2590 2534//2592
f 4303//4546 2534//2592 4304//4547
f 4304//4547 2534//2592 2541//2599
f 4304//4547 2541//2599 4305//4548
f 4305//4548 2541//2599 2540//2598
f 4305//4548 2540//2598 4306//4549
f 4306//4549 2540//2598 2538//2596
f 4306//4549 2538//2596 4307//4550
f 4307//4550 2538//2596 2537//2595
f 4307//4550 2537//2595 4308//4551
f 4308//4551 2537//2595 2550//2608
f 4308//4551 2550//2608 4309//4552
f 4309//4552 2550//2608 2548//2606
f 4309//4552 2548//2606 4310//4553
f 4310//4553 2548//2606 2546//2604
f 4310//4553 2546//2604 4311//4554
f 4311//4554 2546//2604 2544//2602
f 4311//4554 2544//2602 4312//4555
f 4312//4555 2544//2602 2542//2600
f 4312//4555 2542//2600 1134//1168
f 1134//1168 1133//1167 4312//4555
f 4312//4555 1133//1167 1170//1223
f 4312//4555 1170//1223 4311//4554
f 4311//4554 1170//1223 1175//1228
f 4311//4554 1175//1228 4310//4553
f 4310//4553 1175//1228 1174//1227
f 4310//4553 1174//1227 4309//4552
f 4309//4552 1174//1227 1172//1225
f 4309//4552 1172//1225 4308//4551
f 4308//4551 1172//1225 1178//1231
f 4308//4551 1178//1231 4307//4550
f 4307//4550 1178//1231 1177//1230
f 4307//4550 1177//1230 4306//4549
f 4306//4549 1177//1230 1130//1164
f 4306//4549 1130//1164 4305//4548
f 4305//4548 1130//1164 1132//1166
f 4305//4548 1132//1166 4304//4547
f 4304//4547 1132//1166 1179//1232
f 4304//4547 1179//1232 4303//4546
f 4303//4546 1179//1232 1128//1162
f 4303//4546 1128//1162 4302//4545
f 4302//4545 1128//1162 1127//1161
f 4302//4545 1127//1161 4301//4544
f 4301//4544 1127//1161 1125//1159
f 4301//4544 1125//1159 4300//4543
f 4300//4543 1125//1159 1124//1158
f 4300//4543 1124//1158 4299//4542
f 4299//4542 1124//1158 4281//4524
f 4299//4542 4281//4524 4280//4523
f 4313//4556 4314//4557 4315//4558
f 2603//2661 4316//4559 2555//2613
f 1359//1418 1421//1480 4317//4560
f 1400//1459 4318//4561 2577//2635
f 2577//2635 4318//4561 4319//4562
f 2577//2635 4319//4562 2579//2637
f 2579//2637 4319//4562 4320//4563
f 2579//2637 4320//4563 2580//2638
f 2580//2638 4320//4563 2582//2640
f 2582//2640 4320//4563 4321//4564
f 2582//2640 4321//4564 2584//2642
f 1400//1459 1407//1466 4318//4561
f 4318//4561 1407//1466 1406//1465
f 4318//4561 1406//1465 4319//4562
f 4319//4562 1406//1465 1404//1463
f 4319//4562 1404//1463 4320//4563
f 4320//4563 1404//1463 1402//1461
f 4320//4563 1402//1461 4321//4564
f 4321//4564 1402//1461 1401//1460
f 4321//4564 1401//1460 4322//4565
f 4322//4565 1401//1460 1363//1422
f 4322//4565 1363//1422 4323//4566
f 4323//4566 1363//1422 1362//1421
f 4323//4566 1362//1421 4324//4567
f 4324//4567 1362//1421 1408//1467
f 4324//4567 1408//1467 4325//4568
f 4325//4568 1408//1467 1410//1469
f 4325//4568 1410//1469 4326//4569
f 4326//4569 1410//1469 1411//1470
f 4326//4569 1411//1470 4327//4570
f 4327//4570 1411//1470 1412//1471
f 4327//4570 1412//1471 4328//4571
f 4328//4571 1412//1471 1360//1419
f 4328//4571 1360//1419 4329//4572
f 4329//4572 1360//1419 1359//1418
f 4329//4572 1359//1418 4315//4558
f 4315//4558 1359//1418 4317//4560
f 4315//4558 4317//4560 4313//4556
f 2584//2642 4321//4564 2586//2644
f 2586//2644 4321//4564 4322//4565
f 2586//2644 4322//4565 2587//2645
f 2587//2645 4322//4565 4323//4566
f 2587//2645 4323//4566 2589//2647
f 2589//2647 4323//4566 4324//4567
f 2589//2647 4324//4567 2590//2648
f 2590//2648 4324//4567 4325//4568
f 2590//2648 4325//4568 2592//2650
f 2592//2650 4325//4568 4326//4569
f 2592//2650 4326//4569 2594//2652
f 2594//2652 4326//4569 4327//4570
f 2594//2652 4327//4570 2596//2654
f 2596//2654 4327//4570 4328//4571
f 2596//2654 4328//4571 2598//2656
f 2598//2656 4328//4571 4329//4572
f 2598//2656 4329//4572 2601//2659
f 2601//2659 4329//4572 4315//4558
f 2601//2659 4315//4558 2603//2661
f 2603//2661 4315//4558 4314//4557
f 2603//2661 4314//4557 4316//4559
f 4330//4573 4331//4574 4332//4575
f 4333//4576 2564//2622 2563//2621
f 4314//4557 4313//4556 4334//4577
f 2524//2582 2572//2630 4332//4575
f 2524//2582 4332//4575 4335//4578
f 1430//1489 4336//4579 1431//1490
f 1431//1490 4336//4579 4337//4580
f 1431//1490 4337//4580 1433//1492
f 1421//1480 1420//1479 4317//4560
f 4317//4560 1420//1479 4313//4556
f 4313//4556 1420//1479 4334//4577
f 4334//4577 1420//1479 1418//1477
f 4334//4577 1418//1477 1416//1475
f 1415//1474 4338//4581 1416//1475
f 1416//1475 4338//4581 4339//4582
f 1416//1475 4339//4582 4334//4577
f 2561//2619 2559//2617 4340//4583
f 4340//4583 2559//2617 2557//2615
f 4340//4583 2557//2615 4341//4584
f 4341//4584 2557//2615 2556//2614
f 4341//4584 2556//2614 4342//4585
f 4342//4585 2556//2614 2555//2613
f 4342//4585 2555//2613 4316//4559
f 2561//2619 4340//4583 2563//2621
f 2563//2621 4340//4583 4343//4586
f 2563//2621 4343//4586 4333//4576
f 1428//1487 1426//1485 4330//4573
f 4316//4559 4314//4557 4342//4585
f 4342//4585 4314//4557 4334//4577
f 4342//4585 4334//4577 4341//4584
f 4341//4584 4334//4577 4339//4582
f 4341//4584 4339//4582 4340//4583
f 4340//4583 4339//4582 4338//4581
f 4340//4583 4338//4581 4343//4586
f 4343//4586 4338//4581 4344//4587
f 4343//4586 4344//4587 4333//4576
f 4333//4576 4344//4587 4345//4588
f 4333//4576 4345//4588 4346//4589
f 4346//4589 4345//4588 4347//4590
f 4346//4589 4347//4590 4348//4591
f 2564//2622 4333//4576 2566//2624
f 2566//2624 4333//4576 4346//4589
f 2566//2624 4346//4589 2569//2627
f 2569//2627 4346//4589 4348//4591
f 2569//2627 4348//4591 2567//2625
f 1426//1485 1425//1484 4330//4573
f 4330//4573 1425//1484 1433//1492
f 4330//4573 1433//1492 4331//4574
f 4331//4574 1433//1492 4337//4580
f 4331//4574 4337//4580 4332//4575
f 4332//4575 4337//4580 4349//4592
f 4332//4575 4349//4592 4335//4578
f 2572//2630 2567//2625 4332//4575
f 4332//4575 2567//2625 4348//4591
f 4332//4575 4348//4591 4330//4573
f 4330//4573 4348//4591 4347//4590
f 4330//4573 4347//4590 1428//1487
f 1428//1487 4347//4590 4345//4588
f 1428//1487 4345//4588 1429//1488
f 1429//1488 4345//4588 4344//4587
f 1429//1488 4344//4587 1424//1483
f 1424//1483 4344//4587 4338//4581
f 1424//1483 4338//4581 1422//1481
f 1422//1481 4338//4581 1415//1474
f 4336//4579 1430//1489 1436//1495
f 4350//4593 4349//4592 4337//4580
f 2524//2582 4335//4578 2526//2584
f 1441//1500 2543//2601 4351//4594
f 4351//4594 2543//2601 2545//2603
f 4351//4594 2545//2603 4352//4595
f 4352//4595 2545//2603 2547//2605
f 4352//4595 2547//2605 4353//4596
f 4353//4596 2547//2605 2549//2607
f 4353//4596 2549//2607 4354//4597
f 4354//4597 2549//2607 2551//2609
f 4354//4597 2551//2609 4355//4598
f 2551//2609 2552//2610 4355//4598
f 4355//4598 2552//2610 2539//2597
f 4355//4598 2539//2597 4356//4599
f 4356//4599 2539//2597 2533//2591
f 4356//4599 2533//2591 4357//4600
f 4357//4600 2533//2591 2535//2593
f 4357//4600 2535//2593 4358//4601
f 4358//4601 2535//2593 2536//2594
f 4358//4601 2536//2594 4359//4602
f 4359//4602 2536//2594 2531//2589
f 4359//4602 2531//2589 4360//4603
f 4360//4603 2531//2589 2528//2586
f 4360//4603 2528//2586 4361//4604
f 4361//4604 2528//2586 2527//2585
f 4361//4604 2527//2585 4362//4605
f 4362//4605 2527//2585 2526//2584
f 4362//4605 2526//2584 4350//4593
f 4350//4593 2526//2584 4335//4578
f 4350//4593 4335//4578 4349//4592
f 1441//1500 4351//4594 1443//1502
f 1443//1502 4351//4594 4352//4595
f 1443//1502 4352//4595 1444//1503
f 1444//1503 4352//4595 4353//4596
f 1444//1503 4353//4596 1922//1981
f 1922//1981 4353//4596 4354//4597
f 1922//1981 4354//4597 1899//1958
f 1899//1958 4354//4597 4355//4598
f 1899//1958 4355//4598 1898//1957
f 1898//1957 4355//4598 4356//4599
f 1898//1957 4356//4599 1356//1415
f 1356//1415 4356//4599 4357//4600
f 1356//1415 4357//4600 1357//1416
f 1357//1416 4357//4600 4358//4601
f 1357//1416 4358//4601 1888//1947
f 1888//1947 4358//4601 4359//4602
f 1888//1947 4359//4602 1437//1496
f 1437//1496 4359//4602 4360//4603
f 1437//1496 4360//4603 1438//1497
f 1438//1497 4360//4603 4361//4604
f 1438//1497 4361//4604 1439//1498
f 1439//1498 4361//4604 4362//4605
f 1439//1498 4362//4605 1435//1494
f 1435//1494 4362//4605 4350//4593
f 1435//1494 4350//4593 1436//1495
f 1436//1495 4350//4593 4337//4580
f 1436//1495 4337//4580 4336//4579
f 4363//4606 1374//1433 1379//1438
f 4364//4607 1394//1453 1083//1117
f 4365//4608 4366//4609 4367//4610
f 4367//4610 4366//4609 4368//4611
f 1083//1117 1081//1115 4364//4607
f 4364//4607 1081//1115 1079//1113
f 4364//4607 1079//1113 4369//4612
f 4369//4612 1079//1113 1078//1112
f 4369//4612 1078//1112 4370//4613
f 4370//4613 1078//1112 1084//1118
f 4370//4613 1084//1118 4371//4614
f 4371//4614 1084//1118 1086//1120
f 4371//4614 1086//1120 4372//4615
f 4372//4615 1086//1120 1087//1121
f 4372//4615 1087//1121 4373//4616
f 4373//4616 1087//1121 1089//1123
f 4373//4616 1089//1123 4374//4617
f 4374//4617 1089//1123 1093//1127
f 4374//4617 1093//1127 4375//4618
f 4375//4618 1093//1127 1092//1126
f 4375//4618 1092//1126 4376//4619
f 1092//1126 1091//1125 4376//4619
f 4376//4619 1091//1125 1070//1104
f 4376//4619 1070//1104 4377//4620
f 4377//4620 1070//1104 1098//1132
f 4377//4620 1098//1132 4378//4621
f 4378//4621 1098//1132 1097//1131
f 4378//4621 1097//1131 4379//4622
f 4379//4622 1097//1131 1095//1129
f 4379//4622 1095//1129 4380//4623
f 4380//4623 1095//1129 1094//1128
f 4380//4623 1094//1128 4381//4624
f 4381//4624 1094//1128 1077//1111
f 4381//4624 1077//1111 4367//4610
f 4367//4610 1077//1111 1050//1084
f 4367//4610 1050//1084 4365//4608
f 1394//1453 4364//4607 1383//1442
f 1383//1442 4364//4607 4369//4612
f 1383//1442 4369//4612 1384//1443
f 1384//1443 4369//4612 4370//4613
f 1384//1443 4370//4613 1365//1424
f 1365//1424 4370//4613 4371//4614
f 1365//1424 4371//4614 1366//1425
f 1366//1425 4371//4614 4372//4615
f 1366//1425 4372//4615 1368//1427
f 1368//1427 4372//4615 4373//4616
f 1368//1427 4373//4616 1369//1428
f 1369//1428 4373//4616 4374//4617
f 1369//1428 4374//4617 1811//1870
f 1811//1870 4374//4617 4375//4618
f 1811//1870 4375//4618 1371//1430
f 1371//1430 4375//4618 4376//4619
f 1371//1430 4376//4619 1372//1431
f 1372//1431 4376//4619 4377//4620
f 1372//1431 4377//4620 1808//1867
f 1808//1867 4377//4620 4378//4621
f 1808//1867 4378//4621 1380//1439
f 1380//1439 4378//4621 4379//4622
f 1380//1439 4379//4622 1381//1440
f 1381//1440 4379//4622 4380//4623
f 1381//1440 4380//4623 1382//1441
f 1382//1441 4380//4623 4381//4624
f 1382//1441 4381//4624 1378//1437
f 1378//1437 4381//4624 4367//4610
f 1378//1437 4367//4610 1379//1438
f 1379//1438 4367//4610 4368//4611
f 1379//1438 4368//4611 4363//4606
f 4382//4625 4383//4626 4384//4627
f 4366//4609 4365//4608 4385//4628
f 4385//4628 4365//4608 1050//1084
f 4368//4611 4386//4629 4363//4606
f 4363//4606 4386//4629 1375//1434
f 4363//4606 1375//1434 1374//1433
f 4384//4627 4383//4626 1471//1530
f 1471//1530 4383//4626 4387//4630
f 1471//1530 4387//4630 1466//1525
f 4388//4631 1068//1102 4389//4632
f 4389//4632 1068//1102 1069//1103
f 4389//4632 1069//1103 4390//4633
f 4390//4633 1069//1103 1018//1052
f 4390//4633 1018//1052 4391//4634
f 1471//1530 1470//1529 4384//4627
f 4384//4627 1470//1529 1468//1527
f 4384//4627 1468//1527 4392//4635
f 4392//4635 1468//1527 1467//1526
f 4392//4635 1467//1526 4393//4636
f 4393//4636 1467//1526 1478//1537
f 4393//4636 1478//1537 4394//4637
f 1063//1097 1065//1099 4388//4631
f 4388//4631 1065//1099 1066//1100
f 4388//4631 1066//1100 1068//1102
f 4388//4631 4395//4638 1063//1097
f 1063//1097 4395//4638 4396//4639
f 1063//1097 4396//4639 1053//1087
f 1053//1087 4396//4639 4397//4640
f 1053//1087 4397//4640 1054//1088
f 1054//1088 4397//4640 4398//4641
f 1054//1088 4398//4641 1060//1094
f 1478//1537 1477//1536 4394//4637
f 4394//4637 1477//1536 1475//1534
f 4394//4637 1475//1534 4399//4642
f 4399//4642 1475//1534 1473//1532
f 4399//4642 1473//1532 4400//4643
f 4400//4643 1473//1532 1481//1540
f 4400//4643 1481//1540 4401//4644
f 4401//4644 1481//1540 1480//1539
f 4401//4644 1480//1539 4402//4645
f 4402//4645 1480//1539 4386//4629
f 4386//4629 1480//1539 1479//1538
f 4386//4629 1479//1538 1375//1434
f 4368//4611 4366//4609 4386//4629
f 4386//4629 4366//4609 4385//4628
f 4386//4629 4385//4628 4402//4645
f 4402//4645 4385//4628 4403//4646
f 4402//4645 4403//4646 4401//4644
f 4401//4644 4403//4646 4398//4641
f 4401//4644 4398//4641 4400//4643
f 4400//4643 4398//4641 4397//4640
f 4400//4643 4397//4640 4399//4642
f 4399//4642 4397//4640 4396//4639
f 4399//4642 4396//4639 4394//4637
f 4394//4637 4396//4639 4395//4638
f 4394//4637 4395//4638 4393//4636
f 4393//4636 4395//4638 4388//4631
f 4393//4636 4388//4631 4392//4635
f 4392//4635 4388//4631 4389//4632
f 4392//4635 4389//4632 4384//4627
f 4384//4627 4389//4632 4390//4633
f 4384//4627 4390//4633 4382//4625
f 4382//4625 4390//4633 4391//4634
f 1060//1094 4398//4641 1059//1093
f 1059//1093 4398//4641 4403//4646
f 1059//1093 4403//4646 1052//1086
f 1052//1086 4403//4646 4385//4628
f 1052//1086 4385//4628 1049//1083
f 1049//1083 4385//4628 1050//1084
f 4391//4634 1018//1052 4404//4647
f 4391//4634 4404//4647 4382//4625
f 4382//4625 4404//4647 4383//4626
f 1464//1523 1466//1525 4387//4630
f 1048//1082 4405//4648 1046//1080
f 1046//1080 4405//4648 4406//4649
f 1046//1080 4406//4649 1044//1078
f 1044//1078 4406//4649 4407//4650
f 1044//1078 4407//4650 1042//1076
f 1042//1076 4407//4650 4408//4651
f 1042//1076 4408//4651 1041//1075
f 1041//1075 4408//4651 4409//4652
f 1041//1075 4409//4652 1039//1073
f 1039//1073 4409//4652 4410//4653
f 1039//1073 4410//4653 1037//1071
f 1037//1071 4410//4653 4411//4654
f 1037//1071 4411//4654 1036//1070
f 1036//1070 4411//4654 4412//4655
f 4413//4656 1031//1065 4414//4657
f 4414//4657 1031//1065 1033//1067
f 4414//4657 1033//1067 4412//4655
f 4412//4655 1033//1067 1034//1068
f 4412//4655 1034//1068 1036//1070
f 1048//1082 1354//1413 4405//4648
f 4405//4648 1354//1413 1353//1412
f 4405//4648 1353//1412 4406//4649
f 4406//4649 1353//1412 1454//1513
f 4406//4649 1454//1513 4407//4650
f 4407//4650 1454//1513 1459//1518
f 4407//4650 1459//1518 4408//4651
f 4408//4651 1459//1518 1458//1517
f 4408//4651 1458//1517 4409//4652
f 4409//4652 1458//1517 1456//1515
f 4409//4652 1456//1515 4410//4653
f 4410//4653 1456//1515 1455//1514
f 4410//4653 1455//1514 4411//4654
f 4411//4654 1455//1514 1879//1938
f 4411//4654 1879//1938 4412//4655
f 4412//4655 1879//1938 1861//1920
f 4412//4655 1861//1920 4414//4657
f 4414//4657 1861//1920 1460//1519
f 4414//4657 1460//1519 4413//4656
f 4413//4656 1460//1519 1462//1521
f 4413//4656 1462//1521 4415//4658
f 4415//4658 1462//1521 1463//1522
f 4415//4658 1463//1522 4416//4659
f 4416//4659 1463//1522 1464//1523
f 4416//4659 1464//1523 4404//4647
f 4404//4647 1464//1523 4387//4630
f 4404//4647 4387//4630 4383//4626
f 1018//1052 1017//1051 4404//4647
f 4404//4647 1017//1051 1022//1056
f 4404//4647 1022//1056 4416//4659
f 4416//4659 1022//1056 1024//1058
f 4416//4659 1024//1058 4415//4658
f 4415//4658 1024//1058 1027//1061
f 4415//4658 1027//1061 4413//4656
f 4413//4656 1027//1061 1029//1063
f 4413//4656 1029//1063 1031//1065
f 4417//4660 1119//1153 4418//4661
f 4418//4661 1119//1153 1118//1152
f 4418//4661 1118//1152 4419//4662
f 4419//4662 1118//1152 1317//1375
f 4419//4662 1317//1375 4420//4663
f 4420//4663 1317//1375 1311//1369
f 4420//4663 1311//1369 4421//4664
f 4421//4664 1311//1369 1261//1314
f 4421//4664 1261//1314 4422//4665
f 4422//4665 1261//1314 1260//1313
f 4422//4665 1260//1313 4423//4666
f 4423//4666 1260//1313 1258//1311
f 4423//4666 1258//1311 4424//4667
f 4424//4667 1258//1311 1257//1310
f 4424//4667 1257//1310 4425//4668
f 4425//4668 1257//1310 1318//1377
f 4425//4668 1318//1377 4426//4669
f 4426//4669 1318//1377 1264//1318
f 4426//4669 1264//1318 4427//4670
f 4427//4670 1264//1318 1266//1320
f 4427//4670 1266//1320 4428//4671
f 4428//4671 1266//1320 1268//1322
f 4428//4671 1268//1322 4429//4672
f 4429//4672 1268//1322 1270//1324
f 4429//4672 1270//1324 4430//4673
f 4431//4674 1255//1308 4417//4660
f 4417//4660 1255//1308 1254//1307
f 4417//4660 1254//1307 1119//1153
f 4432//4675 1245//1298 4433//4676
f 4433//4676 1245//1298 1253//1306
f 4433//4676 1253//1306 4434//4677
f 4434//4677 1253//1306 1252//1305
f 4434//4677 1252//1305 4435//4678
f 4435//4678 1252//1305 1250//1303
f 4435//4678 1250//1303 4436//4679
f 4436//4679 1250//1303 1248//1301
f 4436//4679 1248//1301 4431//4674
f 4431//4674 1248//1301 1247//1300
f 4431//4674 1247//1300 1255//1308
f 4437//4680 1242//1295 4432//4675
f 4432//4675 1242//1295 1246//1299
f 4432//4675 1246//1299 1245//1298
f 4438//4681 1227//1280 4439//4682
f 4439//4682 1227//1280 1226//1279
f 4439//4682 1226//1279 4440//4683
f 4440//4683 1226//1279 1232//1285
f 4440//4683 1232//1285 4441//4684
f 4441//4684 1232//1285 1234//1287
f 4441//4684 1234//1287 4442//4685
f 4442//4685 1234//1287 1236//1289
f 4442//4685 1236//1289 4443//4686
f 4443//4686 1236//1289 1237//1290
f 4443//4686 1237//1290 4444//4687
f 4444//4687 1237//1290 1238//1291
f 4444//4687 1238//1291 4445//4688
f 4445//4688 1238//1291 1239//1292
f 4445//4688 1239//1292 4446//4689
f 4446//4689 1239//1292 1240//1293
f 4446//4689 1240//1293 4447//4690
f 4447//4690 1240//1293 1313//1371
f 4447//4690 1313//1371 4437//4680
f 4437//4680 1313//1371 1243//1296
f 4437//4680 1243//1296 1242//1295
f 1231//1284 1230//1283 4438//4681
f 4438//4681 1230//1283 1229//1282
f 4438//4681 1229//1282 1227//1280
f 4438//4681 4448//4691 1231//1284
f 1231//1284 4448//4691 4449//4692
f 1231//1284 4449//4692 1224//1277
f 1224//1277 4449//4692 4450//4693
f 1224//1277 4450//4693 1225//1278
f 1225//1278 4450//4693 4451//4694
f 1225//1278 4451//4694 1292//1346
f 1292//1346 4451//4694 4452//4695
f 1292//1346 4452//4695 1222//1275
f 1222//1275 4452//4695 4453//4696
f 1222//1275 4453//4696 1223//1276
f 1223//1276 4453//4696 1220//1273
f 1220//1273 4453//4696 4454//4697
f 1220//1273 4454//4697 1219//1272
f 1219//1272 4454//4697 4455//4698
f 1219//1272 4455//4698 1217//1270
f 1217//1270 4455//4698 4456//4699
f 1217//1270 4456//4699 1215//1268
f 1215//1268 4456//4699 4457//4700
f 1215//1268 4457//4700 1216//1269
f 1216//1269 4457//4700 4458//4701
f 1216//1269 4458//4701 1213//1266
f 1213//1266 4458//4701 4459//4702
f 1213//1266 4459//4702 1211//1264
f 1211//1264 4459//4702 1210//1263
f 1210//1263 4459//4702 4460//4703
f 1210//1263 4460//4703 1208//1261
f 1208//1261 4460//4703 4461//4704
f 1208//1261 4461//4704 1122//1156
f 1122//1156 4461//4704 4462//4705
f 1122//1156 4462//4705 1123//1157
f 1123//1157 4462//4705 4463//4706
f 1123//1157 4463//4706 1205//1258
f 1205//1258 4463//4706 4464//4707
f 1205//1258 4464//4707 1206//1259
f 2627//2685 2670//2728 4465//4708
f 4465//4708 2670//2728 2662//2720
f 4465//4708 2662//2720 4466//4709
f 4466//4709 2662//2720 2664//2722
f 4466//4709 2664//2722 4467//4710
f 4467//4710 2664//2722 2668//2726
f 4467//4710 2668//2726 4468//4711
f 4468//4711 2668//2726 2667//2725
f 4468//4711 2667//2725 4469//4712
f 4469//4712 2667//2725 2666//2724
f 4469//4712 2666//2724 4470//4713
f 4470//4713 2666//2724 2665//2723
f 4470//4713 2665//2723 4471//4714
f 4471//4714 2665//2723 2663//2721
f 4471//4714 2663//2721 4472//4715
f 4472//4715 2663//2721 2669//2727
f 4472//4715 2669//2727 4473//4716
f 4473//4716 2669//2727 2650//2708
f 4473//4716 2650//2708 4474//4717
f 4474//4717 2650//2708 2649//2707
f 4474//4717 2649//2707 4475//4718
f 4475//4718 2649//2707 2648//2706
f 4475//4718 2648//2706 4476//4719
f 4476//4719 2648//2706 2647//2705
f 4476//4719 2647//2705 4477//4720
f 4477//4720 2647//2705 2646//2704
f 4477//4720 2646//2704 4478//4721
f 4478//4721 2646//2704 2645//2703
f 4478//4721 2645//2703 4479//4722
f 4479//4722 2645//2703 2632//2690
f 4479//4722 2632//2690 4480//4723
f 4480//4723 2632//2690 2631//2689
f 4480//4723 2631//2689 4481//4724
f 4481//4724 2631//2689 2641//2699
f 4481//4724 2641//2699 4482//4725
f 4482//4725 2641//2699 2661//2719
f 4482//4725 2661//2719 4483//4726
f 4483//4726 2661//2719 2660//2718
f 4483//4726 2660//2718 4484//4727
f 4484//4727 2660//2718 2626//2684
f 4484//4727 2626//2684 4485//4728
f 4485//4728 2626//2684 2625//2683
f 4485//4728 2625//2683 4486//4729
f 4486//4729 2625//2683 2630//2688
f 4486//4729 2630//2688 4487//4730
f 4487//4730 2630//2688 2644//2702
f 4487//4730 2644//2702 4488//4731
f 4488//4731 2644//2702 2623//2681
f 4488//4731 2623//2681 4489//4732
f 4489//4732 2623//2681 2622//2680
f 4489//4732 2622//2680 4490//4733
f 4490//4733 2622//2680 2640//2698
f 4490//4733 2640//2698 4491//4734
f 4491//4734 2640//2698 2659//2717
f 4491//4734 2659//2717 4492//4735
f 4492//4735 2659//2717 2656//2714
f 4492//4735 2656//2714 4493//4736
f 4493//4736 2656//2714 2658//2716
f 4493//4736 2658//2716 4494//4737
f 4494//4737 2658//2716 2657//2715
f 4494//4737 2657//2715 4495//4738
f 4495//4738 2657//2715 2655//2713
f 4495//4738 2655//2713 4496//4739
f 4496//4739 2655//2713 2654//2712
f 4496//4739 2654//2712 4497//4740
f 4497//4740 2654//2712 2624//2682
f 4497//4740 2624//2682 4498//4741
f 4498//4741 2624//2682 2643//2701
f 4498//4741 2643//2701 4499//4742
f 4499//4742 2643//2701 2642//2700
f 4499//4742 2642//2700 4500//4743
f 4500//4743 2642//2700 2639//2697
f 4500//4743 2639//2697 4501//4744
f 4501//4744 2639//2697 2638//2696
f 4501//4744 2638//2696 4502//4745
f 4502//4745 2638//2696 2637//2695
f 4502//4745 2637//2695 4503//4746
f 4503//4746 2637//2695 2636//2694
f 4503//4746 2636//2694 4504//4747
f 4504//4747 2636//2694 2635//2693
f 4504//4747 2635//2693 4505//4748
f 4505//4748 2635//2693 2634//2692
f 4505//4748 2634//2692 4506//4749
f 4506//4749 2634//2692 2633//2691
f 4506//4749 2633//2691 4507//4750
f 4507//4750 2633//2691 2653//2711
f 4507//4750 2653//2711 4508//4751
f 4508//4751 2653//2711 2652//2710
f 4508//4751 2652//2710 4509//4752
f 4509//4752 2652//2710 2651//2709
f 4509//4752 2651//2709 4510//4753
f 4510//4753 2651//2709 2672//2730
f 4510//4753 2672//2730 4511//4754
f 4511//4754 2672//2730 2671//2729
f 4511//4754 2671//2729 4512//4755
f 4512//4755 2671//2729 2629//2687
f 4512//4755 2629//2687 4513//4756
f 4513//4756 2629//2687 2628//2686
f 4513//4756 2628//2686 4514//4757
f 4514//4757 2628//2686 2627//2685
f 4514//4757 2627//2685 4465//4708
f 4466//4709 4515//4758 4465//4708
f 4465//4708 4515//4758 4464//4707
f 4465//4708 4464//4707 4514//4757
f 4514//4757 4464//4707 4463//4706
f 4514//4757 4463//4706 4513//4756
f 4513//4756 4463//4706 4462//4705
f 4513//4756 4462//4705 4512//4755
f 4512//4755 4462//4705 4461//4704
f 4512//4755 4461//4704 4511//4754
f 4511//4754 4461//4704 4460//4703
f 4511//4754 4460//4703 4510//4753
f 4510//4753 4460//4703 4459//4702
f 4510//4753 4459//4702 4509//4752
f 4509//4752 4459//4702 4458//4701
f 4509//4752 4458//4701 4508//4751
f 4508//4751 4458//4701 4457//4700
f 4508//4751 4457//4700 4507//4750
f 4507//4750 4457//4700 4456//4699
f 4507//4750 4456//4699 4506//4749
f 4506//4749 4456//4699 4455//4698
f 4506//4749 4455//4698 4505//4748
f 4505//4748 4455//4698 4454//4697
f 4505//4748 4454//4697 4504//4747
f 4504//4747 4454//4697 4453//4696
f 4504//4747 4453//4696 4503//4746
f 4503//4746 4453//4696 4452//4695
f 4503//4746 4452//4695 4502//4745
f 4502//4745 4452//4695 4451//4694
f 4502//4745 4451//4694 4501//4744
f 4501//4744 4451//4694 4450//4693
f 4501//4744 4450//4693 4500//4743
f 4500//4743 4450//4693 4449//4692
f 4500//4743 4449//4692 4499//4742
f 4499//4742 4449//4692 4448//4691
f 4499//4742 4448//4691 4498//4741
f 4498//4741 4448//4691 4438//4681
f 4498//4741 4438//4681 4497//4740
f 4497//4740 4438//4681 4439//4682
f 4497//4740 4439//4682 4496//4739
f 4496//4739 4439//4682 4440//4683
f 4496//4739 4440//4683 4495//4738
f 4495//4738 4440//4683 4441//4684
f 4495//4738 4441//4684 4494//4737
f 4494//4737 4441//4684 4442//4685
f 4494//4737 4442//4685 4493//4736
f 4493//4736 4442//4685 4443//4686
f 4493//4736 4443//4686 4492//4735
f 4492//4735 4443//4686 4444//4687
f 4492//4735 4444//4687 4491//4734
f 4491//4734 4444//4687 4445//4688
f 4491//4734 4445//4688 4490//4733
f 4490//4733 4445//4688 4446//4689
f 4490//4733 4446//4689 4489//4732
f 4489//4732 4446//4689 4447//4690
f 4489//4732 4447//4690 4488//4731
f 4488//4731 4447//4690 4437//4680
f 4488//4731 4437//4680 4487//4730
f 4487//4730 4437//4680 4432//4675
f 4487//4730 4432//4675 4486//4729
f 4486//4729 4432//4675 4433//4676
f 4486//4729 4433//4676 4485//4728
f 4485//4728 4433//4676 4434//4677
f 4485//4728 4434//4677 4484//4727
f 4484//4727 4434//4677 4435//4678
f 4484//4727 4435//4678 4483//4726
f 4483//4726 4435//4678 4436//4679
f 4483//4726 4436//4679 4482//4725
f 4482//4725 4436//4679 4431//4674
f 4482//4725 4431//4674 4481//4724
f 4481//4724 4431//4674 4417//4660
f 4481//4724 4417//4660 4480//4723
f 4480//4723 4417//4660 4418//4661
f 4480//4723 4418//4661 4479//4722
f 4479//4722 4418//4661 4419//4662
f 4479//4722 4419//4662 4478//4721
f 4478//4721 4419//4662 4420//4663
f 4478//4721 4420//4663 4477//4720
f 4477//4720 4420//4663 4421//4664
f 4477//4720 4421//4664 4476//4719
f 4476//4719 4421//4664 4422//4665
f 4476//4719 4422//4665 4475//4718
f 4475//4718 4422//4665 4423//4666
f 4475//4718 4423//4666 4474//4717
f 4474//4717 4423//4666 4424//4667
f 4474//4717 4424//4667 4473//4716
f 4473//4716 4424//4667 4425//4668
f 4473//4716 4425//4668 4472//4715
f 4472//4715 4425//4668 4426//4669
f 4472//4715 4426//4669 4471//4714
f 4471//4714 4426//4669 4427//4670
f 4471//4714 4427//4670 4470//4713
f 4470//4713 4427//4670 4428//4671
f 4470//4713 4428//4671 4469//4712
f 4469//4712 4428//4671 4429//4672
f 4469//4712 4429//4672 4468//4711
f 4468//4711 4429//4672 4430//4673
f 4468//4711 4430//4673 4467//4710
f 4467//4710 4430//4673 4516//4759
f 4467//4710 4516//4759 4466//4709
f 4466//4709 4516//4759 4515//4758
f 1270//1324 1271//1325 4430//4673
f 4430//4673 1271//1325 1263//1317
f 4430//4673 1263//1317 4516//4759
f 4516//4759 1263//1317 1274//1328
f 4516//4759 1274//1328 4515//4758
f 4515//4758 1274//1328 1273//1327
f 4515//4758 1273//1327 4464//4707
f 4464//4707 1273//1327 1272//1326
f 4464//4707 1272//1326 1206//1259
