# Blender 5.1.1
# www.blender.org
mtllib Gallbladder.mtl
o gallbladder
v -7.394882 -12.338730 -6.450775
v -8.039520 -11.977798 -5.649231
v -8.346924 -12.193085 -6.192993
v -6.455872 -12.162491 -6.312561
v -7.183212 -11.924149 -5.588135
v -6.341827 -11.847458 -5.719055
v -8.186310 -12.559647 -7.158264
v -8.989212 -12.137390 -6.385712
v -9.209915 -12.272079 -6.992828
v -7.174530 -12.685379 -7.298615
v -6.471329 -12.501221 -7.092560
v -5.830917 -11.955765 -6.229340
v -5.649399 -12.189926 -6.937134
v -5.280563 -11.869812 -6.529358
v -8.968201 -12.555786 -7.922424
v -9.806335 -12.099808 -7.285614
v -9.943085 -12.156113 -8.134338
v -8.061569 -12.851608 -8.130005
v -7.350296 -12.882278 -7.979004
v -6.539734 -12.775574 -7.894592
v -5.748047 -12.495941 -7.781799
v -4.957550 -11.940552 -7.070160
v -5.003616 -12.142960 -7.688354
v -4.460068 -11.811050 -7.534149
v -9.160980 -12.576675 -8.926453
v -9.963028 -12.182693 -9.142548
v -8.304016 -12.856186 -8.837372
v -7.483353 -12.978470 -8.775970
v -6.700592 -12.921204 -8.674835
v -5.900208 -12.686981 -8.621979
v -5.079422 -12.311188 -8.545227
v -4.313110 -11.880188 -8.341003
v -9.215866 -12.504623 -9.793335
v -9.790451 -12.193893 -9.959137
v -8.445679 -12.759232 -9.685272
v -7.642548 -12.913361 -9.561798
v -6.841980 -12.898407 -9.475189
v -6.150375 -12.765396 -9.327759
v -5.300339 -12.392868 -9.543182
v -4.372147 -11.947327 -9.328094
v -9.262192 -12.356827 -10.417084
v -8.944809 -12.272583 -10.948090
v -8.547363 -12.540283 -10.538239
v -7.720474 -12.709579 -10.372559
v -7.026672 -12.771286 -10.162384
v -6.070847 -12.518051 -10.306335
v -5.120316 -12.145462 -10.466797
v -4.545120 -11.943680 -10.164520
v -8.392075 -12.305084 -11.236969
v -7.930618 -12.095627 -11.720734
v -7.765625 -12.412704 -11.150024
v -6.854996 -12.429428 -11.009979
v -5.976807 -12.157532 -11.262726
v -5.365799 -12.040695 -11.066376
v -7.127609 -12.032700 -11.838165
v -6.309814 -11.971024 -11.781982
v -1.563049 -9.793747 1.582993
v -2.123154 -9.371933 2.360931
v -2.477997 -9.623322 1.907669
v -0.630356 -9.710831 1.685257
v -1.344330 -9.347275 2.390381
v -0.591095 -9.363190 2.319382
v -5.506531 -10.073685 0.635193
v -5.994110 -9.553299 1.347382
v -6.372803 -9.789047 0.847092
v -4.465439 -10.080307 0.812790
v -5.215897 -9.617874 1.508194
v -3.446838 -10.072739 0.928101
v -4.255188 -9.653793 1.666504
v -2.343430 -10.053146 1.028824
v -3.278366 -9.646896 1.802139
v -1.352661 -10.201935 0.716492
v -0.587646 -10.119873 0.851227
v -0.023392 -9.581848 1.856705
v 0.375687 -9.980530 1.012589
v 1.499283 -9.950928 0.853592
v 0.738724 -9.580597 1.725906
v 2.488052 -9.865158 0.757889
v 1.690231 -9.526047 1.621857
v 3.369278 -9.740860 0.694595
v 2.646103 -9.456284 1.489716
v 3.418213 -9.421997 1.288879
v -7.385422 -10.142075 -0.273743
v -7.807327 -9.531082 0.353119
v -8.179138 -9.727158 -0.140594
v -6.301926 -10.237045 -0.004242
v -7.098297 -9.668472 0.608765
v -5.361435 -10.423447 -0.221375
v -4.583862 -10.402924 -0.061035
v -3.612976 -10.397507 0.029343
v -2.589905 -10.403503 0.072357
v -1.572968 -10.441437 0.027740
v -0.617233 -10.461884 -0.015594
v 0.336014 -10.418182 0.014542
v 1.354080 -10.356979 -0.001434
v 2.378571 -10.275589 -0.065643
v 3.354675 -10.136261 -0.105865
v 3.980301 -9.580063 0.753571
v 4.319427 -9.906570 -0.069000
v 5.298798 -9.759827 -0.310974
v 4.716278 -9.526047 0.493484
v 5.469849 -9.460709 0.181335
v -9.171280 -9.879318 -1.219543
v -9.357758 -9.151932 -0.643524
v -9.826004 -9.062195 -1.030670
v -8.167740 -10.202637 -0.938477
v -8.835037 -9.384674 -0.405762
v -7.284119 -10.511398 -1.124329
v -6.515076 -10.530075 -0.953918
v -5.577713 -10.568649 -0.917511
v -4.653519 -10.595016 -0.919464
v -3.712982 -10.599670 -0.879395
v -2.720444 -10.616562 -0.857910
v -1.710327 -10.650085 -0.868500
v -0.710007 -10.686935 -0.899261
v 0.280304 -10.700775 -0.919678
v 1.282227 -10.680634 -0.934631
v 2.294571 -10.622910 -0.962982
v 3.291656 -10.510635 -0.992584
v 4.261108 -10.329514 -1.006958
v 5.200745 -10.104477 -1.047180
v 5.924210 -9.588028 -0.378296
v 6.083405 -9.834641 -1.076447
v 6.460770 -9.535812 -0.734406
v -9.971985 -9.812576 -1.900482
v -10.316315 -9.081345 -1.481110
v -10.800339 -9.093781 -2.074707
v -9.205307 -10.381363 -2.071472
v -8.440933 -10.531616 -1.885437
v -7.517120 -10.667511 -1.832672
v -6.604095 -10.714783 -1.824554
v -5.681793 -10.700211 -1.796875
v -4.728638 -10.690094 -1.798981
v -3.763596 -10.694931 -1.805939
v -2.779343 -10.717850 -1.810547
v -1.777481 -10.758652 -1.824432
v -0.771057 -10.807877 -1.848511
v 0.232727 -10.849823 -1.873505
v 1.235733 -10.868225 -1.892456
v 2.238358 -10.848892 -1.907349
v 3.230484 -10.775497 -1.918915
v 4.198792 -10.632111 -1.923645
v 5.132355 -10.416489 -1.923157
v 6.007843 -10.140701 -1.909668
v 6.780945 -9.631546 -1.282898
v 6.763138 -9.834656 -1.878357
v 7.286438 -9.516800 -1.746216
v -10.510147 -10.107071 -2.959015
v -11.216171 -9.490646 -2.892426
v -9.552887 -10.551086 -2.798523
v -8.636566 -10.808197 -2.769775
v -7.672073 -10.891724 -2.735016
v -6.686356 -10.876175 -2.722015
v -5.716125 -10.811295 -2.723053
v -4.747940 -10.751251 -2.737305
v -3.771866 -10.726227 -2.761871
v -2.786255 -10.738831 -2.787323
v -1.790802 -10.779190 -2.811859
v -0.789627 -10.833237 -2.836578
v 0.211777 -10.886551 -2.858582
v 1.209839 -10.925385 -2.872528
v 2.201004 -10.935165 -2.875610
v 3.178345 -10.898438 -2.868530
v 4.131302 -10.796494 -2.852661
v 5.054565 -10.613113 -2.833740
v 5.943924 -10.343414 -2.800232
v 6.768814 -9.999847 -2.712555
v 7.478180 -9.588181 -2.515594
v -11.273590 -9.999084 -3.759857
v -11.555878 -9.368225 -3.185699
v -11.844635 -9.174637 -3.558289
v -10.513718 -10.606689 -3.868134
v -9.816849 -10.827377 -3.663727
v -8.896774 -11.064743 -3.641479
v -7.830948 -11.175461 -3.702515
v -6.736740 -11.112228 -3.705811
v -5.709122 -10.965591 -3.695312
v -4.718765 -10.830170 -3.712708
v -3.737717 -10.746841 -3.745605
v -2.755005 -10.723465 -3.781555
v -1.768112 -10.745651 -3.813904
v -0.778229 -10.791382 -3.840454
v 0.211807 -10.841125 -3.858765
v 1.197800 -10.881363 -3.863708
v 2.173645 -10.900833 -3.851288
v 3.130447 -10.885529 -3.821594
v 4.060699 -10.815582 -3.781219
v 4.948212 -10.676071 -3.730347
v 5.820908 -10.433273 -3.713715
v 6.698929 -10.080154 -3.653595
v 7.521088 -9.641342 -3.463379
v -11.904373 -9.687347 -4.532959
v -12.198914 -8.833267 -4.026794
v -12.391464 -8.829193 -4.786285
v -11.333054 -10.433640 -4.724976
v -10.739777 -10.782410 -4.561676
v -9.967972 -11.117920 -4.496033
v -9.217621 -11.282333 -4.363129
v -8.160629 -11.543991 -4.715027
v -6.778259 -11.500854 -4.821045
v -5.667313 -11.224884 -4.720673
v -4.659012 -10.980698 -4.716400
v -3.676224 -10.806580 -4.745972
v -2.700928 -10.716721 -4.782684
v -1.727768 -10.696548 -4.815491
v -0.755920 -10.716507 -4.839813
v 0.214539 -10.748001 -4.853149
v 1.182877 -10.772751 -4.849365
v 2.141464 -10.782623 -4.818542
v 3.079300 -10.767715 -4.762604
v 3.977676 -10.716034 -4.684052
v 4.854843 -10.592636 -4.621002
v 5.594193 -10.440170 -4.476837
v 6.487518 -10.059921 -4.694794
v 7.432251 -9.596924 -4.452423
v -12.158478 -9.760605 -5.579620
v -12.633148 -8.766251 -5.780304
v -11.556183 -10.487473 -5.447662
v -10.859909 -11.010635 -5.378601
v -10.179733 -11.298813 -5.206635
v -9.130432 -11.695053 -5.393219
v -5.557007 -11.604858 -5.765656
v -4.587128 -11.232986 -5.736664
v -3.610748 -10.939590 -5.756470
v -2.644333 -10.752792 -5.782562
v -1.688416 -10.663559 -5.805176
v -0.740494 -10.637756 -5.819214
v 0.200409 -10.637421 -5.821533
v 1.140778 -10.633240 -5.811584
v 2.085876 -10.614975 -5.771271
v 3.005081 -10.587875 -5.674805
v 3.903046 -10.523026 -5.575256
v 4.671967 -10.454193 -5.391968
v 5.689636 -10.148514 -5.522003
v 6.668182 -9.750061 -5.623413
v 7.247025 -9.527054 -5.291534
v -12.321426 -9.851746 -6.633331
v -12.918869 -8.764954 -6.904785
v -11.647415 -10.644913 -6.395599
v -11.020966 -11.117645 -6.118896
v -10.023926 -11.692566 -6.235199
v -4.551270 -11.578751 -6.744446
v -3.576218 -11.151367 -6.781708
v -2.608704 -10.843857 -6.782135
v -1.667923 -10.663498 -6.779175
v -0.746536 -10.573517 -6.770325
v 0.161209 -10.527786 -6.753906
v 1.051315 -10.491623 -6.721008
v 1.964935 -10.428467 -6.704224
v 2.924850 -10.356537 -6.604248
v 3.730042 -10.331406 -6.341431
v 4.777359 -10.095963 -6.422668
v 5.782928 -9.777359 -6.520782
v 6.408600 -9.639908 -6.241699
v -12.411438 -9.989273 -7.744415
v -12.989807 -9.093063 -8.050354
v -11.668365 -10.816086 -7.481415
v -10.750778 -11.506973 -7.145111
v -3.635056 -11.421356 -7.876923
v -2.614029 -10.969772 -7.797699
v -1.681351 -10.691971 -7.741913
v -0.782852 -10.527420 -7.696167
v 0.086029 -10.429825 -7.641876
v 0.953735 -10.344910 -7.603210
v 1.717651 -10.288467 -7.470917
v 2.699341 -10.081329 -7.676147
v 3.894257 -9.982361 -7.281555
v 4.836594 -9.704544 -7.403656
v 5.475494 -9.619186 -7.135956
v -12.431931 -10.065002 -8.834412
v -12.998566 -9.127090 -9.057434
v -11.668106 -10.898819 -8.629456
v -10.821503 -11.602951 -8.362976
v -3.515244 -11.479752 -9.094971
v -2.633347 -11.053726 -8.845337
v -1.729721 -10.717926 -8.703156
v -0.862625 -10.492172 -8.594879
v -0.003036 -10.330582 -8.521088
v 0.753922 -10.236038 -8.361359
v 1.775787 -10.016983 -8.516357
v 2.802536 -9.743637 -8.647980
v 3.636841 -9.639496 -8.330353
v 4.477966 -9.540085 -8.011932
v -12.436935 -9.955231 -9.824860
v -12.970047 -9.040726 -9.953766
v -11.658875 -10.810455 -9.729950
v -10.662033 -11.634918 -9.622253
v -3.641373 -11.452118 -10.251831
v -2.680389 -11.038895 -9.888580
v -1.817337 -10.703949 -9.648682
v -0.960770 -10.433609 -9.497162
v -0.205841 -10.264587 -9.292664
v 0.812653 -9.998032 -9.410370
v 1.815094 -9.701523 -9.525787
v 2.454880 -9.609619 -9.266663
v -12.485077 -9.621872 -10.639984
v -12.914688 -8.964447 -10.521759
v -11.704025 -10.488831 -10.714783
v -10.752701 -11.269608 -10.714630
v -9.723618 -11.937149 -10.741272
v -4.400635 -11.577057 -11.168640
v -3.417969 -11.130615 -11.184174
v -2.737930 -10.908340 -10.838287
v -1.914536 -10.606384 -10.574707
v -1.169296 -10.379852 -10.294647
v -0.159027 -10.035019 -10.349548
v 0.840515 -9.691727 -10.433197
v 1.492142 -9.573471 -10.153442
v -12.722488 -8.797653 -11.136963
v -12.295593 -8.926865 -11.998108
v -11.832779 -9.866592 -11.622345
v -10.821701 -10.778793 -11.675293
v -9.788391 -11.412048 -11.699799
v -8.743912 -11.898514 -11.673370
v -5.322296 -11.568069 -12.004669
v -4.328064 -11.143845 -12.141510
v -3.607361 -10.957504 -11.891815
v -2.810852 -10.688339 -11.675293
v -2.112350 -10.487381 -11.360046
v -1.129196 -10.091339 -11.331970
v -0.147278 -9.710098 -11.367188
v 0.505005 -9.573425 -11.071991
v -11.683762 -9.459641 -12.504150
v -12.083633 -8.858566 -12.502777
v -10.893372 -10.182144 -12.546722
v -9.868362 -10.801773 -12.617126
v -8.788025 -11.253860 -12.614410
v -7.628967 -11.540771 -12.528229
v -6.303146 -11.431580 -12.619965
v -5.366364 -11.064911 -12.914612
v -4.621613 -10.885254 -12.819183
v -3.760239 -10.627747 -12.680115
v -3.029510 -10.488800 -12.362732
v -2.078308 -10.093597 -12.306152
v -1.126740 -9.694733 -12.311371
v -0.484665 -9.569199 -12.005615
v -11.788696 -8.699127 -13.005646
v -11.312363 -8.890182 -13.480469
v -11.080978 -9.462051 -13.200409
v -10.032318 -9.985184 -13.507080
v -8.919647 -10.567780 -13.483795
v -7.842636 -10.821487 -13.478333
v -6.738190 -10.853073 -13.483917
v -5.707291 -10.712204 -13.513092
v -4.937912 -10.593506 -13.425171
v -4.087112 -10.187927 -13.549622
v -2.967133 -10.003876 -13.158081
v -2.102036 -9.610733 -13.212341
v -1.470642 -9.506577 -12.928864
v -10.733856 -8.775024 -14.005035
v -9.763931 -9.410248 -14.277069
v -9.198975 -9.204514 -14.747467
v -9.036789 -9.867859 -14.227722
v -8.066071 -10.110779 -14.261566
v -7.034912 -10.196121 -14.272644
v -6.014267 -10.143784 -14.250336
v -4.966721 -10.006668 -14.148346
v -4.123001 -9.573990 -14.338074
v -3.307632 -9.472183 -14.079926
v -2.483643 -9.375107 -13.783142
v -8.374283 -9.304031 -14.920441
v -7.336685 -9.430588 -14.989319
v -6.343781 -9.488922 -14.953735
v -5.396301 -9.387985 -14.909607
v -4.585068 -9.265366 -14.822052
v -0.528473 -7.295166 6.493927
v -1.082993 -6.800400 7.240173
v -1.439026 -7.012222 6.732712
v 0.504349 -7.321320 6.634369
v -0.288513 -6.854919 7.378342
v 1.477554 -7.324600 6.679031
v 0.682358 -6.904846 7.471344
v 2.423965 -7.290802 6.662125
v 1.655045 -6.927628 7.478256
v 3.286026 -7.210938 6.624207
v 2.598709 -6.921692 7.396866
v 3.351822 -6.922211 7.214630
v -2.479813 -7.411499 5.573792
v -2.983948 -6.802063 6.271027
v -3.358795 -7.035461 5.720398
v -1.331924 -7.491089 5.852692
v -2.213821 -6.916901 6.512741
v -0.357452 -7.724960 5.628540
v 0.414322 -7.705307 5.778000
v 1.354889 -7.694183 5.837280
v 2.315796 -7.651154 5.842499
v 3.264877 -7.552704 5.826782
v 3.890472 -7.075058 6.685028
v 4.222992 -7.359360 5.857849
v 5.207138 -7.211853 5.596451
v 4.619019 -7.010025 6.416672
v 5.368958 -6.928040 6.095245
v -4.429398 -7.498840 4.496475
v -4.840240 -6.728119 5.055984
v -5.184814 -7.009674 4.524017
v -3.335983 -7.623596 4.875000
v -4.098099 -6.906982 5.407089
v -2.404358 -7.943115 4.707123
v -1.579193 -7.952499 4.886459
v -0.600754 -8.012177 4.941299
v 0.333649 -8.051590 4.947479
v 1.262360 -8.038681 4.976730
v 2.228729 -7.994934 4.976501
v 3.204575 -7.904404 4.953873
v 4.177368 -7.751389 4.921280
v 5.140427 -7.546280 4.846741
v 5.835419 -7.034149 5.523193
v 6.059082 -7.275650 4.790390
v 6.396774 -6.972946 5.164886
v -5.286392 -7.697403 3.752167
v -5.566467 -6.935593 4.300308
v -6.022308 -6.858627 3.935837
v -4.404266 -8.148849 3.736694
v -3.664383 -8.160767 3.999252
v -2.757996 -8.283295 4.058731
v -1.784607 -8.401733 4.023636
v -0.785522 -8.416061 4.078201
v 0.192841 -8.403259 4.120071
v 1.162491 -8.382324 4.115753
v 2.148956 -8.335632 4.089371
v 3.147217 -8.247849 4.053314
v 4.141006 -8.106674 4.010605
v 5.119171 -7.905899 3.957642
v 6.065857 -7.640701 3.905518
v 6.788986 -7.068192 4.596878
v 6.970779 -7.308151 3.869110
v 7.354446 -6.975754 4.198654
v -6.301773 -7.710480 2.967590
v -6.514404 -6.772964 3.534393
v -6.979645 -6.533310 3.156357
v -5.462051 -8.455429 2.863937
v -4.685883 -8.576889 3.086578
v -3.834961 -8.662674 3.255707
v -3.102097 -8.640198 3.448380
v -2.163925 -8.880386 3.170151
v -0.947906 -8.921722 3.119186
v 0.063507 -8.811951 3.268082
v 1.037781 -8.757156 3.269684
v 2.054291 -8.705734 3.198578
v 3.092209 -8.614197 3.128494
v 4.113968 -8.466385 3.080811
v 5.116104 -8.265839 3.027969
v 6.088852 -8.000290 2.982788
v 7.013748 -7.665344 2.959335
v 7.710007 -7.054138 3.631882
v 7.781662 -7.293457 3.000641
v 8.284088 -6.919601 3.162109
v -7.341339 -7.490707 2.118195
v -7.571548 -5.894150 2.774582
v -8.105713 -5.691772 2.134995
v -6.619339 -8.368637 2.189423
v -5.934235 -8.904068 2.117569
v -4.956207 -9.109268 2.310242
v -4.024490 -9.163971 2.484940
v -3.014801 -9.157166 2.654129
v 0.018799 -9.236862 2.472092
v 0.901871 -9.166718 2.466583
v 1.889664 -9.107651 2.375122
v 3.033234 -9.059143 2.143524
v 4.090378 -8.864212 2.138901
v 5.122467 -8.653763 2.065414
v 6.122437 -8.371063 2.023773
v 7.090271 -8.017120 1.996567
v 8.062042 -7.555634 2.001755
v 8.610107 -7.050186 2.404434
v -8.429703 -7.174057 1.126038
v -8.693787 -5.035416 1.523041
v -9.108368 -5.758438 0.719955
v -7.689026 -8.732285 1.034607
v -6.760300 -9.020248 1.490585
v 4.062302 -9.263550 1.318710
v 5.126831 -9.120117 1.044113
v 6.160309 -8.780045 1.035385
v 7.136444 -8.394943 1.012726
v 8.079681 -7.935593 1.004181
v 8.897812 -7.194382 1.662094
v 8.888779 -7.447098 1.027908
v 9.427628 -6.984253 1.138535
v -9.372055 -7.842407 -0.113464
v -9.541000 -5.899338 0.127396
v -9.977829 -6.255096 -0.481262
v -8.434769 -8.849380 0.345871
v 6.229080 -9.238297 0.030533
v 7.176620 -8.799683 0.018112
v 8.123444 -8.289169 0.009079
v 9.087677 -7.651810 0.020798
v 9.660889 -7.038284 0.412537
v -10.410400 -8.003845 -1.135345
v -10.520508 -6.638031 -1.084778
v -10.881500 -7.271469 -1.431915
v 7.185593 -9.242340 -0.969727
v 8.121277 -8.663193 -0.992462
v 9.011414 -8.014374 -0.955536
v 9.875290 -7.089523 -0.316711
v 9.782745 -7.327225 -0.928436
v 10.309448 -6.675613 -0.823273
v -11.128098 -8.045258 -1.828247
v -11.212738 -7.207718 -1.803467
v -11.490479 -7.659470 -2.209106
v 8.074860 -9.042526 -2.054108
v 8.987473 -8.281860 -1.939972
v 9.766708 -7.486816 -1.800415
v 10.405319 -6.606155 -1.561096
v -11.564941 -8.625198 -2.687744
v -11.790512 -7.481689 -2.790802
v 8.244583 -9.123444 -3.178009
v 8.977371 -8.451401 -2.950989
v 9.737503 -7.600494 -2.772369
v 10.403748 -6.618942 -2.496887
v -12.059647 -8.282913 -3.377991
v -12.101028 -7.353165 -3.432922
v -12.346832 -7.996048 -4.058685
v 8.268753 -9.028168 -4.182770
v 8.900467 -8.531799 -3.802948
v 9.652939 -7.635590 -3.831970
v 10.337189 -6.609802 -3.452667
v -12.571945 -7.674545 -4.921722
v 8.124512 -8.799393 -5.326355
v 9.123474 -7.976135 -4.761230
v 9.875687 -7.037811 -4.662720
v 10.247665 -6.581497 -4.224243
v -12.904099 -7.402939 -6.019257
v 7.322052 -9.079605 -6.271881
v 8.220474 -8.277542 -6.288818
v 8.944687 -7.532501 -5.906494
v 9.739639 -6.612701 -5.445862
v -13.232025 -7.734360 -6.801636
v -13.192368 -6.894669 -6.640381
v -13.373856 -7.247391 -7.135651
v 6.409805 -9.191437 -7.174896
v 7.305267 -8.626846 -7.192841
v 7.885010 -8.278946 -6.907501
v 8.600281 -7.275497 -6.950470
v 9.550323 -5.714645 -6.539337
v -13.309204 -8.061569 -7.481384
v -13.433487 -7.045151 -7.783630
v 5.438843 -9.171661 -8.054810
v 6.346741 -8.718765 -8.074615
v 6.962219 -8.503738 -7.780518
v 7.768570 -7.731720 -7.766144
v 8.490463 -6.738678 -7.729431
v 8.994980 -6.039200 -7.402100
v -13.347305 -8.094193 -8.383545
v -13.482391 -6.828506 -8.697083
v 3.349289 -9.279282 -9.355499
v 4.486038 -9.096222 -8.889465
v 5.343231 -8.685211 -8.954224
v 5.974442 -8.536728 -8.664032
v 6.826141 -7.919205 -8.635040
v 7.614792 -7.139236 -8.571930
v 8.141388 -6.701050 -8.265747
v -13.336060 -8.020950 -9.344910
v -13.502319 -6.628174 -9.697662
v 2.450027 -9.192413 -10.214447
v 3.393250 -8.814392 -10.189240
v 4.140854 -8.661575 -9.856995
v 4.925995 -8.475510 -9.557739
v 5.822144 -7.917328 -9.536896
v 6.658218 -7.251602 -9.461090
v 7.237000 -6.954086 -9.127197
v -13.218384 -8.030472 -10.319519
v -13.418655 -6.822678 -10.473053
v 1.465393 -9.132645 -11.136902
v 2.415604 -8.676041 -11.142548
v 3.139679 -8.452835 -10.878662
v 3.861328 -8.271637 -10.593781
v 4.791458 -7.765350 -10.483002
v 5.665085 -7.179626 -10.384857
v 6.266266 -6.974442 -10.035553
v -13.142441 -7.472885 -11.063202
v -12.771912 -8.041061 -11.683868
v -12.977478 -6.718231 -11.716125
v 0.451736 -9.111984 -12.045502
v 1.367035 -8.575119 -12.122833
v 2.128510 -8.270676 -11.880432
v 2.874557 -8.046402 -11.578766
v 3.826248 -7.383530 -11.502502
v 4.729126 -6.881943 -11.334290
v 5.306030 -6.809937 -10.960327
v -12.440704 -7.871002 -12.403046
v -12.693024 -5.820511 -12.591431
v -0.538162 -9.028564 -12.948364
v 0.383728 -8.496933 -12.980682
v 0.988541 -8.337753 -12.718933
v 1.775162 -7.657394 -12.826874
v 2.853058 -7.107986 -12.447205
v 3.864014 -5.711624 -12.628052
v 4.468597 -6.275467 -11.930542
v -12.151825 -7.395035 -13.160278
v -11.594299 -8.110336 -13.612823
v -11.911942 -7.238327 -13.659637
v -1.562714 -8.887527 -13.829773
v -0.614990 -8.288437 -13.892151
v 0.044205 -8.170471 -13.573883
v 0.937332 -7.432510 -13.615295
v 1.738205 -6.828476 -13.594940
v 2.383484 -6.434372 -13.364380
v 3.091858 -5.716507 -13.236908
v -11.514374 -6.986481 -14.227570
v -10.639801 -7.758896 -14.778229
v -11.038254 -6.743469 -14.969879
v -9.889404 -8.628922 -14.778168
v -3.713486 -8.796783 -14.965729
v -2.522324 -8.692947 -14.574219
v -1.765030 -8.332275 -14.583221
v -1.077118 -7.777557 -14.671875
v 0.011826 -7.175293 -14.425201
v 0.995331 -5.731140 -14.665070
v 1.499207 -6.317490 -14.090973
v -10.564636 -7.101990 -15.264954
v -10.262848 -6.933975 -15.577545
v -10.009888 -7.666840 -15.327484
v -9.022736 -8.271744 -15.419128
v -7.716034 -8.404984 -15.722168
v -6.617691 -8.692276 -15.627594
v -5.774078 -8.816727 -15.483856
v -4.773987 -8.407028 -15.622162
v -3.791077 -7.966858 -15.733337
v -2.946106 -7.913620 -15.474457
v -1.935913 -7.684387 -15.239197
v -1.230652 -6.999146 -15.413910
v -0.526169 -6.491852 -15.290894
v 0.234802 -5.706421 -15.218445
v -9.633759 -6.674576 -16.059265
v -8.395615 -7.342239 -16.245392
v -7.543671 -7.494400 -16.410126
v -7.056290 -6.994980 -16.799377
v -6.825363 -7.794342 -16.287292
v -5.806793 -7.908020 -16.178467
v -4.979462 -7.451004 -16.409149
v -4.217529 -7.353424 -16.317261
v -3.343048 -7.123962 -16.223969
v -2.425980 -6.863617 -16.056671
v -1.668045 -6.680466 -15.862976
v -6.277542 -6.935776 -16.857697
v -5.468994 -6.950607 -16.813690
v 2.408356 -4.835037 11.405914
v 1.858261 -4.329147 12.147598
v 1.505905 -4.546265 11.653107
v 3.422913 -4.827866 11.512405
v 2.645798 -4.377899 12.265442
v 4.357559 -4.778458 11.510635
v 3.607407 -4.403076 12.308151
v 5.201996 -4.684494 11.448074
v 4.558380 -4.392258 12.219574
v 5.336548 -4.387741 11.983856
v 0.466187 -4.964401 10.522049
v -0.041534 -4.321518 11.189148
v -0.421417 -4.556519 10.650818
v 1.612183 -5.057831 10.789001
v 0.733017 -4.447037 11.434906
v 2.581650 -5.300293 10.546249
v 3.343399 -5.240433 10.670975
v 4.256577 -5.157166 10.700775
v 5.161865 -5.017090 10.684937
v 5.807816 -4.548645 11.437149
v 6.035477 -4.796982 10.695801
v 6.369507 -4.521530 11.092484
v -1.552048 -4.993988 9.434387
v -1.931717 -4.256332 9.992371
v -2.331985 -4.490005 9.455887
v -0.405548 -5.175278 9.823456
v -1.181808 -4.422104 10.333817
v 0.544235 -5.541321 9.684845
v 1.364197 -5.562576 9.854385
v 2.341629 -5.628098 9.869080
v 3.278366 -5.632736 9.836044
v 4.194885 -5.534317 9.838135
v 5.125305 -5.369064 9.820526
v 6.041229 -5.136353 9.798279
v 6.760208 -4.627533 10.519928
v 6.936768 -4.841599 9.778244
v 7.329559 -4.551178 10.112473
v -2.486481 -5.129761 8.662918
v -2.901596 -4.315018 9.152679
v -3.289642 -4.544815 8.593475
v -1.603882 -5.625351 8.667435
v -0.778046 -5.745255 8.896667
v 0.210129 -5.906876 9.020615
v 1.165970 -6.025848 9.045914
v 2.146027 -6.066788 9.031189
v 3.152786 -6.040390 8.983749
v 4.133698 -5.924179 8.948624
v 5.098343 -5.734192 8.911255
v 6.048767 -5.475662 8.877579
v 6.968613 -5.156143 8.858292
v 7.682968 -4.617065 9.533508
v 7.746002 -4.816193 8.895264
v 8.262939 -4.491043 9.050415
v -3.458679 -5.219650 7.780243
v -3.869385 -4.307907 8.236282
v -4.212738 -4.552231 7.687698
v -2.590683 -5.800735 7.841690
v -1.971527 -5.877975 8.152924
v -1.125656 -6.271133 8.026428
v -0.081070 -6.381241 8.210037
v 0.909485 -6.464584 8.272842
v 1.904922 -6.509903 8.236115
v 3.021347 -6.530258 8.040604
v 4.062698 -6.351013 8.039551
v 5.073914 -6.133957 7.966995
v 6.060989 -5.838364 7.925995
v 7.029526 -5.479599 7.895294
v 8.018494 -5.034622 7.889359
v 8.588440 -4.585129 8.283279
v -4.358383 -5.234589 6.925125
v -4.588684 -4.408005 7.415695
v -5.023132 -4.275726 6.999969
v -3.667801 -5.773697 7.051468
v -2.972244 -6.208298 7.058304
v -1.936630 -6.438690 7.400040
v 3.993423 -6.767441 7.240494
v 5.045120 -6.606155 6.959518
v 6.079147 -6.245163 6.946274
v 7.062759 -5.846115 6.918442
v 8.026138 -5.389496 6.898209
v 8.878662 -4.691269 7.534424
v 8.864059 -4.921799 6.904861
v 9.435257 -4.496460 6.999191
v -5.229218 -5.026474 6.172592
v -5.499100 -4.196411 6.485931
v -5.989105 -4.204041 5.814178
v -4.686966 -6.066193 5.824936
v -3.762192 -6.318146 6.346252
v 6.140549 -6.693680 5.943817
v 7.105209 -6.252197 5.934143
v 8.077255 -5.749222 5.914352
v 9.080231 -5.142654 5.905533
v 9.681534 -4.564774 6.272751
v -5.647766 -5.973434 4.958206
v -6.410889 -4.819839 4.888947
v 7.150299 -6.699463 4.958237
v 8.110245 -6.159149 4.931595
v 9.044601 -5.544983 4.937668
v 9.916458 -4.652176 5.548462
v 9.855652 -4.918381 4.946762
v 10.407120 -4.350632 5.027100
v -6.633118 -5.689148 4.081299
v -6.788666 -4.601028 4.552231
v -7.146652 -4.292953 4.211121
v 8.131042 -6.620590 3.947845
v 9.107040 -5.918213 3.936218
v 9.947525 -5.161392 4.058441
v 10.588913 -4.387344 4.292007
v -7.340332 -5.132233 3.486557
v -7.612061 -3.767349 3.773178
v -7.955078 -4.158798 3.024063
v 9.140442 -6.393082 2.859756
v 10.162262 -5.388718 2.947983
v 10.755585 -4.528580 3.376892
v -8.476578 -3.787277 2.280823
v 9.417358 -6.678787 1.793228
v 10.137863 -5.854721 1.905701
v 10.943954 -4.590912 2.620026
v 10.862122 -4.910583 1.985748
v 11.328033 -4.094757 2.112442
v -8.840637 -3.128983 1.751328
v -9.043213 -4.037155 1.145447
v 10.152084 -6.269012 0.870956
v 10.881119 -5.147034 1.075729
v 11.420578 -4.049896 1.362106
v -9.699814 -5.196594 -0.049011
v -9.382263 -3.873276 0.421844
v 10.349091 -6.401581 -0.159393
v 10.929398 -5.338699 0.062851
v 11.472168 -4.109421 0.389542
v -10.856476 -6.081253 -1.623108
v -10.255386 -5.147919 -1.027100
v -9.787598 -4.333817 -0.374176
v 10.902130 -5.581802 -1.024658
v 11.485931 -4.155426 -0.632019
v -11.406784 -6.673782 -2.253693
v -11.069794 -5.281052 -2.335083
v -10.360947 -3.911133 -1.823944
v 10.953644 -5.482727 -2.124023
v 11.471573 -3.950912 -1.740387
v -11.686752 -6.053787 -3.132599
v -11.166245 -4.696793 -2.924438
v -10.751968 -4.044250 -2.561432
v 10.882553 -5.432800 -3.084259
v 11.274368 -4.295395 -2.643341
v -12.243256 -6.784286 -4.067139
v -11.923523 -5.417389 -4.092560
v -11.389709 -4.509186 -3.591187
v 10.743927 -5.261185 -4.108185
v 11.190002 -3.901520 -3.470154
v -12.415237 -6.027130 -5.052002
v -11.951859 -4.738480 -4.728302
v -11.588440 -4.264587 -4.256470
v 10.327927 -5.899338 -4.897400
v 10.717499 -4.419342 -5.000641
v 11.044434 -3.484879 -4.373779
v -12.780655 -5.618546 -6.285950
v -12.107361 -4.349503 -5.536194
v 10.267044 -4.975815 -5.737244
v 10.633301 -3.645172 -5.572083
v 10.887054 -2.916367 -5.095947
v -13.248749 -6.223648 -7.145905
v -12.932449 -4.786163 -7.204956
v -12.229401 -3.441696 -6.648010
v 10.091431 -4.518829 -6.340088
v 10.360764 -3.554092 -6.137085
v -13.315125 -5.524734 -8.026672
v -13.014511 -4.218582 -7.850647
v -12.678192 -3.616547 -7.444305
v 8.693008 -5.498871 -8.191956
v 9.357147 -4.555038 -7.509094
v 9.931046 -3.604630 -6.827271
v -13.457382 -5.434830 -9.043274
v -13.144165 -4.027252 -8.627747
v 7.902237 -5.947205 -9.002472
v 8.497406 -4.312698 -8.997284
v 9.068436 -3.657516 -8.317871
v -13.524063 -5.338638 -9.737061
v -13.330872 -4.259689 -9.539764
v 7.008804 -6.074280 -9.890594
v 7.792526 -4.360916 -9.852966
v 8.369843 -3.249725 -9.511536
v 8.797043 -2.807068 -8.985046
v -13.433487 -4.681198 -10.129425
v -13.507996 -5.740280 -10.282318
v 6.070450 -6.030197 -10.803101
v 6.895279 -4.417221 -10.797241
v 7.514740 -3.345337 -10.525818
v 8.000259 -2.745316 -10.070251
v -13.326950 -6.081131 -10.959564
v -13.096909 -4.745773 -11.482941
v 5.219360 -5.791153 -11.667206
v 5.982300 -4.407211 -11.680511
v 6.562744 -3.406815 -11.495178
v 7.074326 -2.866287 -11.092468
v -12.882324 -3.840164 -12.339478
v 4.667084 -5.249710 -12.362396
v 5.219040 -4.378098 -12.345551
v 5.638733 -3.502655 -12.317932
v 6.097702 -2.943253 -12.028748
v -12.227646 -6.094910 -13.550842
v -12.627930 -3.836884 -13.351196
v 2.062378 -5.821457 -14.016785
v 2.740036 -4.969574 -13.946777
v 3.575348 -4.035843 -13.643616
v 4.505386 -3.803024 -13.029236
v 5.195084 -3.244995 -12.717987
v -12.131241 -4.954453 -14.195679
v -11.544189 -5.511627 -14.899933
v -12.029968 -3.663284 -14.865479
v 1.711777 -5.308945 -14.484802
v 2.239395 -4.566559 -14.479340
v 2.688766 -3.993607 -14.423401
v 3.049652 -3.816681 -14.207123
v -11.461899 -4.474503 -15.443695
v -11.631226 -2.977402 -15.676483
v -10.763596 -5.907272 -15.607239
v -1.029617 -5.927536 -15.972687
v -0.181671 -4.844833 -15.979431
v 0.767853 -3.896408 -15.641235
v 1.689499 -3.732132 -15.041840
v 2.446121 -3.246231 -14.742188
v -11.023193 -4.135223 -16.093933
v -10.272156 -5.086197 -16.434753
v -9.514145 -5.363510 -16.877563
v -9.955811 -4.431000 -17.025543
v -8.707077 -6.129868 -16.851257
v -7.765213 -6.601456 -16.894073
v -4.667099 -6.423859 -17.024567
v -3.796890 -6.467667 -16.803589
v -2.942108 -5.838638 -16.892883
v -1.808975 -5.523758 -16.590057
v -0.905640 -4.544617 -16.613770
v -0.259735 -3.358215 -16.677917
v 0.237900 -3.530426 -16.266113
v -9.485138 -4.467682 -17.342010
v -9.118729 -3.955429 -17.725586
v -8.879837 -4.959259 -17.408356
v -7.992996 -5.387558 -17.480835
v -6.899612 -5.857544 -17.433167
v -5.648483 -5.813690 -17.491333
v -4.746887 -5.271286 -17.709290
v -3.867065 -5.338913 -17.479614
v -3.110489 -4.710388 -17.580750
v -2.363113 -4.434616 -17.388824
v -1.501556 -3.904922 -17.213440
v -0.854492 -3.350327 -17.084381
v -8.346313 -4.064728 -17.971741
v -7.314438 -4.346832 -18.116089
v -6.253235 -4.551926 -18.159424
v -5.267761 -4.391174 -18.216522
v -4.333191 -4.173782 -18.164703
v -3.571579 -4.154556 -17.989288
v 3.384689 -2.455704 15.273315
v 2.927261 -1.822372 15.961609
v 2.517838 -2.079300 15.477966
v 4.405685 -2.464676 15.399277
v 3.696533 -1.908356 16.093445
v 5.340073 -2.433884 15.426086
v 4.613342 -1.967545 16.171783
v 6.191452 -2.362717 15.410797
v 5.525803 -2.007370 16.142136
v 6.266022 -2.048050 15.991562
v 1.367905 -2.568878 14.307404
v 0.975830 -1.827606 14.884720
v 0.572174 -2.084824 14.342957
v 2.524017 -2.716278 14.656647
v 1.744736 -1.965683 15.207092
v 3.480896 -3.037811 14.471848
v 4.281387 -2.979980 14.593399
v 5.231354 -2.896713 14.626053
v 6.177902 -2.757523 14.623795
v 6.798904 -2.234970 15.478271
v 7.133865 -2.531372 14.659729
v 8.107407 -2.349747 14.405106
v 7.543106 -2.169510 15.211288
v 8.311981 -2.049454 14.879120
v 0.429031 -2.715149 13.540359
v -0.006744 -1.927841 14.042801
v -0.392563 -2.169510 13.474075
v 1.325592 -3.186249 13.547653
v 2.155807 -3.293747 13.760742
v 3.157562 -3.425507 13.840256
v 4.146744 -3.484940 13.795364
v 5.141159 -3.395096 13.768433
v 6.135559 -3.207458 13.751724
v 7.115768 -2.959076 13.721359
v 8.070160 -2.661850 13.661804
v 8.750870 -2.115494 14.307663
v 8.846649 -2.323349 13.681122
v 9.326935 -1.947479 13.878601
v -0.562057 -2.807846 12.643021
v -0.973068 -1.972565 13.129059
v -1.369781 -2.189484 12.541321
v 0.338654 -3.349854 12.724380
v 0.962540 -3.426376 13.040192
v 1.812485 -3.807159 12.914871
v 2.860336 -3.904587 13.063980
v 3.879700 -3.956711 13.046768
v 5.030380 -3.958588 12.818008
v 6.102051 -3.692001 12.828476
v 7.112762 -3.386475 12.793823
v 8.108597 -3.021622 12.746246
v 9.111511 -2.547897 12.726273
v 9.663742 -2.032410 13.125122
v -1.548157 -2.837051 11.727982
v -1.966690 -1.931931 12.168472
v -2.337387 -2.129608 11.618790
v -0.770630 -3.321854 11.910309
v -0.040741 -3.737503 11.948608
v 1.005554 -3.967499 12.302231
v 6.123535 -4.204453 11.859467
v 7.120316 -3.832352 11.839523
v 8.123459 -3.414078 11.792130
v 9.104797 -2.918198 11.757874
v 9.952972 -2.139832 12.389099
v 9.935593 -2.384293 11.765106
v 10.463821 -1.874023 11.872086
v -2.556198 -2.689606 10.901337
v -2.736526 -1.971649 11.341965
v -3.196518 -1.871658 10.907990
v -1.811081 -3.634079 10.703125
v -0.850510 -3.844971 11.234238
v 7.137466 -4.286728 10.876602
v 8.134827 -3.817825 10.820007
v 9.130844 -3.266800 10.783157
v 10.123093 -2.570297 10.776031
v 10.680267 -1.904602 11.156235
v -3.455841 -2.582474 10.046997
v -3.673737 -1.807388 10.421387
v -4.110886 -1.749115 9.938751
v -2.677231 -3.674423 9.913956
v 8.123779 -4.239456 9.841644
v 9.130936 -3.637070 9.792557
v 10.057541 -2.945816 9.813416
v 10.890106 -1.946426 10.437851
v 10.816406 -2.208771 9.834656
v 11.280396 -1.519836 9.938889
v -4.251419 -2.511917 9.194672
v -4.555008 -1.731155 9.407059
v -5.033722 -1.787796 8.735855
v -3.606873 -3.647018 9.032791
v 9.135254 -4.032288 8.734436
v 10.086227 -3.239960 8.827820
v 10.847656 -2.407364 8.967529
v 11.390869 -1.491196 9.203705
v -4.652283 -3.464859 8.012283
v -5.438019 -2.342850 7.813721
v 9.430466 -4.236603 7.656769
v 10.192535 -3.495636 7.777222
v 10.938660 -2.592422 7.987732
v 11.480484 -1.605667 8.266296
v -5.656036 -3.158356 6.964539
v -5.829132 -2.126678 7.431168
v -6.223145 -1.852814 7.028702
v 10.229782 -3.857346 6.702530
v 11.115677 -2.697906 6.863556
v 11.583511 -1.756912 7.351151
v -6.444336 -2.624283 6.188461
v -6.743805 -1.383072 6.523941
v -7.082245 -1.637665 5.802704
v 10.433228 -4.053741 5.668961
v 11.079178 -3.101944 5.804825
v 11.726730 -1.709595 6.623566
v 11.659180 -1.977646 5.941803
v 11.982285 -0.876373 6.181198
v -6.873398 -3.384933 5.094757
v -7.466965 -1.773376 5.056824
v 11.067032 -3.490005 4.763824
v 11.646179 -2.214828 5.003647
v 11.981430 -0.968246 5.293930
v -7.505478 -2.840317 4.404892
v -7.812347 -1.483505 4.590881
v -8.011276 -2.122421 3.864670
v 11.259583 -3.569885 3.678726
v 11.688675 -2.395172 3.997665
v 11.985352 -1.087280 4.331284
v -8.410812 -2.199722 3.001404
v 11.359131 -3.758408 2.764389
v 11.750595 -2.565369 2.982254
v 12.000183 -1.203445 3.331436
v -8.719452 -2.022156 2.363708
v 11.749954 -2.905930 1.922363
v 12.009399 -1.340561 2.302429
v -8.907867 -1.516220 1.967834
v -9.072556 -1.909042 1.319489
v 11.841431 -2.837692 0.806946
v 12.027039 -1.444946 1.253708
v -9.210724 -1.324371 0.635727
v 11.867126 -2.844223 -0.201019
v 12.049377 -1.497635 0.237579
v -9.869400 -3.202988 -1.025757
v -9.412354 -1.806503 -0.243439
v 11.850647 -2.831375 -1.118896
v 12.030167 -1.487686 -0.748352
v -9.879211 -2.567596 -1.534851
v -9.460434 -1.099152 -1.295074
v 11.805878 -2.558609 -1.797852
v 11.965729 -1.867264 -1.432068
v -10.816162 -3.483261 -3.229614
v -10.287918 -2.716537 -2.688141
v -9.820557 -1.887863 -2.076660
v 11.522324 -2.461792 -2.628235
v 11.824844 -1.615952 -1.925537
v -11.011002 -3.046432 -4.159241
v -10.251862 -1.803177 -3.642242
v 11.252365 -2.222153 -3.770477
v -11.545410 -3.550964 -4.895142
v -11.002792 -2.229111 -5.057770
v -10.443558 -1.448959 -4.611176
v 11.062836 -1.995483 -4.578430
v -11.509369 -2.635635 -5.797577
v -10.929489 -1.540283 -5.676239
v -10.577026 -1.170029 -5.285492
v 10.601761 -2.174988 -5.713684
v 10.858643 -1.672043 -5.122284
v -11.629028 -2.235428 -6.468292
v -11.047119 -1.118729 -6.421478
v 10.248306 -2.201035 -6.439453
v -12.752884 -3.171371 -8.064789
v -12.277390 -2.510880 -7.568787
v -11.689255 -1.785416 -7.064301
v 9.529709 -2.474380 -7.647064
v 9.929337 -1.978195 -6.989075
v -12.800217 -2.789200 -8.657104
v -12.390457 -2.027969 -8.349854
v 9.144989 -2.054550 -8.454437
v -12.572388 -1.986786 -8.991394
v -12.958755 -2.952469 -9.318481
v 8.449112 -1.832809 -9.535492
v 8.849533 -1.595367 -8.965698
v -13.362289 -4.892807 -10.661804
v -13.069946 -3.307602 -10.412354
v 7.562576 -2.125031 -10.655579
v 7.961792 -1.397934 -10.175537
v -12.864410 -2.630508 -11.608826
v 6.592804 -2.209625 -11.655609
v 7.058578 -1.524902 -11.191589
v -12.754440 -2.283310 -12.594574
v 5.584290 -2.397614 -12.546570
v 6.051407 -1.619705 -12.167908
v -12.674026 -2.004791 -13.317993
v 4.095291 -3.118530 -13.565979
v 4.369308 -2.456757 -13.476410
v 4.924316 -2.076477 -13.064209
v -12.440216 -3.447464 -14.179169
v -12.590759 -2.342468 -13.919312
v 2.880234 -3.197159 -14.511353
v 3.276291 -2.767944 -14.260956
v 3.856628 -2.197815 -13.879517
v -12.394440 -2.506500 -14.490662
v -12.056473 -1.744553 -15.070190
v 1.326538 -2.921280 -15.534119
v 1.633545 -2.140289 -15.424652
v 2.212631 -1.778702 -15.048462
v 2.837891 -2.124374 -14.654968
v -11.149017 -2.528641 -16.464447
v -11.607086 -1.335388 -16.019897
v -10.511780 -3.623550 -16.825073
v 0.168579 -2.845840 -16.549622
v 0.508774 -2.510757 -16.293549
v 1.098099 -1.855209 -15.853668
v -11.151489 -1.091568 -16.766296
v -10.752914 -0.924789 -17.309082
v -10.552933 -2.033951 -17.256226
v -9.807068 -3.332687 -17.509338
v -2.916458 -3.546967 -18.000580
v -2.067688 -2.792877 -17.868591
v -1.226257 -2.514053 -17.525177
v -0.587662 -2.247467 -17.192413
v 0.020126 -1.889084 -16.785217
v -10.288391 -0.911087 -17.719971
v -9.753952 -0.968185 -18.149628
v -9.803650 -1.879471 -17.923889
v -8.943695 -2.710419 -18.180542
v -7.736237 -2.752304 -18.619659
v -6.633896 -3.207870 -18.713715
v -5.777206 -3.454910 -18.675537
v -4.904648 -2.864487 -18.795258
v -3.734772 -2.811020 -18.515533
v -2.822403 -2.184280 -18.389435
v -2.272781 -1.555542 -18.275635
v -1.639008 -1.266617 -17.939117
v -0.973679 -1.423660 -17.557587
v -9.222794 -1.345169 -18.388702
v -8.390015 -1.504745 -18.698273
v -7.597321 -1.428513 -19.016266
v -7.067291 -0.732864 -19.269196
v -6.866882 -1.866226 -19.121582
v -5.869003 -2.123886 -19.147797
v -5.108536 -1.603760 -19.260223
v -4.357544 -1.370132 -19.074707
v -3.415222 -1.260666 -18.758881
v -2.739700 -1.094452 -18.542969
v -6.313828 -0.938934 -19.399750
v -5.557816 -0.885239 -19.430359
v 4.280914 -0.091797 18.358688
v 3.902618 0.893417 19.029526
v 3.462662 0.432343 18.516113
v 5.367096 -0.205826 18.534836
v 4.722977 0.752182 19.208084
v 6.401718 -0.257980 18.605865
v 5.704941 0.574051 19.324814
v 7.437195 -0.196426 18.606216
v 6.717224 0.541290 19.381012
v 8.435806 0.003586 18.540924
v 7.748077 0.613205 19.331223
v 9.294434 0.341812 18.434036
v 8.727280 0.820251 19.159012
v 9.484497 1.039490 18.861053
v 3.311554 -0.387924 17.682373
v 2.889435 0.523666 18.294540
v 2.486542 0.226181 17.809921
v 4.285538 -0.883026 17.534744
v 5.131744 -0.909256 17.677734
v 6.163483 -0.931992 17.732574
v 7.218796 -0.851227 17.747253
v 8.258530 -0.634018 17.722290
v 9.221283 -0.237869 17.692276
v 9.889725 0.806717 18.335632
v 9.966217 0.339584 17.731659
v 10.395050 1.069717 17.860214
v 1.356262 -0.164398 16.646469
v 1.255295 0.700836 17.247421
v 0.730103 0.804550 16.849152
v 2.323761 -0.427292 17.104813
v 1.793472 0.504745 17.522446
v 3.030319 -1.229752 16.672348
v 3.947372 -1.342834 16.875656
v 4.889206 -1.482483 16.896790
v 5.972565 -1.571350 16.784134
v 7.056412 -1.417221 16.827011
v 8.135574 -1.171310 16.781464
v 9.174957 -0.736298 16.767654
v 10.162720 -0.054062 16.767181
v 10.678238 0.795761 17.111664
v 0.358612 -0.048874 15.914520
v 0.201447 0.845291 16.410339
v -0.292297 0.873245 15.942780
v 1.102264 -1.124741 15.621231
v 2.118958 -1.292480 16.125824
v 6.929306 -1.900894 16.025726
v 8.028625 -1.709671 15.750931
v 9.126312 -1.196350 15.759384
v 10.094055 -0.547791 15.786133
v 10.914963 0.537247 16.390839
v 10.860733 0.170197 15.790436
v 11.307831 0.854416 15.829956
v -0.601944 -0.046783 15.026672
v -0.785126 0.869614 15.466583
v -1.251053 0.879608 14.983444
v 0.212204 -1.229553 14.837250
v 9.131653 -1.665451 14.701523
v 10.123123 -0.904083 14.740814
v 10.919632 -0.075989 14.883896
v 11.438477 0.772705 15.092300
v -1.525482 -0.056534 14.089264
v -1.718048 0.865112 14.495773
v -2.159882 0.871353 14.007126
v -0.735886 -1.277512 13.947266
v 10.159348 -1.338455 13.613449
v 11.093781 -0.217804 13.749512
v 11.564224 0.641068 14.209854
v -2.343582 -0.062805 13.198669
v -2.626373 0.814682 13.457581
v -3.145737 0.659180 12.739044
v -1.693100 -1.265152 13.001129
v 10.444580 -1.572983 12.528854
v 11.077057 -0.647034 12.666931
v 11.718521 0.694031 13.477142
v 11.654114 0.432480 12.790024
v 11.963165 1.430130 13.028107
v -2.785614 -1.099380 11.941071
v -3.619293 -0.068298 11.726944
v 11.099213 -1.072403 11.616440
v 11.644608 0.161743 11.838730
v 11.952148 1.344452 12.136368
v -3.876373 -0.938110 10.809448
v -4.191910 0.184708 11.219040
v -4.559479 -0.050125 10.600281
v 11.285873 -1.217911 10.594849
v 11.678986 -0.095322 10.822449
v 11.940826 1.191315 11.160599
v -4.778030 -0.797043 9.786377
v -5.084122 0.357452 10.199646
v -5.400391 0.178146 9.653046
v 11.699829 -0.444351 9.744064
v 11.940445 1.017517 10.136917
v -5.529480 -0.446243 9.024429
v -5.749634 0.416565 9.335800
v -6.212021 0.536453 8.735687
v 11.818863 -0.429169 8.612823
v 11.967819 0.907486 9.072403
v -5.946106 -1.087799 7.963974
v -6.570404 0.090683 7.851700
v 11.890610 -0.631165 7.611725
v 12.011642 0.917206 7.916916
v -6.640594 -0.652771 7.189560
v -7.020096 0.461044 7.361740
v -7.257477 -0.103195 6.503952
v 11.925552 -0.978226 6.885910
v 12.048569 0.302689 6.767258
v -7.609192 -0.488983 5.580322
v 12.074554 0.300522 5.693008
v -7.815186 -0.717941 5.026932
v -7.919495 0.043793 5.297684
v -8.164261 0.100937 4.742737
v 12.068481 0.238052 4.722015
v -8.466888 -0.290115 3.707703
v 12.053665 0.172592 3.740540
v -8.699646 -0.556717 2.926758
v 12.033875 0.109238 2.731140
v -8.849014 -0.646530 2.402023
v -8.846603 0.616013 2.765701
v -8.943298 0.343094 2.100510
v 12.010803 0.046829 1.690384
v -9.021530 0.556183 1.267334
v 12.012405 -0.090851 0.666306
v -9.066437 0.628647 0.407089
v 12.023987 -0.274414 -0.235107
v -9.019150 0.904861 -0.544891
v 11.970215 -0.291504 -0.891998
v 11.671448 0.433350 -1.308838
v 11.827789 0.566116 -0.631866
v -8.998108 0.902267 -1.429779
v 11.910019 -0.846695 -1.439850
v 11.533340 -0.381836 -2.196686
v -9.739914 -1.047577 -2.932037
v -9.223053 0.178726 -2.275787
v 11.246307 -0.688232 -3.238312
v -9.678421 -0.460663 -3.640900
v -9.247726 0.463928 -3.305054
v 11.038559 -0.789948 -4.137909
v -9.380554 0.470840 -4.006714
v -9.844116 -0.391708 -4.314453
v 10.897430 -0.925507 -4.768036
v 10.524216 -0.424133 -5.291992
v 10.697784 0.088120 -4.559967
v -10.525650 -0.598434 -5.849945
v -10.020401 -0.086212 -5.245636
v 10.253616 -0.823975 -6.111023
v -10.527786 -0.223709 -6.316010
v -10.090958 0.445251 -6.153778
v 10.033676 -1.083160 -6.683685
v 9.588593 -0.564331 -7.218811
v 9.849731 -0.000702 -6.531647
v -11.792236 -1.171524 -7.946869
v -11.099243 -0.365158 -7.411865
v -10.465775 0.285599 -6.839050
v 9.233856 -0.852737 -8.054352
v -12.007217 -0.811874 -8.953339
v -11.219635 0.218506 -8.406738
v 8.983841 -0.941620 -8.631561
v 8.532974 -0.389725 -9.117218
v 8.827332 0.040237 -8.466644
v -12.550278 -1.642700 -9.730713
v -11.999252 -0.168060 -9.935669
v -11.385513 0.654037 -9.391266
v 8.178864 -0.644943 -9.760345
v -12.461746 -1.035172 -10.814392
v -11.897293 0.421814 -10.633606
v -11.517822 0.929352 -10.156799
v 7.451401 -0.809845 -10.679443
v 7.774780 -0.293732 -10.187775
v -12.504684 -0.900208 -11.972290
v -11.993713 0.432892 -11.439972
v 6.491486 -0.865997 -11.680298
v 6.910690 -0.331314 -11.152435
v -12.498108 -0.829117 -12.927246
v -12.051437 0.452957 -12.454742
v 5.446472 -1.030060 -12.638214
v 5.909378 -0.391129 -12.144318
v -12.460678 -1.026810 -13.751526
v -12.059067 0.295715 -13.460663
v 4.361649 -1.204376 -13.533966
v 4.849854 -0.580734 -13.083771
v -12.395584 -1.508224 -14.354889
v -12.006500 -0.221054 -14.495209
v 3.333511 -1.303299 -14.323669
v 3.835968 -0.722366 -13.921906
v -11.709702 -0.309204 -15.501221
v 1.694763 -0.456497 -15.398865
v 2.264847 -0.327972 -15.003448
v 2.736969 -0.601425 -14.697205
v -11.520233 -0.333710 -16.128510
v -11.450745 -0.669418 -16.397125
v -11.196686 -0.149948 -16.580597
v 0.524338 -0.974472 -16.390411
v 0.988892 -0.158554 -15.947388
v -10.834106 -0.290161 -17.124847
v -10.615280 -0.495514 -17.468750
v -10.340378 -0.054688 -17.535889
v -0.510773 -0.887924 -17.225006
v -0.017578 -0.402481 -16.810760
v -9.827316 -0.261902 -18.026001
v -9.422729 -0.581192 -18.360992
v -9.301285 0.003723 -18.287415
v -2.304947 -0.468491 -18.315063
v -1.803711 0.049454 -17.980377
v -1.148117 -0.249954 -17.616699
v -8.839111 -0.513245 -18.585327
v -7.901077 -0.324722 -18.908051
v -7.138123 0.154205 -19.160522
v -4.950409 -0.790329 -19.376343
v -4.613693 -0.228424 -19.246002
v -3.956741 -0.093246 -18.953339
v -3.082581 -0.080429 -18.612701
v -6.605087 -0.128174 -19.383118
v -5.982117 0.001785 -19.405029
v -5.230835 0.039566 -19.356201
v 5.384842 2.784409 20.380585
v 5.196747 4.433853 20.698639
v 4.502243 3.522507 20.436539
v 6.605972 2.621841 20.484329
v 6.263474 3.942352 20.732574
v 7.651871 2.552490 20.437515
v 7.296143 3.668060 20.729630
v 8.591217 2.673752 20.266693
v 8.203003 3.520111 20.641327
v 9.363739 3.158020 20.060944
v 8.873199 3.511978 20.480423
v 9.347061 4.009644 20.331177
v 2.972488 2.824005 19.594803
v 2.706802 4.013153 19.785568
v 2.309158 3.244308 19.424255
v 4.135437 2.162231 19.788788
v 3.649429 3.860931 20.200180
v 5.166840 1.505814 19.820740
v 6.081818 1.525162 19.987961
v 7.134613 1.502472 20.005768
v 8.173065 1.606644 19.873016
v 9.250473 1.957642 19.519562
v 9.828278 3.831589 19.915909
v 10.107513 3.110260 19.323502
v 10.300964 4.297348 19.452789
v 2.163452 2.349075 18.924210
v 1.952240 3.138229 19.161484
v 1.547974 3.051498 18.746780
v 3.079025 1.434692 18.976227
v 10.180191 1.802658 18.571106
v 10.662918 3.825027 18.930710
v 10.784531 3.083420 18.376633
v 10.982239 4.145340 18.369370
v 1.255020 1.803589 17.878296
v 1.094330 2.996826 18.304871
v 0.607498 3.043961 17.818954
v 2.249008 1.106171 18.275955
v 11.044144 2.091370 17.387421
v 11.279373 3.676834 17.462662
v 0.131302 1.919876 16.892715
v 0.092117 3.110123 17.337463
v -0.406525 3.162888 16.830246
v 11.281830 1.342529 16.422867
v 11.558167 3.011520 16.816193
v 11.618149 2.383667 16.319016
v 11.762543 3.235123 16.249496
v -0.874817 1.972870 15.911255
v -0.913895 3.194534 16.333359
v -1.395065 3.220612 15.834259
v 11.692276 1.777206 15.464920
v 11.833282 3.029770 15.567276
v -1.829910 1.989548 14.922821
v -1.884277 3.229019 15.346451
v -2.360199 3.250717 14.849670
v 11.842484 1.579544 14.441315
v 11.925827 2.721863 14.639786
v -2.773010 2.012466 13.909897
v -2.845581 3.270279 14.366211
v -3.318542 3.345337 13.892487
v 11.906662 1.325684 13.731384
v 12.004379 2.376144 13.620773
v -3.720078 2.304276 13.007324
v -3.795837 3.414001 13.430923
v -4.252335 3.492783 12.958954
v 12.011948 2.469955 12.574402
v -4.596603 2.490280 12.104034
v -4.709991 3.550613 12.488586
v -5.147430 3.624878 11.997131
v -4.029541 1.066391 11.967804
v 11.978714 2.431046 11.592957
v -5.372086 2.613373 11.221420
v -5.610458 3.642639 11.451141
v -6.118942 3.560471 10.728165
v -4.819595 1.123291 11.035431
v 11.940765 2.347565 10.597076
v -5.813217 1.508194 9.965881
v -6.589966 2.928574 9.801270
v 11.912537 2.273544 9.573380
v -6.810730 2.171387 8.997192
v -7.107330 3.376083 9.318100
v -7.363647 3.200317 8.816269
v 11.926254 2.189835 8.584106
v -7.416565 2.560669 8.257782
v -7.632095 3.460083 8.493698
v -7.917023 3.591110 7.890106
v -6.958481 1.249237 8.070297
v 11.919113 2.271042 7.823959
v 11.630112 3.160553 7.432312
v 11.709839 3.122818 8.184891
v -7.572479 1.733765 7.257034
v -8.196289 3.089355 6.817810
v 11.939850 1.883850 7.084198
v 11.632248 2.950226 6.532043
v -7.987686 1.227570 5.933090
v -8.422821 2.962433 6.055084
v 11.950592 1.637741 6.130112
v 11.633896 2.782516 5.630569
v -8.466248 2.283340 5.312759
v -8.626511 3.720505 5.754639
v -8.700180 3.628189 5.047226
v 11.938614 1.547913 5.166458
v 11.573380 2.743683 4.707855
v -8.595779 1.757706 4.384628
v -8.769211 3.286331 4.098587
v 11.902466 1.502914 4.201965
v 11.500031 2.725693 3.742004
v -8.741226 1.268967 3.468765
v -8.836426 2.606140 3.019089
v 11.854980 1.473633 3.213959
v 11.418610 2.717026 2.750809
v -8.858932 2.693329 2.045746
v 11.796280 1.460342 2.193146
v 11.329208 2.722244 1.763687
v -8.816437 2.911240 1.109177
v 11.710922 1.497818 1.081284
v 11.242325 2.767685 0.989243
v -8.800415 2.555405 0.202438
v 11.339325 2.292038 0.286240
v 10.756882 3.132477 -0.205994
v 10.887436 3.283859 0.559616
v 11.778076 0.999802 0.062988
v -8.684204 2.747299 -0.401550
v -8.647308 2.435593 -1.075684
v -8.350510 3.934265 -0.605774
v 11.339249 1.751709 -0.707184
v 10.575012 2.920334 -1.186554
v -8.645111 2.126053 -1.962921
v -8.148132 3.917694 -1.520691
v 11.045990 1.548477 -1.879333
v 10.376617 2.828873 -2.012238
v -8.706329 1.867981 -2.941101
v -8.158020 3.424973 -2.535553
v 10.446960 2.167099 -2.844849
v 9.694626 3.253632 -3.204132
v 9.912506 3.333298 -2.448212
v 11.048065 0.741364 -2.799164
v -8.832886 1.776184 -4.016541
v -8.169434 3.221954 -3.542053
v 10.108551 2.226776 -3.741486
v 9.486649 3.057755 -4.116364
v 10.709915 0.807755 -3.742432
v -9.363510 0.933090 -4.731537
v -8.793808 2.228378 -5.022247
v -8.212250 3.191620 -4.549316
v 10.053574 1.518326 -4.736694
v 9.316513 2.891174 -4.869354
v -9.355423 1.520340 -5.759644
v -8.691589 2.665619 -5.746246
v -8.301575 3.192307 -5.334778
v 9.363602 2.248123 -5.594086
v 8.660278 3.093475 -6.052429
v 8.856064 3.345200 -5.299225
v 9.918503 0.727753 -5.845673
v -9.673660 1.628922 -6.907837
v -8.852127 2.673447 -6.513947
v 9.189484 1.481155 -6.688538
v 8.435318 2.891144 -6.812744
v -10.360626 1.165543 -7.844666
v -9.587540 2.241531 -7.828644
v -8.969681 2.845398 -7.460602
v 8.418915 2.222305 -7.548035
v 7.647263 3.053116 -8.031769
v 7.926956 3.333130 -7.252869
v 8.951065 0.688995 -7.787842
v -10.619385 1.514206 -8.964325
v -9.819061 2.329025 -8.630371
v -9.062256 3.042587 -8.372009
v 8.137787 1.448257 -8.652161
v 7.317352 2.819778 -8.830750
v -10.848816 1.815140 -10.020386
v -10.012039 2.550461 -9.597412
v -9.196609 3.180862 -9.292389
v 7.161636 2.088058 -9.652222
v 6.412094 3.102554 -9.868896
v 6.738861 3.262344 -9.269287
v 7.872543 0.532303 -9.669708
v -11.331787 1.510788 -10.885651
v -10.772720 2.241501 -10.707764
v -10.158371 2.799927 -10.594971
v -9.326065 3.333847 -10.234772
v 6.248596 2.295975 -10.643494
v 5.481110 3.229156 -10.881378
v 5.841385 3.442062 -10.272247
v 7.133606 0.653000 -10.525238
v -11.414001 1.598877 -11.947693
v -10.644165 2.534561 -11.435852
v -9.896652 3.224701 -11.381805
v -9.438431 3.456375 -10.999115
v 5.288193 2.349777 -11.652679
v 4.514847 3.251205 -11.902008
v 4.893600 3.515076 -11.293121
v 6.202957 0.682831 -11.505890
v -11.445419 1.553894 -13.031891
v -10.727737 2.553879 -12.553986
v -9.970352 3.263107 -12.178253
v 4.305771 2.285782 -12.648285
v 3.541702 3.148026 -12.900787
v 3.924438 3.491074 -12.307465
v 5.197845 0.616592 -12.486908
v -11.424774 1.290421 -14.125183
v -10.631699 2.550644 -13.739441
v -9.993103 3.293503 -13.144440
v 3.331100 2.037720 -13.608612
v 2.555573 2.817612 -13.883301
v 2.951172 3.320694 -13.291168
v 4.194809 0.471207 -13.404022
v -11.337936 0.892548 -15.172058
v -10.651947 2.091049 -14.891541
v -9.887161 3.346313 -13.919769
v -9.939240 3.056686 -14.639954
v -9.397079 3.613235 -14.423706
v 2.303146 1.280502 -14.641266
v 1.492188 2.597900 -14.801361
v 1.957184 2.987320 -14.245575
v 3.313950 0.276321 -14.157867
v -11.221832 0.453537 -16.047943
v -10.571014 1.500809 -15.940247
v -9.672653 2.660172 -15.755371
v -9.154907 3.492691 -15.189392
v 0.259995 2.414993 -15.809265
v -0.385025 3.117599 -15.834320
v 0.012543 3.414551 -15.374939
v 0.729965 3.050232 -15.110596
v 1.143173 1.438583 -15.489044
v -10.547180 0.625244 -16.859192
v -9.648819 1.718979 -16.830170
v -8.840088 3.325745 -15.965973
v -8.646286 2.738480 -16.782867
v -8.270416 3.465256 -16.366364
v -1.427811 2.332306 -16.871613
v -2.259720 3.035065 -16.821747
v -1.876266 3.353119 -16.339813
v -1.116440 3.235413 -16.083954
v -0.461594 2.183121 -16.385529
v 0.297119 0.810806 -16.325500
v -9.602020 0.653946 -17.720276
v -8.624619 1.595566 -17.728180
v -7.827148 3.254929 -16.915375
v -7.517868 2.465317 -17.717560
v -7.052002 3.373856 -17.166656
v -6.401566 2.836288 -17.890625
v -6.290070 3.476059 -17.342590
v -4.396652 2.552429 -18.039398
v -5.168381 3.078262 -17.818817
v -4.812561 3.375473 -17.409119
v -4.040024 3.264267 -17.248749
v -3.319855 2.304382 -17.797485
v -3.067291 3.144394 -17.025299
v -2.330231 2.211075 -17.432007
v -1.605972 1.066910 -17.575073
v -0.649597 0.748093 -17.035461
v -8.658157 0.467392 -18.380859
v -7.562424 1.042130 -18.595825
v -6.510574 1.786560 -18.553314
v -5.752823 3.145370 -17.780273
v -5.372894 2.220261 -18.415802
v -4.527969 1.807693 -18.570251
v -3.757050 1.255966 -18.518463
v -2.557343 0.961197 -18.107208
v -6.573547 0.697403 -19.130646
v -5.709686 1.001907 -19.071503
v -4.709747 0.913376 -18.970642
v 4.338318 4.446426 20.585419
v 4.610977 5.387421 20.593445
v 3.926941 5.009247 20.434082
v 5.375656 5.636230 20.654922
v 6.144928 5.273804 20.704178
v 7.113327 4.885025 20.716217
v 8.026001 4.530777 20.689438
v 8.767410 4.245590 20.588928
v 9.262543 4.674438 20.358948
v 1.919678 3.953476 19.283859
v 2.378555 5.101624 19.605240
v 1.693481 4.973221 19.159256
v 3.234116 5.092224 20.077637
v 9.763535 4.557175 20.019699
v 10.034012 5.053345 19.605072
v 1.103012 4.133713 18.584015
v 1.294128 5.394791 18.816696
v 0.793228 5.221725 18.380219
v 10.739868 4.469376 18.909134
v 10.464661 5.062866 19.059433
v 0.181641 4.376389 17.675797
v 0.484207 5.750961 18.026978
v -0.058929 6.016037 17.376907
v 10.845886 4.862137 18.540115
v 11.030853 4.852890 17.832535
v -0.839005 4.522095 16.661316
v -0.744217 5.986984 16.814682
v -1.239777 5.641769 16.393250
v 11.616226 3.754562 16.636353
v 11.292343 4.790329 16.731110
v -1.832382 4.590210 15.697586
v -1.588715 6.462097 15.999252
v -2.259125 5.840622 15.444077
v 11.693878 4.014984 15.927582
v 11.343216 5.093185 15.577866
v -2.834656 4.628448 14.735138
v -2.745621 6.355057 15.028641
v -3.290497 5.816086 14.507584
v 11.739014 4.061356 14.865250
v 11.343826 5.196762 14.677322
v -3.809052 4.681641 13.787567
v -3.749680 6.329819 14.108475
v -4.271271 5.823517 13.558853
v 11.527649 4.675491 13.811172
v 10.919495 5.695175 13.321274
v 11.014404 5.731125 14.165359
v 11.896454 3.504929 13.987152
v -4.755539 4.769821 12.820312
v -4.716888 6.340652 13.149170
v -5.215500 5.910355 12.572479
v 11.434631 4.680130 12.713196
v 10.810898 5.641129 12.337128
v 11.857849 3.577332 13.112350
v -5.691330 4.936783 11.787216
v -5.623642 6.503815 12.162613
v -6.168137 6.329437 11.511917
v 11.338913 4.657440 11.717560
v 10.699265 5.595551 11.378708
v 11.798386 3.592911 12.115784
v -6.593369 5.356857 10.806747
v -6.619064 6.535629 11.017654
v -7.001892 6.556961 10.478897
v 11.244141 4.632675 10.750687
v 10.597076 5.563919 10.441071
v 11.729172 3.563141 11.129166
v -7.267014 5.526993 9.945938
v -7.409561 6.500549 9.911224
v -7.668839 6.113983 9.369308
v -6.930954 4.185486 9.948425
v 11.144958 4.638977 9.805695
v 10.504730 5.542343 9.535934
v 11.656982 3.535507 10.131226
v -7.623657 4.510727 8.962051
v -7.992554 6.061462 8.605637
v 11.012573 4.736786 9.014114
v 10.458344 5.437393 8.628281
v 11.567902 3.571793 9.043030
v -8.185837 5.115265 8.068069
v -8.287842 6.158920 7.964188
v -8.450119 5.631027 7.539566
v 11.166153 4.273666 8.116348
v 10.407074 5.320190 7.660721
v -8.386108 4.574326 7.291183
v -8.570251 5.525497 6.862427
v 11.036499 4.275101 6.935898
v 10.320023 5.308884 6.834778
v -8.549576 4.232254 6.455170
v -8.665817 5.151672 5.872116
v 10.568008 4.830765 5.995193
v 9.771210 5.707611 5.598679
v 9.881866 5.738678 6.395569
v 11.242310 3.779205 6.059952
v -8.706223 5.122726 4.834045
v 10.424438 4.835052 4.949524
v 9.643021 5.679062 4.624512
v 11.115891 3.847153 5.265015
v -8.707764 4.902435 3.828751
v 10.301163 4.820541 3.959610
v 9.516068 5.647232 3.636887
v 11.009003 3.847275 4.315125
v -8.674988 4.745636 2.836365
v 10.174133 4.801880 2.958771
v 9.380814 5.615143 2.656357
v 10.904694 3.836868 3.331711
v -8.625793 4.693741 1.917679
v 10.012146 4.796768 1.898972
v 9.262665 5.585571 1.863647
v 10.792984 3.824387 2.325073
v -8.557892 4.739517 1.252319
v -8.556976 4.178070 0.615860
v -8.306458 5.473038 0.924011
v 9.505753 5.148376 1.070160
v 8.684952 5.807999 0.659927
v 8.810471 5.904068 1.446381
v 10.127060 4.520370 1.177032
v 10.692322 3.778320 1.303131
v -8.529800 3.775986 -0.002930
v -8.144180 5.224457 0.130829
v 9.338715 4.995728 0.036850
v 8.507660 5.700363 -0.289917
v 10.207382 4.176331 0.468781
v -7.853012 5.267181 -0.812408
v 9.089310 4.896027 -1.036133
v 8.334045 5.634262 -1.067535
v 9.974167 4.046494 -0.603760
v -7.660049 5.253860 -1.513580
v -7.668076 4.804214 -2.185303
v -7.281311 5.827393 -1.897614
v 8.521042 5.201477 -1.860992
v 7.697815 5.867249 -2.264038
v 7.865555 5.947571 -1.473022
v 9.145660 4.593796 -1.765228
v 9.765701 3.885666 -1.655090
v -7.605255 4.542007 -3.084381
v -7.111465 5.718979 -2.628021
v 8.316818 5.052902 -2.894012
v 7.500916 5.755463 -3.230438
v 9.189133 4.250290 -2.486511
v -7.502441 4.483841 -4.148621
v -6.992233 5.521637 -3.533997
v 8.057480 4.941498 -3.958221
v 7.328812 5.662796 -4.009491
v 8.917633 4.130936 -3.540344
v -7.650955 4.190140 -5.266296
v -6.868454 5.483475 -4.250580
v -6.968201 5.188141 -4.911774
v -6.462128 5.926346 -4.704010
v 7.488205 5.198517 -4.789459
v 6.668304 5.814041 -5.188141
v 6.869736 5.944809 -4.423035
v 8.104996 4.616760 -4.675262
v 8.708435 3.941132 -4.554596
v -8.116180 3.615921 -6.130066
v -7.438904 4.486542 -6.123077
v -6.930008 5.115952 -5.775940
v -6.320953 5.905655 -5.450684
v 7.200638 4.987091 -5.881256
v 6.447205 5.671387 -5.958008
v 8.135040 4.216141 -5.393127
v -8.241180 3.613983 -7.137817
v -7.530365 4.377090 -6.890503
v -6.873413 5.089554 -6.655457
v -6.224716 5.806686 -6.381775
v 6.547577 5.172974 -6.750031
v 5.660141 5.722672 -7.170471
v 5.941895 5.902298 -6.387421
v 7.201828 4.622894 -6.618195
v 7.836395 3.963623 -6.484161
v -8.315399 3.684921 -8.096252
v -7.549454 4.356430 -7.846191
v -6.832581 5.022980 -7.580353
v -6.154404 5.684921 -7.320160
v 6.124924 4.904648 -7.896729
v 5.334442 5.548294 -7.969330
v 7.164749 4.188019 -7.363220
v -8.385117 3.759018 -9.052399
v -7.559601 4.340057 -8.843872
v -6.675537 5.003265 -8.667053
v -6.067276 5.567322 -8.239105
v 5.291428 5.052322 -8.858826
v 4.464172 5.627655 -8.988342
v 4.769119 5.761414 -8.371918
v 6.036270 4.521271 -8.677795
v 6.731461 3.889359 -8.505554
v -8.463120 3.830429 -10.028290
v -7.584778 4.311356 -9.841278
v -6.705353 4.821945 -9.708099
v -5.905273 5.518570 -8.979248
v -5.938965 5.320282 -9.618866
v -5.400024 5.711166 -9.520172
v 4.394775 5.134354 -9.861084
v 3.543472 5.682144 -9.986267
v 3.878662 5.829544 -9.360840
v 5.172760 4.644562 -9.660248
v 5.926132 4.065781 -9.450836
v -8.557739 3.914993 -11.085938
v -7.596802 4.305374 -10.844482
v -6.664749 4.706772 -10.728119
v -5.677109 5.187927 -10.669556
v -5.144135 5.625610 -10.248291
v 3.456436 5.172882 -10.861725
v 2.592590 5.699722 -10.951935
v 2.938034 5.866013 -10.342743
v 4.246704 4.710480 -10.674042
v 5.019821 4.172745 -10.456238
v -9.128250 3.754623 -11.870819
v -8.244568 4.139267 -12.030304
v -7.545853 4.340271 -11.825256
v -6.640945 4.614502 -11.723328
v -5.674500 4.941025 -11.697662
v -4.831116 5.531464 -10.993286
v -4.675171 5.318741 -11.747772
v -4.267792 5.634506 -11.447937
v 2.505615 5.158371 -11.815643
v 1.604523 5.664932 -11.843567
v 1.979126 5.856323 -11.260742
v 3.295074 4.718674 -11.674286
v 4.070679 4.207397 -11.473297
v -9.229355 3.785629 -12.877808
v -8.373550 4.133072 -12.785065
v -7.507339 4.369812 -12.744812
v -6.616745 4.556427 -12.686951
v -5.661758 4.764465 -12.669983
v -4.670364 5.014114 -12.689392
v -3.904480 5.560745 -11.983490
v -3.670258 5.309662 -12.704315
v -3.349060 5.623688 -12.307526
v 0.501266 5.288834 -13.065491
v -0.376801 5.632324 -12.912262
v -0.006149 5.889420 -12.405457
v 0.795654 5.805222 -12.149872
v 1.596375 5.072098 -12.659027
v 2.346970 4.651718 -12.615570
v 3.108871 4.154800 -12.464111
v -9.283981 3.763290 -13.769226
v -8.453384 4.105591 -13.708740
v -7.547531 4.346252 -13.657623
v -6.620560 4.501099 -13.633240
v -5.663605 4.625916 -13.625580
v -4.680176 4.765030 -13.631561
v -3.671432 4.930283 -13.641418
v -2.882751 5.503693 -12.811127
v -2.586975 5.128387 -13.605072
v -2.110107 5.557114 -12.996124
v -1.437531 5.142715 -13.753876
v -1.171234 5.617386 -13.011322
v -0.359390 5.061417 -13.705048
v 0.548141 4.642166 -13.870148
v 1.210159 4.620590 -13.491089
v 2.131149 4.001999 -13.402405
v -8.566803 3.950562 -14.696533
v -7.596207 4.255630 -14.611420
v -6.658096 4.409729 -14.580292
v -5.696564 4.484512 -14.577393
v -4.713974 4.539505 -14.568329
v -3.747192 4.608170 -14.539886
v -2.754257 4.644699 -14.551971
v -1.703186 4.636276 -14.553253
v -0.816269 4.639969 -14.418121
v 0.097855 4.147278 -14.616089
v 1.189728 3.798004 -14.264526
v -8.355927 3.768112 -15.698639
v -7.594162 4.061050 -15.573059
v -6.704300 4.241180 -15.515839
v -5.778610 4.296219 -15.512115
v -4.784470 4.276886 -15.519348
v -3.793427 4.273285 -15.432373
v -2.985641 4.314255 -15.271545
v -1.973404 4.043991 -15.501892
v -0.808090 3.955627 -15.245758
v -7.632095 3.733902 -16.389496
v -6.683838 3.893738 -16.509369
v -5.938278 4.078079 -16.265381
v -4.958511 3.901840 -16.529480
v -3.877960 3.838943 -16.359406
v -2.799316 3.776642 -16.153381
v -5.637344 3.653854 -17.137482
v 3.998535 6.177658 20.164917
v 5.048523 6.461868 20.340210
v 6.026062 6.435791 20.372849
v 7.026352 6.100540 20.378052
v 7.978836 5.602554 20.402863
v 8.759888 5.097458 20.410065
v 1.976639 6.168442 19.122406
v 2.982590 6.270554 19.676682
v 3.736877 7.336411 19.530701
v 4.710678 7.376770 19.784378
v 5.744263 7.422119 19.849289
v 6.921906 7.337036 19.712479
v 7.989197 6.672989 19.785629
v 8.874390 5.953461 19.873154
v 9.471863 5.254837 19.987015
v 1.123322 6.320908 18.476440
v 1.857544 7.332687 18.550339
v 2.819443 7.472061 19.008713
v 3.665146 8.115494 18.943451
v 4.467758 8.194962 19.093842
v 5.439545 8.223816 19.204163
v 6.415161 8.198074 19.186584
v 7.213287 8.170166 19.010925
v 8.018082 7.709335 18.908768
v 7.637451 8.409683 18.516861
v 8.984543 6.798965 19.020935
v 9.821701 5.816574 19.207458
v 0.612076 6.654434 17.909698
v 1.179367 7.401337 18.030930
v 1.802124 8.035538 18.003342
v 2.531616 8.220367 18.228836
v 3.286087 8.385117 18.472290
v 8.177917 8.259125 18.128174
v 9.011276 7.568466 17.915039
v 8.406403 8.361435 17.330978
v 9.909225 6.496017 18.188309
v 10.543854 5.554565 18.396759
v -1.006729 6.573792 16.520325
v -0.371643 7.059372 16.829956
v 0.573456 7.548981 17.305084
v 1.403488 8.158051 17.535019
v 9.246246 7.770035 16.684998
v 8.469910 8.425674 16.327759
v 10.005798 6.876205 17.066772
v 10.674057 5.835648 17.419586
v -1.505173 7.734207 15.775085
v -2.137558 7.107834 15.479691
v -0.891983 7.558853 16.244568
v 9.265289 7.811935 15.603363
v 8.429230 8.383102 15.311768
v 10.047791 7.043472 15.935883
v 10.758316 6.035553 16.288330
v -2.598572 7.559647 15.024399
v -3.170502 7.058350 14.612320
v 9.236252 7.682724 14.483704
v 8.348495 8.302612 14.473846
v 9.950867 7.136780 15.007690
v 10.734848 6.185349 15.079086
v -3.600357 7.516541 14.155670
v -4.169525 7.005463 13.689484
v 8.669540 7.901398 13.564667
v 7.736023 8.379974 13.289536
v 7.839508 8.499146 14.095779
v 9.566711 7.230820 13.537521
v 10.266556 6.648239 14.058029
v -4.571259 7.466125 13.224625
v -5.098572 7.040237 12.729340
v 8.519409 7.778946 12.514801
v 7.644043 8.262589 12.311844
v 9.386047 7.197678 12.714172
v 10.192429 6.518173 12.979019
v -5.427887 7.546173 12.275909
v -5.864777 7.259521 11.827011
v 8.416565 7.682861 11.545837
v 7.581192 8.179245 11.341217
v 9.253342 7.116699 11.772690
v 10.065292 6.445923 12.029037
v -6.730637 7.037216 10.859436
v -6.309647 7.422836 11.221283
v 8.340683 7.613052 10.592316
v 7.530502 8.126312 10.379028
v 9.153763 7.046555 10.830154
v 9.952011 6.386246 11.089493
v -7.553513 6.959854 9.578491
v -7.203918 7.339188 9.982224
v -6.741745 7.621475 10.541946
v 8.270294 7.561386 9.639633
v 7.469635 8.090103 9.418930
v 9.072662 6.988632 9.889130
v 9.858261 6.337341 10.159256
v -7.380569 7.692932 9.427063
v -7.730499 7.090897 8.994034
v 8.185394 7.518021 8.676880
v 7.382294 8.059158 8.466736
v 8.992294 6.934357 8.940796
v 9.780548 6.278854 9.228821
v -8.397507 6.535294 7.367203
v -7.989883 7.243088 8.072418
v 8.071655 7.475967 7.656006
v 7.289917 8.031601 7.682663
v 8.897858 6.885330 7.989136
v 9.703369 6.206589 8.272018
v -8.475067 6.631104 6.494934
v -8.095093 7.655487 7.064529
v 7.570786 7.715744 6.819122
v 6.740692 8.229843 6.510422
v 6.842880 8.282578 7.306519
v 8.358185 7.147766 6.804153
v 8.805374 6.856094 7.201294
v 9.597214 6.152283 7.236023
v -8.501175 6.621185 5.519043
v -8.125076 7.809708 6.090073
v 7.440353 7.654129 5.787933
v 6.628906 8.152878 5.541824
v 8.256638 7.101944 6.018143
v 9.092056 6.480789 6.360031
v -8.479965 6.577438 4.528870
v -8.098877 7.848969 5.109177
v 7.324112 7.593033 4.807907
v 6.520813 8.077393 4.575394
v 8.135468 7.050339 5.051575
v 8.956192 6.433090 5.323227
v -8.418076 6.502853 3.552658
v -8.038467 7.822510 4.145584
v 7.212570 7.533310 3.839874
v 6.415100 8.006577 3.615601
v 8.015976 6.999496 4.074677
v 8.830597 6.389664 4.334137
v -8.291183 6.526138 2.547516
v -7.955765 7.779251 3.241409
v 7.103882 7.470642 2.887238
v 6.316513 7.934738 2.660202
v 7.887939 6.952988 3.113647
v 8.701431 6.345764 3.342590
v -8.286362 6.025497 1.601990
v -7.843750 7.815002 2.560699
v -7.870697 7.353714 1.894669
v -7.462662 8.268677 2.143494
v 7.039597 7.350174 1.849976
v 6.231384 7.883469 1.865646
v 7.723801 6.943420 2.297119
v 8.546707 6.296677 2.292328
v -7.800812 6.762543 0.907532
v -7.269730 8.085114 1.384842
v 6.515869 7.571762 0.990082
v 5.684616 8.078979 0.711166
v 5.774750 8.113297 1.496780
v 7.324570 6.986389 0.938461
v 8.010315 6.547714 1.394943
v -7.419357 6.706696 -0.234894
v -7.054794 7.834625 0.441147
v 6.368668 7.520386 0.003357
v 5.603729 8.030487 -0.245972
v 7.124863 6.980362 0.163635
v 7.894379 6.408951 0.359848
v -7.288437 6.268997 -1.222290
v -6.821609 7.762131 -0.295044
v -6.794754 7.345947 -0.973663
v -6.364380 8.116852 -0.747559
v 6.300262 7.411911 -0.922546
v 5.530441 7.965027 -1.219086
v 6.920258 6.986176 -0.590546
v 7.680252 6.338760 -0.638123
v -6.618912 6.918381 -2.027557
v -6.133270 7.959122 -1.475739
v 6.220535 7.279861 -1.913391
v 5.418976 7.895874 -2.198486
v 7.087189 6.632019 -1.494904
v -6.447174 6.559769 -3.146057
v -5.902161 7.846115 -2.194763
v -5.877533 7.506165 -2.869690
v -5.407028 8.163467 -2.683228
v 6.024323 7.187820 -2.994720
v 5.285843 7.834686 -2.998932
v 6.879837 6.527054 -2.595825
v -6.368057 6.268021 -4.059143
v -5.649750 7.286011 -3.893005
v -5.163147 8.064224 -3.416443
v 5.460968 7.419495 -3.834900
v 4.599167 7.996613 -4.208893
v 4.814438 8.108978 -3.403381
v 6.091721 6.904526 -3.742371
v 6.698120 6.378998 -3.642609
v -5.725845 6.756226 -4.963623
v -4.934235 7.989899 -4.143433
v -4.953583 7.688187 -4.808533
v -4.436920 8.249512 -4.665955
v 5.144760 7.226273 -4.984863
v 4.340973 7.864288 -5.032410
v 6.121689 6.592117 -4.488251
v -5.525940 6.604874 -6.104218
v -4.715515 7.510178 -5.874908
v -4.195450 8.173126 -5.413544
v 4.384384 7.376755 -5.962677
v 3.492691 7.986862 -6.066742
v 3.775055 8.104904 -5.424652
v 5.147339 6.876968 -5.756073
v 5.820099 6.378998 -5.602997
v -5.430511 6.396988 -7.116302
v -4.647507 7.169281 -6.947968
v -3.948318 8.121552 -6.155579
v -3.932816 7.866760 -6.814911
v -3.429626 8.325058 -6.666595
v 3.468811 7.497147 -7.006866
v 2.546066 8.065933 -7.069305
v 2.869400 8.206680 -6.421509
v 4.374542 6.881622 -6.922302
v 5.170868 6.489029 -6.478729
v -5.365112 6.172348 -8.070190
v -4.556488 6.856598 -7.964722
v -3.642899 7.623489 -7.858765
v -3.156754 8.217224 -7.384338
v 2.518356 7.564285 -7.998657
v 1.581390 8.076080 -8.018524
v 1.901566 8.243851 -7.397552
v 3.415726 7.012466 -7.939758
v 4.005600 6.789688 -7.587982
v 4.762894 6.221512 -7.567474
v -5.329254 5.940613 -8.925110
v -4.532028 6.497589 -8.926575
v -3.630096 7.125854 -8.885956
v -2.842102 8.098648 -8.104065
v -2.668732 7.741760 -8.850586
v -2.312180 8.203751 -8.466705
v 1.561783 7.563629 -8.906921
v 0.610123 8.004105 -8.838867
v 0.953598 8.200470 -8.285706
v 2.471451 7.059891 -8.910126
v 3.081940 6.867828 -8.571411
v 3.934769 6.312271 -8.484741
v -4.583069 6.092575 -9.867889
v -3.634308 6.657761 -9.840088
v -2.685303 7.159729 -9.802246
v -1.899597 8.056046 -8.945404
v -1.638000 7.571671 -9.721039
v -1.144073 8.084122 -9.087921
v -0.477585 7.586212 -9.821564
v -0.202484 8.073898 -9.021729
v 0.632629 7.476562 -9.650757
v 1.507141 7.048737 -9.790222
v 2.129822 6.891617 -9.513092
v 3.012207 6.363831 -9.457397
v -4.340698 5.845749 -10.832306
v -3.601273 6.240616 -10.756165
v -2.719604 6.646866 -10.709930
v -1.796326 6.965103 -10.651520
v -0.800491 7.068802 -10.643402
v 0.255402 6.983231 -10.567566
v 1.118240 6.855820 -10.347748
v 2.054459 6.370682 -10.380188
v -3.564178 5.861404 -11.618469
v -2.732254 6.194534 -11.555573
v -1.856812 6.460785 -11.488678
v -1.086258 6.645370 -11.336700
v -0.085892 6.432632 -11.532593
v 1.109344 6.301651 -11.186249
v -2.751419 5.809219 -12.293823
v -1.914291 5.988861 -12.289642
v -0.918671 6.126709 -12.177826
v 4.196075 8.783493 18.263535
v 5.224960 8.815704 18.427765
v 6.170059 8.770950 18.499557
v 7.011230 8.647614 18.509766
v 2.276993 8.723038 17.355255
v 3.408051 8.930832 17.613235
v 4.378311 9.221237 17.389099
v 5.130920 9.205017 17.565186
v 6.034103 9.138168 17.675644
v 6.906784 8.977798 17.766464
v 7.657837 8.692825 17.894333
v 0.151443 8.421631 16.329681
v 1.417328 8.762878 16.680740
v 2.425995 9.206589 16.459061
v 3.230591 9.270370 16.624496
v 4.180618 9.367874 16.668076
v 5.077530 9.403458 16.698196
v 5.947250 9.327301 16.788544
v 6.830231 9.149078 16.888000
v 7.670883 8.843765 17.044876
v -1.928085 8.473450 15.189194
v -0.801819 8.827057 15.600250
v 0.243683 9.410095 15.516602
v 1.158005 9.403290 15.690887
v 2.200027 9.473663 15.734741
v 3.163284 9.515533 15.725052
v 4.091248 9.499191 15.764404
v 5.009369 9.461761 15.816956
v 5.873962 9.376785 15.906570
v 6.736267 9.191177 15.973480
v 7.624435 8.878265 16.081970
v -2.843414 8.582092 14.450211
v -2.077942 9.298386 14.708878
v -1.286453 9.782471 14.755417
v -0.153458 9.981445 14.897629
v 1.017349 10.122940 14.765579
v 2.092010 9.914459 14.831100
v 3.095535 9.752090 14.828476
v 4.056534 9.606064 14.831345
v 4.989365 9.462601 14.879349
v 5.882324 9.311081 14.995178
v 6.586411 9.175278 15.211273
v 7.506226 8.816757 15.033508
v -3.888321 8.416519 13.583099
v -3.074203 9.787079 13.603714
v -2.107849 10.059219 14.133408
v -1.255600 10.633789 14.067062
v -0.447647 10.667023 14.186203
v 0.518005 10.673508 14.189957
v 1.305267 10.669815 14.010773
v 2.093887 10.432816 13.901077
v 1.774246 10.832672 13.510208
v 3.079361 10.056992 13.889252
v 4.049622 9.739304 13.877060
v 4.991379 9.463959 13.909546
v 5.920288 9.204788 14.010468
v 6.903885 8.915497 14.233414
v -4.771530 8.384750 12.677155
v -3.886108 9.811554 12.813995
v -3.101379 10.588913 12.947556
v -2.352234 10.794205 13.274506
v -1.599899 10.947098 13.566925
v 2.328445 10.744629 13.180984
v 3.086288 10.417252 12.937927
v 2.677933 10.795914 12.640930
v 4.062622 9.926102 12.892303
v 5.002457 9.506119 12.923203
v 5.911469 9.139862 13.006561
v 6.820129 8.782547 13.145676
v -5.528763 8.436218 11.722015
v -4.651535 9.677567 11.979614
v -3.952942 10.526291 12.064850
v -3.407272 10.792068 12.399429
v 3.221603 10.623856 12.170059
v 4.062775 10.161758 11.829651
v 3.474884 10.644882 11.383820
v 5.027145 9.587448 11.913788
v 5.911880 9.120804 12.012543
v 6.777191 8.695114 12.145538
v -6.101257 8.657318 10.743973
v -5.182587 9.855911 10.967331
v -4.258026 10.676376 11.299545
v 4.323471 10.176544 10.660889
v 3.594620 10.683044 10.420486
v 5.093658 9.646362 10.874039
v 5.924469 9.127975 11.017410
v 6.752609 8.647934 11.165802
v -6.714691 8.624222 9.696991
v -5.765686 9.769852 10.036636
v -5.046921 10.540939 10.134903
v -4.531631 10.826309 10.527084
v 4.392197 10.170883 9.642426
v 3.599960 10.675827 9.430115
v 5.154037 9.653778 9.853943
v 5.930435 9.132858 10.027466
v 6.726837 8.623947 10.192261
v -7.333710 8.324188 8.671478
v -6.660492 9.347275 8.743500
v -6.012589 9.949600 9.094437
v -5.195984 10.670578 9.337921
v 4.363449 10.108658 8.633728
v 3.506516 10.609680 8.425995
v 5.141251 9.624008 8.896774
v 5.890991 9.126068 9.071396
v 6.673950 8.605759 9.219086
v -7.527222 8.548813 7.574326
v -6.839905 9.421768 7.915375
v -6.105530 10.165268 8.157059
v -5.314484 10.790405 8.386108
v 4.246567 9.979721 7.511551
v 3.356064 10.524750 7.578873
v 5.138016 9.500885 7.930939
v 5.768967 9.135605 8.282959
v 6.564194 8.584335 8.191223
v -7.580872 8.744247 6.563782
v -6.908630 9.549210 6.934631
v -6.159836 10.262405 7.207382
v -5.360733 10.873367 7.417526
v 3.555847 10.141861 6.554214
v 2.608521 10.652664 6.618057
v 2.799011 10.736847 7.249130
v 4.504822 9.611816 6.549896
v 5.173813 9.295197 6.932693
v 6.030334 8.823410 7.345047
v -7.554199 8.834900 5.567688
v -6.884094 9.634537 5.932587
v -6.141647 10.315323 6.221893
v -5.351120 10.900528 6.440475
v 2.793564 10.294785 5.674255
v 1.766830 10.738937 5.486145
v 2.010696 10.845474 6.308990
v 3.681412 9.803864 5.521439
v 4.364609 9.506546 5.763046
v 5.141571 9.123123 5.985382
v 5.926346 8.708710 6.270844
v -7.489639 8.833969 4.580750
v -6.791138 9.651352 4.909958
v -6.044159 10.325394 5.210083
v -5.287247 10.883545 5.462006
v 2.472198 10.181137 4.530441
v 1.556366 10.665085 4.679871
v 3.434662 9.742432 4.737518
v 4.254929 9.364700 4.879196
v 5.036255 9.002457 5.077530
v 5.828308 8.601440 5.302719
v -7.426300 8.753983 3.631195
v -6.710709 9.568634 3.894852
v -5.817795 10.320953 4.086685
v -5.167328 10.840652 4.511856
v 1.816910 10.403671 3.756149
v 0.913147 10.882034 3.554749
v 1.015961 10.886612 4.351303
v 2.665665 9.918579 3.578918
v 3.321747 9.620712 3.820892
v 4.117004 9.265305 4.000229
v 4.917801 8.901611 4.164185
v 5.719711 8.510971 4.356201
v -7.393341 8.593857 2.773071
v -6.683395 9.372650 2.916000
v -5.839127 10.082535 3.051300
v -4.979309 10.829575 3.757675
v -5.039902 10.646957 3.126160
v -4.453796 11.015564 3.206390
v 1.674438 10.445602 2.769547
v 0.887100 10.909882 2.612076
v 2.498962 9.961166 2.842422
v 3.281937 9.538834 2.947357
v 4.022079 9.187790 3.132690
v 4.793671 8.830872 3.265869
v 5.606461 8.435257 3.404724
v -6.723572 8.993759 1.902100
v -5.806137 9.824371 2.040527
v -4.852844 10.501419 2.108444
v -4.240295 10.962265 2.477966
v 1.597992 10.539688 1.908768
v 0.978073 10.921082 1.858017
v 2.398315 10.039734 1.940979
v 3.230515 9.543304 2.061798
v 4.020432 9.119736 2.253342
v 4.645844 8.821304 2.520645
v 5.474274 8.381409 2.391708
v -6.487488 8.755249 0.801498
v -5.735733 9.528503 1.012192
v -4.879654 10.189774 1.112457
v -4.023087 10.910263 1.746826
v -4.084808 10.705566 1.136108
v -3.495544 11.048843 1.191422
v 1.440063 10.701752 1.304169
v 2.246841 10.213821 0.959381
v 1.551163 10.696655 0.545258
v 3.185867 9.604019 1.102921
v 4.041687 9.088120 1.295975
v 4.931595 8.600250 1.588272
v -6.351746 8.468735 -0.109863
v -5.625229 9.210571 -0.010315
v -4.769928 9.906601 0.086563
v -3.962784 10.492172 0.224731
v -3.280243 10.949722 0.435410
v 2.365372 10.213425 -0.165894
v 1.580978 10.706528 -0.418060
v 3.176361 9.663589 0.084930
v 4.018799 9.107422 0.292984
v 4.856461 8.583374 0.515305
v -5.613937 8.756119 -1.025116
v -4.674667 9.557327 -0.962402
v -3.663712 10.262589 -0.921234
v -3.065887 10.783401 -0.491852
v 2.371124 10.197235 -1.199615
v 1.532654 10.663132 -1.400696
v 3.185287 9.675552 -0.940735
v 3.993164 9.122116 -0.711029
v 4.804657 8.566910 -0.485474
v -5.399124 8.479355 -2.040619
v -4.620544 9.166779 -1.988495
v -3.669189 9.827377 -1.981384
v -2.784653 10.671188 -1.268494
v -2.662842 10.403214 -2.025360
v -2.237762 10.779160 -1.714325
v 2.279236 10.101532 -2.295380
v 1.412674 10.581665 -2.203979
v 3.151505 9.631561 -1.922791
v 3.934631 9.112030 -1.688599
v 4.734146 8.539185 -1.481873
v -4.624512 8.733627 -3.005463
v -3.657547 9.425049 -2.989288
v -2.673386 9.966187 -2.991913
v -1.899155 10.699448 -2.231628
v -1.673813 10.409805 -2.953705
v -1.356476 10.757233 -2.511505
v 1.586349 10.198303 -3.157318
v 0.645508 10.567108 -2.991455
v 0.892807 10.707260 -2.467316
v 2.535126 9.743210 -3.218781
v 3.179337 9.446198 -2.862244
v 3.800812 9.102539 -2.492584
v 4.595840 8.490921 -2.532898
v -4.413834 8.507080 -4.025330
v -3.622940 9.072372 -3.993195
v -2.673309 9.580780 -3.979767
v -1.666138 9.964462 -3.943512
v -0.891785 10.617966 -2.985382
v -0.562546 10.231277 -3.812256
v -0.121735 10.609909 -3.082916
v 0.716248 10.161850 -3.850098
v 1.659241 9.823563 -4.116211
v 2.355347 9.602112 -3.934387
v 3.132690 9.217682 -3.761627
v 4.000565 8.721634 -3.411224
v -3.639145 8.717484 -5.003082
v -2.677277 9.244064 -4.965820
v -1.710617 9.596924 -4.926819
v -0.702316 9.797974 -4.860687
v 0.349640 9.814621 -4.802216
v 1.335159 9.645187 -4.784943
v 2.185654 9.362091 -4.727722
v 2.869400 9.102585 -4.504883
v 3.680557 8.544846 -4.554291
v -3.425369 8.535706 -6.022217
v -2.651184 8.953796 -5.946136
v -1.744385 9.286285 -5.876526
v -0.806107 9.466156 -5.799164
v 0.140289 9.494781 -5.701202
v 1.087067 9.359085 -5.613739
v 1.890366 9.176926 -5.426910
v 2.854675 8.671356 -5.460693
v -2.652252 8.648682 -6.925690
v -1.754639 8.991943 -6.799042
v -0.880417 9.171310 -6.675995
v 0.016052 9.185028 -6.564728
v 0.820099 9.119949 -6.362274
v 1.878204 8.716019 -6.414673
v -2.405823 8.435425 -7.857422
v -1.726273 8.696915 -7.680115
v -0.891388 8.856049 -7.524933
v -0.149811 8.927658 -7.287231
v 0.896927 8.661606 -7.344025
v -1.735352 8.389938 -8.432617
v -0.934998 8.493576 -8.352478
v 0.051392 8.509293 -8.133759
v -0.678284 11.272278 13.359741
v 0.319092 11.179596 13.486435
v 1.168335 11.025345 13.497025
v -2.548996 11.322433 12.327820
v -1.436447 11.509628 12.683456
v -0.451904 11.737457 12.493423
v 0.285172 11.603607 12.666321
v 1.145401 11.378479 12.750793
v 1.975906 11.059067 12.819397
v -3.295563 11.282364 11.552780
v -2.370972 11.768875 11.414261
v -1.588074 11.880402 11.658798
v -0.631912 11.953827 11.760193
v 0.278336 11.891464 11.807022
v 1.140274 11.664169 11.893265
v 1.972015 11.333298 11.973587
v 2.704559 10.964111 12.037567
v -3.617554 11.448654 10.420197
v -2.588699 11.854614 10.621353
v -1.655518 12.068192 10.723770
v -0.727249 12.118927 10.836151
v 0.212341 12.046509 10.912292
v 1.121231 11.836487 10.983185
v 1.986145 11.503494 11.072556
v 2.783234 11.091675 11.190384
v -4.299240 11.259109 9.612915
v -3.394714 11.755295 9.435745
v -2.658768 11.956879 9.656326
v -1.736740 12.123886 9.791061
v -0.794052 12.172195 9.891205
v 0.143448 12.098297 9.977570
v 1.062775 11.899933 10.049316
v 1.956451 11.577286 10.126938
v 2.808289 11.158401 10.245026
v -4.453781 11.333313 8.569962
v -3.558411 11.750031 8.658356
v -2.675522 12.006729 8.724258
v -1.780457 12.121902 8.840210
v -0.849258 12.139191 8.948532
v 0.078308 12.055588 9.046295
v 0.970581 11.874390 9.138214
v 1.852234 11.569351 9.183487
v 2.745239 11.151474 9.257996
v -4.514771 11.376022 7.586014
v -3.630630 11.753479 7.709976
v -2.727432 11.985626 7.802811
v -1.813446 12.075867 7.897873
v -0.888397 12.052521 8.010361
v 0.016052 11.948761 8.141052
v 0.903763 11.752686 8.241837
v 1.646530 11.538025 8.406219
v 2.558960 11.078644 8.194977
v -4.516891 11.382660 6.604599
v -3.646317 11.738052 6.735413
v -2.751556 11.946213 6.847961
v -1.845230 12.007614 6.957657
v -0.926392 11.942139 7.073242
v -0.000244 11.785873 7.222580
v 0.767853 11.632294 7.468094
v 1.810394 11.214554 7.354172
v -4.478348 11.348618 5.626694
v -3.624268 11.696869 5.754395
v -2.742355 11.894730 5.875519
v -1.851120 11.934113 6.007080
v -0.974792 11.842880 6.155075
v -0.056549 11.628174 6.269424
v 1.016876 11.303329 6.472473
v -4.416992 11.276443 4.672302
v -3.583847 11.625610 4.776672
v -2.710342 11.831772 4.889801
v -1.822342 11.862091 5.030167
v -0.946167 11.737534 5.217682
v -0.228989 11.567139 5.475510
v 0.737915 11.167557 5.306656
v -4.371033 11.170303 3.805267
v -3.557281 11.515503 3.814209
v -2.676117 11.753799 3.896255
v -1.782471 11.802109 4.022614
v -0.878799 11.652634 4.205536
v 0.090515 11.332764 4.489136
v -3.621811 11.330246 2.842026
v -2.660660 11.648239 2.896805
v -1.752838 11.751114 3.000305
v -0.841354 11.623428 3.146362
v 0.048950 11.309616 3.366791
v -3.442551 11.215057 1.825714
v -2.635162 11.516556 1.883591
v -1.735321 11.688629 1.978897
v -0.829315 11.626572 2.097809
v 0.155029 11.303726 2.215530
v -2.660751 11.319534 0.848465
v -1.723572 11.585556 0.964417
v -0.845383 11.617233 1.085159
v 0.022507 11.415573 1.199387
v 0.827652 11.060745 1.245514
v -2.419159 11.162476 -0.236969
v -1.671417 11.437744 -0.033295
v -0.847809 11.543503 0.106827
v -0.014450 11.427414 0.229233
v 0.800369 11.118835 0.360092
v -2.274536 10.975143 -1.105682
v -1.588165 11.242477 -0.965332
v -0.846466 11.400986 -0.800354
v -0.062500 11.357056 -0.701385
v 0.765945 11.105209 -0.601898
v -1.558060 10.975266 -1.825684
v -0.803482 11.173294 -1.643280
v -0.183884 11.240463 -1.426117
v 0.651474 11.001389 -1.601166
v -0.770508 10.891739 -2.415161
v 0.060226 10.938629 -2.260315
vn -0.0366 -0.9219 0.3857
vn 0.1099 -0.9061 0.4085
vn 0.0261 -0.9035 0.4278
vn 0.1493 -0.8850 0.4411
vn -0.2161 -0.9336 0.2857
vn -0.1776 -0.9294 0.3234
vn -0.0492 -0.9364 0.3474
vn -0.0651 -0.9295 0.3631
vn 0.1132 -0.9122 0.3939
vn 0.1198 -0.9077 0.4022
vn 0.2340 -0.8767 0.4204
vn 0.2491 -0.8986 0.3612
vn 0.2640 -0.8866 0.3798
vn 0.3381 -0.8642 0.3726
vn -0.3994 -0.9082 0.1246
vn -0.3562 -0.9156 0.1868
vn -0.2287 -0.9461 0.2293
vn -0.2483 -0.9360 0.2494
vn -0.0773 -0.9522 0.2955
vn -0.0995 -0.9564 0.2746
vn 0.1556 -0.9386 0.3078
vn 0.1004 -0.9624 0.2526
vn 0.2888 -0.9104 0.2961
vn 0.2820 -0.9149 0.2889
vn 0.3760 -0.8630 0.3374
vn 0.3716 -0.8902 0.2638
vn 0.3836 -0.8817 0.2746
vn 0.4531 -0.8566 0.2467
vn -0.3952 -0.9137 0.0949
vn -0.4477 -0.8936 0.0324
vn -0.2868 -0.9523 0.1045
vn -0.3166 -0.9451 0.0805
vn -0.0705 -0.9889 0.1311
vn -0.1514 -0.9868 0.0583
vn 0.1125 -0.9807 0.1599
vn 0.0584 -0.9922 0.1100
vn 0.3089 -0.9380 0.1573
vn 0.2713 -0.9547 0.1223
vn 0.4097 -0.9013 0.1407
vn 0.4023 -0.9058 0.1331
vn 0.4806 -0.8620 0.1614
vn 0.4590 -0.8786 0.1319
vn -0.4300 -0.9016 -0.0477
vn -0.4551 -0.8864 -0.0840
vn -0.3041 -0.9509 -0.0579
vn -0.3058 -0.9502 -0.0596
vn -0.1433 -0.9883 -0.0529
vn -0.1755 -0.9810 -0.0828
vn 0.0783 -0.9960 -0.0422
vn 0.0281 -0.9957 -0.0882
vn 0.2804 -0.9599 0.0072
vn 0.2015 -0.9774 -0.0634
vn 0.4176 -0.9084 -0.0181
vn 0.3932 -0.9187 -0.0373
vn 0.4838 -0.8747 0.0306
vn 0.4370 -0.8992 -0.0231
vn -0.4278 -0.8861 -0.1782
vn -0.2856 -0.9053 -0.3143
vn -0.2755 -0.9398 -0.2022
vn -0.2808 -0.9372 -0.2071
vn -0.1497 -0.9622 -0.2275
vn -0.1510 -0.9617 -0.2288
vn 0.0391 -0.9806 -0.1919
vn -0.0128 -0.9700 -0.2426
vn 0.2294 -0.9479 -0.2210
vn 0.2160 -0.9481 -0.2334
vn 0.4018 -0.9011 -0.1631
vn 0.3318 -0.9254 -0.1832
vn 0.3495 -0.9147 -0.2028
vn 0.4488 -0.8884 -0.0967
vn -0.2397 -0.9028 -0.3572
vn -0.0869 -0.8813 -0.4645
vn -0.1133 -0.9338 -0.3395
vn -0.1206 -0.9297 -0.3480
vn 0.0291 -0.9290 -0.3688
vn 0.0380 -0.9328 -0.3584
vn 0.2750 -0.9083 -0.3153
vn 0.1913 -0.9245 -0.3297
vn 0.1944 -0.9228 -0.3328
vn 0.3078 -0.9079 -0.2847
vn -0.0024 -0.8744 -0.4851
vn 0.0521 -0.8939 -0.4453
vn 0.0980 -0.8846 -0.4560
vn 0.1556 -0.8937 -0.4208
vn 0.0072 -0.8769 0.4807
vn 0.0256 -0.8777 0.4784
vn 0.0095 -0.8762 0.4819
vn 0.0266 -0.8773 0.4793
vn -0.1520 -0.8447 0.5131
vn -0.0881 -0.8707 0.4839
vn -0.1738 -0.8480 0.5006
vn -0.0449 -0.8892 0.4553
vn -0.1096 -0.8781 0.4657
vn -0.0244 -0.8969 0.4417
vn -0.0556 -0.8933 0.4460
vn -0.0309 -0.8997 0.4353
vn -0.0121 -0.8990 0.4378
vn -0.0016 -0.9048 0.4258
vn 0.0313 -0.8968 0.4414
vn 0.0210 -0.9025 0.4302
vn 0.0515 -0.8771 0.4776
vn 0.0622 -0.8908 0.4501
vn 0.0555 -0.8953 0.4419
vn 0.0875 -0.8872 0.4529
vn 0.0798 -0.8862 0.4563
vn 0.1207 -0.8811 0.4573
vn 0.1010 -0.8810 0.4621
vn 0.1563 -0.8762 0.4558
vn 0.1280 -0.8773 0.4625
vn 0.1577 -0.8755 0.4568
vn -0.3146 -0.7769 0.5454
vn -0.2008 -0.8345 0.5132
vn -0.3411 -0.7775 0.5283
vn -0.2832 -0.8582 0.4280
vn -0.1789 -0.8767 0.4465
vn -0.1003 -0.9270 0.3615
vn -0.0662 -0.9331 0.3535
vn -0.0518 -0.9276 0.3700
vn -0.0321 -0.9381 0.3449
vn -0.0273 -0.9365 0.3495
vn -0.0151 -0.9376 0.3473
vn -0.0199 -0.9391 0.3430
vn -0.0346 -0.9405 0.3381
vn -0.0197 -0.9372 0.3484
vn 0.0353 -0.9300 0.3657
vn -0.0052 -0.9440 0.3299
vn 0.0656 -0.9148 0.3985
vn 0.0311 -0.9301 0.3659
vn 0.0827 -0.9056 0.4160
vn 0.0613 -0.9150 0.3988
vn 0.1193 -0.8949 0.4301
vn 0.0978 -0.9053 0.4133
vn 0.1563 -0.8867 0.4351
vn 0.1450 -0.8931 0.4258
vn 0.1858 -0.8721 0.4526
vn 0.1909 -0.8828 0.4291
vn 0.1933 -0.8811 0.4317
vn 0.2359 -0.8740 0.4248
vn 0.2183 -0.8728 0.4365
vn 0.2553 -0.8631 0.4357
vn -0.5777 -0.5926 0.5613
vn -0.3926 -0.7050 0.5907
vn -0.5369 -0.6041 0.5890
vn -0.5478 -0.7221 0.4225
vn -0.3429 -0.8091 0.4773
vn -0.2385 -0.9009 0.3627
vn -0.1623 -0.9320 0.3240
vn -0.1076 -0.9166 0.3852
vn -0.1345 -0.9609 0.2422
vn -0.0510 -0.9510 0.3049
vn -0.0196 -0.9753 0.2198
vn -0.0274 -0.9768 0.2123
vn -0.0149 -0.9757 0.2187
vn -0.0142 -0.9755 0.2194
vn -0.0152 -0.9742 0.2252
vn -0.0213 -0.9754 0.2193
vn -0.0262 -0.9727 0.2305
vn -0.0299 -0.9734 0.2271
vn -0.0095 -0.9688 0.2477
vn -0.0287 -0.9726 0.2308
vn 0.0348 -0.9572 0.2875
vn -0.0084 -0.9688 0.2476
vn 0.0618 -0.9444 0.3228
vn 0.0235 -0.9573 0.2882
vn 0.0960 -0.9313 0.3515
vn 0.0629 -0.9444 0.3227
vn 0.1461 -0.9150 0.3760
vn 0.1151 -0.9300 0.3492
vn 0.1988 -0.8980 0.3926
vn 0.1758 -0.9113 0.3723
vn 0.2295 -0.8929 0.3874
vn 0.2303 -0.8924 0.3881
vn 0.2820 -0.8603 0.4247
vn 0.2829 -0.8823 0.3762
vn 0.2823 -0.8827 0.3756
vn 0.3366 -0.8611 0.3809
vn -0.6202 -0.5891 0.5180
vn -0.5307 -0.5957 0.6030
vn -0.5545 -0.5818 0.5950
vn -0.4584 -0.7576 0.4647
vn -0.3806 -0.8340 0.3995
vn -0.2821 -0.8216 0.4954
vn -0.2611 -0.9211 0.2889
vn -0.1559 -0.9183 0.3640
vn -0.0711 -0.9743 0.2140
vn -0.0524 -0.9715 0.2313
vn -0.0466 -0.9871 0.1532
vn 0.0093 -0.9784 0.2066
vn -0.0281 -0.9936 0.1098
vn 0.0108 -0.9891 0.1467
vn -0.0093 -0.9947 0.1028
vn -0.0042 -0.9942 0.1078
vn -0.0192 -0.9941 0.1069
vn -0.0227 -0.9944 0.1035
vn -0.0317 -0.9929 0.1150
vn -0.0390 -0.9934 0.1080
vn -0.0326 -0.9912 0.1284
vn -0.0458 -0.9922 0.1159
vn -0.0106 -0.9879 0.1549
vn -0.0382 -0.9909 0.1287
vn 0.0226 -0.9813 0.1911
vn -0.0152 -0.9878 0.1551
vn 0.0618 -0.9715 0.2288
vn 0.0218 -0.9813 0.1911
vn 0.1157 -0.9570 0.2660
vn 0.0745 -0.9708 0.2279
vn 0.1796 -0.9377 0.2973
vn 0.1426 -0.9541 0.2634
vn 0.2340 -0.9215 0.3100
vn 0.2150 -0.9316 0.2929
vn 0.2875 -0.9072 0.3072
vn 0.2822 -0.9105 0.3023
vn 0.3573 -0.8622 0.3591
vn 0.3463 -0.8910 0.2936
vn 0.3483 -0.8897 0.2952
vn 0.4468 -0.8507 0.2768
vn -0.6283 -0.6058 0.4880
vn -0.5086 -0.6442 0.5713
vn -0.4822 -0.7736 0.4111
vn -0.4375 -0.7839 0.4405
vn -0.2604 -0.9036 0.3402
vn -0.2641 -0.9036 0.3372
vn -0.1551 -0.9522 0.2632
vn -0.0932 -0.9442 0.3159
vn -0.0525 -0.9820 0.1814
vn 0.0122 -0.9709 0.2392
vn 0.0121 -0.9929 0.1186
vn 0.0659 -0.9831 0.1708
vn 0.0107 -0.9978 0.0648
vn 0.0632 -0.9912 0.1165
vn -0.0048 -0.9995 0.0328
vn 0.0272 -0.9975 0.0645
vn -0.0232 -0.9995 0.0216
vn -0.0119 -0.9994 0.0328
vn -0.0404 -0.9990 0.0213
vn -0.0400 -0.9990 0.0217
vn -0.0482 -0.9985 0.0265
vn -0.0534 -0.9983 0.0215
vn -0.0408 -0.9984 0.0381
vn -0.0526 -0.9983 0.0266
vn -0.0172 -0.9981 0.0587
vn -0.0383 -0.9985 0.0380
vn 0.0205 -0.9959 0.0879
vn -0.0097 -0.9982 0.0585
vn 0.0746 -0.9895 0.1240
vn 0.0368 -0.9955 0.0873
vn 0.1453 -0.9760 0.1621
vn 0.1036 -0.9871 0.1221
vn 0.2209 -0.9570 0.1878
vn 0.1893 -0.9692 0.1577
vn 0.2922 -0.9368 0.1923
vn 0.2793 -0.9432 0.1798
vn 0.3626 -0.9137 0.1834
vn 0.3615 -0.9144 0.1822
vn 0.4720 -0.8592 0.1974
vn 0.4572 -0.8718 0.1758
vn -0.7563 -0.5920 0.2786
vn -0.6109 -0.6648 0.4301
vn -0.5649 -0.6950 0.4448
vn -0.5337 -0.7403 0.4089
vn -0.4404 -0.8076 0.3922
vn -0.3864 -0.8077 0.4454
vn -0.2637 -0.9012 0.3439
vn -0.2411 -0.9008 0.3612
vn -0.0930 -0.9512 0.2942
vn -0.0812 -0.9493 0.3036
vn 0.0123 -0.9725 0.2327
vn 0.0563 -0.9605 0.2724
vn 0.0661 -0.9854 0.1569
vn 0.1354 -0.9650 0.2246
vn 0.0629 -0.9946 0.0824
vn 0.1365 -0.9782 0.1562
vn 0.0262 -0.9994 0.0219
vn 0.0871 -0.9927 0.0829
vn -0.0132 -0.9998 -0.0159
vn 0.0246 -0.9995 0.0218
vn -0.0413 -0.9986 -0.0344
vn -0.0230 -0.9996 -0.0162
vn -0.0549 -0.9976 -0.0422
vn -0.0470 -0.9983 -0.0345
vn -0.0541 -0.9975 -0.0453
vn -0.0509 -0.9978 -0.0422
vn -0.0395 -0.9983 -0.0439
vn -0.0410 -0.9981 -0.0453
vn -0.0100 -0.9993 -0.0349
vn -0.0194 -0.9988 -0.0441
vn 0.0377 -0.9992 -0.0154
vn 0.0171 -0.9992 -0.0356
vn 0.1062 -0.9943 0.0124
vn 0.0757 -0.9970 -0.0173
vn 0.1937 -0.9800 0.0458
vn 0.1548 -0.9879 0.0085
vn 0.2878 -0.9561 0.0553
vn 0.2672 -0.9630 0.0359
vn 0.3794 -0.9238 0.0507
vn 0.3704 -0.9280 0.0414
vn 0.4859 -0.8711 0.0709
vn 0.4630 -0.8854 0.0412
vn -0.8749 -0.4318 0.2195
vn -0.8359 -0.4630 0.2948
vn -0.7258 -0.5894 0.3546
vn -0.7085 -0.6261 0.3256
vn -0.5479 -0.7509 0.3688
vn -0.5444 -0.7518 0.3721
vn -0.3768 -0.8511 0.3655
vn -0.3987 -0.8496 0.3452
vn -0.2400 -0.8948 0.3765
vn -0.2601 -0.8960 0.3600
vn -0.0757 -0.9288 0.3627
vn -0.1198 -0.9346 0.3350
vn 0.0555 -0.9435 0.3267
vn 0.0544 -0.9439 0.3258
vn 0.1344 -0.9594 0.2481
vn 0.2018 -0.9272 0.3156
vn 0.1365 -0.9785 0.1549
vn 0.2271 -0.9419 0.2475
vn 0.0866 -0.9941 0.0647
vn 0.1769 -0.9718 0.1563
vn 0.0236 -0.9997 -0.0055
vn 0.0940 -0.9934 0.0651
vn -0.0241 -0.9985 -0.0499
vn 0.0205 -0.9998 -0.0056
vn -0.0480 -0.9960 -0.0757
vn -0.0218 -0.9985 -0.0498
vn -0.0517 -0.9943 -0.0933
vn -0.0334 -0.9966 -0.0754
vn -0.0411 -0.9932 -0.1088
vn -0.0251 -0.9953 -0.0933
vn -0.0183 -0.9925 -0.1207
vn -0.0067 -0.9940 -0.1094
vn 0.0198 -0.9919 -0.1253
vn 0.0231 -0.9923 -0.1220
vn 0.0795 -0.9900 -0.1165
vn 0.0681 -0.9895 -0.1276
vn 0.1604 -0.9810 -0.1087
vn 0.1468 -0.9816 -0.1217
vn 0.2686 -0.9606 -0.0711
vn 0.2219 -0.9684 -0.1140
vn 0.3770 -0.9214 -0.0945
vn 0.3686 -0.9240 -0.1012
vn 0.4841 -0.8711 -0.0826
vn 0.4601 -0.8810 -0.1105
vn -0.8728 -0.4241 0.2416
vn -0.8999 -0.3904 0.1941
vn -0.7291 -0.6281 0.2719
vn -0.7696 -0.5962 0.2286
vn -0.5434 -0.7844 0.2990
vn -0.5981 -0.7641 0.2416
vn -0.3994 -0.8529 0.3361
vn -0.4355 -0.8483 0.3010
vn -0.2584 -0.9041 0.3404
vn -0.2856 -0.9049 0.3155
vn -0.1312 -0.8941 0.4282
vn -0.1402 -0.9048 0.4020
vn -0.1088 -0.9259 0.3618
vn 0.0265 -0.9053 0.4238
vn 0.0627 -0.8875 0.4566
vn 0.1467 -0.8968 0.4174
vn 0.2867 -0.8387 0.4631
vn 0.1953 -0.9149 0.3533
vn 0.2270 -0.9416 0.2488
vn 0.3257 -0.8770 0.3533
vn 0.1768 -0.9743 0.1397
vn 0.2833 -0.9261 0.2490
vn 0.0932 -0.9948 0.0412
vn 0.1916 -0.9714 0.1403
vn 0.0196 -0.9993 -0.0325
vn 0.0938 -0.9947 0.0412
vn -0.0225 -0.9965 -0.0805
vn 0.0267 -0.9991 -0.0322
vn -0.0338 -0.9930 -0.1129
vn 0.0002 -0.9968 -0.0801
vn -0.0247 -0.9895 -0.1424
vn 0.0056 -0.9935 -0.1135
vn -0.0046 -0.9849 -0.1730
vn 0.0253 -0.9892 -0.1445
vn 0.0272 -0.9803 -0.1955
vn 0.0474 -0.9833 -0.1758
vn 0.0750 -0.9733 -0.2171
vn 0.0926 -0.9754 -0.1998
vn 0.1510 -0.9661 -0.2093
vn 0.1390 -0.9654 -0.2207
vn 0.2408 -0.9403 -0.2404
vn 0.2531 -0.9400 -0.2288
vn 0.4509 -0.8693 -0.2023
vn 0.3454 -0.9083 -0.2359
vn 0.3347 -0.9151 -0.2248
vn 0.4692 -0.8654 -0.1756
vn -0.9019 -0.3955 0.1737
vn -0.8768 -0.4265 0.2223
vn -0.7735 -0.6090 0.1756
vn -0.7755 -0.6073 0.1725
vn -0.5982 -0.7644 0.2406
vn -0.6428 -0.7433 0.1853
vn -0.4322 -0.8621 0.2646
vn -0.4669 -0.8552 0.2252
vn -0.3349 -0.8868 0.3185
vn -0.3278 -0.8794 0.3453
vn -0.2888 -0.9079 0.3038
vn -0.1916 -0.9063 0.3767
vn 0.2866 -0.8378 0.4647
vn 0.3588 -0.8340 0.4192
vn 0.4413 -0.7862 0.4325
vn 0.3313 -0.8888 0.3167
vn 0.2856 -0.9366 0.2031
vn 0.3915 -0.8660 0.3111
vn 0.1914 -0.9768 0.0958
vn 0.2967 -0.9332 0.2028
vn 0.0930 -0.9957 0.0019
vn 0.1871 -0.9777 0.0957
vn 0.0261 -0.9974 -0.0675
vn 0.0972 -0.9953 0.0020
vn 0.0001 -0.9932 -0.1168
vn 0.0514 -0.9964 -0.0676
vn 0.0060 -0.9880 -0.1544
vn 0.0447 -0.9919 -0.1185
vn 0.0274 -0.9795 -0.1994
vn 0.0710 -0.9845 -0.1603
vn 0.0543 -0.9679 -0.2456
vn 0.0945 -0.9738 -0.2069
vn 0.0984 -0.9600 -0.2623
vn 0.1113 -0.9621 -0.2491
vn 0.1578 -0.9376 -0.3098
vn 0.1901 -0.9415 -0.2784
vn 0.3309 -0.8942 -0.3014
vn 0.2586 -0.9131 -0.3152
vn 0.2397 -0.9244 -0.2968
vn 0.3331 -0.8942 -0.2992
vn -0.8823 -0.4531 0.1276
vn -0.8532 -0.4851 0.1918
vn -0.7736 -0.6235 0.1132
vn -0.7582 -0.6368 0.1402
vn -0.6320 -0.7650 0.1238
vn -0.6268 -0.7677 0.1331
vn -0.5116 -0.8479 0.1387
vn -0.4942 -0.8402 0.2234
vn -0.4715 -0.8585 0.2016
vn -0.3848 -0.8847 0.2633
vn 0.4362 -0.8211 0.3680
vn 0.4907 -0.8189 0.2976
vn 0.5059 -0.8100 0.2967
vn 0.3998 -0.8947 0.1991
vn 0.3009 -0.9466 0.1158
vn 0.3830 -0.9015 0.2016
vn 0.1881 -0.9818 0.0264
vn 0.2771 -0.9537 0.1168
vn 0.0976 -0.9938 -0.0533
vn 0.1788 -0.9835 0.0266
vn 0.0520 -0.9921 -0.1139
vn 0.1148 -0.9919 -0.0539
vn 0.0462 -0.9846 -0.1688
vn 0.1019 -0.9878 -0.1176
vn 0.0712 -0.9769 -0.2014
vn 0.1025 -0.9794 -0.1742
vn 0.0996 -0.9585 -0.2671
vn 0.1557 -0.9616 -0.2258
vn 0.1350 -0.9364 -0.3241
vn 0.1703 -0.9452 -0.2785
vn 0.2644 -0.9011 -0.3436
vn 0.2230 -0.9100 -0.3496
vn 0.1851 -0.9314 -0.3135
vn 0.2504 -0.9001 -0.3566
vn -0.8472 -0.5287 0.0527
vn -0.8583 -0.5126 0.0248
vn -0.7504 -0.6593 0.0473
vn -0.7434 -0.6662 0.0603
vn -0.6212 -0.7776 0.0974
vn -0.6486 -0.7592 0.0546
vn -0.5387 -0.8419 0.0329
vn -0.5484 -0.8306 0.0973
vn 0.5144 -0.8527 0.0915
vn 0.4753 -0.8650 0.1607
vn 0.3993 -0.9144 0.0659
vn 0.4140 -0.9064 0.0842
vn 0.2848 -0.9585 0.0115
vn 0.3380 -0.9386 0.0690
vn 0.1826 -0.9817 -0.0547
vn 0.2503 -0.9681 0.0135
vn 0.1184 -0.9853 -0.1232
vn 0.1890 -0.9804 -0.0552
vn 0.1034 -0.9803 -0.1680
vn 0.1490 -0.9808 -0.1258
vn 0.1134 -0.9632 -0.2438
vn 0.1789 -0.9661 -0.1859
vn 0.2290 -0.9268 -0.2977
vn 0.2091 -0.9304 -0.3011
vn 0.1520 -0.9587 -0.2405
vn 0.1906 -0.9183 -0.3470
vn 0.2410 -0.9035 -0.3545
vn 0.2177 -0.9022 -0.3723
vn -0.8489 -0.5257 -0.0540
vn -0.8567 -0.5102 -0.0764
vn -0.7285 -0.6823 -0.0609
vn -0.7339 -0.6756 -0.0712
vn -0.6271 -0.7766 -0.0597
vn -0.6316 -0.7724 -0.0673
vn -0.5660 -0.8172 -0.1084
vn -0.5924 -0.8038 -0.0546
vn 0.4932 -0.8667 -0.0745
vn 0.4721 -0.8810 0.0317
vn 0.4422 -0.8963 -0.0327
vn 0.4154 -0.9072 -0.0670
vn 0.3544 -0.9339 -0.0466
vn 0.3688 -0.9290 -0.0298
vn 0.2615 -0.9609 -0.0908
vn 0.3075 -0.9506 -0.0425
vn 0.1942 -0.9717 -0.1342
vn 0.2405 -0.9666 -0.0889
vn 0.1646 -0.9639 -0.2095
vn 0.2349 -0.9613 -0.1440
vn 0.2468 -0.9277 -0.2803
vn 0.2424 -0.9287 -0.2808
vn 0.1747 -0.9623 -0.2086
vn 0.2060 -0.9260 -0.3163
vn -0.8427 -0.5139 -0.1604
vn -0.8397 -0.5214 -0.1519
vn -0.7163 -0.6724 -0.1867
vn -0.7342 -0.6425 -0.2194
vn -0.6105 -0.7650 -0.2051
vn -0.6191 -0.7544 -0.2180
vn -0.5133 -0.8015 -0.3069
vn -0.5941 -0.7478 -0.2963
vn -0.5340 -0.8142 -0.2279
vn -0.4499 -0.8005 -0.3959
vn 0.4358 -0.8638 -0.2527
vn 0.4679 -0.8781 -0.1006
vn 0.4438 -0.8604 -0.2503
vn 0.4015 -0.8912 -0.2111
vn 0.4375 -0.8869 -0.1484
vn 0.3993 -0.8920 -0.2119
vn 0.3912 -0.9100 -0.1369
vn 0.3820 -0.9121 -0.1485
vn 0.3213 -0.9355 -0.1471
vn 0.3338 -0.9332 -0.1334
vn 0.2640 -0.9449 -0.1936
vn 0.3125 -0.9388 -0.1450
vn 0.2823 -0.9211 -0.2681
vn 0.2930 -0.9181 -0.2670
vn 0.2268 -0.9538 -0.1971
vn 0.2367 -0.9209 -0.3097
vn -0.8052 -0.4586 -0.3759
vn -0.7948 -0.5179 -0.3163
vn -0.7849 -0.4698 -0.4041
vn -0.7170 -0.6182 -0.3221
vn -0.5989 -0.7298 -0.3298
vn -0.6316 -0.6783 -0.3754
vn -0.5089 -0.7690 -0.3869
vn -0.4922 -0.7890 -0.3677
vn -0.3099 -0.8073 -0.5022
vn -0.4511 -0.7361 -0.5046
vn -0.3730 -0.8241 -0.4263
vn -0.2258 -0.7969 -0.5604
vn 0.2985 -0.8579 -0.4183
vn 0.3849 -0.8695 -0.3095
vn 0.3603 -0.8397 -0.4063
vn 0.3225 -0.8734 -0.3649
vn 0.3883 -0.8657 -0.3157
vn 0.3484 -0.8657 -0.3595
vn 0.4186 -0.8687 -0.2648
vn 0.3795 -0.8701 -0.3144
vn 0.4001 -0.8858 -0.2350
vn 0.3755 -0.8878 -0.2661
vn 0.3629 -0.9013 -0.2366
vn 0.3693 -0.9005 -0.2295
vn 0.3184 -0.9041 -0.2850
vn 0.3383 -0.8976 -0.2827
vn 0.3013 -0.9216 -0.2447
vn 0.2843 -0.9049 -0.3169
vn -0.7652 -0.5255 -0.3719
vn -0.7667 -0.5092 -0.3909
vn -0.6238 -0.6679 -0.4060
vn -0.6270 -0.6616 -0.4113
vn -0.4720 -0.7524 -0.4594
vn -0.4805 -0.7416 -0.4682
vn -0.3503 -0.7803 -0.5181
vn -0.3328 -0.7983 -0.5020
vn -0.0192 -0.8207 -0.5711
vn -0.2204 -0.7635 -0.6070
vn -0.1613 -0.8177 -0.5526
vn 0.1001 -0.8370 -0.5380
vn 0.0253 -0.8052 -0.5924
vn 0.2436 -0.8525 -0.4624
vn 0.2164 -0.8217 -0.5272
vn 0.1835 -0.8565 -0.4825
vn 0.2973 -0.8420 -0.4501
vn 0.2634 -0.8388 -0.4766
vn 0.3605 -0.8335 -0.4186
vn 0.3217 -0.8298 -0.4560
vn 0.3859 -0.8458 -0.3683
vn 0.3417 -0.8416 -0.4183
vn 0.3986 -0.8517 -0.3402
vn 0.3755 -0.8513 -0.3665
vn 0.3384 -0.8725 -0.3525
vn 0.3606 -0.8648 -0.3493
vn 0.3589 -0.8662 -0.3476
vn 0.3256 -0.8724 -0.3646
vn -0.6942 -0.4606 -0.5532
vn -0.6979 -0.5223 -0.4900
vn -0.6673 -0.4720 -0.5761
vn -0.5943 -0.6199 -0.5124
vn -0.4584 -0.6953 -0.5536
vn -0.4935 -0.6516 -0.5761
vn -0.3195 -0.7668 -0.5567
vn -0.3639 -0.7187 -0.5924
vn -0.1564 -0.8041 -0.5736
vn -0.1819 -0.7851 -0.5920
vn 0.0287 -0.8238 -0.5661
vn -0.0259 -0.7998 -0.5997
vn 0.1424 -0.8151 -0.5615
vn 0.0934 -0.8049 -0.5860
vn 0.2625 -0.8087 -0.5264
vn 0.1885 -0.7953 -0.5761
vn 0.3206 -0.7912 -0.5207
vn 0.2981 -0.7899 -0.5359
vn 0.3563 -0.8099 -0.4659
vn 0.3124 -0.7952 -0.5197
vn 0.3382 -0.8268 -0.4494
vn 0.3464 -0.8241 -0.4482
vn 0.3633 -0.8079 -0.4641
vn 0.3443 -0.8273 -0.4439
vn -0.5062 -0.5358 -0.6758
vn -0.4766 -0.5564 -0.6807
vn -0.5454 -0.5693 -0.6152
vn -0.3490 -0.6294 -0.6944
vn -0.3802 -0.6727 -0.6348
vn -0.3577 -0.7076 -0.6094
vn -0.1743 -0.7535 -0.6340
vn -0.2051 -0.7287 -0.6533
vn -0.0253 -0.7728 -0.6342
vn -0.0690 -0.7485 -0.6595
vn 0.0875 -0.7710 -0.6308
vn 0.0531 -0.7574 -0.6508
vn 0.1883 -0.7589 -0.6234
vn 0.1606 -0.7482 -0.6437
vn 0.2828 -0.7505 -0.5973
vn 0.2533 -0.7577 -0.6015
vn 0.2647 -0.7436 -0.6140
vn 0.3211 -0.7642 -0.5594
vn 0.2921 -0.7778 -0.5565
vn 0.3210 -0.7803 -0.5367
vn -0.2313 -0.6344 -0.7376
vn -0.1913 -0.6637 -0.7231
vn -0.1294 -0.6564 -0.7432
vn -0.0653 -0.6956 -0.7155
vn -0.0143 -0.6863 -0.7271
vn 0.0520 -0.7187 -0.6934
vn 0.1076 -0.7020 -0.7040
vn 0.1600 -0.7199 -0.6754
vn 0.1808 -0.7108 -0.6797
vn 0.2176 -0.7154 -0.6639
vn -0.1481 -0.8714 0.4677
vn -0.0852 -0.8825 0.4624
vn -0.1418 -0.8703 0.4717
vn -0.0236 -0.8930 0.4494
vn -0.0894 -0.8840 0.4589
vn 0.0399 -0.8984 0.4374
vn -0.0241 -0.8932 0.4490
vn 0.1020 -0.8984 0.4271
vn 0.0436 -0.8969 0.4402
vn 0.1029 -0.8980 0.4277
vn -0.2605 -0.8124 0.5217
vn -0.1798 -0.8484 0.4978
vn -0.2809 -0.8140 0.5084
vn -0.2323 -0.8659 0.4429
vn -0.1520 -0.8758 0.4581
vn -0.1184 -0.8984 0.4228
vn -0.0794 -0.9065 0.4148
vn -0.0612 -0.8987 0.4342
vn -0.0216 -0.9143 0.4046
vn -0.0151 -0.9118 0.4104
vn 0.0398 -0.9166 0.3977
vn 0.0389 -0.9170 0.3970
vn 0.1019 -0.9153 0.3896
vn 0.1014 -0.9156 0.3892
vn 0.1587 -0.8938 0.4194
vn 0.1664 -0.9100 0.3797
vn 0.1706 -0.9073 0.3843
vn 0.2367 -0.8904 0.3888
vn 0.2255 -0.8899 0.3965
vn 0.2703 -0.8719 0.4084
vn -0.4105 -0.6688 0.6199
vn -0.2911 -0.7503 0.5936
vn -0.4434 -0.6692 0.5963
vn -0.3573 -0.7712 0.5269
vn -0.2499 -0.7980 0.5484
vn -0.1991 -0.8430 0.4998
vn -0.1722 -0.8711 0.4600
vn -0.1208 -0.8508 0.5114
vn -0.1198 -0.9002 0.4186
vn -0.0794 -0.8915 0.4460
vn -0.0518 -0.9199 0.3886
vn -0.0413 -0.9166 0.3977
vn -0.0125 -0.9278 0.3728
vn 0.0007 -0.9230 0.3848
vn 0.0397 -0.9301 0.3652
vn 0.0421 -0.9291 0.3674
vn 0.1020 -0.9251 0.3657
vn 0.0945 -0.9285 0.3591
vn 0.1719 -0.9117 0.3732
vn 0.1567 -0.9198 0.3598
vn 0.2347 -0.8953 0.3785
vn 0.2209 -0.9035 0.3674
vn 0.2923 -0.8689 0.3995
vn 0.2925 -0.8781 0.3787
vn 0.2834 -0.8850 0.3695
vn 0.3401 -0.8574 0.3863
vn -0.5549 -0.6106 0.5651
vn -0.4824 -0.6215 0.6172
vn -0.4020 -0.6567 0.6381
vn -0.3558 -0.7159 0.6007
vn -0.2869 -0.7649 0.5768
vn -0.2346 -0.7425 0.6274
vn -0.1865 -0.8245 0.5343
vn -0.1471 -0.8176 0.5567
vn -0.1142 -0.8698 0.4800
vn -0.0869 -0.8619 0.4996
vn -0.0791 -0.8963 0.4364
vn -0.0383 -0.8826 0.4686
vn -0.0413 -0.9170 0.3968
vn -0.0063 -0.9052 0.4249
vn 0.0012 -0.9288 0.3706
vn 0.0216 -0.9214 0.3880
vn 0.0424 -0.9340 0.3549
vn 0.0538 -0.9295 0.3648
vn 0.0946 -0.9322 0.3495
vn 0.1569 -0.9222 0.3535
vn 0.1465 -0.9273 0.3443
vn 0.2209 -0.9060 0.3612
vn 0.2065 -0.9143 0.3484
vn 0.2835 -0.8857 0.3676
vn 0.2702 -0.8948 0.3555
vn 0.3450 -0.8574 0.3820
vn 0.3435 -0.8630 0.3704
vn 0.3344 -0.8703 0.3616
vn 0.4011 -0.8354 0.3757
vn -0.6884 -0.4832 0.5409
vn -0.5952 -0.5103 0.6207
vn -0.4949 -0.5766 0.6501
vn -0.4741 -0.6212 0.6239
vn -0.3502 -0.7055 0.6162
vn -0.2964 -0.6967 0.6532
vn -0.2184 -0.7849 0.5799
vn -0.1971 -0.7775 0.5973
vn -0.1470 -0.8155 0.5597
vn -0.1263 -0.8085 0.5747
vn -0.0851 -0.8524 0.5159
vn -0.0599 -0.8466 0.5288
vn -0.0384 -0.8812 0.4711
vn -0.0090 -0.8705 0.4922
vn -0.0068 -0.9012 0.4333
vn 0.0281 -0.8862 0.4625
vn 0.0216 -0.9153 0.4023
vn 0.0501 -0.9034 0.4258
vn 0.0539 -0.9241 0.3782
vn 0.0739 -0.9158 0.3948
vn 0.0946 -0.9275 0.3618
vn 0.1064 -0.9222 0.3718
vn 0.1464 -0.9240 0.3532
vn 0.1500 -0.9222 0.3564
vn 0.2064 -0.9127 0.3527
vn 0.2016 -0.9155 0.3483
vn 0.2702 -0.8948 0.3554
vn 0.2619 -0.9003 0.3477
vn 0.3347 -0.8716 0.3580
vn 0.3268 -0.8778 0.3502
vn 0.4059 -0.8356 0.3702
vn 0.4050 -0.8387 0.3640
vn 0.3925 -0.8497 0.3521
vn 0.4806 -0.8005 0.3581
vn -0.7728 -0.3334 0.5400
vn -0.7422 -0.3436 0.5754
vn -0.6184 -0.4585 0.6383
vn -0.6187 -0.4570 0.6390
vn -0.4563 -0.6051 0.6524
vn -0.4052 -0.6098 0.6811
vn -0.2900 -0.7392 0.6079
vn -0.2762 -0.7365 0.6174
vn -0.1935 -0.8000 0.5679
vn -0.1579 -0.7879 0.5953
vn -0.1144 -0.8383 0.5331
vn -0.0880 -0.8250 0.5582
vn -0.0400 -0.8602 0.5084
vn -0.0358 -0.8549 0.5175
vn -0.0547 -0.8396 0.5405
vn 0.0074 -0.8545 0.5194
vn -0.0080 -0.8616 0.5075
vn 0.0281 -0.8698 0.4926
vn 0.0536 -0.8639 0.5008
vn 0.0266 -0.8825 0.4696
vn 0.0495 -0.8931 0.4471
vn 0.0729 -0.8815 0.4665
vn 0.0754 -0.9020 0.4252
vn 0.0941 -0.8932 0.4396
vn 0.1074 -0.9085 0.4040
vn 0.1224 -0.9013 0.4155
vn 0.1498 -0.9122 0.3815
vn 0.1681 -0.9021 0.3974
vn 0.2011 -0.9081 0.3673
vn 0.2108 -0.9024 0.3759
vn 0.2614 -0.8972 0.3560
vn 0.2675 -0.8931 0.3617
vn 0.3271 -0.8789 0.3471
vn 0.3304 -0.8764 0.3504
vn 0.3959 -0.8548 0.3355
vn 0.4016 -0.8495 0.3423
vn 0.4855 -0.8024 0.3472
vn 0.4853 -0.8026 0.3469
vn -0.7816 -0.2058 0.5888
vn -0.8056 -0.2028 0.5566
vn -0.6889 -0.2989 0.6603
vn -0.6833 -0.3620 0.6340
vn -0.6493 -0.4865 0.5846
vn -0.5020 -0.4846 0.7164
vn -0.3720 -0.6988 0.6109
vn -0.3693 -0.6962 0.6156
vn -0.4162 -0.6216 0.6636
vn -0.1941 -0.7426 0.6410
vn -0.2750 -0.7692 0.5768
vn -0.1228 -0.8196 0.5595
vn -0.1497 -0.8292 0.5385
vn -0.0671 -0.8477 0.5262
vn -0.0806 -0.8532 0.5154
vn -0.0416 -0.8606 0.5076
vn 0.0593 -0.8725 0.4850
vn 0.0843 -0.8716 0.4829
vn 0.0727 -0.8774 0.4743
vn 0.1015 -0.8778 0.4681
vn 0.0956 -0.8807 0.4639
vn 0.1273 -0.8810 0.4557
vn 0.1300 -0.8797 0.4574
vn 0.1548 -0.8824 0.4443
vn 0.1927 -0.8690 0.4557
vn 0.1658 -0.8889 0.4271
vn 0.2102 -0.8890 0.4068
vn 0.2268 -0.8787 0.4201
vn 0.2665 -0.8870 0.3772
vn 0.2897 -0.8702 0.3986
vn 0.3302 -0.8759 0.3519
vn 0.3484 -0.8613 0.3698
vn 0.4032 -0.8528 0.3319
vn 0.4137 -0.8432 0.3432
vn 0.4870 -0.8026 0.3446
vn 0.4822 -0.8162 0.3184
vn 0.4830 -0.8154 0.3191
vn 0.5879 -0.7543 0.2922
vn -0.7620 -0.1445 0.6313
vn -0.7828 -0.1431 0.6056
vn -0.7393 -0.1673 0.6523
vn -0.6673 -0.3128 0.6760
vn -0.5711 -0.5189 0.6361
vn -0.5461 -0.4954 0.6755
vn -0.6111 -0.3326 0.7183
vn -0.3743 -0.5692 0.7321
vn -0.4949 -0.5987 0.6298
vn -0.3255 -0.6980 0.6379
vn 0.1923 -0.8678 0.4581
vn 0.2230 -0.8640 0.4515
vn 0.2337 -0.8577 0.4580
vn 0.2575 -0.8595 0.4416
vn 0.3325 -0.8246 0.4577
vn 0.2877 -0.8638 0.4136
vn 0.3490 -0.8630 0.3653
vn 0.3886 -0.8280 0.4042
vn 0.4171 -0.8505 0.3205
vn 0.4467 -0.8222 0.3526
vn 0.4926 -0.8287 0.2657
vn 0.5224 -0.7960 0.3058
vn 0.6010 -0.7593 0.2496
vn 0.6105 -0.7439 0.2718
vn -0.6158 -0.0787 0.7840
vn -0.7142 -0.0833 0.6950
vn -0.6904 -0.0974 0.7169
vn -0.6485 -0.2884 0.7045
vn -0.6419 -0.2937 0.7083
vn -0.5082 -0.3279 0.7964
vn -0.6928 -0.3597 0.6251
vn -0.5397 -0.5228 0.6598
vn 0.3325 -0.8247 0.4576
vn 0.3667 -0.8242 0.4316
vn 0.4560 -0.7741 0.4392
vn 0.3928 -0.8379 0.3790
vn 0.4534 -0.8353 0.3110
vn 0.4976 -0.7899 0.3585
vn 0.5305 -0.8073 0.2584
vn 0.5559 -0.7791 0.2898
vn 0.6297 -0.7397 0.2371
vn 0.6245 -0.7553 0.1990
vn 0.6443 -0.7320 0.2215
vn 0.7604 -0.6359 0.1321
vn -0.7680 -0.0963 0.6332
vn -0.7511 -0.0952 0.6533
vn -0.6823 -0.1491 0.7157
vn -0.6373 -0.3594 0.6816
vn -0.7453 -0.2618 0.6132
vn -0.6425 -0.2844 0.7115
vn 0.4529 -0.7952 0.4032
vn 0.4975 -0.7955 0.3458
vn 0.5785 -0.7425 0.3376
vn 0.5116 -0.8160 0.2692
vn 0.5714 -0.7954 0.2022
vn 0.6025 -0.7596 0.2451
vn 0.6576 -0.7431 0.1239
vn 0.6877 -0.7047 0.1747
vn 0.7738 -0.6321 0.0410
vn 0.7934 -0.6012 0.0954
vn -0.8061 -0.2117 0.5526
vn -0.8968 -0.1390 0.4201
vn -0.7103 -0.4199 0.5650
vn -0.7081 -0.3636 0.6053
vn 0.6029 -0.7840 0.1475
vn 0.5636 -0.7977 0.2145
vn 0.6263 -0.7698 0.1228
vn 0.6423 -0.7514 0.1511
vn 0.7075 -0.7041 0.0611
vn 0.7304 -0.6747 0.1058
vn 0.8087 -0.5882 0.0067
vn 0.8212 -0.5691 0.0419
vn -0.9240 -0.0186 0.3820
vn -0.9013 -0.0145 0.4329
vn -0.8336 -0.1158 0.5401
vn -0.8399 -0.2947 0.4558
vn -0.8218 -0.3240 0.4686
vn -0.6755 -0.4162 0.6087
vn 0.5969 -0.8000 -0.0615
vn 0.5617 -0.8242 0.0717
vn 0.6744 -0.7383 0.0088
vn 0.6380 -0.7679 -0.0575
vn 0.7492 -0.6613 -0.0379
vn 0.7657 -0.6432 -0.0084
vn 0.8339 -0.5483 -0.0633
vn 0.8392 -0.5416 -0.0490
vn -0.9320 -0.1521 0.3291
vn -0.9571 -0.1599 0.2418
vn -0.9703 -0.1276 0.2056
vn -0.8531 -0.2930 0.4317
vn 0.5967 -0.7690 -0.2291
vn 0.5794 -0.8102 -0.0884
vn 0.6848 -0.6882 -0.2397
vn 0.6922 -0.6859 -0.2245
vn 0.8340 -0.5290 -0.1570
vn 0.7721 -0.5957 -0.2216
vn 0.7482 -0.6345 -0.1938
vn 0.8456 -0.5207 -0.1172
vn -0.9659 -0.1244 0.2270
vn -0.9563 -0.1457 0.2534
vn 0.4976 -0.8029 -0.3284
vn 0.6207 -0.7581 -0.2001
vn 0.6035 -0.7418 -0.2924
vn 0.6271 -0.7092 -0.3220
vn 0.7056 -0.6167 -0.3490
vn 0.7554 -0.6047 -0.2525
vn 0.7291 -0.5404 -0.4200
vn 0.7900 -0.5201 -0.3248
vn -0.9328 -0.0250 0.3596
vn -0.9167 -0.0332 0.3983
vn -0.8283 -0.2991 0.4739
vn -0.9586 -0.1479 0.2434
vn 0.3642 -0.8396 -0.4030
vn 0.4823 -0.8049 -0.3459
vn 0.4743 -0.7937 -0.3808
vn 0.4848 -0.7814 -0.3930
vn 0.6236 -0.7056 -0.3365
vn 0.6040 -0.7108 -0.3605
vn 0.7531 -0.5367 -0.3806
vn 0.7384 -0.5435 -0.3992
vn 0.7681 -0.4232 -0.4805
vn 0.8324 -0.4079 -0.3750
vn -0.9703 -0.1556 0.1851
vn -0.9928 -0.1039 0.0589
vn -0.9134 -0.3729 0.1634
vn -0.9189 -0.3043 0.2508
vn 0.2935 -0.8548 -0.4280
vn 0.3678 -0.8397 -0.3997
vn 0.3633 -0.8318 -0.4196
vn 0.3909 -0.8033 -0.4494
vn 0.4735 -0.7649 -0.4367
vn 0.4751 -0.7648 -0.4351
vn 0.6129 -0.6260 -0.4821
vn 0.6087 -0.6267 -0.4866
vn 0.8225 -0.4075 -0.3968
vn 0.7279 -0.5123 -0.4557
vn 0.7229 -0.5341 -0.4384
vn 0.8306 -0.4049 -0.3823
vn -0.9931 -0.1078 0.0458
vn -0.9947 -0.0988 0.0298
vn -0.9434 -0.3312 0.0194
vn -0.9456 -0.3212 0.0516
vn 0.2568 -0.8870 -0.3837
vn 0.2658 -0.8612 -0.4332
vn 0.3001 -0.8705 -0.3901
vn 0.3097 -0.8560 -0.4140
vn 0.3070 -0.8504 -0.4273
vn 0.3513 -0.8074 -0.4740
vn 0.3820 -0.7870 -0.4844
vn 0.4006 -0.7874 -0.4685
vn 0.4961 -0.6778 -0.5427
vn 0.5092 -0.6774 -0.5309
vn 0.7068 -0.4988 -0.5017
vn 0.6130 -0.5761 -0.5406
vn 0.5974 -0.6144 -0.5154
vn 0.7104 -0.4980 -0.4973
vn -0.9936 -0.1110 -0.0201
vn -0.9928 -0.1196 -0.0042
vn -0.9503 -0.3055 -0.0597
vn -0.9534 -0.2997 -0.0340
vn 0.2830 -0.8773 -0.3876
vn 0.2923 -0.8874 -0.3565
vn 0.2853 -0.8767 -0.3874
vn 0.3436 -0.8278 -0.4435
vn 0.3284 -0.8122 -0.4821
vn 0.3631 -0.8218 -0.4391
vn 0.3403 -0.7901 -0.5098
vn 0.3729 -0.7894 -0.4877
vn 0.4275 -0.7004 -0.5716
vn 0.4493 -0.7007 -0.5541
vn 0.6111 -0.5503 -0.5690
vn 0.5331 -0.6018 -0.5947
vn 0.4996 -0.6629 -0.5576
vn 0.5925 -0.5516 -0.5871
vn -0.9822 -0.1469 -0.1172
vn -0.9832 -0.1711 -0.0632
vn -0.9508 -0.2809 -0.1304
vn -0.9547 -0.2754 -0.1126
vn 0.3252 -0.8596 -0.3941
vn 0.3274 -0.8786 -0.3477
vn 0.3177 -0.8620 -0.3950
vn 0.3823 -0.8014 -0.4600
vn 0.3275 -0.7819 -0.5305
vn 0.4096 -0.7907 -0.4551
vn 0.3928 -0.7428 -0.5422
vn 0.3986 -0.7437 -0.5366
vn 0.3930 -0.7010 -0.5952
vn 0.4500 -0.7074 -0.5451
vn 0.5484 -0.5779 -0.6044
vn 0.4823 -0.6147 -0.6241
vn 0.4380 -0.6813 -0.5866
vn 0.5172 -0.5776 -0.6316
vn -0.9527 -0.1883 -0.2385
vn -0.9033 -0.1502 -0.4018
vn -0.9152 -0.2736 -0.2959
vn -0.9145 -0.2733 -0.2983
vn -0.9120 -0.2218 -0.3451
vn -0.8644 -0.3304 -0.3790
vn 0.3627 -0.8342 -0.4153
vn 0.3703 -0.8590 -0.3536
vn 0.3559 -0.8368 -0.4161
vn 0.4136 -0.7742 -0.4791
vn 0.3583 -0.7524 -0.5527
vn 0.4527 -0.7560 -0.4727
vn 0.4245 -0.7039 -0.5694
vn 0.4376 -0.7053 -0.5577
vn 0.4155 -0.6424 -0.6439
vn 0.5004 -0.6530 -0.5686
vn 0.4909 -0.5863 -0.6444
vn 0.4560 -0.6006 -0.6567
vn 0.4244 -0.6393 -0.6412
vn 0.4658 -0.5833 -0.6654
vn -0.8845 -0.1482 -0.4424
vn -0.8851 -0.1494 -0.4409
vn -0.8727 -0.2748 -0.4037
vn -0.8412 -0.2905 -0.4561
vn 0.3816 -0.7923 -0.4760
vn 0.3905 -0.8338 -0.3904
vn 0.3688 -0.7971 -0.4781
vn 0.4125 -0.7470 -0.5213
vn 0.3900 -0.7432 -0.5436
vn 0.4206 -0.7436 -0.5197
vn 0.4544 -0.6606 -0.5977
vn 0.4899 -0.6572 -0.5728
vn 0.4482 -0.6016 -0.6612
vn 0.5216 -0.6139 -0.5925
vn 0.3911 -0.5200 -0.7594
vn 0.5377 -0.4792 -0.6937
vn 0.4668 -0.5949 -0.6544
vn 0.4311 -0.5316 -0.7291
vn -0.8890 -0.1492 -0.4329
vn -0.8102 -0.3214 -0.4901
vn -0.7974 -0.2851 -0.5318
vn -0.8209 -0.2871 -0.4936
vn -0.8039 -0.2355 -0.5462
vn -0.7269 -0.3619 -0.5836
vn 0.3708 -0.7473 -0.5514
vn 0.3968 -0.7929 -0.4626
vn 0.3714 -0.7471 -0.5513
vn 0.4058 -0.7028 -0.5842
vn 0.3822 -0.6995 -0.6038
vn 0.4075 -0.7022 -0.5838
vn 0.4436 -0.6178 -0.6493
vn 0.4836 -0.6199 -0.6179
vn 0.5581 -0.5505 -0.6209
vn 0.4628 -0.5913 -0.6604
vn 0.4449 -0.6173 -0.6488
vn 0.5119 -0.5461 -0.6631
vn 0.5950 -0.4715 -0.6509
vn 0.5441 -0.4828 -0.6862
vn -0.7164 -0.2949 -0.6323
vn -0.7120 -0.3896 -0.5842
vn -0.7103 -0.3834 -0.5903
vn -0.5992 -0.3510 -0.7196
vn -0.5942 -0.3386 -0.7296
vn -0.5276 -0.5170 -0.6740
vn -0.5488 -0.4734 -0.6889
vn -0.4154 -0.5374 -0.7339
vn 0.2954 -0.6896 -0.6612
vn 0.3106 -0.7123 -0.6294
vn 0.2777 -0.6983 -0.6597
vn 0.3675 -0.7470 -0.5540
vn 0.3410 -0.7036 -0.6234
vn 0.3328 -0.7142 -0.6157
vn 0.3735 -0.6588 -0.6530
vn 0.4512 -0.6562 -0.6048
vn 0.4366 -0.5766 -0.6906
vn 0.4721 -0.5826 -0.6616
vn 0.3243 -0.5047 -0.8001
vn 0.5061 -0.4653 -0.7262
vn 0.4428 -0.5745 -0.6884
vn 0.4156 -0.5260 -0.7421
vn -0.6800 -0.3847 -0.6242
vn -0.5221 -0.4313 -0.7358
vn -0.5453 -0.4578 -0.7021
vn -0.5414 -0.4670 -0.6992
vn -0.2347 -0.5384 -0.8093
vn -0.3765 -0.4934 -0.7841
vn -0.3758 -0.4945 -0.7837
vn -0.1261 -0.6072 -0.7845
vn -0.2420 -0.5411 -0.8054
vn -0.0108 -0.6479 -0.7616
vn -0.0887 -0.6006 -0.7946
vn 0.1056 -0.6694 -0.7354
vn 0.0369 -0.6379 -0.7692
vn 0.1780 -0.6497 -0.7390
vn 0.1608 -0.6448 -0.7472
vn 0.2561 -0.6854 -0.6816
vn 0.2217 -0.6383 -0.7371
vn 0.2102 -0.6532 -0.7274
vn 0.2872 -0.6532 -0.7006
vn 0.2613 -0.6421 -0.7207
vn 0.2963 -0.6398 -0.7091
vn 0.3091 -0.6422 -0.7015
vn 0.5065 -0.5405 -0.6718
vn 0.3995 -0.5900 -0.7016
vn 0.3944 -0.6003 -0.6957
vn 0.4576 -0.5372 -0.7085
vn 0.5430 -0.4613 -0.7017
vn 0.5102 -0.4674 -0.7220
vn -0.4353 -0.4217 -0.7955
vn -0.3585 -0.4622 -0.8110
vn -0.3713 -0.4643 -0.8041
vn -0.2416 -0.5486 -0.8005
vn -0.2523 -0.5525 -0.7944
vn -0.0907 -0.5556 -0.8265
vn -0.1075 -0.5863 -0.8029
vn -0.0895 -0.6031 -0.7927
vn 0.0460 -0.6056 -0.7944
vn 0.0206 -0.5888 -0.8080
vn 0.1712 -0.6040 -0.7784
vn 0.1225 -0.6149 -0.7790
vn 0.1360 -0.5986 -0.7894
vn 0.1845 -0.6073 -0.7728
vn 0.2353 -0.5793 -0.7804
vn 0.2706 -0.5877 -0.7625
vn 0.3016 -0.5723 -0.7626
vn 0.3070 -0.5733 -0.7597
vn 0.3296 -0.5602 -0.7600
vn 0.3589 -0.5598 -0.7469
vn -0.0215 -0.5437 -0.8390
vn 0.0252 -0.5643 -0.8252
vn 0.0347 -0.5610 -0.8271
vn 0.0888 -0.5722 -0.8153
vn -0.1444 -0.8640 0.4823
vn -0.0440 -0.8769 0.4786
vn -0.1270 -0.8608 0.4929
vn 0.0477 -0.8857 0.4618
vn -0.0442 -0.8770 0.4784
vn 0.1315 -0.8857 0.4452
vn 0.0535 -0.8832 0.4660
vn 0.1420 -0.8806 0.4521
vn -0.2837 -0.7892 0.5447
vn -0.1900 -0.8293 0.5255
vn -0.2979 -0.7905 0.5351
vn -0.2421 -0.8477 0.4721
vn -0.1404 -0.8595 0.4916
vn -0.1066 -0.8833 0.4566
vn -0.0402 -0.8956 0.4429
vn -0.0085 -0.8801 0.4746
vn 0.0487 -0.9071 0.4181
vn 0.0677 -0.8983 0.4341
vn 0.1303 -0.9114 0.3904
vn 0.1468 -0.9029 0.4039
vn 0.2045 -0.8772 0.4345
vn 0.2098 -0.9059 0.3679
vn 0.2216 -0.8981 0.3798
vn 0.2761 -0.8826 0.3804
vn -0.4195 -0.6750 0.6070
vn -0.3193 -0.7347 0.5986
vn -0.4241 -0.6750 0.6038
vn -0.3632 -0.7494 0.5535
vn -0.2721 -0.7731 0.5730
vn -0.2341 -0.8106 0.5368
vn -0.1863 -0.8430 0.5047
vn -0.1358 -0.8217 0.5536
vn -0.1042 -0.8802 0.4630
vn -0.0657 -0.8706 0.4876
vn 0.0015 -0.9051 0.4252
vn 0.0108 -0.9015 0.4326
vn 0.0706 -0.9158 0.3953
vn 0.0961 -0.9037 0.4172
vn 0.1485 -0.9181 0.3675
vn 0.1685 -0.9075 0.3847
vn 0.2252 -0.9109 0.3459
vn 0.2381 -0.9030 0.3576
vn 0.2950 -0.8831 0.3648
vn 0.2899 -0.8989 0.3285
vn 0.3010 -0.8914 0.3390
vn 0.3577 -0.8711 0.3366
vn -0.5029 -0.6189 0.6033
vn -0.5087 -0.6189 0.5985
vn -0.4141 -0.6673 0.6190
vn -0.3941 -0.6963 0.5999
vn -0.3168 -0.7458 0.5860
vn -0.2788 -0.7321 0.6215
vn -0.2274 -0.8003 0.5548
vn -0.2018 -0.7960 0.5707
vn -0.1288 -0.8465 0.5166
vn -0.1188 -0.8434 0.5239
vn -0.0660 -0.8776 0.4749
vn -0.0286 -0.8643 0.5022
vn 0.0107 -0.9027 0.4302
vn 0.0448 -0.8893 0.4552
vn 0.0972 -0.9140 0.3939
vn 0.1217 -0.9023 0.4136
vn 0.1696 -0.9163 0.3629
vn 0.1928 -0.9035 0.3827
vn 0.2395 -0.9104 0.3375
vn 0.2572 -0.8994 0.3535
vn 0.3028 -0.8985 0.3177
vn 0.3159 -0.8894 0.3304
vn 0.3685 -0.8713 0.3241
vn 0.3657 -0.8776 0.3099
vn 0.3681 -0.8758 0.3122
vn 0.4391 -0.8444 0.3068
vn -0.5683 -0.5583 0.6044
vn -0.5885 -0.5578 0.5852
vn -0.4993 -0.6129 0.6124
vn -0.4770 -0.6500 0.5916
vn -0.3886 -0.6864 0.6147
vn -0.3929 -0.6870 0.6112
vn -0.2716 -0.7718 0.5749
vn -0.2730 -0.7720 0.5741
vn -0.2015 -0.8121 0.5476
vn -0.1837 -0.8071 0.5611
vn -0.1191 -0.8460 0.5196
vn -0.1044 -0.8415 0.5300
vn -0.0289 -0.8694 0.4933
vn -0.0210 -0.8665 0.4987
vn 0.0448 -0.8891 0.4555
vn 0.0663 -0.8800 0.4703
vn 0.1217 -0.9021 0.4140
vn 0.1529 -0.8856 0.4387
vn 0.1930 -0.9053 0.3783
vn 0.2197 -0.8896 0.4005
vn 0.2576 -0.9018 0.3470
vn 0.2807 -0.8864 0.3680
vn 0.3169 -0.8929 0.3199
vn 0.3362 -0.8786 0.3392
vn 0.3715 -0.8813 0.2920
vn 0.3910 -0.8648 0.3152
vn 0.4447 -0.8466 0.2925
vn 0.4512 -0.8389 0.3044
vn -0.6713 -0.5076 0.5401
vn -0.6225 -0.5204 0.5845
vn -0.5673 -0.5569 0.6066
vn -0.5585 -0.5753 0.5976
vn -0.4820 -0.6589 0.5775
vn -0.4190 -0.6608 0.6226
vn -0.3677 -0.7539 0.5444
vn -0.3518 -0.7492 0.5612
vn -0.2500 -0.8186 0.5171
vn -0.2438 -0.8106 0.5324
vn -0.2765 -0.7768 0.5657
vn -0.1515 -0.8238 0.5463
vn -0.1795 -0.8349 0.5203
vn -0.0928 -0.8551 0.5101
vn -0.1041 -0.8590 0.5013
vn -0.0239 -0.8734 0.4865
vn -0.0217 -0.8725 0.4881
vn 0.0461 -0.8812 0.4705
vn 0.0690 -0.8719 0.4848
vn 0.1112 -0.8799 0.4620
vn 0.1872 -0.8564 0.4813
vn 0.1522 -0.8818 0.4464
vn 0.2195 -0.8858 0.4089
vn 0.2481 -0.8677 0.4307
vn 0.2804 -0.8847 0.3725
vn 0.3071 -0.8651 0.3967
vn 0.3360 -0.8780 0.3409
vn 0.3590 -0.8596 0.3636
vn 0.3913 -0.8655 0.3129
vn 0.4096 -0.8495 0.3327
vn 0.4570 -0.8388 0.2960
vn 0.4571 -0.8386 0.2965
vn 0.4628 -0.8334 0.3020
vn 0.5439 -0.7920 0.2774
vn -0.7244 -0.4368 0.5333
vn -0.6915 -0.4409 0.5723
vn -0.6348 -0.4869 0.5999
vn -0.6261 -0.5206 0.5805
vn -0.5751 -0.6085 0.5468
vn -0.5094 -0.6064 0.6105
vn -0.3924 -0.7200 0.5723
vn -0.3996 -0.7290 0.5558
vn -0.4334 -0.6844 0.5864
vn -0.2949 -0.7608 0.5782
vn -0.3465 -0.7763 0.5266
vn -0.2479 -0.8184 0.5185
vn 0.1926 -0.8731 0.4478
vn 0.2382 -0.8677 0.4364
vn 0.2505 -0.8605 0.4436
vn 0.2763 -0.8622 0.4246
vn 0.3388 -0.8331 0.4372
vn 0.3061 -0.8619 0.4044
vn 0.3583 -0.8575 0.3692
vn 0.3853 -0.8333 0.3964
vn 0.4097 -0.8497 0.3320
vn 0.4346 -0.8258 0.3594
vn 0.4653 -0.8377 0.2858
vn 0.4921 -0.8090 0.3214
vn 0.5485 -0.7945 0.2607
vn 0.5636 -0.7724 0.2926
vn -0.7133 -0.4119 0.5671
vn -0.6877 -0.4194 0.5926
vn -0.5641 -0.5206 0.6409
vn -0.5874 -0.5518 0.5921
vn -0.6003 -0.5171 0.6101
vn -0.4509 -0.6300 0.6322
vn -0.5021 -0.6405 0.5811
vn -0.3731 -0.7202 0.5850
vn 0.3386 -0.8363 0.4313
vn 0.3574 -0.8356 0.4171
vn 0.4095 -0.8077 0.4243
vn 0.3849 -0.8322 0.3992
vn 0.4347 -0.8259 0.3591
vn 0.4603 -0.7988 0.3874
vn 0.4926 -0.8099 0.3185
vn 0.5140 -0.7854 0.3449
vn 0.5716 -0.7718 0.2785
vn 0.5722 -0.7698 0.2827
vn 0.5824 -0.7580 0.2937
vn 0.6796 -0.6938 0.2383
vn -0.7851 -0.3371 0.5195
vn -0.7282 -0.3572 0.5849
vn -0.6701 -0.4060 0.6214
vn -0.6672 -0.4246 0.6120
vn -0.5939 -0.4877 0.6398
vn -0.5056 -0.5157 0.6917
vn 0.4091 -0.8109 0.4184
vn 0.4197 -0.8109 0.4078
vn 0.4856 -0.7715 0.4111
vn 0.4608 -0.7997 0.3849
vn 0.5176 -0.7907 0.3270
vn 0.5467 -0.7536 0.3650
vn 0.5868 -0.7635 0.2696
vn 0.6110 -0.7286 0.3096
vn 0.6875 -0.6967 0.2048
vn 0.7057 -0.6614 0.2539
vn -0.8142 -0.2700 0.5139
vn -0.8041 -0.2712 0.5291
vn -0.7459 -0.3282 0.5796
vn -0.7459 -0.3286 0.5793
vn -0.6933 -0.3837 0.6100
vn -0.6189 -0.4068 0.6719
vn 0.4856 -0.7714 0.4113
vn 0.5011 -0.7718 0.3913
vn 0.5782 -0.7187 0.3861
vn 0.5496 -0.7579 0.3514
vn 0.6221 -0.7346 0.2707
vn 0.6488 -0.6886 0.3239
vn 0.7135 -0.6612 0.2320
vn 0.7244 -0.6343 0.2699
vn -0.8058 -0.2549 0.5345
vn -0.7804 -0.2546 0.5712
vn -0.8464 -0.2025 0.4926
vn -0.7365 -0.3289 0.5911
vn 0.5965 -0.7230 0.3486
vn 0.5780 -0.7254 0.3737
vn 0.6567 -0.6941 0.2949
vn 0.6813 -0.6433 0.3492
vn 0.7408 -0.6288 0.2362
vn 0.7406 -0.6336 0.2238
vn 0.7575 -0.6024 0.2516
vn 0.8491 -0.5076 0.1463
vn -0.8701 -0.1241 0.4770
vn -0.8458 -0.0976 0.5245
vn -0.8046 -0.1995 0.5592
vn -0.8823 -0.1224 0.4545
vn 0.6051 -0.7042 0.3713
vn 0.6176 -0.7090 0.3405
vn 0.7240 -0.6207 0.3010
vn 0.7058 -0.6542 0.2716
vn 0.7741 -0.6086 0.1743
vn 0.7949 -0.5594 0.2349
vn 0.8607 -0.5034 0.0761
vn 0.8738 -0.4660 0.1393
vn -0.8030 -0.0321 0.5951
vn -0.7929 -0.0264 0.6088
vn -0.8048 -0.0231 0.5931
vn -0.9092 -0.0671 0.4108
vn 0.7555 -0.6157 0.2237
vn 0.7249 -0.6295 0.2797
vn 0.8175 -0.5575 0.1445
vn 0.8348 -0.5027 0.2243
vn 0.8870 -0.4557 0.0749
vn 0.8952 -0.4281 0.1237
vn -0.7854 0.1142 0.6083
vn -0.7843 0.1160 0.6094
vn -0.7735 0.1135 0.6235
vn -0.8421 0.0535 0.5367
vn -0.9051 0.0662 0.4200
vn -0.9043 0.0669 0.4217
vn 0.7644 -0.5873 0.2660
vn 0.7864 -0.5862 0.1950
vn 0.8814 -0.4529 0.1343
vn 0.8664 -0.4915 0.0881
vn 0.9113 -0.4106 0.0308
vn 0.9171 -0.3932 0.0649
vn -0.8678 0.0957 0.4876
vn -0.7301 0.1233 0.6721
vn -0.8159 0.1696 0.5527
vn -0.8301 0.2305 0.5078
vn -0.8445 0.2373 0.4801
vn -0.8256 0.2360 0.5126
vn 0.8992 -0.4375 0.0027
vn 0.8824 -0.4651 0.0709
vn 0.9300 -0.3591 -0.0783
vn 0.9460 -0.3237 0.0152
vn -0.9016 0.1615 0.4012
vn -0.8724 0.0958 0.4793
vn -0.8500 0.2979 0.4345
vn -0.8705 0.2709 0.4110
vn -0.8657 0.2353 0.4418
vn -0.8649 0.2964 0.4051
vn 0.9077 -0.4102 -0.0885
vn 0.8995 -0.4368 0.0045
vn 0.9500 -0.2977 -0.0939
vn 0.9518 -0.2946 -0.0858
vn -0.9537 0.0835 0.2888
vn -0.8727 0.1727 0.4566
vn -0.9026 0.1996 0.3815
vn -0.9040 0.2183 0.3677
vn -0.8833 0.2812 0.3752
vn -0.8683 0.2871 0.4045
vn 0.9125 -0.3650 -0.1847
vn 0.9132 -0.4020 -0.0674
vn 0.9463 -0.2436 -0.2126
vn 0.9573 -0.2348 -0.1689
vn -0.9609 0.1114 0.2535
vn -0.9562 0.0837 0.2806
vn -0.8778 0.3074 0.3674
vn -0.9168 0.2519 0.3098
vn -0.9178 0.2208 0.3300
vn -0.8748 0.3075 0.3744
vn 0.8606 -0.4054 -0.3082
vn 0.9327 -0.3400 -0.1207
vn 0.9192 -0.3261 -0.2208
vn 0.9248 -0.2626 -0.2751
vn 0.9496 -0.1971 -0.2438
vn 0.9581 -0.1936 -0.2110
vn -0.9420 0.1124 0.3162
vn -0.9426 0.1145 0.3136
vn -0.9192 0.2552 0.2998
vn -0.8965 0.2666 0.3538
vn 0.8290 -0.3454 -0.4399
vn 0.8363 -0.4078 -0.3666
vn 0.9425 -0.1260 -0.3095
vn 0.8956 -0.1970 -0.3989
vn 0.8987 -0.2611 -0.3523
vn 0.9441 -0.1258 -0.3048
vn -0.9567 0.1196 0.2654
vn -0.8522 0.1345 0.5056
vn -0.9125 0.1944 0.3599
vn -0.9133 0.2152 0.3457
vn -0.9006 0.2829 0.3299
vn -0.8687 0.2871 0.4035
vn 0.8317 -0.2983 -0.4684
vn 0.8351 -0.3453 -0.4282
vn 0.8733 -0.1844 -0.4510
vn 0.9041 -0.1699 -0.3921
vn -0.9828 0.1012 0.1544
vn -0.9842 0.1216 0.1285
vn -0.8985 0.2667 0.3486
vn -0.9436 0.1797 0.2779
vn -0.9449 0.2179 0.2442
vn -0.8622 0.2745 0.4257
vn 0.7884 -0.3239 -0.5230
vn 0.8405 -0.2401 -0.4856
vn 0.8548 -0.2417 -0.4593
vn 0.8746 -0.2170 -0.4337
vn 0.7259 -0.2199 -0.6516
vn 0.8462 -0.1273 -0.5175
vn -0.9883 0.0533 0.1430
vn -0.9932 0.0892 0.0743
vn -0.9591 0.1928 0.2075
vn -0.9734 0.1719 0.1514
vn 0.6829 -0.3882 -0.6189
vn 0.7817 -0.3260 -0.5317
vn 0.7605 -0.3141 -0.5683
vn 0.7598 -0.2748 -0.5893
vn 0.8278 -0.2045 -0.5224
vn 0.8377 -0.2054 -0.5060
vn -0.9955 -0.0139 0.0937
vn -0.9994 0.0241 0.0247
vn -0.9730 0.1705 0.1557
vn -0.9812 0.1545 0.1157
vn 0.6063 -0.4256 -0.6717
vn 0.6977 -0.3862 -0.6034
vn 0.6806 -0.3714 -0.6315
vn 0.6932 -0.3027 -0.6541
vn 0.8281 -0.1604 -0.5371
vn 0.7609 -0.2063 -0.6152
vn 0.7503 -0.2713 -0.6028
vn 0.8262 -0.1600 -0.5401
vn -0.9925 0.0829 -0.0903
vn -0.9997 -0.0174 -0.0167
vn -0.9937 -0.0660 -0.0907
vn -0.9846 0.1668 0.0521
vn 0.5585 -0.4504 -0.6966
vn 0.6395 -0.4243 -0.6411
vn 0.6260 -0.4096 -0.6636
vn 0.6501 -0.3300 -0.6845
vn 0.7825 -0.1807 -0.5959
vn 0.7104 -0.2433 -0.6605
vn 0.6993 -0.3057 -0.6462
vn 0.7363 -0.1823 -0.6516
vn -0.9700 -0.0377 -0.2403
vn -0.9389 -0.1000 -0.3293
vn -0.9322 -0.0976 -0.3484
vn -0.9097 -0.0060 -0.4152
vn 0.5236 -0.4551 -0.7202
vn 0.5972 -0.4518 -0.6628
vn 0.5809 -0.4301 -0.6911
vn 0.6182 -0.3476 -0.7050
vn 0.7312 -0.2081 -0.6496
vn 0.6700 -0.2599 -0.6954
vn 0.6540 -0.3320 -0.6798
vn 0.6764 -0.2123 -0.7052
vn -0.9451 -0.0187 -0.3263
vn -0.9538 -0.0536 -0.2956
vn 0.4925 -0.4169 -0.7639
vn 0.5427 -0.4587 -0.7036
vn 0.5274 -0.4143 -0.7417
vn 0.5793 -0.3526 -0.7349
vn 0.6962 -0.2176 -0.6841
vn 0.6253 -0.2767 -0.7297
vn 0.6096 -0.3429 -0.7147
vn 0.6282 -0.2266 -0.7443
vn -0.9049 -0.1700 -0.3903
vn -0.9063 -0.1249 -0.4039
vn -0.9679 -0.0615 -0.2436
vn -0.8596 -0.1923 -0.4733
vn 0.5364 -0.4671 -0.7029
vn 0.5552 -0.4205 -0.7176
vn 0.5960 -0.4177 -0.6858
vn 0.6394 -0.3496 -0.6848
vn 0.5824 -0.3456 -0.7358
vn 0.5758 -0.3489 -0.7394
vn 0.4615 -0.3283 -0.8242
vn 0.5150 -0.3107 -0.7989
vn 0.5582 -0.2484 -0.7916
vn 0.5661 -0.2466 -0.7866
vn -0.9204 -0.1306 -0.3685
vn -0.8258 -0.2073 -0.5244
vn -0.8312 -0.2445 -0.4994
vn -0.8079 -0.2368 -0.5396
vn -0.7754 -0.1559 -0.6119
vn -0.7636 -0.2806 -0.5816
vn 0.4405 -0.4056 -0.8009
vn 0.5066 -0.4667 -0.7249
vn 0.4611 -0.4054 -0.7893
vn 0.5140 -0.3596 -0.7788
vn 0.5984 -0.3260 -0.7319
vn 0.5380 -0.3469 -0.7683
vn 0.5296 -0.3581 -0.7689
vn 0.6239 -0.3278 -0.7095
vn -0.8276 -0.2078 -0.5215
vn -0.8152 -0.1779 -0.5512
vn -0.6596 -0.3065 -0.6863
vn -0.7173 -0.2578 -0.6474
vn -0.7185 -0.2774 -0.6378
vn -0.5945 -0.3114 -0.7413
vn 0.4721 -0.4756 -0.7423
vn 0.5059 -0.4206 -0.7531
vn 0.5293 -0.4191 -0.7377
vn 0.6016 -0.3454 -0.7203
vn 0.5461 -0.3397 -0.7657
vn 0.5548 -0.3361 -0.7610
vn 0.3957 -0.3009 -0.8677
vn 0.4255 -0.2961 -0.8552
vn 0.4882 -0.2433 -0.8381
vn 0.4149 -0.2397 -0.8777
vn -0.7684 -0.1823 -0.6135
vn -0.7219 -0.2796 -0.6330
vn -0.6721 -0.2860 -0.6830
vn -0.5664 -0.3840 -0.7292
vn -0.5669 -0.3983 -0.7211
vn -0.5604 -0.3971 -0.7268
vn -0.5114 -0.2730 -0.8148
vn -0.3819 -0.4898 -0.7837
vn -0.4076 -0.4564 -0.7909
vn -0.2501 -0.5086 -0.8239
vn -0.2809 -0.4858 -0.8277
vn -0.1648 -0.5013 -0.8495
vn 0.1688 -0.5439 -0.8220
vn 0.2300 -0.5500 -0.8029
vn 0.1819 -0.5382 -0.8229
vn 0.2926 -0.5117 -0.8078
vn 0.2921 -0.5116 -0.8080
vn 0.3239 -0.4749 -0.8183
vn 0.3486 -0.4808 -0.8045
vn 0.4341 -0.4792 -0.7629
vn 0.3973 -0.4532 -0.7980
vn 0.4252 -0.4118 -0.8060
vn 0.5277 -0.3384 -0.7791
vn 0.5385 -0.3350 -0.7732
vn 0.5046 -0.3999 -0.7651
vn 0.6039 -0.3491 -0.7166
vn -0.5373 -0.3744 -0.7557
vn -0.3856 -0.3602 -0.8494
vn -0.4195 -0.4071 -0.8114
vn -0.3932 -0.4418 -0.8064
vn -0.2686 -0.4596 -0.8465
vn -0.2847 -0.4459 -0.8486
vn -0.0288 -0.4835 -0.8749
vn -0.1425 -0.4667 -0.8728
vn -0.1567 -0.4535 -0.8774
vn 0.0376 -0.5072 -0.8610
vn -0.0239 -0.4814 -0.8762
vn 0.1356 -0.5392 -0.8312
vn 0.1003 -0.4977 -0.8615
vn 0.0953 -0.5035 -0.8587
vn 0.1902 -0.4957 -0.8474
vn 0.1842 -0.4926 -0.8506
vn 0.3726 -0.4419 -0.8160
vn 0.2780 -0.4695 -0.8381
vn 0.2681 -0.4827 -0.8338
vn 0.3434 -0.4355 -0.8321
vn 0.4100 -0.3945 -0.8224
vn 0.4060 -0.3945 -0.8243
vn 0.4575 -0.3429 -0.8204
vn 0.5295 -0.3305 -0.7812
vn -0.3291 -0.3549 -0.8751
vn -0.2634 -0.3967 -0.8793
vn -0.2318 -0.3923 -0.8902
vn -0.1512 -0.4414 -0.8845
vn -0.1207 -0.4362 -0.8917
vn -0.0241 -0.4768 -0.8787
vn 0.0234 -0.4590 -0.8881
vn 0.0682 -0.4676 -0.8813
vn 0.1486 -0.4263 -0.8923
vn 0.1954 -0.4378 -0.8776
vn 0.2129 -0.4306 -0.8771
vn 0.2448 -0.4342 -0.8669
vn -0.2017 -0.7839 0.5872
vn -0.0780 -0.8153 0.5738
vn -0.1892 -0.7820 0.5938
vn 0.0123 -0.8424 0.5388
vn -0.1008 -0.8241 0.5574
vn 0.0812 -0.8654 0.4944
vn -0.0206 -0.8566 0.5156
vn 0.0474 -0.8808 0.4711
vn -0.3894 -0.6853 0.6155
vn -0.2793 -0.7393 0.6127
vn -0.3828 -0.6851 0.6197
vn -0.3138 -0.7514 0.5804
vn -0.1951 -0.7757 0.6001
vn -0.1618 -0.8076 0.5671
vn -0.0746 -0.8349 0.5454
vn -0.0303 -0.8105 0.5850
vn 0.0142 -0.8663 0.4993
vn 0.0558 -0.8451 0.5318
vn 0.0825 -0.8914 0.4457
vn 0.1285 -0.8659 0.4835
vn 0.1338 -0.8784 0.4588
vn 0.1479 -0.9090 0.3897
vn 0.1914 -0.8786 0.4375
vn 0.2653 -0.8846 0.3835
vn 0.2254 -0.8829 0.4120
vn 0.3108 -0.8578 0.4093
vn -0.4766 -0.6450 0.5974
vn -0.4822 -0.6451 0.5927
vn -0.3915 -0.6885 0.6105
vn -0.3771 -0.7084 0.5966
vn -0.2766 -0.7519 0.5984
vn -0.2550 -0.7434 0.6183
vn -0.1589 -0.8031 0.5743
vn -0.1513 -0.8014 0.5787
vn -0.0206 -0.8433 0.5371
vn -0.0266 -0.8458 0.5328
vn 0.0588 -0.8658 0.4969
vn 0.0908 -0.8484 0.5215
vn 0.1310 -0.8836 0.4495
vn 0.1703 -0.8597 0.4817
vn 0.1962 -0.8937 0.4035
vn 0.2337 -0.8687 0.4368
vn 0.2617 -0.8945 0.3625
vn 0.2958 -0.8714 0.3915
vn 0.3667 -0.8493 0.3798
vn 0.3668 -0.8648 0.3430
vn 0.3680 -0.8638 0.3442
vn 0.4883 -0.8032 0.3411
vn -0.5376 -0.6058 0.5865
vn -0.5483 -0.6055 0.5769
vn -0.4776 -0.6470 0.5944
vn -0.4589 -0.6760 0.5766
vn -0.3753 -0.7048 0.6020
vn -0.3866 -0.7067 0.5925
vn -0.2484 -0.7801 0.5743
vn -0.2678 -0.7826 0.5619
vn -0.1516 -0.8142 0.5605
vn -0.1552 -0.8153 0.5578
vn -0.0261 -0.8415 0.5396
vn -0.0342 -0.8446 0.5343
vn 0.0914 -0.8612 0.5000
vn 0.0990 -0.8574 0.5050
vn 0.1727 -0.8747 0.4528
vn 0.2072 -0.8519 0.4809
vn 0.2363 -0.8828 0.4060
vn 0.2737 -0.8557 0.4392
vn 0.2978 -0.8842 0.3599
vn 0.3328 -0.8569 0.3938
vn 0.3735 -0.8745 0.3093
vn 0.4059 -0.8447 0.3490
vn 0.5013 -0.8060 0.3149
vn 0.5070 -0.7970 0.3281
vn -0.5816 -0.5573 0.5926
vn -0.5994 -0.5570 0.5749
vn -0.5344 -0.6002 0.5951
vn -0.5237 -0.6202 0.5841
vn -0.4618 -0.6823 0.5668
vn -0.4200 -0.6824 0.5983
vn -0.3650 -0.7608 0.5366
vn -0.3524 -0.7568 0.5505
vn -0.2471 -0.8100 0.5318
vn -0.2457 -0.8082 0.5352
vn -0.2688 -0.7841 0.5593
vn -0.1336 -0.8231 0.5520
vn -0.1533 -0.8315 0.5340
vn -0.0454 -0.8540 0.5184
vn -0.0346 -0.8497 0.5262
vn 0.0565 -0.8636 0.5011
vn 0.1037 -0.8425 0.5287
vn 0.1553 -0.8541 0.4964
vn 0.2708 -0.8119 0.5171
vn 0.2100 -0.8623 0.4607
vn 0.2769 -0.8697 0.4085
vn 0.3205 -0.8344 0.4484
vn 0.3358 -0.8693 0.3628
vn 0.3693 -0.8408 0.3958
vn 0.4094 -0.8531 0.3234
vn 0.4324 -0.8315 0.3488
vn 0.5139 -0.7967 0.3182
vn 0.5111 -0.8050 0.3012
vn 0.5133 -0.8028 0.3034
vn 0.6419 -0.7199 0.2641
vn -0.6462 -0.5105 0.5673
vn -0.6163 -0.5185 0.5927
vn -0.5763 -0.5496 0.6048
vn -0.5684 -0.5724 0.5910
vn -0.5295 -0.6395 0.5574
vn -0.4771 -0.6303 0.6125
vn -0.3874 -0.7129 0.5846
vn -0.3972 -0.7273 0.5597
vn -0.4243 -0.6912 0.5850
vn -0.3064 -0.7544 0.5805
vn -0.3499 -0.7689 0.5351
vn -0.2531 -0.8108 0.5278
vn 0.2702 -0.8353 0.4788
vn 0.3148 -0.8373 0.4471
vn 0.3748 -0.8082 0.4543
vn 0.3264 -0.8526 0.4081
vn 0.3735 -0.8551 0.3595
vn 0.4091 -0.8224 0.3954
vn 0.4370 -0.8432 0.3132
vn 0.4642 -0.8160 0.3444
vn 0.5216 -0.8151 0.2522
vn 0.5505 -0.7813 0.2941
vn 0.6522 -0.7229 0.2281
vn 0.6633 -0.7025 0.2579
vn -0.6836 -0.4642 0.5632
vn -0.6608 -0.4689 0.5861
vn -0.6281 -0.4966 0.5991
vn -0.6217 -0.5152 0.5900
vn -0.5156 -0.5750 0.6352
vn -0.5270 -0.5931 0.6087
vn -0.5436 -0.5600 0.6252
vn -0.4308 -0.6415 0.6347
vn -0.4710 -0.6537 0.5923
vn -0.3736 -0.7124 0.5941
vn 0.3698 -0.8352 0.4070
vn 0.3891 -0.8359 0.3871
vn 0.4487 -0.8036 0.3909
vn 0.4140 -0.8376 0.3563
vn 0.4691 -0.8272 0.3092
vn 0.4950 -0.8000 0.3392
vn 0.5546 -0.7873 0.2694
vn 0.5684 -0.7706 0.2881
vn 0.6738 -0.6997 0.2376
vn 0.6726 -0.7052 0.2245
vn 0.6751 -0.7017 0.2277
vn 0.8098 -0.5678 0.1480
vn -0.7182 -0.4284 0.5484
vn -0.7008 -0.4278 0.5709
vn -0.6708 -0.4508 0.5889
vn -0.6670 -0.4621 0.5844
vn -0.5918 -0.5133 0.6216
vn -0.5959 -0.5192 0.6126
vn -0.6017 -0.5045 0.6192
vn -0.5150 -0.5750 0.6357
vn 0.4453 -0.8176 0.3649
vn 0.4623 -0.8183 0.3415
vn 0.5313 -0.7759 0.3402
vn 0.4998 -0.8107 0.3049
vn 0.5755 -0.7789 0.2492
vn 0.5975 -0.7504 0.2827
vn 0.6818 -0.7074 0.1866
vn 0.7005 -0.6780 0.2227
vn 0.8181 -0.5662 0.1009
vn 0.8325 -0.5328 0.1520
vn -0.7126 -0.4083 0.5706
vn -0.7216 -0.4061 0.5608
vn -0.6553 -0.4467 0.6091
vn -0.6612 -0.4557 0.5960
vn -0.6601 -0.4596 0.5942
vn -0.5924 -0.5132 0.6211
vn 0.5459 -0.7831 0.2980
vn 0.5293 -0.7854 0.3209
vn 0.6062 -0.7565 0.2454
vn 0.6376 -0.7059 0.3085
vn 0.7075 -0.6796 0.1941
vn 0.7228 -0.6511 0.2316
vn 0.8343 -0.5320 0.1447
vn 0.8414 -0.5113 0.1747
vn -0.7773 -0.3629 0.5140
vn -0.7458 -0.3744 0.5510
vn -0.7172 -0.4014 0.5696
vn -0.7194 -0.3892 0.5753
vn -0.6911 -0.4191 0.5889
vn -0.6307 -0.4448 0.6359
vn 0.5576 -0.7641 0.3244
vn 0.5637 -0.7668 0.3071
vn 0.6630 -0.6946 0.2793
vn 0.6511 -0.7123 0.2623
vn 0.7381 -0.6510 0.1773
vn 0.7572 -0.6107 0.2318
vn 0.8401 -0.5119 0.1792
vn 0.8403 -0.5112 0.1803
vn -0.8055 -0.3278 0.4937
vn -0.7934 -0.3297 0.5116
vn -0.7669 -0.3593 0.5318
vn -0.7668 -0.3487 0.5389
vn -0.7494 -0.3673 0.5508
vn -0.7069 -0.3815 0.5957
vn 0.6782 -0.6859 0.2638
vn 0.6632 -0.6900 0.2897
vn 0.7633 -0.6120 0.2072
vn 0.7809 -0.5673 0.2615
vn 0.8571 -0.4968 0.1364
vn 0.8571 -0.5026 0.1127
vn 0.8714 -0.4676 0.1484
vn 0.9584 -0.2849 0.0171
vn -0.7934 -0.3076 0.5252
vn -0.8269 -0.2933 0.4799
vn -0.7596 -0.3256 0.5630
vn -0.7643 -0.3488 0.5424
vn 0.6902 -0.6571 0.3032
vn 0.6991 -0.6594 0.2766
vn 0.8054 -0.5498 0.2215
vn 0.7965 -0.5695 0.2030
vn 0.8784 -0.4660 0.1056
vn 0.8891 -0.4322 0.1507
vn 0.9574 -0.2872 0.0288
vn 0.9609 -0.2713 0.0553
vn -0.8515 -0.2554 0.4579
vn -0.8459 -0.2555 0.4681
vn -0.8082 -0.2855 0.5151
vn -0.8065 -0.2694 0.5263
vn -0.7805 -0.2992 0.5489
vn -0.7270 -0.3214 0.6068
vn 0.8234 -0.5363 0.1856
vn 0.8052 -0.5481 0.2265
vn 0.8962 -0.4286 0.1147
vn 0.9048 -0.3817 0.1887
vn 0.9628 -0.2676 0.0370
vn 0.9669 -0.2408 0.0840
vn -0.8446 -0.2318 0.4827
vn -0.8336 -0.2302 0.5020
vn -0.8822 -0.2003 0.4262
vn -0.8036 -0.2693 0.5308
vn 0.8414 -0.5039 0.1955
vn 0.8298 -0.5086 0.2296
vn 0.9220 -0.3688 0.1180
vn 0.9267 -0.3351 0.1700
vn 0.9721 -0.2310 0.0413
vn 0.9748 -0.2026 0.0934
vn -0.8459 -0.1910 0.4980
vn -0.9059 -0.1434 0.3985
vn 0.8486 -0.4665 0.2496
vn 0.8629 -0.4648 0.1986
vn 0.9416 -0.3154 0.1178
vn 0.9391 -0.3272 0.1046
vn 0.9815 -0.1886 0.0339
vn 0.9827 -0.1765 0.0561
vn -0.9538 -0.0787 0.2900
vn -0.9261 -0.0434 0.3747
vn -0.8895 -0.1428 0.4341
vn -0.9373 -0.0845 0.3382
vn 0.9511 -0.3030 0.0595
vn 0.9427 -0.3190 0.0972
vn 0.9846 -0.1714 0.0336
vn 0.9855 -0.1542 0.0714
vn -0.9086 -0.0465 0.4152
vn -0.9709 0.0456 0.2352
vn 0.9577 -0.2867 0.0263
vn 0.9518 -0.2989 0.0688
vn 0.9896 -0.1412 0.0291
vn 0.9895 -0.1424 0.0261
vn -0.8910 0.1765 0.4182
vn -0.9363 0.1220 0.3293
vn -0.9105 0.1146 0.3973
vn -0.9791 0.0493 0.1975
vn 0.9619 -0.2727 -0.0211
vn 0.9576 -0.2869 0.0258
vn 0.9916 -0.1275 -0.0206
vn 0.9917 -0.1271 -0.0196
vn -0.9078 0.2536 0.3340
vn -0.9006 0.1785 0.3963
vn -0.9599 0.2103 0.1854
vn -0.9317 0.2183 0.2904
vn 0.9586 -0.2367 -0.1583
vn 0.9556 -0.2873 -0.0654
vn 0.9917 -0.1260 -0.0235
vn 0.9790 -0.1585 -0.1282
vn -0.8636 0.3422 0.3703
vn -0.8667 0.3379 0.3670
vn -0.8557 0.3366 0.3930
vn -0.9074 0.2814 0.3122
vn -0.9274 0.2788 0.2494
vn -0.9508 0.2390 0.1969
vn 0.9421 -0.0635 -0.3291
vn 0.9117 -0.2329 -0.3385
vn 0.9778 -0.1309 -0.1636
vn 0.9513 -0.0601 -0.3022
vn -0.8647 0.3599 0.3504
vn -0.8570 0.3438 0.3840
vn -0.8704 0.3717 0.3229
vn -0.8562 0.3749 0.3556
vn 0.9780 -0.1309 -0.1622
vn 0.9662 -0.0797 -0.2451
vn -0.8786 0.3468 0.3283
vn -0.8444 0.3693 0.3880
vn -0.8532 0.3755 0.3621
vn -0.8510 0.3923 0.3491
vn -0.8626 0.3956 0.3153
vn -0.8439 0.4007 0.3568
vn 0.9792 -0.0704 -0.1902
vn 0.9697 -0.0450 -0.2401
vn -0.8762 0.3554 0.3254
vn -0.8758 0.3469 0.3356
vn -0.8355 0.4137 0.3617
vn -0.8424 0.4068 0.3533
vn -0.8452 0.3917 0.3635
vn -0.8458 0.4127 0.3381
vn 0.9133 0.0122 -0.4071
vn 0.8966 -0.0233 -0.4421
vn 0.9679 -0.0459 -0.2471
vn 0.9388 0.0142 -0.3441
vn -0.8519 0.3686 0.3719
vn -0.8520 0.3558 0.3841
vn -0.8400 0.4046 0.3615
vn -0.8223 0.4120 0.3926
vn 0.8990 -0.0228 -0.4373
vn 0.8991 -0.0229 -0.4371
vn -0.9029 0.2904 0.3170
vn -0.8643 0.3536 0.3577
vn -0.8464 0.3518 0.3998
vn -0.8251 0.3752 0.4223
vn -0.8538 0.3704 0.3659
vn -0.8218 0.4117 0.3939
vn 0.8694 -0.0480 -0.4918
vn 0.8282 -0.1052 -0.5505
vn 0.8495 -0.0468 -0.5255
vn 0.8548 -0.0505 -0.5165
vn -0.9325 0.2649 0.2454
vn -0.9336 0.2792 0.2245
vn -0.8650 0.3611 0.3484
vn -0.8852 0.3554 0.3001
vn 0.8951 -0.1030 -0.4338
vn 0.8826 -0.0816 -0.4630
vn -0.9346 0.3253 0.1437
vn -0.9498 0.2677 0.1616
vn -0.9590 0.2506 0.1325
vn -0.8885 0.3670 0.2755
vn 0.8231 -0.0266 -0.5673
vn 0.7974 -0.0548 -0.6010
vn 0.8541 -0.0287 -0.5193
vn -0.9813 0.0933 -0.1683
vn -0.9548 0.2093 -0.2109
vn -0.9673 0.2534 -0.0128
vn -0.9622 0.2723 0.0094
vn 0.7874 -0.0257 -0.6159
vn 0.7435 -0.0995 -0.6613
vn 0.8091 -0.0552 -0.5850
vn 0.7869 -0.0257 -0.6166
vn -0.9599 0.0409 -0.2772
vn -0.9529 0.0467 -0.2996
vn -0.9399 0.2151 -0.2652
vn -0.9885 0.1020 -0.1121
vn 0.7350 -0.0414 -0.6768
vn 0.6858 -0.1136 -0.7188
vn 0.7431 -0.0995 -0.6617
vn 0.7026 -0.0442 -0.7102
vn -0.9849 0.0999 -0.1412
vn -0.9939 0.0674 -0.0872
vn 0.6806 -0.0530 -0.7307
vn 0.6346 -0.1265 -0.7624
vn 0.6988 -0.1122 -0.7065
vn 0.6530 -0.0566 -0.7552
vn -0.9691 0.0397 -0.2435
vn -0.9926 -0.0228 -0.1191
vn 0.5767 -0.2614 -0.7740
vn 0.6616 -0.1753 -0.7291
vn 0.4981 -0.1382 -0.8560
vn 0.6216 -0.1292 -0.7726
vn 0.5819 -0.1041 -0.8065
vn -0.9350 -0.1884 -0.3006
vn -0.9649 -0.0720 -0.2526
vn -0.9919 -0.0227 -0.1246
vn -0.8684 -0.1730 -0.4647
vn 0.5798 -0.2258 -0.7828
vn 0.6574 -0.1796 -0.7319
vn 0.6821 -0.1837 -0.7078
vn 0.6649 -0.1943 -0.7212
vn 0.4501 -0.1811 -0.8744
vn 0.5725 -0.1274 -0.8100
vn -0.9491 -0.0564 -0.3099
vn -0.8682 -0.1174 -0.4821
vn -0.8173 -0.0723 -0.5717
vn -0.8732 -0.0636 -0.4831
vn 0.5590 -0.2329 -0.7958
vn 0.6564 -0.1545 -0.7384
vn 0.6078 -0.1654 -0.7767
vn 0.4304 -0.1183 -0.8949
vn 0.4774 -0.2090 -0.8534
vn 0.4759 -0.0982 -0.8740
vn 0.4883 -0.1032 -0.8665
vn 0.5956 -0.0835 -0.7990
vn -0.7820 -0.1976 -0.5911
vn -0.8203 -0.1055 -0.5621
vn -0.8867 -0.0821 -0.4550
vn -0.6761 -0.2914 -0.6768
vn -0.7273 -0.2078 -0.6541
vn -0.6700 -0.2919 -0.6825
vn 0.5571 -0.2690 -0.7857
vn 0.7102 -0.2068 -0.6729
vn 0.6859 -0.2010 -0.6994
vn 0.7120 -0.1857 -0.6772
vn 0.4553 -0.1647 -0.8750
vn 0.5826 -0.1163 -0.8044
vn -0.8305 -0.1159 -0.5448
vn -0.7692 -0.1681 -0.6165
vn -0.7481 -0.1376 -0.6492
vn -0.7191 -0.1992 -0.6658
vn -0.5514 -0.2726 -0.7884
vn -0.6220 -0.2436 -0.7441
vn -0.6320 -0.2181 -0.7436
vn -0.4976 -0.2630 -0.8266
vn 0.3566 -0.3692 -0.8582
vn 0.3747 -0.3216 -0.8696
vn 0.4192 -0.3234 -0.8484
vn 0.4099 -0.2760 -0.8694
vn 0.4406 -0.2785 -0.8534
vn 0.5186 -0.2067 -0.8296
vn 0.5495 -0.2121 -0.8081
vn 0.6167 -0.1736 -0.7678
vn 0.4430 -0.1490 -0.8841
vn 0.6511 -0.0847 -0.7542
vn -0.6522 -0.1530 -0.7424
vn -0.6290 -0.1544 -0.7619
vn -0.6379 -0.1607 -0.7531
vn -0.6252 -0.2127 -0.7509
vn -0.3274 -0.2834 -0.9014
vn -0.4820 -0.2402 -0.8426
vn -0.4826 -0.2392 -0.8425
vn -0.2222 -0.3466 -0.9113
vn -0.3362 -0.2866 -0.8971
vn -0.1156 -0.4065 -0.9063
vn -0.2209 -0.3464 -0.9117
vn 0.0182 -0.4321 -0.9016
vn -0.0740 -0.3981 -0.9144
vn 0.1390 -0.3798 -0.9146
vn 0.1303 -0.3784 -0.9164
vn 0.2196 -0.3326 -0.9172
vn 0.2335 -0.3373 -0.9120
vn 0.3268 -0.3685 -0.8703
vn 0.2813 -0.3202 -0.9046
vn 0.3178 -0.2804 -0.9057
vn 0.5256 -0.1860 -0.8302
vn 0.4298 -0.2171 -0.8764
vn 0.3838 -0.2778 -0.8807
vn 0.4177 -0.1587 -0.8946
vn 0.4688 -0.1345 -0.8730
vn 0.5034 -0.1419 -0.8523
vn -0.5076 -0.1810 -0.8424
vn -0.4730 -0.2265 -0.8515
vn -0.3762 -0.2143 -0.9014
vn -0.3394 -0.2352 -0.9108
vn -0.3421 -0.2366 -0.9094
vn -0.2379 -0.1667 -0.9569
vn -0.2822 -0.2480 -0.9267
vn -0.2101 -0.3176 -0.9246
vn -0.0554 -0.3373 -0.9398
vn -0.1038 -0.3057 -0.9464
vn 0.3123 -0.2839 -0.9066
vn 0.0883 -0.3321 -0.9391
vn 0.0924 -0.3273 -0.9404
vn 0.2358 -0.2613 -0.9360
vn 0.3326 -0.2128 -0.9187
vn 0.2698 -0.2033 -0.9412
vn 0.3354 -0.1563 -0.9290
vn 0.3693 -0.1571 -0.9159
vn -0.2115 -0.1629 -0.9637
vn -0.0869 -0.2383 -0.9673
vn -0.0241 -0.2166 -0.9760
vn 0.0096 -0.2247 -0.9744
vn -0.2442 -0.6081 0.7554
vn -0.1878 -0.6461 0.7398
vn -0.2674 -0.6104 0.7456
vn -0.0841 -0.6909 0.7180
vn -0.2050 -0.6513 0.7306
vn 0.0416 -0.7040 0.7090
vn -0.0625 -0.6820 0.7287
vn 0.1845 -0.6940 0.6959
vn 0.0827 -0.6822 0.7264
vn 0.3384 -0.6417 0.6882
vn 0.2623 -0.6401 0.7221
vn 0.4388 -0.5530 0.7082
vn -0.3622 -0.6294 0.6875
vn -0.3653 -0.6296 0.6857
vn -0.2863 -0.6566 0.6978
vn -0.2536 -0.6984 0.6693
vn -0.1831 -0.7347 0.6532
vn -0.1380 -0.7148 0.6856
vn -0.0820 -0.7780 0.6229
vn -0.0510 -0.7651 0.6419
vn 0.0474 -0.8002 0.5979
vn 0.0527 -0.7974 0.6011
vn 0.1966 -0.7937 0.5756
vn 0.1815 -0.8038 0.5666
vn 0.3644 -0.7509 0.5509
vn 0.3363 -0.7769 0.5323
vn 0.5314 -0.5428 0.6503
vn 0.5696 -0.6137 0.5468
vn 0.5157 -0.6990 0.4954
vn 0.7161 -0.5054 0.4815
vn -0.5817 -0.5087 0.6347
vn -0.4731 -0.5701 0.6716
vn -0.5312 -0.5243 0.6656
vn -0.4998 -0.5747 0.6480
vn -0.3699 -0.6373 0.6760
vn -0.3563 -0.6666 0.6548
vn -0.2688 -0.7197 0.6401
vn -0.2343 -0.7137 0.6601
vn -0.1277 -0.7802 0.6123
vn -0.1295 -0.7808 0.6112
vn -0.0482 -0.8237 0.5650
vn -0.0044 -0.8055 0.5926
vn 0.0583 -0.8549 0.5155
vn 0.0972 -0.8342 0.5428
vn 0.1915 -0.8629 0.4677
vn 0.2138 -0.8485 0.4841
vn 0.3550 -0.8302 0.4298
vn 0.3537 -0.8314 0.4286
vn 0.5453 -0.7314 0.4096
vn 0.5250 -0.7599 0.3833
vn 0.7273 -0.5083 0.4612
vn 0.7117 -0.5877 0.3849
vn -0.6241 -0.4599 0.6316
vn -0.5851 -0.4695 0.6613
vn -0.5502 -0.4961 0.6717
vn -0.5358 -0.5459 0.6441
vn -0.4683 -0.6111 0.6381
vn -0.4324 -0.6021 0.6711
vn -0.3242 -0.6938 0.6430
vn -0.3309 -0.7006 0.6322
vn -0.3503 -0.6643 0.6603
vn -0.1932 -0.7396 0.6447
vn -0.2297 -0.7523 0.6175
vn -0.1026 -0.7902 0.6042
vn -0.1318 -0.8000 0.5854
vn -0.0179 -0.8278 0.5607
vn -0.0088 -0.8244 0.5660
vn 0.0616 -0.8451 0.5311
vn 0.1537 -0.8206 0.5505
vn 0.1023 -0.8587 0.5021
vn 0.2175 -0.8742 0.4341
vn 0.2636 -0.8438 0.4675
vn 0.3625 -0.8544 0.3723
vn 0.3866 -0.8333 0.3952
vn 0.5324 -0.7705 0.3505
vn 0.5183 -0.7872 0.3342
vn 0.6808 -0.5893 0.4349
vn 0.6802 -0.6511 0.3366
vn 0.6501 -0.6960 0.3048
vn 0.8021 -0.5390 0.2571
vn -0.6545 -0.4295 0.6223
vn -0.6236 -0.4361 0.6488
vn -0.6071 -0.4487 0.6558
vn -0.5864 -0.5051 0.6333
vn -0.4955 -0.5815 0.6453
vn -0.4970 -0.5836 0.6422
vn -0.5197 -0.5398 0.6622
vn -0.3937 -0.6303 0.6691
vn -0.4238 -0.6396 0.6413
vn -0.3268 -0.6939 0.6416
vn 0.1656 -0.8589 0.4847
vn 0.2411 -0.8529 0.4630
vn 0.2649 -0.8385 0.4762
vn 0.3185 -0.8436 0.4323
vn 0.4570 -0.7684 0.4480
vn 0.3903 -0.8409 0.3749
vn 0.5278 -0.7994 0.2871
vn 0.5650 -0.7532 0.3368
vn 0.6635 -0.7100 0.2359
vn 0.6745 -0.6928 0.2549
vn 0.8140 -0.5437 0.2044
vn 0.8130 -0.5464 0.2012
vn -0.6790 -0.4104 0.6087
vn -0.6505 -0.4161 0.6353
vn -0.6438 -0.4213 0.6387
vn -0.6241 -0.4757 0.6198
vn -0.5674 -0.5456 0.6168
vn -0.5622 -0.5381 0.6279
vn -0.5786 -0.5013 0.6434
vn -0.4932 -0.5815 0.6470
vn 0.4574 -0.7725 0.4405
vn 0.5108 -0.7688 0.3847
vn 0.6219 -0.6837 0.3819
vn 0.5711 -0.7597 0.3111
vn 0.6903 -0.6973 0.1931
vn 0.7236 -0.6359 0.2683
vn 0.8141 -0.5462 0.1975
vn 0.8131 -0.5491 0.1935
vn -0.6995 -0.4001 0.5922
vn -0.6778 -0.4004 0.6167
vn -0.6721 -0.4046 0.6202
vn -0.6547 -0.4536 0.6046
vn -0.6114 -0.5134 0.6022
vn -0.6084 -0.5091 0.6088
vn -0.6219 -0.4746 0.6229
vn -0.5571 -0.5462 0.6255
vn 0.6499 -0.6893 0.3200
vn 0.6230 -0.6961 0.3569
vn 0.7306 -0.6385 0.2419
vn 0.7587 -0.5663 0.3220
vn 0.8358 -0.5315 0.1376
vn 0.8355 -0.5350 0.1253
vn 0.8595 -0.4796 0.1769
vn 0.9532 -0.3013 0.0254
vn -0.7020 -0.4085 0.5834
vn -0.6717 -0.4158 0.6131
vn -0.6447 -0.4693 0.6035
vn -0.6486 -0.4757 0.5941
vn -0.6551 -0.4537 0.6042
vn -0.6029 -0.5143 0.6099
vn 0.6607 -0.6608 0.3561
vn 0.6737 -0.6642 0.3242
vn 0.7945 -0.5429 0.2721
vn 0.7824 -0.5714 0.2479
vn 0.8686 -0.4788 0.1276
vn 0.8847 -0.4253 0.1909
vn 0.9539 -0.2996 0.0170
vn 0.9615 -0.2667 0.0663
vn -0.7080 -0.4090 0.5758
vn -0.6999 -0.4100 0.5848
vn -0.6807 -0.4268 0.5953
vn -0.6793 -0.4321 0.5932
vn -0.6629 -0.4489 0.5992
vn -0.6212 -0.4671 0.6292
vn 0.8147 -0.5345 0.2250
vn 0.7951 -0.5461 0.2637
vn 0.8967 -0.4209 0.1368
vn 0.9067 -0.3615 0.2172
vn 0.9656 -0.2585 0.0294
vn 0.9712 -0.2210 0.0887
vn -0.7342 -0.3929 0.5537
vn -0.7312 -0.3934 0.5573
vn -0.7108 -0.4127 0.5696
vn -0.7122 -0.4076 0.5715
vn -0.6969 -0.4215 0.5803
vn -0.6733 -0.4266 0.6039
vn 0.8208 -0.5039 0.2691
vn 0.8353 -0.5021 0.2241
vn 0.9303 -0.3362 0.1470
vn 0.9270 -0.3513 0.1316
vn 0.9775 -0.2081 0.0350
vn 0.9802 -0.1823 0.0779
vn -0.7675 -0.3817 0.5151
vn -0.7506 -0.3852 0.5368
vn -0.7383 -0.3966 0.5455
vn -0.7389 -0.3911 0.5487
vn -0.7301 -0.3995 0.5544
vn -0.7087 -0.4041 0.5783
vn 0.9405 -0.3264 0.0946
vn 0.9317 -0.3404 0.1267
vn 0.9839 -0.1736 0.0432
vn 0.9843 -0.1446 0.1016
vn -0.7629 -0.3751 0.5266
vn -0.7829 -0.3669 0.5024
vn -0.7489 -0.3691 0.5505
vn -0.7507 -0.3918 0.5320
vn 0.9421 -0.3092 0.1299
vn 0.9425 -0.3087 0.1278
vn 0.9917 -0.1231 0.0366
vn 0.9913 -0.0953 0.0903
vn -0.8184 -0.3494 0.4563
vn -0.8068 -0.3486 0.4770
vn -0.7854 -0.3687 0.4972
vn -0.7869 -0.3425 0.5133
vn -0.7773 -0.3542 0.5200
vn -0.7461 -0.3684 0.5546
vn 0.9357 -0.2987 0.1879
vn 0.9435 -0.2932 0.1547
vn 0.9922 -0.0937 0.0820
vn 0.9922 -0.0870 0.0894
vn -0.8175 -0.3206 0.4785
vn -0.8104 -0.3176 0.4924
vn -0.8429 -0.3003 0.4464
vn -0.7949 -0.3435 0.5002
vn 0.9355 -0.3131 0.1638
vn 0.9608 -0.2747 0.0376
vn 0.9937 -0.0892 0.0671
vn 0.9974 -0.0681 0.0243
vn -0.8945 -0.2534 0.3684
vn -0.8599 -0.2714 0.4324
vn -0.8289 -0.2874 0.4799
vn 0.9971 -0.0753 0.0068
vn 0.9974 -0.0727 -0.0016
vn -0.8827 -0.2351 0.4069
vn -0.8651 -0.2346 0.4434
vn -0.9179 -0.1988 0.3435
vn -0.8462 -0.2661 0.4617
vn 0.9977 -0.0662 0.0122
vn 0.9982 -0.0593 -0.0111
vn -0.8857 -0.1837 0.4264
vn -0.9326 -0.1490 0.3288
vn 0.9988 -0.0448 0.0200
vn 0.9993 -0.0336 -0.0175
vn -0.9858 -0.0447 0.1616
vn -0.9550 -0.0804 0.2856
vn -0.9527 -0.0977 0.2879
vn -0.9059 -0.1411 0.3992
vn 0.9997 -0.0203 0.0117
vn 0.9997 -0.0105 -0.0215
vn -0.9795 -0.0328 0.1985
vn -0.9629 -0.0374 0.2673
vn -0.9948 0.0227 0.0992
vn -0.9413 -0.0977 0.3232
vn 0.9998 0.0061 0.0162
vn 0.9999 0.0109 0.0001
vn -0.9756 0.0248 0.2183
vn -0.9950 0.0804 0.0587
vn 0.9996 0.0199 0.0209
vn 0.9997 0.0238 0.0080
vn -0.9804 0.0928 0.1740
vn -0.9897 0.1427 -0.0078
vn 0.9360 0.2350 -0.2622
vn 0.9784 0.1883 -0.0850
vn 0.9958 0.0400 -0.0826
vn 0.9997 0.0133 -0.0193
vn -0.9758 0.1583 0.1511
vn -0.9744 0.2235 -0.0238
vn 0.9286 0.2047 -0.3095
vn 0.9206 0.2056 -0.3319
vn 0.9910 0.0532 -0.1229
vn 0.9894 0.0326 -0.1417
vn -0.9106 0.3345 0.2427
vn -0.9367 0.2898 0.1963
vn -0.9466 0.2877 0.1458
vn -0.9715 0.2286 0.0628
vn 0.9176 0.1346 -0.3740
vn 0.8664 0.0970 -0.4898
vn 0.9586 0.0530 -0.2797
vn 0.9669 0.0509 -0.2501
vn -0.8932 0.3813 0.2382
vn -0.8965 0.3365 0.2882
vn -0.9359 0.3331 0.1147
vn -0.9133 0.3492 0.2099
vn 0.9738 0.0780 -0.2138
vn 0.9687 0.0848 -0.2333
vn -0.8865 0.3846 0.2574
vn -0.8887 0.3793 0.2575
vn -0.8606 0.3992 0.3162
vn -0.9152 0.3621 0.1768
vn 0.8860 0.2541 -0.3879
vn 0.9357 0.2378 -0.2607
vn 0.9651 0.1068 -0.2391
vn 0.9748 0.0936 -0.2024
vn -0.8349 0.4229 0.3523
vn -0.8393 0.4183 0.3472
vn -0.8415 0.4197 0.3402
vn -0.8640 0.4065 0.2969
vn 0.8726 0.1717 -0.4573
vn 0.8490 0.1590 -0.5040
vn 0.9210 0.1293 -0.3674
vn 0.9491 0.0934 -0.3008
vn -0.8260 0.4374 0.3555
vn -0.8273 0.4229 0.3698
vn -0.8362 0.4426 0.3240
vn -0.8181 0.4463 0.3626
vn 0.8427 0.2127 -0.4947
vn 0.8772 0.2097 -0.4318
vn 0.9154 0.0900 -0.3923
vn 0.8930 0.1011 -0.4385
vn -0.8298 0.4080 0.3806
vn -0.8097 0.4332 0.3958
vn -0.8214 0.4323 0.3721
vn -0.8074 0.4483 0.3836
vn -0.8320 0.4435 0.3332
vn -0.8222 0.4534 0.3441
vn 0.8112 0.1019 -0.5759
vn 0.8137 0.1032 -0.5720
vn 0.9105 0.0635 -0.4085
vn 0.8740 0.0625 -0.4819
vn -0.8394 0.4297 0.3328
vn -0.8339 0.4072 0.3725
vn -0.8119 0.4553 0.3654
vn -0.8256 0.4519 0.3378
vn 0.8265 0.2189 -0.5186
vn 0.8847 0.2108 -0.4157
vn 0.9117 0.0675 -0.4053
vn 0.9137 0.0660 -0.4011
vn -0.9350 0.3313 0.1262
vn -0.8703 0.4098 0.2731
vn -0.8902 0.4227 0.1701
vn -0.8995 0.3687 0.2343
vn -0.8256 0.4513 0.3388
vn -0.8489 0.4451 0.2849
vn 0.7983 0.1359 -0.5867
vn 0.7849 0.1300 -0.6058
vn 0.8548 0.0980 -0.5096
vn 0.8850 0.0545 -0.4624
vn -0.9601 0.2699 0.0729
vn -0.9546 0.2978 0.0003
vn -0.8715 0.4299 0.2360
vn -0.9278 0.3406 0.1523
vn -0.9231 0.3627 0.1279
vn -0.8489 0.4334 0.3026
vn 0.7652 0.1226 -0.6320
vn 0.7299 0.0493 -0.6817
vn 0.8181 0.0783 -0.5697
vn 0.7698 0.1234 -0.6263
vn -0.9746 0.2155 0.0613
vn -0.9667 0.2549 -0.0218
vn -0.9309 0.3463 0.1161
vn -0.9407 0.3312 0.0735
vn 0.7200 0.1117 -0.6849
vn 0.6770 0.0375 -0.7350
vn 0.7560 0.0521 -0.6525
vn 0.7080 0.1106 -0.6975
vn -0.9846 0.1750 0.0062
vn -0.9799 0.1952 -0.0406
vn -0.9399 0.3362 0.0601
vn -0.9462 0.3232 0.0175
vn 0.6651 0.0911 -0.7412
vn 0.6197 0.0099 -0.7848
vn 0.7097 0.0406 -0.7033
vn 0.6651 0.0911 -0.7411
vn -0.9807 0.1755 -0.0866
vn -0.9855 0.1630 -0.0468
vn -0.9378 0.3439 -0.0466
vn -0.9427 0.3122 -0.1177
vn 0.6616 0.0231 -0.7495
vn 0.6102 -0.0326 -0.7915
vn 0.6201 0.0099 -0.7845
vn 0.6078 0.0199 -0.7938
vn -0.9718 0.1218 -0.2021
vn -0.9716 0.1219 -0.2030
vn -0.9218 0.3260 -0.2097
vn -0.9227 0.2466 -0.2963
vn 0.6338 -0.0133 -0.7734
vn 0.5872 -0.0575 -0.8074
vn 0.6075 -0.0328 -0.7937
vn 0.5847 -0.0151 -0.8111
vn -0.9408 0.0446 -0.3361
vn -0.8943 0.0593 -0.4436
vn -0.8558 0.2070 -0.4741
vn -0.9461 0.1410 -0.2915
vn 0.5692 0.0050 -0.8222
vn 0.5479 -0.0071 -0.8365
vn 0.5374 0.0122 -0.8432
vn 0.5467 0.0063 -0.8373
vn 0.6191 -0.0577 -0.7832
vn 0.5412 0.0125 -0.8408
vn -0.9504 0.0491 -0.3072
vn -0.9555 0.0513 -0.2906
vn -0.9156 0.1046 -0.3882
vn -0.8332 0.2299 -0.5029
vn 0.6864 0.0040 -0.7272
vn 0.6358 -0.0550 -0.7699
vn 0.6218 -0.0106 -0.7831
vn 0.6125 -0.0042 -0.7905
vn -0.8312 -0.1132 -0.5443
vn -0.8266 0.0568 -0.5599
vn -0.8136 0.0637 -0.5779
vn -0.8214 0.0722 -0.5658
vn -0.7119 0.1028 -0.6947
vn -0.6921 0.3341 -0.6399
vn 0.6414 0.0031 -0.7672
vn 0.5769 -0.0522 -0.8152
vn 0.6738 -0.0533 -0.7370
vn 0.6142 0.0020 -0.7891
vn -0.6600 -0.0667 -0.7483
vn -0.5989 0.0773 -0.7971
vn -0.6202 0.0723 -0.7811
vn -0.6602 0.1193 -0.7416
vn -0.4669 0.1587 -0.8700
vn -0.5186 0.2119 -0.8283
vn 0.5265 0.0393 -0.8493
vn 0.4752 -0.0178 -0.8797
vn 0.5027 0.0312 -0.8639
vn 0.4970 0.0350 -0.8671
vn 0.6231 -0.0539 -0.7803
vn 0.5520 0.0401 -0.8329
vn -0.4604 -0.0884 -0.8833
vn -0.3715 0.1914 -0.9085
vn -0.3523 -0.0583 -0.9341
vn -0.3572 -0.0556 -0.9324
vn -0.3714 -0.0112 -0.9284
vn -0.3186 -0.0364 -0.9472
vn -0.4065 -0.0223 -0.9134
vn -0.3607 0.0850 -0.9288
vn 0.2909 -0.1904 -0.9376
vn 0.4204 -0.0417 -0.9064
vn 0.4140 -0.0435 -0.9092
vn 0.3188 -0.0100 -0.9478
vn 0.2965 0.0346 -0.9544
vn 0.3629 0.0131 -0.9317
vn 0.4838 -0.0174 -0.8750
vn 0.3857 0.0671 -0.9202
vn -0.3443 0.0870 -0.9348
vn -0.1826 -0.0455 -0.9821
vn -0.0411 0.0089 -0.9991
vn -0.0367 0.0073 -0.9993
vn 0.1125 -0.1618 -0.9804
vn 0.0805 0.0514 -0.9954
vn 0.0618 0.0580 -0.9964
vn 0.2154 0.0964 -0.9718
vn -0.1054 -0.1999 0.9741
vn -0.1106 -0.2113 0.9711
vn -0.1237 -0.2015 0.9716
vn 0.0271 -0.2451 0.9691
vn -0.0495 -0.1969 0.9792
vn 0.2090 -0.3141 0.9261
vn 0.0559 -0.2362 0.9701
vn 0.4436 -0.3586 0.8213
vn 0.2184 -0.3095 0.9255
vn 0.5192 -0.2492 0.8175
vn -0.3754 -0.2280 0.8984
vn -0.3251 -0.3094 0.8936
vn -0.4229 -0.2349 0.8752
vn -0.3681 -0.3170 0.8741
vn -0.2457 -0.3620 0.8992
vn -0.2518 -0.3518 0.9016
vn -0.1263 -0.3583 0.9250
vn -0.1592 -0.3731 0.9140
vn 0.0156 -0.3868 0.9220
vn -0.0242 -0.4026 0.9151
vn 0.2142 -0.4109 0.8862
vn 0.1572 -0.4408 0.8837
vn 0.4618 -0.4005 0.7914
vn 0.4076 -0.4524 0.7932
vn 0.5837 -0.2352 0.7772
vn 0.6599 -0.3075 0.6855
vn 0.6438 -0.3642 0.6729
vn 0.7768 -0.1919 0.5998
vn -0.6240 -0.3734 0.6864
vn -0.4780 -0.3678 0.7977
vn -0.4484 -0.3792 0.8095
vn -0.4388 -0.3934 0.8079
vn -0.3802 -0.5021 0.7767
vn -0.3405 -0.4360 0.8330
vn -0.3684 -0.4016 0.8385
vn -0.2637 -0.4592 0.8483
vn -0.3264 -0.4730 0.8184
vn -0.1959 -0.5465 0.8142
vn -0.1419 -0.5277 0.8375
vn -0.0640 -0.5536 0.8303
vn -0.0258 -0.5369 0.8433
vn 0.0792 -0.5672 0.8198
vn 0.1595 -0.5244 0.8364
vn 0.2557 -0.5449 0.7986
vn 0.4062 -0.4406 0.8006
vn 0.4367 -0.4481 0.7800
vn 0.6471 -0.3285 0.6880
vn 0.6371 -0.3575 0.6829
vn 0.7180 -0.1899 0.6696
vn 0.7739 -0.2927 0.5616
vn 0.7769 -0.2810 0.5634
vn 0.8947 -0.1637 0.4155
vn -0.6836 -0.3256 0.6533
vn -0.6367 -0.3342 0.6949
vn -0.6076 -0.3526 0.7117
vn -0.5719 -0.4100 0.7105
vn -0.4828 -0.5081 0.7133
vn -0.4516 -0.4724 0.7569
vn -0.4753 -0.4324 0.7662
vn 0.6605 -0.3497 0.6644
vn 0.7320 -0.3515 0.5836
vn 0.8078 -0.2710 0.5235
vn 0.8037 -0.3013 0.5131
vn 0.9083 -0.1665 0.3837
vn 0.9072 -0.1532 0.3917
vn -0.7005 -0.2699 0.6606
vn -0.6746 -0.2778 0.6839
vn -0.6458 -0.3036 0.7005
vn -0.6345 -0.3672 0.6801
vn -0.6032 -0.3962 0.6922
vn -0.5297 -0.4213 0.7362
vn -0.5788 -0.4298 0.6930
vn -0.4961 -0.5071 0.7047
vn 0.8242 -0.3306 0.4598
vn 0.8369 -0.3294 0.4372
vn 0.8426 -0.1496 0.5173
vn 0.8811 -0.2389 0.4080
vn 0.8806 -0.2439 0.4064
vn 0.9478 -0.1373 0.2877
vn -0.7032 -0.2522 0.6648
vn -0.6842 -0.2576 0.6823
vn -0.6812 -0.2603 0.6842
vn -0.6671 -0.3343 0.6658
vn -0.6557 -0.3444 0.6719
vn -0.6128 -0.3566 0.7052
vn 0.8234 -0.3915 0.4108
vn 0.8418 -0.3980 0.3646
vn 0.9222 -0.2777 0.2691
vn 0.9232 -0.2710 0.2726
vn 0.9770 -0.1536 0.1476
vn 0.9771 -0.1241 0.1729
vn -0.7034 -0.2573 0.6626
vn -0.6835 -0.2627 0.6810
vn -0.6984 -0.2498 0.6707
vn -0.6838 -0.3208 0.6553
vn -0.6854 -0.3195 0.6544
vn -0.6553 -0.3276 0.6807
vn 0.9310 -0.3080 0.1961
vn 0.9301 -0.3088 0.1989
vn 0.9828 -0.1220 0.1386
vn 0.9815 -0.1000 0.1633
vn -0.7014 -0.2785 0.6561
vn -0.6824 -0.2838 0.6736
vn -0.7096 -0.2604 0.6548
vn -0.6970 -0.3198 0.6417
vn -0.7068 -0.3115 0.6351
vn -0.6799 -0.3185 0.6605
vn 0.9250 -0.3234 0.1993
vn 0.9300 -0.3202 0.1803
vn 0.9901 -0.0909 0.1071
vn 0.9898 -0.0797 0.1180
vn -0.7113 -0.2925 0.6391
vn -0.6851 -0.3001 0.6638
vn -0.7061 -0.2805 0.6502
vn -0.7009 -0.3464 0.6235
vn -0.7350 -0.3165 0.5997
vn -0.7043 -0.3246 0.6313
vn 0.9237 -0.3434 0.1697
vn 0.9542 -0.2973 0.0325
vn 0.9941 -0.0854 0.0672
vn 0.9990 -0.0455 0.0031
vn -0.7347 -0.2993 0.6087
vn -0.7005 -0.3083 0.6436
vn -0.7154 -0.2946 0.6336
vn -0.7087 -0.3413 0.6174
vn -0.7013 -0.3814 0.6023
vn -0.7023 -0.3466 0.6218
vn 0.9987 -0.0501 -0.0075
vn 0.9987 -0.0405 -0.0322
vn -0.7626 -0.3040 0.5709
vn -0.7311 -0.3055 0.6101
vn -0.7369 -0.3007 0.6055
vn -0.7286 -0.3441 0.5922
vn -0.7279 -0.3744 0.5745
vn -0.7207 -0.3669 0.5883
vn -0.7261 -0.3460 0.5942
vn -0.7020 -0.3815 0.6014
vn 0.9996 -0.0280 -0.0072
vn 0.9992 -0.0178 -0.0366
vn -0.7701 -0.3198 0.5520
vn -0.7310 -0.3306 0.5969
vn -0.7500 -0.3629 0.5530
vn -0.7449 -0.3575 0.5633
vn -0.7460 -0.3475 0.5680
vn -0.7287 -0.3742 0.5735
vn 1.0000 -0.0001 -0.0004
vn 0.9996 0.0095 -0.0283
vn -0.7878 -0.3321 0.5187
vn -0.7812 -0.3330 0.5281
vn -0.7620 -0.3538 0.5424
vn -0.7621 -0.3646 0.5351
vn -0.7747 -0.3494 0.5271
vn 0.9992 0.0322 0.0224
vn 0.9993 0.0365 0.0108
vn -0.8852 -0.3044 0.3518
vn -0.8387 -0.3171 0.4427
vn -0.8065 -0.3496 0.4768
vn -0.8065 -0.3498 0.4766
vn -0.7882 -0.3584 0.5003
vn -0.7894 -0.3677 0.4916
vn 0.9581 0.2726 -0.0878
vn 0.9725 0.2323 0.0157
vn 0.9977 0.0680 -0.0021
vn 0.9982 0.0469 0.0383
vn -0.8786 -0.2918 0.3780
vn -0.8849 -0.2887 0.3656
vn -0.8343 -0.3255 0.4450
vn -0.8376 -0.3276 0.4372
vn -0.8358 -0.3522 0.4212
vn -0.8068 -0.3588 0.4693
vn 0.9585 0.2627 -0.1106
vn 0.9667 0.2498 -0.0561
vn 0.9976 0.0696 -0.0052
vn 0.9977 0.0677 -0.0075
vn -0.8799 -0.2807 0.3833
vn -0.9155 -0.2517 0.3138
vn -0.8530 -0.2788 0.4413
vn -0.8675 -0.3087 0.3901
vn 0.9665 0.2509 -0.0538
vn 0.9677 0.2483 -0.0444
vn 0.9961 0.0845 0.0239
vn 0.9975 0.0700 -0.0068
vn -0.9817 -0.1468 0.1214
vn -0.9612 -0.1732 0.2147
vn -0.9249 -0.2520 0.2846
vn -0.9155 -0.2154 0.3397
vn -0.8952 -0.2497 0.3691
vn -0.8622 -0.2772 0.4240
vn 0.9671 0.2520 -0.0355
vn 0.9613 0.2652 -0.0742
vn 0.9946 0.1030 -0.0128
vn 0.9948 0.0993 -0.0216
vn -0.9698 -0.1277 0.2077
vn -0.9901 -0.0926 0.1054
vn -0.9270 -0.1690 0.3349
vn -0.9502 -0.1950 0.2430
vn 0.9603 0.2746 -0.0488
vn 0.9553 0.2851 -0.0779
vn 0.9924 0.1208 -0.0230
vn 0.9927 0.1128 -0.0425
vn -0.9780 -0.0745 0.1950
vn -0.9953 -0.0413 0.0880
vn -0.9402 -0.1164 0.3200
vn -0.9648 -0.1352 0.2254
vn 0.9544 0.2936 -0.0546
vn 0.9495 0.3032 -0.0806
vn 0.9898 0.1397 -0.0282
vn 0.9901 0.1304 -0.0515
vn -0.9866 -0.0156 0.1624
vn -0.9887 -0.0140 0.1495
vn -0.9990 0.0365 0.0264
vn -0.9693 -0.0900 0.2289
vn 0.9486 0.3111 -0.0586
vn 0.9435 0.3207 -0.0838
vn 0.9865 0.1609 -0.0315
vn 0.9869 0.1502 -0.0587
vn -0.9939 0.0381 0.1031
vn -0.9961 0.0850 -0.0254
vn 0.9427 0.3280 -0.0613
vn 0.9367 0.3395 -0.0852
vn 0.9810 0.1925 -0.0243
vn 0.9823 0.1738 -0.0696
vn -0.9941 0.0906 0.0595
vn -0.9893 0.1293 -0.0682
vn 0.8579 0.4561 -0.2365
vn 0.8746 0.4489 -0.1831
vn 0.9358 0.3381 -0.0996
vn 0.9364 0.3356 -0.1024
vn 0.9803 0.1956 -0.0272
vn 0.9805 0.1940 -0.0302
vn -0.9722 0.1876 -0.1400
vn -0.9740 0.1870 -0.1280
vn -0.9907 0.1357 -0.0098
vn -0.9567 0.2408 -0.1637
vn 0.8581 0.4510 -0.2454
vn 0.8538 0.4532 -0.2564
vn 0.8948 0.3512 -0.2755
vn 0.9158 0.3670 -0.1635
vn 0.9198 0.3447 -0.1876
vn 0.9778 0.2018 -0.0560
vn -0.9666 0.2411 -0.0865
vn -0.9733 0.2282 -0.0238
vn -0.9435 0.2537 -0.2133
vn -0.9516 0.2895 -0.1033
vn 0.8512 0.4381 -0.2889
vn 0.8674 0.4269 -0.2557
vn 0.8719 0.2855 -0.3978
vn 0.8909 0.3542 -0.2843
vn -0.9579 0.2868 -0.0157
vn -0.9592 0.2825 0.0134
vn -0.9459 0.2955 -0.1343
vn -0.9403 0.3391 -0.0306
vn 0.8291 0.4784 -0.2894
vn 0.8183 0.4817 -0.3137
vn 0.8656 0.4250 -0.2647
vn 0.8784 0.3603 -0.3141
vn 0.9201 0.2259 -0.3200
vn 0.9315 0.2744 -0.2387
vn -0.9368 0.3402 0.0812
vn -0.9365 0.3315 0.1143
vn -0.9367 0.3452 -0.0590
vn -0.9154 0.3958 0.0739
vn 0.8300 0.4817 -0.2812
vn 0.8242 0.4851 -0.2921
vn 0.8847 0.3637 -0.2916
vn 0.8765 0.3716 -0.3061
vn 0.9360 0.2531 -0.2448
vn 0.9222 0.2246 -0.3148
vn -0.8890 0.3953 0.2312
vn -0.9073 0.3820 0.1755
vn -0.8989 0.3788 0.2204
vn -0.8905 0.4270 0.1574
vn -0.9118 0.4098 0.0264
vn -0.8782 0.4481 0.1673
vn 0.8170 0.4474 -0.3636
vn 0.8549 0.4311 -0.2885
vn 0.8426 0.3266 -0.4283
vn 0.8766 0.3547 -0.3252
vn 0.8746 0.3709 -0.3123
vn 0.9389 0.2513 -0.2352
vn -0.8666 0.4362 0.2424
vn -0.8638 0.4069 0.2970
vn -0.8521 0.4925 0.1772
vn -0.8524 0.4920 0.1768
vn -0.8670 0.4356 0.2420
vn -0.8727 0.4780 0.0997
vn 0.8033 0.4700 -0.3659
vn 0.8038 0.4699 -0.3647
vn 0.8470 0.4237 -0.3209
vn 0.8518 0.3719 -0.3689
vn 0.8722 0.2593 -0.4148
vn 0.8916 0.3103 -0.3298
vn -0.8374 0.4715 0.2767
vn -0.8315 0.4489 0.3273
vn -0.8515 0.4914 0.1831
vn -0.8035 0.5291 0.2727
vn 0.7952 0.4297 -0.4277
vn 0.8361 0.4157 -0.3580
vn 0.7882 0.2940 -0.5407
vn 0.8396 0.3283 -0.4328
vn 0.8403 0.3720 -0.3943
vn 0.8968 0.2554 -0.3612
vn -0.8057 0.4849 0.3401
vn -0.8068 0.4924 0.3265
vn -0.8007 0.4898 0.3449
vn -0.7778 0.5544 0.2961
vn -0.8054 0.5575 0.2013
vn -0.7527 0.5785 0.3144
vn 0.7709 0.4588 -0.4418
vn 0.7751 0.4587 -0.4346
vn 0.8261 0.4076 -0.3892
vn 0.8272 0.3552 -0.4354
vn 0.8627 0.2356 -0.4476
vn 0.8809 0.2723 -0.3872
vn -0.7881 0.5121 0.3416
vn -0.7860 0.4870 0.3808
vn -0.7802 0.5563 0.2860
vn -0.7360 0.5792 0.3505
vn -0.7448 0.6325 0.2125
vn -0.7076 0.6508 0.2754
vn 0.7623 0.4225 -0.4903
vn 0.7917 0.4152 -0.4482
vn 0.7747 0.3065 -0.5531
vn 0.8152 0.3372 -0.4709
vn 0.8161 0.3546 -0.4564
vn 0.8945 0.2303 -0.3832
vn -0.7807 0.5354 0.3222
vn -0.7783 0.5151 0.3590
vn -0.7396 0.6088 0.2870
vn -0.7118 0.6195 0.3312
vn -0.7076 0.6763 0.2049
vn -0.6509 0.7014 0.2905
vn 0.7373 0.4342 -0.5175
vn 0.7311 0.4347 -0.5258
vn 0.7708 0.3961 -0.4990
vn 0.7723 0.3588 -0.5243
vn 0.8026 0.2505 -0.5413
vn 0.8225 0.2992 -0.4838
vn -0.8586 0.4846 0.1674
vn -0.7776 0.5368 0.3275
vn -0.7915 0.5601 0.2448
vn -0.7972 0.5486 0.2520
vn -0.7088 0.6529 0.2672
vn -0.6662 0.6646 0.3385
vn -0.6458 0.7347 0.2080
vn -0.6007 0.7504 0.2758
vn 0.7016 0.4327 -0.5662
vn 0.6777 0.4333 -0.5942
vn 0.7133 0.4048 -0.5721
vn 0.7249 0.3476 -0.5947
vn 0.6908 0.2226 -0.6880
vn 0.7442 0.2895 -0.6020
vn 0.7344 0.3422 -0.5861
vn 0.7977 0.2498 -0.5489
vn -0.8709 0.4797 0.1072
vn -0.8713 0.4781 0.1108
vn -0.8017 0.5900 0.0959
vn -0.7964 0.5945 0.1110
vn -0.5836 0.7797 0.2268
vn -0.6756 0.7189 0.1634
vn -0.6798 0.7141 0.1674
vn -0.5910 0.7784 0.2117
vn 0.6800 0.4165 -0.6035
vn 0.6489 0.4163 -0.6369
vn 0.6753 0.3970 -0.6215
vn 0.6939 0.3241 -0.6430
vn 0.6555 0.2040 -0.7272
vn 0.7041 0.2613 -0.6603
vn 0.6908 0.3256 -0.6456
vn 0.7476 0.2282 -0.6238
vn -0.8749 0.4843 0.0053
vn -0.8833 0.4650 0.0594
vn -0.7887 0.6109 0.0695
vn -0.8123 0.5833 -0.0007
vn -0.6789 0.7277 0.0979
vn -0.6990 0.7122 0.0645
vn 0.6544 0.3902 -0.6477
vn 0.6237 0.3890 -0.6780
vn 0.6484 0.3727 -0.6638
vn 0.6711 0.2928 -0.6811
vn 0.6058 0.1630 -0.7787
vn 0.6710 0.2347 -0.7033
vn 0.6563 0.2992 -0.6926
vn 0.7078 0.2079 -0.6752
vn -0.8731 0.4700 -0.1298
vn -0.8881 0.4551 -0.0644
vn -0.7954 0.6024 -0.0661
vn -0.8154 0.5591 -0.1501
vn -0.6932 0.7197 0.0390
vn -0.7322 0.6784 -0.0612
vn 0.6089 0.3557 -0.7090
vn 0.5856 0.3539 -0.7293
vn 0.6158 0.3372 -0.7121
vn 0.6431 0.2606 -0.7201
vn 0.5854 0.1205 -0.8017
vn 0.6495 0.1795 -0.7388
vn 0.6293 0.2657 -0.7304
vn 0.6678 0.1675 -0.7253
vn -0.8897 0.3974 -0.2248
vn -0.8833 0.3999 -0.2446
vn -0.7966 0.5662 -0.2119
vn -0.8083 0.5250 -0.2666
vn -0.7352 0.6756 -0.0544
vn -0.7374 0.6435 -0.2054
vn -0.7526 0.6161 -0.2325
vn -0.6454 0.7237 -0.2444
vn 0.6214 0.2943 -0.7261
vn 0.5546 0.2930 -0.7788
vn 0.5643 0.2887 -0.7734
vn 0.5983 0.2332 -0.7666
vn 0.5534 0.0937 -0.8276
vn 0.6246 0.1452 -0.7673
vn 0.6022 0.2323 -0.7638
vn 0.6599 0.1232 -0.7412
vn -0.8868 0.3553 -0.2956
vn -0.8878 0.3549 -0.2930
vn -0.7729 0.5256 -0.3555
vn -0.7744 0.5185 -0.3625
vn -0.6928 0.6111 -0.3828
vn -0.6957 0.6017 -0.3923
vn -0.6183 0.7225 -0.3093
vn -0.6404 0.6625 -0.3886
vn 0.5140 0.4457 -0.7329
vn 0.6197 0.3265 -0.7137
vn 0.5001 0.4463 -0.7421
vn 0.5126 0.3186 -0.7973
vn 0.5917 0.2720 -0.7589
vn 0.5966 0.1360 -0.7909
vn 0.5346 0.1735 -0.8271
vn 0.6013 0.1619 -0.7825
vn 0.5438 0.1499 -0.8257
vn 0.6030 0.0907 -0.7926
vn -0.8871 0.3651 -0.2822
vn -0.8222 0.3570 -0.4433
vn -0.7369 0.4299 -0.5218
vn -0.7164 0.4957 -0.4909
vn -0.6348 0.5743 -0.5170
vn -0.6456 0.5445 -0.5355
vn -0.6320 0.6643 -0.3990
vn -0.6003 0.5751 -0.5558
vn -0.5872 0.6025 -0.5406
vn -0.5499 0.6108 -0.5696
vn 0.4291 0.5584 -0.7100
vn 0.4505 0.4935 -0.7440
vn 0.3420 0.5479 -0.7634
vn 0.3524 0.4539 -0.8184
vn 0.4824 0.4154 -0.7712
vn 0.5472 0.2678 -0.7930
vn 0.5850 0.1037 -0.8044
vn 0.6333 0.1563 -0.7579
vn 0.5725 0.2631 -0.7765
vn 0.6457 0.1523 -0.7482
vn -0.7158 0.3921 -0.5779
vn -0.6918 0.3927 -0.6060
vn -0.6050 0.4616 -0.6487
vn -0.5907 0.5020 -0.6317
vn -0.5174 0.5396 -0.6642
vn -0.5200 0.5342 -0.6665
vn -0.4859 0.6100 -0.6260
vn -0.4552 0.5405 -0.7075
vn -0.4394 0.5676 -0.6963
vn -0.3144 0.6049 -0.7316
vn -0.3278 0.6070 -0.7239
vn -0.2524 0.6545 -0.7127
vn 0.2527 0.6655 -0.7023
vn 0.3057 0.6349 -0.7095
vn 0.2424 0.6641 -0.7072
vn 0.3292 0.5835 -0.7424
vn 0.2478 0.6142 -0.7492
vn 0.2731 0.5573 -0.7841
vn 0.3974 0.5239 -0.7534
vn 0.4490 0.3850 -0.8063
vn 0.4649 0.3140 -0.8278
vn 0.5459 0.3471 -0.7626
vn 0.5509 0.1420 -0.8224
vn 0.5846 0.1660 -0.7942
vn 0.5644 0.2781 -0.7772
vn 0.6807 0.1129 -0.7238
vn -0.5525 0.3830 -0.7403
vn -0.5589 0.3830 -0.7355
vn -0.4451 0.4628 -0.7666
vn -0.4473 0.4578 -0.7684
vn -0.3809 0.4942 -0.7815
vn -0.4000 0.4678 -0.7881
vn -0.2994 0.5314 -0.7925
vn -0.3244 0.5041 -0.8004
vn -0.1893 0.6576 -0.7292
vn -0.1104 0.5316 -0.8398
vn -0.1043 0.5386 -0.8361
vn 0.0112 0.5693 -0.8220
vn 0.1341 0.5442 -0.8281
vn 0.1245 0.5613 -0.8182
vn 0.2937 0.4555 -0.8404
vn 0.3991 0.4845 -0.7785
vn 0.3508 0.3949 -0.8491
vn 0.3842 0.4090 -0.8277
vn 0.3928 0.1999 -0.8976
vn 0.4506 0.2534 -0.8560
vn 0.4217 0.3704 -0.8276
vn 0.5472 0.2158 -0.8087
vn 0.5328 0.2111 -0.8195
vn 0.6176 0.1420 -0.7736
vn -0.3126 0.2488 -0.9167
vn -0.3599 0.2536 -0.8979
vn -0.3270 0.2867 -0.9005
vn -0.4663 0.3052 -0.8303
vn -0.3293 0.3896 -0.8601
vn -0.2924 0.4610 -0.8378
vn -0.0818 0.4898 -0.8680
vn -0.1059 0.4705 -0.8760
vn 0.0298 0.4034 -0.9145
vn 0.1287 0.4422 -0.8877
vn 0.3514 0.2473 -0.9030
vn 0.3438 0.2416 -0.9074
vn 0.3017 0.3378 -0.8916
vn 0.3494 0.2402 -0.9057
vn 0.3682 0.2490 -0.8958
vn 0.4373 0.2045 -0.8758
vn -0.2324 0.2925 -0.9276
vn -0.0949 0.2944 -0.9510
vn -0.0512 0.3285 -0.9431
vn 0.0465 0.3046 -0.9513
vn 0.1240 0.3377 -0.9330
vn 0.2733 0.2472 -0.9296
vn -0.2617 0.0676 0.9628
vn -0.1312 -0.1804 0.9748
vn -0.1303 0.0293 0.9910
vn -0.0963 0.0505 0.9941
vn -0.0229 0.0193 0.9996
vn -0.0437 0.0428 0.9981
vn 0.0060 0.0119 0.9999
vn -0.0040 0.0210 0.9998
vn 0.0918 -0.0313 0.9953
vn 0.0357 0.0164 0.9992
vn 0.2308 -0.1097 0.9668
vn 0.1247 -0.0254 0.9919
vn 0.3768 -0.0821 0.9226
vn 0.4111 0.0142 0.9115
vn -0.5431 -0.0179 0.8395
vn -0.5268 -0.1228 0.8411
vn -0.5362 -0.0219 0.8438
vn -0.4834 -0.0007 0.8754
vn -0.4357 -0.0774 0.8967
vn -0.4629 -0.0682 0.8838
vn -0.4085 -0.0471 0.9115
vn -0.3370 -0.2078 0.9183
vn 0.5663 0.0376 0.8233
vn 0.6413 -0.0523 0.7655
vn 0.7171 -0.0356 0.6961
vn 0.7491 0.1338 0.6488
vn -0.6481 -0.0421 0.7604
vn -0.6716 -0.0348 0.7401
vn -0.6566 -0.0537 0.7523
vn -0.6625 -0.1624 0.7313
vn -0.6955 -0.1338 0.7060
vn -0.5583 -0.1449 0.8169
vn 0.7872 -0.0735 0.6123
vn 0.7377 0.1771 0.6515
vn 0.7748 0.1499 0.6141
vn 0.8870 -0.0908 0.4528
vn -0.7665 0.0046 0.6423
vn -0.7540 -0.0018 0.6569
vn -0.7096 -0.0707 0.7010
vn -0.7139 -0.1548 0.6829
vn -0.7048 -0.1641 0.6902
vn -0.6769 -0.1706 0.7160
vn 0.8239 0.2537 0.5068
vn 0.9276 0.0901 0.3624
vn 0.9605 0.1233 0.2495
vn 0.9601 0.1241 0.2505
vn -0.6309 -0.0403 0.7748
vn -0.6328 -0.0400 0.7733
vn -0.7028 0.0265 0.7109
vn -0.7080 -0.1392 0.6923
vn -0.7136 -0.1333 0.6877
vn -0.6854 -0.1423 0.7141
vn 0.9252 0.0194 0.3790
vn 0.8900 0.2430 0.3857
vn 0.9658 0.1344 0.2217
vn 0.9394 0.0095 0.3426
vn -0.6103 -0.0480 0.7907
vn -0.7559 -0.0071 0.6547
vn -0.6969 -0.0788 0.7128
vn -0.6936 -0.1512 0.7043
vn -0.7173 -0.1287 0.6848
vn -0.6976 -0.1345 0.7038
vn 0.9395 0.2751 0.2040
vn 0.9294 0.3449 0.1316
vn 0.9910 0.1153 0.0680
vn 0.9747 0.1531 0.1630
vn -0.6359 -0.0974 0.7656
vn -0.6975 -0.0850 0.7115
vn -0.6916 -0.0907 0.7166
vn -0.6852 -0.1772 0.7065
vn -0.7174 -0.1483 0.6808
vn -0.6990 -0.1535 0.6984
vn 0.9443 0.3247 0.0543
vn 0.9417 0.3342 0.0391
vn 0.9901 0.1286 0.0561
vn 0.9913 0.1229 0.0475
vn -0.6625 -0.1201 0.7394
vn -0.7182 -0.1080 0.6874
vn -0.6948 -0.1312 0.7071
vn -0.6889 -0.1981 0.6973
vn -0.7103 -0.1792 0.6807
vn -0.6975 -0.1826 0.6929
vn 0.8768 0.4660 -0.1184
vn 0.8837 0.4595 -0.0890
vn 0.9443 0.3291 0.0024
vn 0.9544 0.2980 -0.0177
vn 0.9956 0.0790 0.0500
vn 0.9876 0.1208 0.1005
vn -0.7001 -0.1298 0.7021
vn -0.7435 -0.1195 0.6580
vn -0.7133 -0.1517 0.6842
vn -0.7087 -0.2060 0.6747
vn -0.7211 -0.1946 0.6650
vn -0.6957 -0.2012 0.6895
vn 0.8714 0.4852 -0.0718
vn 0.8537 0.5063 -0.1220
vn 0.9544 0.2981 -0.0174
vn 0.9399 0.3324 -0.0782
vn 0.9915 0.1289 0.0187
vn 0.9937 0.1064 -0.0350
vn -0.7441 -0.1251 0.6562
vn -0.7812 -0.1133 0.6139
vn -0.7444 -0.1593 0.6485
vn -0.7416 -0.2053 0.6386
vn -0.7466 -0.2005 0.6343
vn -0.7137 -0.2086 0.6687
vn 0.8515 0.5160 -0.0936
vn 0.8401 0.5284 -0.1230
vn 0.9384 0.3418 -0.0507
vn 0.9265 0.3635 -0.0974
vn 0.9845 0.1708 -0.0401
vn 0.9848 0.1643 -0.0562
vn -0.8115 -0.1200 0.5719
vn -0.7590 -0.1307 0.6379
vn -0.7571 -0.1328 0.6397
vn -0.7633 -0.2280 0.6045
vn -0.7907 -0.1997 0.5788
vn -0.7490 -0.2100 0.6284
vn 0.8382 0.5369 -0.0959
vn 0.8329 0.5425 -0.1091
vn 0.9255 0.3710 -0.0761
vn 0.9190 0.3814 -0.0998
vn 0.9795 0.1940 -0.0536
vn 0.9798 0.1855 -0.0743
vn -0.8642 -0.1090 0.4912
vn -0.8039 -0.0968 0.5869
vn -0.7931 -0.1062 0.5997
vn -0.7906 -0.1970 0.5798
vn -0.7677 -0.2760 0.5783
vn -0.7598 -0.2273 0.6091
vn 0.8312 0.5497 -0.0836
vn 0.8255 0.5559 -0.0975
vn 0.9180 0.3890 -0.0772
vn 0.9134 0.3963 -0.0932
vn 0.9754 0.2163 -0.0425
vn 0.9761 0.2033 -0.0762
vn -0.8742 -0.1425 0.4641
vn -0.9102 -0.1259 0.3945
vn -0.8348 -0.2217 0.5040
vn -0.8310 -0.2175 0.5119
vn -0.8314 -0.2073 0.5155
vn -0.7727 -0.2765 0.5713
vn 0.8235 0.5633 -0.0681
vn 0.8078 0.5794 -0.1083
vn 0.9122 0.4052 -0.0612
vn 0.8993 0.4263 -0.0977
vn 0.9673 0.2535 -0.0080
vn 0.9709 0.2284 -0.0719
vn -0.9115 -0.0484 0.4085
vn -0.9101 -0.0480 0.4117
vn -0.8706 -0.0962 0.4824
vn -0.8850 -0.2049 0.4180
vn -0.9051 -0.1670 0.3910
vn -0.8298 -0.2216 0.5121
vn 0.8140 0.5612 -0.1502
vn 0.8268 0.5515 -0.1106
vn 0.9034 0.4223 -0.0745
vn 0.9035 0.4226 -0.0716
vn 0.9013 0.4280 -0.0666
vn 0.9702 0.2400 0.0349
vn -0.9327 -0.1351 0.3345
vn -0.9764 -0.1037 0.1894
vn -0.9117 -0.2259 0.3432
vn -0.9046 -0.2033 0.3747
vn 0.8244 0.5588 -0.0899
vn 0.8225 0.5608 -0.0944
vn 0.8959 0.4331 -0.0990
vn 0.8958 0.4335 -0.0979
vn -0.9705 -0.0864 0.2251
vn -0.9919 -0.0522 0.1154
vn -0.9320 -0.1902 0.3085
vn -0.9411 -0.2058 0.2682
vn 0.7624 0.6338 -0.1306
vn 0.7603 0.6350 -0.1371
vn 0.8230 0.5628 -0.0774
vn 0.8401 0.5323 -0.1040
vn 0.9176 0.3911 -0.0711
vn 0.9094 0.4155 -0.0215
vn -0.9899 -0.0384 0.1368
vn -0.9935 -0.0362 0.1082
vn -0.9992 0.0015 0.0389
vn -0.9592 -0.1675 0.2277
vn 0.7587 0.6435 -0.1015
vn 0.7509 0.6498 -0.1179
vn 0.8410 0.5338 -0.0881
vn 0.8305 0.5456 -0.1118
vn 0.9067 0.4147 -0.0769
vn 0.9081 0.4041 -0.1099
vn -0.9975 0.0060 0.0704
vn -0.9993 0.0369 -0.0066
vn 0.7493 0.6541 -0.1029
vn 0.7425 0.6596 -0.1167
vn 0.8294 0.5508 -0.0933
vn 0.8226 0.5578 -0.1106
vn 0.8985 0.4323 -0.0763
vn 0.8999 0.4242 -0.1012
vn -0.9984 0.0437 0.0346
vn -0.9965 0.0714 -0.0442
vn 0.7414 0.6626 -0.1065
vn 0.7329 0.6692 -0.1230
vn 0.8211 0.5632 -0.0931
vn 0.8128 0.5713 -0.1138
vn 0.8904 0.4486 -0.0771
vn 0.8919 0.4412 -0.0993
vn -0.9965 0.0778 0.0300
vn -0.9920 0.1118 -0.0594
vn 0.7321 0.6714 -0.1151
vn 0.7215 0.6796 -0.1329
vn 0.8112 0.5766 -0.0972
vn 0.7996 0.5873 -0.1251
vn 0.8805 0.4677 -0.0773
vn 0.8825 0.4587 -0.1036
vn -0.9799 0.1490 -0.1328
vn -0.9851 0.1464 -0.0905
vn -0.9932 0.1146 -0.0184
vn -0.9502 0.2331 -0.2070
vn 0.6717 0.7148 -0.1945
vn 0.6750 0.7139 -0.1866
vn 0.7199 0.6771 -0.1526
vn 0.7155 0.6828 -0.1475
vn 0.7974 0.5942 -0.1053
vn 0.7996 0.5922 -0.0995
vn 0.8672 0.4932 -0.0684
vn 0.8714 0.4787 -0.1074
vn -0.9685 0.1871 -0.1641
vn -0.9821 0.1686 -0.0835
vn -0.9323 0.2439 -0.2672
vn -0.9383 0.2698 -0.2165
vn 0.6746 0.7067 -0.2134
vn 0.6787 0.7047 -0.2065
vn 0.7101 0.6616 -0.2408
vn 0.7245 0.6553 -0.2139
vn 0.7828 0.5714 -0.2465
vn 0.7911 0.5844 -0.1810
vn 0.7964 0.5746 -0.1888
vn 0.8588 0.5008 -0.1077
vn -0.9728 0.1946 -0.1254
vn -0.9479 0.2283 -0.2220
vn -0.9401 0.2696 -0.2088
vn -0.9153 0.2999 -0.2689
vn 0.6799 0.6985 -0.2230
vn 0.6875 0.6944 -0.2125
vn 0.7263 0.6455 -0.2361
vn 0.7301 0.6436 -0.2295
vn 0.7863 0.5574 -0.2664
vn 0.7865 0.5691 -0.2399
vn -0.9172 0.3362 -0.2141
vn -0.9075 0.3329 -0.2561
vn -0.9261 0.3130 -0.2105
vn -0.8767 0.4046 -0.2604
vn 0.6756 0.7053 -0.2149
vn 0.6698 0.7068 -0.2277
vn 0.6870 0.6937 -0.2164
vn 0.6967 0.6802 -0.2281
vn 0.7309 0.6379 -0.2425
vn 0.7522 0.6272 -0.2019
vn 0.7983 0.5468 -0.2524
vn 0.7982 0.5514 -0.2426
vn -0.9139 0.3681 -0.1712
vn -0.9143 0.3679 -0.1697
vn -0.8754 0.4051 -0.2637
vn -0.8769 0.4416 -0.1900
vn 0.6781 0.6966 -0.2343
vn 0.6870 0.6925 -0.2201
vn 0.6916 0.6674 -0.2762
vn 0.7154 0.6577 -0.2360
vn 0.7592 0.5872 -0.2807
vn 0.7615 0.5895 -0.2696
vn 0.7476 0.6160 -0.2483
vn 0.8070 0.5441 -0.2296
vn -0.8996 0.4226 -0.1100
vn -0.9077 0.4133 -0.0731
vn -0.8692 0.4468 -0.2117
vn -0.8645 0.4904 -0.1103
vn 0.6883 0.6847 -0.2394
vn 0.6922 0.6827 -0.2341
vn 0.7167 0.6479 -0.2580
vn 0.7252 0.6438 -0.2441
vn 0.7685 0.5668 -0.2969
vn 0.7700 0.5808 -0.2642
vn -0.8750 0.4840 -0.0109
vn -0.8792 0.4758 0.0230
vn -0.8397 0.5150 -0.1725
vn -0.8445 0.5247 -0.1070
vn -0.8175 0.5743 -0.0423
vn -0.7974 0.5865 -0.1417
vn 0.6610 0.6912 -0.2922
vn 0.6703 0.6898 -0.2736
vn 0.6882 0.6766 -0.2621
vn 0.6875 0.6776 -0.2613
vn 0.7265 0.6327 -0.2682
vn 0.7456 0.6242 -0.2333
vn 0.7848 0.5437 -0.2976
vn 0.7850 0.5593 -0.2666
vn -0.8341 0.5434 0.0950
vn -0.8368 0.5391 0.0956
vn -0.8370 0.5394 0.0922
vn -0.7892 0.6138 0.0170
vn -0.8082 0.5829 -0.0844
vn -0.7831 0.6215 0.0212
vn -0.7910 0.5889 -0.1659
vn -0.7713 0.6306 -0.0868
vn 0.6623 0.6835 -0.3068
vn 0.6554 0.6863 -0.3154
vn 0.6784 0.6533 -0.3362
vn 0.6961 0.6481 -0.3089
vn 0.7324 0.5654 -0.3793
vn 0.7466 0.5837 -0.3191
vn 0.7366 0.6033 -0.3058
vn 0.7932 0.5424 -0.2768
vn -0.8034 0.5872 0.0985
vn -0.8093 0.5607 0.1750
vn -0.7893 0.6140 0.0065
vn -0.7432 0.6628 0.0909
vn -0.7571 0.6497 -0.0682
vn -0.7336 0.6795 -0.0095
vn -0.7534 0.6412 -0.1460
vn -0.7270 0.6833 -0.0673
vn 0.6104 0.6954 -0.3792
vn 0.6226 0.6954 -0.3587
vn 0.6503 0.6774 -0.3439
vn 0.6447 0.6858 -0.3379
vn 0.6977 0.6321 -0.3373
vn 0.7159 0.6264 -0.3084
vn 0.7595 0.5367 -0.3675
vn 0.7615 0.5539 -0.3366
vn -0.7436 0.6601 0.1064
vn -0.7520 0.6258 0.2071
vn -0.7317 0.6816 -0.0001
vn -0.6749 0.7302 0.1063
vn -0.7192 0.6900 -0.0814
vn -0.6805 0.7328 -0.0022
vn -0.7063 0.6934 -0.1429
vn -0.6797 0.7288 -0.0825
vn 0.6111 0.6906 -0.3868
vn 0.6013 0.6937 -0.3966
vn 0.6333 0.6542 -0.4134
vn 0.6499 0.6512 -0.3919
vn 0.6943 0.5608 -0.4509
vn 0.7107 0.5827 -0.3942
vn 0.7029 0.5985 -0.3843
vn 0.7685 0.5362 -0.3492
vn -0.6706 0.7343 0.1058
vn -0.6815 0.6979 0.2202
vn -0.6582 0.7528 -0.0057
vn -0.5900 0.8005 0.1051
vn -0.6551 0.7477 -0.1082
vn -0.5992 0.8006 -0.0070
vn -0.6584 0.7362 -0.1566
vn -0.6352 0.7651 -0.1057
vn 0.5598 0.7080 -0.4306
vn 0.5671 0.7074 -0.4219
vn 0.5977 0.6876 -0.4123
vn 0.5937 0.6937 -0.4079
vn 0.6509 0.6367 -0.4134
vn 0.6709 0.6327 -0.3867
vn 0.7177 0.5303 -0.4512
vn 0.7210 0.5527 -0.4180
vn -0.5976 0.7948 0.1059
vn -0.6074 0.7678 0.2040
vn -0.5740 0.8188 -0.0091
vn -0.4945 0.8631 0.1027
vn -0.5795 0.8055 -0.1237
vn -0.5007 0.8655 -0.0123
vn -0.5967 0.7816 -0.1821
vn -0.6007 0.7720 -0.2077
vn -0.5297 0.8380 -0.1308
vn -0.5455 0.8082 -0.2218
vn 0.5286 0.7181 -0.4526
vn 0.5327 0.7179 -0.4482
vn 0.5579 0.7027 -0.4416
vn 0.5570 0.7040 -0.4407
vn 0.5850 0.6596 -0.4720
vn 0.6227 0.6563 -0.4261
vn 0.6605 0.5534 -0.5074
vn 0.6726 0.5751 -0.4657
vn 0.6593 0.6029 -0.4492
vn 0.7311 0.5308 -0.4287
vn -0.5159 0.8490 0.1140
vn -0.5246 0.8260 0.2062
vn -0.4803 0.8771 0.0005
vn -0.3974 0.9112 0.1084
vn -0.4853 0.8665 -0.1172
vn -0.3955 0.9185 -0.0007
vn -0.5112 0.8277 -0.2317
vn -0.4292 0.8954 -0.1182
vn -0.5295 0.8007 -0.2802
vn -0.5024 0.8334 -0.2302
vn 0.4932 0.7268 -0.4781
vn 0.4988 0.7267 -0.4723
vn 0.5262 0.7113 -0.4661
vn 0.5266 0.7107 -0.4665
vn 0.5499 0.6679 -0.5015
vn 0.5913 0.6659 -0.4549
vn 0.6175 0.5536 -0.5587
vn 0.6330 0.5837 -0.5085
vn 0.6133 0.6222 -0.4866
vn 0.6746 0.5527 -0.4893
vn -0.5178 0.8489 0.1062
vn -0.4362 0.8763 0.2046
vn -0.4459 0.8835 0.1436
vn -0.3836 0.9190 0.0910
vn -0.3792 0.9252 0.0132
vn -0.3073 0.9437 0.1222
vn -0.3838 0.9186 -0.0943
vn -0.2919 0.9563 0.0189
vn -0.4177 0.8832 -0.2132
vn -0.3164 0.9439 -0.0951
vn -0.4547 0.8396 -0.2971
vn -0.4604 0.8250 -0.3278
vn -0.3546 0.9090 -0.2192
vn -0.4179 0.8482 -0.3255
vn 0.4309 0.7380 -0.5193
vn 0.4440 0.7384 -0.5075
vn 0.4888 0.7162 -0.4981
vn 0.4884 0.7168 -0.4977
vn 0.5178 0.6680 -0.5345
vn 0.5654 0.6670 -0.4851
vn 0.5877 0.5422 -0.6005
vn 0.6061 0.5784 -0.5460
vn 0.5814 0.6247 -0.5213
vn 0.6416 0.5531 -0.5314
vn -0.5238 0.8482 0.0787
vn -0.5262 0.8456 0.0895
vn -0.3894 0.9192 0.0590
vn -0.3815 0.9219 0.0667
vn -0.2816 0.9594 0.0190
vn -0.2651 0.9635 0.0374
vn -0.2827 0.9570 -0.0648
vn -0.2064 0.9782 0.0228
vn -0.3111 0.9344 -0.1737
vn -0.2113 0.9753 -0.0641
vn -0.3511 0.8904 -0.2898
vn -0.2436 0.9537 -0.1764
vn -0.3801 0.8458 -0.3743
vn -0.3854 0.8253 -0.4127
vn -0.2747 0.9144 -0.2972
vn -0.3327 0.8517 -0.4048
vn 0.2144 0.7988 -0.5620
vn 0.3524 0.7621 -0.5431
vn 0.2553 0.8047 -0.5359
vn 0.3417 0.7585 -0.5549
vn 0.4267 0.7295 -0.5346
vn 0.4344 0.7195 -0.5419
vn 0.4725 0.6608 -0.5832
vn 0.5357 0.6613 -0.5251
vn 0.5488 0.5199 -0.6546
vn 0.5753 0.5680 -0.5886
vn 0.5507 0.6125 -0.5671
vn 0.6141 0.5423 -0.5734
vn -0.5447 0.8386 0.0124
vn -0.5509 0.8337 0.0392
vn -0.3766 0.9264 0.0050
vn -0.3810 0.9246 0.0002
vn -0.2630 0.9647 -0.0133
vn -0.2564 0.9665 -0.0066
vn -0.2012 0.9779 -0.0564
vn -0.1643 0.9862 -0.0182
vn -0.2084 0.9680 -0.1399
vn -0.1287 0.9900 -0.0574
vn -0.2412 0.9389 -0.2457
vn -0.1395 0.9800 -0.1418
vn -0.2692 0.8928 -0.3611
vn -0.1589 0.9549 -0.2508
vn -0.2707 0.8494 -0.4531
vn -0.2706 0.8275 -0.4920
vn -0.1549 0.9158 -0.3706
vn -0.0793 0.8433 -0.5316
vn -0.1730 0.8640 -0.4729
vn 0.0875 0.8248 -0.5586
vn -0.0631 0.8510 -0.5214
vn 0.0574 0.8107 -0.5826
vn 0.2120 0.7952 -0.5680
vn 0.2435 0.7629 -0.5989
vn 0.3576 0.7412 -0.5682
vn 0.3526 0.7393 -0.5736
vn 0.4011 0.6493 -0.6462
vn 0.4918 0.6490 -0.5805
vn 0.4922 0.4731 -0.7307
vn 0.5370 0.5406 -0.6476
vn 0.5093 0.5898 -0.6267
vn 0.5715 0.5208 -0.6342
vn -0.5650 0.8248 -0.0210
vn -0.5499 0.8298 -0.0952
vn -0.4109 0.9015 -0.1357
vn -0.3727 0.9223 -0.1020
vn -0.2518 0.9646 -0.0788
vn -0.2885 0.9504 -0.1160
vn -0.1619 0.9828 -0.0884
vn -0.1587 0.9836 -0.0854
vn -0.1269 0.9818 -0.1415
vn -0.0769 0.9927 -0.0927
vn -0.1378 0.9641 -0.2271
vn -0.0540 0.9880 -0.1449
vn -0.1561 0.9339 -0.3216
vn -0.0621 0.9709 -0.2315
vn -0.1484 0.8911 -0.4289
vn -0.0387 0.9417 -0.3343
vn -0.0773 0.8536 -0.5151
vn 0.0066 0.8901 -0.4558
vn 0.0875 0.8320 -0.5478
vn 0.0807 0.8296 -0.5524
vn 0.2282 0.7422 -0.6302
vn 0.2685 0.7440 -0.6118
vn 0.4046 0.6211 -0.6712
vn 0.4132 0.6239 -0.6633
vn 0.4994 0.4555 -0.7370
vn 0.5306 0.4861 -0.6944
vn 0.4657 0.6000 -0.6505
vn 0.5503 0.4758 -0.6861
vn -0.4547 0.8545 -0.2513
vn -0.4378 0.8565 -0.2733
vn -0.2790 0.9411 -0.1910
vn -0.3152 0.9198 -0.2338
vn -0.1544 0.9737 -0.1678
vn -0.1825 0.9636 -0.1954
vn -0.0756 0.9788 -0.1905
vn -0.0577 0.9830 -0.1742
vn -0.0515 0.9636 -0.2623
vn 0.0176 0.9799 -0.1989
vn -0.0562 0.9357 -0.3482
vn 0.0270 0.9631 -0.2679
vn -0.0385 0.9127 -0.4068
vn 0.0227 0.9356 -0.3522
vn 0.0061 0.8474 -0.5309
vn 0.1338 0.8836 -0.4488
vn 0.0934 0.7678 -0.6339
vn 0.1840 0.8094 -0.5577
vn 0.3176 0.6471 -0.6931
vn 0.3293 0.6605 -0.6748
vn 0.2682 0.7437 -0.6123
vn 0.5245 0.5822 -0.6212
vn 0.4108 0.5608 -0.7189
vn 0.5525 0.4524 -0.7001
vn -0.5056 0.7783 -0.3723
vn -0.4797 0.7744 -0.4126
vn -0.3645 0.8296 -0.4230
vn -0.2869 0.8938 -0.3448
vn -0.1670 0.9296 -0.3285
vn -0.1989 0.9129 -0.3565
vn -0.0561 0.9621 -0.2667
vn -0.1235 0.9359 -0.3298
vn 0.0157 0.9365 -0.3504
vn 0.0916 0.9511 -0.2949
vn 0.0408 0.9034 -0.4270
vn 0.1109 0.9253 -0.3627
vn 0.0582 0.8578 -0.5107
vn 0.1338 0.8927 -0.4304
vn 0.2057 0.7335 -0.6478
vn 0.2287 0.7640 -0.6034
vn 0.1157 0.8588 -0.4991
vn 0.3124 0.7504 -0.5825
vn 0.2029 0.7046 -0.6800
vn 0.3373 0.6491 -0.6818
vn -0.3380 0.7548 -0.5621
vn -0.3035 0.7578 -0.5776
vn -0.2057 0.8203 -0.5336
vn -0.2305 0.8219 -0.5209
vn -0.0874 0.8734 -0.4791
vn -0.0702 0.8873 -0.4558
vn 0.0600 0.7825 -0.6198
vn 0.1278 0.8603 -0.4936
vn 0.0486 0.9047 -0.4233
vn 0.2210 0.8526 -0.4735
vn 0.1351 0.8208 -0.5550
vn 0.2265 0.7988 -0.5574
vn 0.1615 0.7747 -0.6114
vn 0.2564 0.7434 -0.6178
vn -0.0198 0.7859 -0.6181
vn 0.0482 0.7791 -0.6250
vn -0.3400 0.2308 0.9116
vn -0.1705 0.2913 0.9413
vn -0.2384 0.3137 0.9191
vn 0.0707 0.2802 0.9573
vn -0.0220 0.3485 0.9371
vn 0.0978 0.2732 0.9570
vn 0.0894 0.2816 0.9554
vn 0.1295 0.2614 0.9565
vn 0.1184 0.2740 0.9544
vn 0.2077 0.2028 0.9569
vn 0.1604 0.2615 0.9518
vn 0.2646 0.2004 0.9433
vn -0.5593 0.1576 0.8138
vn -0.4728 0.1917 0.8601
vn -0.4883 0.2004 0.8493
vn -0.4237 0.2279 0.8766
vn -0.4069 0.2152 0.8877
vn -0.3723 0.3795 0.8470
vn -0.2606 0.4292 0.8648
vn -0.2449 0.4224 0.8727
vn -0.0172 0.4650 0.8852
vn -0.0761 0.4970 0.8644
vn 0.1558 0.4784 0.8642
vn 0.1355 0.4945 0.8586
vn 0.2312 0.4843 0.8438
vn 0.2380 0.4759 0.8467
vn 0.3012 0.4775 0.8254
vn 0.3034 0.4738 0.8267
vn 0.5824 0.2792 0.7635
vn 0.4074 0.3840 0.8286
vn 0.3784 0.4550 0.8061
vn 0.6067 0.2883 0.7408
vn -0.6776 0.1403 0.7220
vn -0.5443 0.1544 0.8245
vn -0.5712 0.1882 0.7990
vn -0.5319 0.3290 0.7803
vn -0.4760 0.3771 0.7945
vn -0.4434 0.3583 0.8216
vn -0.2053 0.5770 0.7905
vn -0.3536 0.5421 0.7623
vn -0.4076 0.4008 0.8205
vn -0.2266 0.5880 0.7764
vn -0.1065 0.6227 0.7752
vn -0.0763 0.6073 0.7908
vn 0.0306 0.6337 0.7730
vn 0.1353 0.5732 0.8082
vn 0.1930 0.5916 0.7828
vn 0.4325 0.6078 0.6660
vn 0.3893 0.5098 0.7671
vn 0.3268 0.6051 0.7260
vn 0.4318 0.6118 0.6628
vn 0.4552 0.5677 0.6860
vn 0.5298 0.5573 0.6393
vn 0.5264 0.5686 0.6322
vn 0.6858 0.4771 0.5496
vn 0.6028 0.4941 0.6265
vn -0.7144 0.1886 0.6738
vn -0.6441 0.1274 0.7543
vn -0.6717 0.1881 0.7166
vn -0.5945 0.3327 0.7321
vn -0.3707 0.5520 0.7469
vn -0.4894 0.5113 0.7065
vn -0.5491 0.3428 0.7622
vn -0.4187 0.5731 0.7044
vn -0.3612 0.6027 0.7116
vn -0.4107 0.6087 0.6788
vn 0.5661 0.6149 0.5490
vn 0.6541 0.7035 0.2778
vn 0.6163 0.5789 0.5339
vn 0.5724 0.6665 0.4776
vn 0.6263 0.6228 0.4690
vn 0.6208 0.6364 0.4578
vn 0.7979 0.4345 0.4178
vn 0.7151 0.5178 0.4696
vn 0.6975 0.5672 0.4380
vn 0.8757 0.4282 0.2233
vn -0.6734 0.0680 0.7361
vn -0.5361 0.1745 0.8259
vn -0.6258 0.2067 0.7521
vn -0.5377 0.2594 0.8022
vn -0.7616 0.3400 0.5517
vn -0.6620 0.3999 0.6339
vn -0.5761 0.5605 0.5949
vn -0.5489 0.5658 0.6153
vn 0.6765 0.6951 0.2431
vn 0.6184 0.7808 0.0891
vn 0.6987 0.6571 0.2829
vn 0.6853 0.6863 0.2434
vn 0.7700 0.5786 0.2690
vn 0.7685 0.5830 0.2638
vn 0.8947 0.4044 0.1894
vn 0.8770 0.4180 0.2371
vn -0.5567 0.1795 0.8111
vn -0.6602 0.0423 0.7499
vn -0.6727 0.0677 0.7368
vn -0.6704 0.2714 0.6906
vn -0.5653 0.1790 0.8052
vn -0.5856 0.2811 0.7603
vn 0.6336 0.7726 0.0411
vn 0.5767 0.8149 -0.0572
vn 0.7286 0.6732 0.1266
vn 0.6914 0.7214 0.0401
vn 0.8048 0.5714 0.1609
vn 0.7917 0.5994 0.1181
vn 0.8872 0.4350 0.1534
vn 0.8902 0.4325 0.1427
vn -0.6276 0.0793 0.7745
vn -0.6944 0.0064 0.7195
vn -0.6253 0.0381 0.7794
vn -0.6579 0.0829 0.7485
vn 0.5862 0.8030 -0.1079
vn 0.5684 0.8119 -0.1328
vn 0.7010 0.7132 -0.0015
vn 0.6507 0.7522 -0.1037
vn 0.8065 0.5885 0.0573
vn 0.7723 0.6351 -0.0168
vn 0.8604 0.5061 0.0588
vn 0.8637 0.5019 0.0454
vn -0.6610 0.0534 0.7485
vn -0.7183 -0.0150 0.6955
vn -0.6562 -0.0002 0.7546
vn -0.6965 0.0592 0.7151
vn 0.4915 0.8502 -0.1888
vn 0.4818 0.8518 -0.2058
vn 0.5666 0.8089 -0.1569
vn 0.5863 0.7914 -0.1732
vn 0.6682 0.7282 -0.1525
vn 0.6820 0.7234 -0.1073
vn 0.7764 0.6198 -0.1137
vn 0.7771 0.6251 -0.0730
vn 0.7725 0.6314 -0.0680
vn 0.8514 0.5246 -0.0003
vn -0.7023 0.0432 0.7106
vn -0.7512 -0.0139 0.6599
vn -0.6895 -0.0207 0.7240
vn -0.7312 0.0490 0.6804
vn 0.4887 0.8558 -0.1697
vn 0.5045 0.8504 -0.1496
vn 0.5878 0.7929 -0.1609
vn 0.5759 0.7985 -0.1755
vn 0.6907 0.7108 -0.1331
vn 0.6675 0.7236 -0.1756
vn 0.7682 0.6290 -0.1193
vn 0.7691 0.6261 -0.1283
vn -0.7355 0.0648 0.6744
vn -0.7712 0.0362 0.6356
vn -0.7234 -0.0209 0.6901
vn -0.7656 0.0743 0.6390
vn 0.5033 0.8530 -0.1380
vn 0.5271 0.8431 -0.1065
vn 0.5743 0.8048 -0.1502
vn 0.5807 0.8018 -0.1411
vn 0.6650 0.7327 -0.1447
vn 0.6579 0.7367 -0.1561
vn 0.7506 0.6501 -0.1183
vn 0.7532 0.6406 -0.1495
vn -0.8151 0.0014 0.5793
vn -0.6884 0.0745 0.7215
vn -0.7165 0.0911 0.6917
vn -0.7974 0.0565 0.6009
vn 0.5267 0.8437 -0.1037
vn 0.5476 0.8334 -0.0747
vn 0.5786 0.8066 -0.1212
vn 0.5891 0.8012 -0.1055
vn 0.6552 0.7448 -0.1263
vn 0.6562 0.7442 -0.1247
vn 0.7415 0.6630 -0.1032
vn 0.7440 0.6551 -0.1313
vn -0.9073 0.0199 0.4199
vn -0.8134 0.1519 0.5616
vn -0.8100 0.1506 0.5667
vn -0.7994 0.1611 0.5788
vn -0.8985 0.1963 0.3927
vn -0.7641 0.2967 0.5728
vn 0.5492 0.8313 -0.0857
vn 0.5626 0.8241 -0.0667
vn 0.5883 0.8024 -0.1001
vn 0.5966 0.7978 -0.0873
vn 0.6539 0.7492 -0.1053
vn 0.6555 0.7482 -0.1025
vn 0.7365 0.6703 -0.0911
vn 0.7384 0.6655 -0.1094
vn -0.8991 0.2814 0.3354
vn -0.9521 0.0554 0.3007
vn -0.9192 0.0893 0.3835
vn -0.8416 0.2923 0.4541
vn 0.5655 0.8202 -0.0868
vn 0.5712 0.8170 -0.0789
vn 0.5979 0.7957 -0.0962
vn 0.6027 0.7930 -0.0889
vn 0.6554 0.7484 -0.1018
vn 0.6573 0.7472 -0.0985
vn 0.7319 0.6716 -0.1151
vn 0.7304 0.6751 -0.1034
vn -0.9650 0.1022 0.2417
vn -0.9241 0.2230 0.3103
vn -0.8786 0.1981 0.4346
vn -0.9482 0.1324 0.2887
vn 0.5735 0.8134 -0.0974
vn 0.5745 0.8129 -0.0963
vn 0.6045 0.7902 -0.1007
vn 0.6050 0.7899 -0.0999
vn 0.6589 0.7443 -0.1094
vn 0.6620 0.7423 -0.1039
vn 0.7357 0.6666 -0.1197
vn 0.7343 0.6699 -0.1098
vn -0.9878 0.1186 0.1009
vn -0.9831 0.0878 0.1607
vn -0.9242 0.3098 0.2232
vn -0.9506 0.2880 0.1162
vn 0.5557 0.8218 -0.1258
vn 0.5597 0.8202 -0.1180
vn 0.5733 0.8119 -0.1105
vn 0.5796 0.8066 -0.1158
vn 0.6051 0.7898 -0.1003
vn 0.6048 0.7899 -0.1009
vn 0.6623 0.7416 -0.1067
vn 0.6632 0.7410 -0.1054
vn 0.7357 0.6718 -0.0867
vn 0.7398 0.6636 -0.1106
vn -0.9928 0.1173 0.0254
vn -0.9929 0.1043 0.0565
vn -0.9481 0.3083 0.0780
vn -0.9562 0.2917 0.0226
vn 0.5545 0.8236 -0.1193
vn 0.5473 0.8269 -0.1289
vn 0.5791 0.8061 -0.1218
vn 0.5794 0.8059 -0.1214
vn 0.6215 0.7721 -0.1327
vn 0.6245 0.7708 -0.1256
vn 0.6825 0.7205 -0.1229
vn 0.6825 0.7204 -0.1234
vn 0.6633 0.7411 -0.1046
vn 0.7377 0.6703 -0.0800
vn -0.9886 0.1479 -0.0277
vn -0.9922 0.1196 0.0353
vn -0.9515 0.3074 -0.0131
vn -0.9530 0.3010 -0.0337
vn 0.5455 0.8300 -0.1164
vn 0.5386 0.8332 -0.1253
vn 0.5787 0.8073 -0.1156
vn 0.5764 0.8085 -0.1188
vn 0.6230 0.7734 -0.1172
vn 0.6217 0.7741 -0.1193
vn 0.6814 0.7234 -0.1109
vn 0.6827 0.7204 -0.1226
vn -0.9834 0.1651 -0.0750
vn -0.9886 0.1473 -0.0308
vn -0.9467 0.3148 -0.0680
vn -0.9470 0.3100 -0.0837
vn 0.5369 0.8360 -0.1134
vn 0.5315 0.8385 -0.1204
vn 0.5756 0.8100 -0.1126
vn 0.5730 0.8113 -0.1161
vn 0.6208 0.7758 -0.1129
vn 0.6187 0.7770 -0.1161
vn 0.6764 0.7282 -0.1104
vn 0.6773 0.7262 -0.1179
vn -0.9744 0.1908 -0.1186
vn -0.9840 0.1679 -0.0590
vn -0.9430 0.3168 -0.1014
vn -0.9428 0.3142 -0.1117
vn 0.5308 0.8395 -0.1158
vn 0.5292 0.8403 -0.1178
vn 0.5729 0.8114 -0.1156
vn 0.5707 0.8126 -0.1186
vn 0.6185 0.7773 -0.1150
vn 0.6153 0.7792 -0.1197
vn 0.6704 0.7328 -0.1165
vn 0.6708 0.7319 -0.1198
vn -0.9684 0.2183 -0.1205
vn -0.9776 0.2004 -0.0637
vn -0.9354 0.3261 -0.1368
vn -0.9275 0.3239 -0.1868
vn -0.9270 0.3296 -0.1792
vn -0.8462 0.4535 -0.2798
vn 0.5310 0.8373 -0.1302
vn 0.5458 0.8304 -0.1121
vn 0.5715 0.8112 -0.1244
vn 0.5679 0.8128 -0.1296
vn 0.6160 0.7774 -0.1271
vn 0.6120 0.7797 -0.1322
vn 0.6601 0.7405 -0.1260
vn 0.6611 0.7386 -0.1319
vn -0.9702 0.2275 -0.0834
vn -0.9528 0.2486 -0.1743
vn -0.9005 0.3498 -0.2584
vn -0.9010 0.3410 -0.2680
vn -0.8292 0.4572 -0.3215
vn -0.8291 0.4518 -0.3293
vn 0.5422 0.8344 -0.0987
vn 0.5265 0.8405 -0.1281
vn 0.5453 0.8299 -0.1183
vn 0.5744 0.8061 -0.1421
vn 0.5814 0.7968 -0.1648
vn 0.5946 0.7934 -0.1307
vn 0.6226 0.7586 -0.1920
vn 0.6249 0.7641 -0.1598
vn 0.6106 0.7781 -0.1473
vn 0.6538 0.7434 -0.1411
vn -0.8817 0.3542 -0.3117
vn -0.8920 0.3460 -0.2909
vn -0.8383 0.4485 -0.3100
vn -0.8390 0.4524 -0.3023
vn 0.5470 0.8278 -0.1247
vn 0.5726 0.8149 -0.0897
vn 0.5729 0.8050 -0.1539
vn 0.5943 0.7937 -0.1300
vn 0.6095 0.7739 -0.1720
vn 0.6147 0.7714 -0.1644
vn 0.6403 0.7407 -0.2034
vn 0.6367 0.7517 -0.1721
vn -0.8802 0.3795 -0.2849
vn -0.8915 0.3722 -0.2583
vn -0.8349 0.4552 -0.3093
vn -0.8343 0.4547 -0.3119
vn -0.8343 0.4545 -0.3121
vn -0.7670 0.5330 -0.3572
vn 0.5801 0.8030 -0.1369
vn 0.6055 0.7897 -0.0987
vn 0.5957 0.7880 -0.1555
vn 0.6094 0.7810 -0.1365
vn 0.6159 0.7656 -0.1860
vn 0.6334 0.7558 -0.1660
vn 0.6508 0.7304 -0.2074
vn 0.6487 0.7366 -0.1910
vn -0.8836 0.3954 -0.2507
vn -0.8767 0.3983 -0.2697
vn -0.8279 0.4654 -0.3131
vn -0.8298 0.4550 -0.3230
vn -0.7663 0.5330 -0.3587
vn -0.7656 0.5415 -0.3474
vn 0.6148 0.7738 -0.1526
vn 0.6323 0.7644 -0.1259
vn 0.6214 0.7617 -0.1836
vn 0.6378 0.7551 -0.1519
vn 0.6487 0.7310 -0.2118
vn 0.6503 0.7331 -0.1992
vn 0.6315 0.7545 -0.1789
vn 0.6565 0.7285 -0.1956
vn -0.8297 0.4818 -0.2819
vn -0.8378 0.4770 -0.2656
vn -0.7742 0.5380 -0.3334
vn -0.7796 0.5475 -0.3042
vn -0.7772 0.5546 -0.2972
vn -0.7194 0.6095 -0.3332
vn 0.6388 0.7481 -0.1796
vn 0.6504 0.7415 -0.1649
vn 0.6454 0.7393 -0.1920
vn 0.6527 0.7357 -0.1810
vn 0.6648 0.7145 -0.2181
vn 0.6624 0.7237 -0.1937
vn -0.8208 0.5196 -0.2371
vn -0.8269 0.5169 -0.2214
vn -0.7791 0.5544 -0.2927
vn -0.7704 0.5850 -0.2537
vn -0.7237 0.6097 -0.3232
vn -0.7182 0.6300 -0.2954
vn 0.6136 0.7429 -0.2676
vn 0.6314 0.7390 -0.2348
vn 0.6422 0.7316 -0.2288
vn 0.6359 0.7389 -0.2227
vn 0.6580 0.7213 -0.2162
vn 0.6596 0.7206 -0.2136
vn 0.6681 0.7070 -0.2317
vn 0.6658 0.7140 -0.2166
vn -0.8115 0.5591 -0.1700
vn -0.8092 0.5597 -0.1785
vn -0.7630 0.6106 -0.2122
vn -0.7758 0.5857 -0.2347
vn -0.7208 0.6290 -0.2913
vn -0.7217 0.6381 -0.2685
vn -0.7200 0.6409 -0.2660
vn -0.6655 0.6868 -0.2922
vn 0.6165 0.7311 -0.2924
vn 0.6027 0.7364 -0.3073
vn 0.6317 0.7238 -0.2778
vn 0.6209 0.7271 -0.2929
vn 0.6405 0.7110 -0.2902
vn 0.6449 0.7193 -0.2583
vn 0.6557 0.7055 -0.2691
vn 0.6599 0.7088 -0.2492
vn -0.7385 0.6394 -0.2143
vn -0.7628 0.6262 -0.1616
vn -0.7196 0.6408 -0.2676
vn -0.7005 0.6811 -0.2131
vn -0.6678 0.6873 -0.2859
vn -0.6606 0.7025 -0.2647
vn 0.5522 0.7424 -0.3793
vn 0.5658 0.7409 -0.3619
vn 0.5948 0.7231 -0.3512
vn 0.5781 0.7440 -0.3350
vn 0.6229 0.7199 -0.3062
vn 0.6093 0.7231 -0.3255
vn 0.6277 0.7130 -0.3124
vn 0.6270 0.7162 -0.3065
vn -0.6995 0.6842 -0.2065
vn -0.7185 0.6799 -0.1465
vn -0.6860 0.6798 -0.2594
vn -0.6633 0.7183 -0.2101
vn -0.6585 0.7032 -0.2682
vn -0.6590 0.6963 -0.2846
vn -0.6469 0.7140 -0.2678
vn -0.5915 0.7474 -0.3027
vn 0.4978 0.7621 -0.4140
vn 0.5018 0.7618 -0.4096
vn 0.5494 0.7353 -0.3970
vn 0.5423 0.7444 -0.3896
vn 0.5770 0.7273 -0.3716
vn 0.5708 0.7273 -0.3811
vn 0.5889 0.7154 -0.3760
vn 0.5934 0.7255 -0.3487
vn 0.6065 0.7086 -0.3606
vn 0.6136 0.7135 -0.3383
vn -0.6532 0.7258 -0.2157
vn -0.6729 0.7255 -0.1446
vn -0.6439 0.7132 -0.2770
vn -0.6131 0.7586 -0.2207
vn -0.6245 0.7043 -0.3376
vn -0.5969 0.7503 -0.2842
vn -0.5797 0.7440 -0.3322
vn -0.5805 0.7424 -0.3343
vn 0.4381 0.7850 -0.4380
vn 0.4392 0.7850 -0.4368
vn 0.4959 0.7579 -0.4239
vn 0.4947 0.7594 -0.4227
vn 0.5401 0.7396 -0.4015
vn 0.5275 0.7412 -0.4151
vn 0.5731 0.7199 -0.3916
vn 0.5550 0.7250 -0.4077
vn 0.5733 0.7201 -0.3909
vn 0.5734 0.7196 -0.3917
vn -0.6022 0.7638 -0.2323
vn -0.6227 0.7665 -0.1571
vn -0.5947 0.7481 -0.2944
vn -0.5564 0.7958 -0.2390
vn -0.5741 0.7340 -0.3628
vn -0.5345 0.7872 -0.3074
vn -0.5552 0.7469 -0.3658
vn -0.5530 0.6944 -0.4604
vn -0.4876 0.7833 -0.3856
vn -0.4685 0.7498 -0.4673
vn 0.3360 0.8022 -0.4934
vn 0.3603 0.8046 -0.4721
vn 0.4337 0.7763 -0.4574
vn 0.4304 0.7802 -0.4539
vn 0.4926 0.7548 -0.4331
vn 0.4833 0.7552 -0.4428
vn 0.5320 0.7293 -0.4303
vn 0.5207 0.7302 -0.4423
vn 0.5382 0.7283 -0.4243
vn 0.5397 0.7325 -0.4148
vn 0.5504 0.7182 -0.4258
vn 0.5616 0.7201 -0.4075
vn -0.5707 0.8017 -0.1777
vn -0.5591 0.7938 -0.2396
vn -0.4971 0.8278 -0.2601
vn -0.5456 0.7801 -0.3061
vn -0.5185 0.7686 -0.3748
vn -0.4769 0.8165 -0.3255
vn -0.4684 0.7573 -0.4550
vn -0.4163 0.8170 -0.3990
vn -0.3729 0.7461 -0.5516
vn -0.3686 0.7275 -0.5787
vn -0.2841 0.8201 -0.4967
vn -0.0618 0.7988 -0.5983
vn -0.1356 0.8192 -0.5573
vn 0.1658 0.8156 -0.5543
vn 0.0466 0.8457 -0.5317
vn 0.1904 0.8256 -0.5312
vn 0.3318 0.7952 -0.5075
vn 0.3180 0.8104 -0.4921
vn 0.4289 0.7775 -0.4600
vn 0.4090 0.7771 -0.4783
vn 0.4885 0.7413 -0.4602
vn 0.4735 0.7415 -0.4752
vn 0.5054 0.7392 -0.4451
vn 0.5062 0.7412 -0.4408
vn 0.5184 0.7251 -0.4533
vn 0.5283 0.7289 -0.4354
vn -0.4635 0.8235 -0.3272
vn -0.4998 0.8223 -0.2723
vn -0.4650 0.7993 -0.3807
vn -0.4198 0.8483 -0.3226
vn -0.4067 0.8019 -0.4377
vn -0.3670 0.8415 -0.3964
vn -0.2863 0.8242 -0.4886
vn -0.2615 0.8445 -0.4673
vn -0.0554 0.8546 -0.5163
vn -0.0832 0.8412 -0.5342
vn 0.1627 0.8394 -0.5186
vn 0.1068 0.8220 -0.5594
vn 0.3152 0.8071 -0.4992
vn 0.2556 0.8036 -0.5376
vn 0.4132 0.7643 -0.4951
vn 0.3767 0.7622 -0.5265
vn 0.4539 0.7602 -0.4649
vn 0.4538 0.7600 -0.4653
vn 0.4715 0.7372 -0.4839
vn 0.4938 0.7396 -0.4573
vn -0.4454 0.8457 -0.2940
vn -0.4265 0.8388 -0.3383
vn -0.3623 0.8676 -0.3406
vn -0.4042 0.8307 -0.3827
vn -0.3576 0.8257 -0.4363
vn -0.3160 0.8634 -0.3933
vn -0.2574 0.8358 -0.4849
vn -0.2267 0.8602 -0.4567
vn -0.0861 0.8656 -0.4932
vn -0.1047 0.8552 -0.5076
vn 0.1061 0.8471 -0.5208
vn 0.0721 0.8377 -0.5414
vn 0.2552 0.8054 -0.5350
vn 0.2457 0.8020 -0.5445
vn 0.3627 0.7909 -0.4929
vn 0.3627 0.7908 -0.4930
vn 0.3810 0.7695 -0.5126
vn 0.4364 0.7602 -0.4814
vn -0.3647 0.8564 -0.3654
vn -0.3293 0.8562 -0.3982
vn -0.2652 0.8829 -0.3874
vn -0.3064 0.8471 -0.4342
vn -0.2207 0.8472 -0.4833
vn -0.1851 0.8732 -0.4509
vn -0.0952 0.8387 -0.5362
vn -0.0628 0.8618 -0.5033
vn 0.0968 0.8573 -0.5057
vn 0.0911 0.8492 -0.5202
vn 0.0818 0.8555 -0.5112
vn 0.2455 0.8329 -0.4959
vn 0.2372 0.8300 -0.5048
vn 0.3321 0.7901 -0.5152
vn -0.2566 0.8593 -0.4424
vn -0.1720 0.8667 -0.4682
vn -0.1823 0.8607 -0.4754
vn -0.0634 0.8593 -0.5076
vn -0.0622 0.8599 -0.5066
vn 0.0504 0.8453 -0.5318
vn -0.1903 0.7705 0.6084
vn -0.0935 0.7791 0.6198
vn -0.1205 0.7909 0.6000
vn 0.0318 0.7732 0.6334
vn -0.0086 0.7941 0.6077
vn 0.1678 0.7467 0.6437
vn 0.1072 0.7821 0.6139
vn 0.2778 0.7490 0.6016
vn -0.3599 0.7595 0.5419
vn -0.3308 0.8171 0.4721
vn -0.2695 0.7987 0.5381
vn -0.1999 0.7724 0.6028
vn -0.2514 0.8327 0.4933
vn -0.1726 0.8947 0.4119
vn -0.0950 0.9034 0.4181
vn -0.0818 0.8979 0.4325
vn 0.0125 0.9141 0.4053
vn 0.0174 0.9120 0.4097
vn 0.1291 0.9128 0.3873
vn 0.1277 0.9136 0.3861
vn 0.4888 0.7880 0.3744
vn 0.3214 0.8580 0.4007
vn 0.2776 0.8918 0.3572
vn 0.5473 0.7959 0.2590
vn -0.5783 0.4676 0.6685
vn -0.6055 0.6541 0.4533
vn -0.3602 0.6124 0.7037
vn -0.3834 0.7598 0.5251
vn -0.3809 0.7575 0.5302
vn -0.2875 0.8621 0.4173
vn -0.2465 0.9022 0.3540
vn -0.1618 0.8795 0.4476
vn -0.2234 0.9414 0.2527
vn -0.1114 0.9336 0.3406
vn -0.0316 0.9739 0.2249
vn -0.0458 0.9764 0.2111
vn 0.0474 0.9779 0.2038
vn 0.0625 0.9737 0.2190
vn 0.1602 0.9714 0.1754
vn 0.1738 0.9665 0.1890
vn 0.3241 0.9306 0.1703
vn 0.3114 0.9374 0.1556
vn 0.5223 0.8483 0.0874
vn 0.4973 0.8528 0.1592
vn -0.6040 0.2534 0.7557
vn -0.4700 0.4261 0.7730
vn -0.4227 0.4020 0.8123
vn -0.4381 0.4533 0.7762
vn -0.4237 0.4340 0.7950
vn -0.2899 0.6240 0.7257
vn -0.3576 0.7386 0.5715
vn -0.1398 0.6368 0.7583
vn -0.2904 0.8648 0.4095
vn -0.0793 0.8274 0.5561
vn -0.1311 0.9539 0.2698
vn -0.0370 0.9338 0.3559
vn -0.1078 0.9823 0.1534
vn 0.0059 0.9649 0.2626
vn -0.0419 0.9967 0.0692
vn 0.0323 0.9895 0.1406
vn 0.0821 0.9954 0.0490
vn 0.0916 0.9941 0.0587
vn 0.1951 0.9805 0.0251
vn 0.2075 0.9775 0.0376
vn 0.3384 0.9408 0.0174
vn 0.3313 0.9435 0.0094
vn 0.4838 0.8734 -0.0560
vn 0.4699 0.8827 0.0090
vn -0.6904 0.2215 0.6887
vn -0.5424 0.2536 0.8009
vn -0.5805 0.2886 0.7614
vn -0.5675 0.3349 0.7522
vn -0.4288 0.4665 0.7736
vn -0.3151 0.4341 0.8439
vn -0.2803 0.6090 0.7420
vn -0.2017 0.5894 0.7823
vn -0.1125 0.7760 0.6206
vn -0.0114 0.7311 0.6822
vn -0.0790 0.8922 0.4447
vn 0.1172 0.7925 0.5985
vn -0.0394 0.9654 0.2577
vn 0.1461 0.8959 0.4196
vn 0.0127 0.9935 0.1133
vn 0.1450 0.9593 0.2422
vn 0.0407 0.9992 -0.0000
vn 0.1457 0.9835 0.1072
vn 0.1048 0.9920 -0.0706
vn 0.1676 0.9858 -0.0027
vn 0.2147 0.9747 -0.0625
vn 0.2091 0.9755 -0.0684
vn 0.3410 0.9354 -0.0933
vn 0.3470 0.9338 -0.0877
vn 0.4532 0.8821 -0.1284
vn 0.4482 0.8880 -0.1026
vn -0.7199 0.1937 0.6665
vn -0.5975 0.2106 0.7737
vn -0.6411 0.2553 0.7238
vn -0.6284 0.3629 0.6880
vn -0.6340 0.4505 0.6286
vn -0.5243 0.4200 0.7408
vn -0.1389 0.6257 0.7676
vn -0.3464 0.5974 0.7233
vn -0.3794 0.5486 0.7451
vn -0.2066 0.6605 0.7219
vn -0.0075 0.7185 0.6955
vn -0.0085 0.7189 0.6950
vn 0.1438 0.7745 0.6160
vn 0.3100 0.7797 0.5441
vn 0.3023 0.7134 0.6322
vn 0.1384 0.8650 0.4824
vn 0.1530 0.9407 0.3027
vn 0.3209 0.8270 0.4616
vn 0.1484 0.9796 0.1357
vn 0.3011 0.9085 0.2897
vn 0.1519 0.9884 0.0017
vn 0.2740 0.9527 0.1310
vn 0.1789 0.9789 -0.0988
vn 0.2685 0.9633 0.0019
vn 0.2383 0.9550 -0.1763
vn 0.2999 0.9496 -0.0909
vn 0.3772 0.9080 -0.1826
vn 0.3790 0.9090 -0.1732
vn 0.3364 0.9315 -0.1383
vn 0.4459 0.8839 -0.1409
vn -0.7535 0.2075 0.6238
vn -0.6457 0.1845 0.7409
vn -0.6980 0.2482 0.6717
vn -0.6751 0.3570 0.6456
vn -0.4558 0.5544 0.6963
vn -0.5980 0.4954 0.6301
vn -0.6417 0.3711 0.6712
vn -0.5117 0.5754 0.6380
vn -0.3874 0.6431 0.6605
vn -0.3813 0.6423 0.6649
vn 0.4044 0.7839 0.4712
vn 0.4666 0.7996 0.3779
vn 0.4729 0.7419 0.4753
vn 0.3392 0.8789 0.3353
vn 0.3081 0.9339 0.1812
vn 0.4375 0.8399 0.3212
vn 0.2789 0.9593 0.0441
vn 0.3968 0.9009 0.1761
vn 0.2747 0.9594 -0.0645
vn 0.3699 0.9280 0.0438
vn 0.3083 0.9411 -0.1388
vn 0.3736 0.9254 -0.0631
vn 0.4173 0.8968 -0.1469
vn 0.4169 0.8978 -0.1418
vn -0.7706 0.2715 0.5766
vn -0.6792 0.1927 0.7083
vn -0.7418 0.2917 0.6038
vn -0.7138 0.3827 0.5865
vn -0.6151 0.5423 0.5723
vn -0.6759 0.5022 0.5394
vn -0.7103 0.3842 0.5899
vn -0.6317 0.5426 0.5536
vn 0.5180 0.7987 0.3062
vn 0.5313 0.8248 0.1932
vn 0.5505 0.7767 0.3060
vn 0.4481 0.8728 0.1936
vn 0.4043 0.9108 0.0833
vn 0.4903 0.8509 0.1888
vn 0.3751 0.9268 -0.0176
vn 0.4577 0.8853 0.0825
vn 0.3770 0.9211 -0.0967
vn 0.4435 0.8961 -0.0170
vn 0.4601 0.8816 -0.1055
vn 0.4592 0.8830 -0.0969
vn -0.7775 0.3366 0.5312
vn -0.7411 0.2666 0.6162
vn -0.7614 0.4391 0.4768
vn -0.7202 0.4543 0.5243
vn -0.7271 0.5584 0.3994
vn -0.6766 0.5776 0.4567
vn 0.5652 0.8136 0.1364
vn 0.5451 0.8323 0.1007
vn 0.5048 0.8595 0.0810
vn 0.5374 0.8332 0.1304
vn 0.4654 0.8850 0.0123
vn 0.5175 0.8518 0.0814
vn 0.4475 0.8927 -0.0542
vn 0.4998 0.8661 0.0126
vn 0.5028 0.8612 -0.0739
vn 0.5003 0.8642 -0.0542
vn -0.7950 0.4033 0.4531
vn -0.7421 0.3470 0.5735
vn -0.7951 0.4032 0.4531
vn -0.7546 0.4987 0.4264
vn -0.6604 0.6290 0.4100
vn -0.6997 0.6034 0.3826
vn -0.7545 0.4988 0.4266
vn -0.6879 0.6272 0.3654
vn 0.5629 0.8259 0.0334
vn 0.5381 0.8429 -0.0032
vn 0.5592 0.8281 0.0391
vn 0.5550 0.8312 0.0328
vn 0.5284 0.8489 0.0074
vn 0.5508 0.8338 0.0387
vn 0.5058 0.8619 -0.0346
vn 0.5374 0.8433 0.0074
vn 0.5363 0.8415 -0.0657
vn 0.5320 0.8460 -0.0349
vn -0.9043 0.3535 0.2393
vn -0.7663 0.4028 0.5005
vn -0.8074 0.4764 0.3480
vn -0.7978 0.5014 0.3349
vn -0.7755 0.5510 0.3083
vn -0.7316 0.5626 0.3850
vn -0.7251 0.6452 0.2406
vn -0.6798 0.6668 0.3054
vn 0.5490 0.8331 -0.0670
vn 0.5207 0.8473 -0.1043
vn 0.5676 0.8226 -0.0332
vn 0.5439 0.8365 -0.0671
vn 0.5614 0.8270 -0.0290
vn 0.5583 0.8290 -0.0332
vn 0.5445 0.8375 -0.0452
vn 0.5570 0.8300 -0.0289
vn 0.5559 0.8276 -0.0779
vn 0.5513 0.8331 -0.0455
vn -0.8832 0.4039 0.2385
vn -0.8794 0.3634 0.3075
vn -0.8211 0.5245 0.2251
vn -0.8058 0.5360 0.2519
vn -0.7257 0.6513 0.2218
vn -0.7289 0.6496 0.2163
vn -0.6804 0.7118 0.1743
vn -0.6436 0.7295 0.2316
vn 0.5260 0.8370 -0.1510
vn 0.5044 0.8457 -0.1744
vn 0.5517 0.8271 -0.1073
vn 0.5219 0.8396 -0.1508
vn 0.5640 0.8221 -0.0773
vn 0.5425 0.8331 -0.1080
vn 0.5619 0.8236 -0.0772
vn 0.5620 0.8235 -0.0770
vn 0.5602 0.8229 -0.0949
vn 0.5568 0.8271 -0.0767
vn -0.8696 0.4741 0.1379
vn -0.8752 0.4088 0.2586
vn -0.8032 0.5809 0.1318
vn -0.7923 0.5898 0.1561
vn -0.7249 0.6799 0.1110
vn -0.7091 0.6912 0.1395
vn -0.6341 0.7672 0.0960
vn -0.6222 0.7744 0.1148
vn 0.4465 0.8593 -0.2494
vn 0.4622 0.8565 -0.2299
vn 0.4976 0.8399 -0.2168
vn 0.4772 0.8559 -0.1993
vn 0.5228 0.8384 -0.1540
vn 0.5055 0.8424 -0.1866
vn 0.5477 0.8276 -0.1229
vn 0.5321 0.8328 -0.1525
vn 0.5456 0.8287 -0.1249
vn 0.5470 0.8298 -0.1107
vn 0.5564 0.8224 -0.1187
vn 0.5538 0.8257 -0.1072
vn -0.8687 0.4948 0.0218
vn -0.8811 0.4622 0.1003
vn -0.7749 0.6311 0.0348
vn -0.7741 0.6320 0.0368
vn -0.6944 0.7192 0.0258
vn -0.6847 0.7275 0.0452
vn -0.6100 0.7923 0.0160
vn -0.6004 0.7991 0.0318
vn 0.4220 0.8747 -0.2383
vn 0.4123 0.8757 -0.2512
vn 0.4484 0.8614 -0.2387
vn 0.4402 0.8678 -0.2305
vn 0.4771 0.8559 -0.1995
vn 0.4549 0.8612 -0.2265
vn 0.4998 0.8490 -0.1712
vn 0.4790 0.8548 -0.1997
vn 0.5287 0.8371 -0.1406
vn 0.5079 0.8443 -0.1707
vn 0.5304 0.8381 -0.1278
vn 0.5323 0.8348 -0.1407
vn -0.8625 0.5029 -0.0569
vn -0.8745 0.4850 -0.0039
vn -0.7521 0.6565 -0.0576
vn -0.7493 0.6603 -0.0496
vn -0.6627 0.7467 -0.0564
vn -0.6586 0.7510 -0.0475
vn -0.5848 0.8095 -0.0522
vn -0.5824 0.8115 -0.0480
vn 0.4201 0.8838 -0.2058
vn 0.4335 0.8801 -0.1938
vn 0.4455 0.8707 -0.2085
vn 0.4426 0.8715 -0.2110
vn 0.4487 0.8720 -0.1956
vn 0.4385 0.8747 -0.2066
vn 0.4748 0.8636 -0.1699
vn 0.4530 0.8698 -0.1958
vn 0.5028 0.8521 -0.1453
vn 0.4832 0.8588 -0.1702
vn 0.5129 0.8495 -0.1237
vn 0.5164 0.8439 -0.1458
vn -0.8559 0.5074 -0.0998
vn -0.8644 0.4982 -0.0679
vn -0.7325 0.6714 -0.1127
vn -0.7299 0.6753 -0.1056
vn -0.6347 0.7616 -0.1309
vn -0.6260 0.7717 -0.1125
vn -0.5664 0.8170 -0.1084
vn -0.5714 0.8121 -0.1184
vn 0.4784 0.8756 -0.0668
vn 0.4413 0.8883 -0.1269
vn 0.4476 0.8855 -0.1243
vn 0.4679 0.8718 -0.1454
vn 0.4389 0.8821 -0.1712
vn 0.4541 0.8782 -0.1500
vn 0.4362 0.8840 -0.1684
vn 0.4339 0.8846 -0.1709
vn 0.4477 0.8806 -0.1553
vn 0.4360 0.8841 -0.1684
vn 0.4783 0.8673 -0.1378
vn 0.4626 0.8727 -0.1563
vn 0.4975 0.8594 -0.1182
vn 0.5005 0.8545 -0.1391
vn -0.8491 0.5125 -0.1282
vn -0.8563 0.5062 -0.1025
vn -0.7165 0.6799 -0.1561
vn -0.7159 0.6809 -0.1546
vn -0.6145 0.7714 -0.1650
vn -0.6179 0.7675 -0.1709
vn -0.5552 0.8180 -0.1504
vn -0.5608 0.8082 -0.1799
vn -0.5569 0.8118 -0.1755
vn -0.5028 0.8420 -0.1952
vn 0.4730 0.8805 -0.0309
vn 0.5062 0.8623 0.0115
vn 0.4859 0.8720 -0.0596
vn 0.5086 0.8602 -0.0369
vn 0.4426 0.8907 -0.1037
vn 0.4799 0.8754 -0.0580
vn 0.4284 0.8946 -0.1268
vn 0.4473 0.8884 -0.1037
vn 0.4319 0.8925 -0.1300
vn 0.4344 0.8917 -0.1272
vn 0.4585 0.8799 -0.1246
vn 0.4520 0.8822 -0.1319
vn 0.4886 0.8648 -0.1154
vn 0.4902 0.8623 -0.1270
vn -0.8467 0.5202 -0.1120
vn -0.8289 0.5290 -0.1819
vn -0.7183 0.6472 -0.2552
vn -0.6989 0.6786 -0.2259
vn -0.6081 0.7642 -0.2150
vn -0.6288 0.7362 -0.2502
vn -0.5496 0.8069 -0.2164
vn -0.5539 0.8022 -0.2230
vn -0.5002 0.8406 -0.2081
vn -0.5025 0.8381 -0.2122
vn 0.4999 0.8647 0.0501
vn 0.5180 0.8520 0.0752
vn 0.5052 0.8628 0.0188
vn 0.5279 0.8481 0.0458
vn 0.4770 0.8786 -0.0233
vn 0.5103 0.8598 0.0180
vn 0.4417 0.8944 -0.0700
vn 0.4768 0.8787 -0.0233
vn 0.4316 0.8968 -0.0971
vn 0.4537 0.8884 -0.0696
vn 0.4497 0.8869 -0.1058
vn 0.4542 0.8851 -0.1015
vn 0.4925 0.8635 -0.1085
vn 0.4929 0.8631 -0.1102
vn -0.7382 0.6090 -0.2903
vn -0.7137 0.6174 -0.3309
vn -0.6276 0.7357 -0.2546
vn -0.6450 0.7065 -0.2914
vn -0.5515 0.8002 -0.2355
vn -0.5703 0.7782 -0.2629
vn -0.5041 0.8379 -0.2094
vn -0.5083 0.8307 -0.2271
vn -0.5232 0.8173 -0.2416
vn -0.4724 0.8490 -0.2368
vn 0.5162 0.8514 0.0934
vn 0.5388 0.8392 0.0732
vn 0.5414 0.8367 0.0828
vn 0.5265 0.8473 0.0690
vn 0.5088 0.8604 0.0308
vn 0.5363 0.8414 0.0665
vn 0.4760 0.8793 -0.0185
vn 0.5110 0.8591 0.0306
vn 0.4542 0.8880 -0.0713
vn 0.4852 0.8742 -0.0181
vn 0.4902 0.8665 -0.0941
vn 0.4901 0.8665 -0.0950
vn 0.4594 0.8855 -0.0691
vn 0.5038 0.8593 -0.0883
vn -0.7572 0.5824 -0.2959
vn -0.7432 0.5850 -0.3246
vn -0.6457 0.7066 -0.2895
vn -0.6571 0.6856 -0.3134
vn -0.5674 0.7762 -0.2749
vn -0.5819 0.7566 -0.2981
vn -0.5202 0.8135 -0.2601
vn -0.5325 0.7996 -0.2777
vn -0.4707 0.8475 -0.2452
vn -0.4809 0.8372 -0.2604
vn 0.5460 0.8358 0.0572
vn 0.5263 0.8499 0.0250
vn 0.5393 0.8409 0.0442
vn 0.5480 0.8345 0.0574
vn 0.5155 0.8569 0.0047
vn 0.5428 0.8387 0.0440
vn 0.4923 0.8691 -0.0481
vn 0.5296 0.8483 0.0042
vn 0.5332 0.8414 -0.0877
vn 0.5282 0.8476 -0.0503
vn -0.7574 0.5815 -0.2971
vn -0.7539 0.5815 -0.3059
vn -0.6794 0.6481 -0.3442
vn -0.6568 0.6854 -0.3143
vn -0.5803 0.7554 -0.3042
vn -0.5990 0.7283 -0.3328
vn -0.5269 0.7963 -0.2970
vn -0.5354 0.7856 -0.3102
vn -0.4806 0.8371 -0.2612
vn -0.4993 0.8152 -0.2936
vn 0.5345 0.8451 -0.0103
vn 0.4962 0.8660 -0.0626
vn 0.5580 0.8297 0.0145
vn 0.5418 0.8405 -0.0101
vn 0.5513 0.8343 -0.0019
vn 0.5623 0.8268 0.0145
vn 0.5378 0.8420 -0.0417
vn 0.5651 0.8250 -0.0024
vn 0.5748 0.8124 -0.0979
vn 0.5657 0.8235 -0.0428
vn -0.6997 0.6379 -0.3218
vn -0.6789 0.6429 -0.3547
vn -0.6047 0.7332 -0.3110
vn -0.6134 0.7194 -0.3258
vn -0.5335 0.7834 -0.3188
vn -0.5379 0.7781 -0.3245
vn -0.4966 0.8154 -0.2976
vn -0.5063 0.7840 -0.3591
vn -0.4795 0.8127 -0.3311
vn -0.4552 0.8137 -0.3614
vn 0.5037 0.8559 -0.1170
vn 0.4658 0.8707 -0.1579
vn 0.5513 0.8324 -0.0563
vn 0.5094 0.8525 -0.1172
vn 0.5729 0.8185 -0.0427
vn 0.5636 0.8241 -0.0563
vn 0.5755 0.8154 -0.0634
vn 0.5893 0.8067 -0.0436
vn 0.6070 0.7849 -0.1245
vn 0.5976 0.7992 -0.0645
vn -0.7004 0.6355 -0.3250
vn -0.7084 0.6368 -0.3043
vn -0.6410 0.6919 -0.3322
vn -0.6186 0.7238 -0.3059
vn -0.5392 0.7800 -0.3176
vn -0.5462 0.7715 -0.3264
vn -0.4754 0.8035 -0.3581
vn -0.4547 0.8254 -0.3347
vn -0.4235 0.8117 -0.4023
vn -0.4259 0.7860 -0.4482
vn -0.3629 0.8505 -0.3806
vn -0.3148 0.8429 -0.4364
vn 0.2819 0.8854 -0.3697
vn 0.3612 0.8861 -0.2905
vn 0.4463 0.8555 -0.2627
vn 0.4088 0.8833 -0.2295
vn 0.5180 0.8420 -0.1508
vn 0.4962 0.8469 -0.1911
vn 0.5713 0.8140 -0.1047
vn 0.5441 0.8260 -0.1469
vn 0.5980 0.7931 -0.1151
vn 0.6026 0.7905 -0.1096
vn 0.6205 0.7673 -0.1619
vn 0.6125 0.7818 -0.1165
vn -0.6506 0.7017 -0.2903
vn -0.6399 0.7040 -0.3081
vn -0.5529 0.7800 -0.2931
vn -0.5491 0.7846 -0.2877
vn -0.4566 0.8288 -0.3234
vn -0.4453 0.8399 -0.3104
vn -0.3621 0.8490 -0.3848
vn -0.3234 0.8815 -0.3439
vn -0.2432 0.8398 -0.4853
vn -0.2429 0.8380 -0.4886
vn -0.1690 0.8983 -0.4055
vn 0.0336 0.8786 -0.4764
vn -0.0461 0.8977 -0.4382
vn 0.1002 0.9029 -0.4179
vn 0.2751 0.8780 -0.3917
vn 0.2315 0.9119 -0.3388
vn 0.4016 0.8741 -0.2732
vn 0.3615 0.8774 -0.3154
vn 0.5117 0.8260 -0.2364
vn 0.4750 0.8330 -0.2836
vn 0.5652 0.7983 -0.2081
vn 0.5516 0.8011 -0.2322
vn 0.5819 0.7696 -0.2629
vn 0.5911 0.7827 -0.1950
vn 0.5917 0.7821 -0.1956
vn 0.6084 0.7716 -0.1858
vn -0.6453 0.7123 -0.2760
vn -0.6493 0.7135 -0.2635
vn -0.5722 0.7679 -0.2881
vn -0.5529 0.7888 -0.2683
vn -0.4490 0.8462 -0.2871
vn -0.4510 0.8443 -0.2895
vn -0.3275 0.8898 -0.3178
vn -0.3156 0.8984 -0.3055
vn -0.1795 0.9174 -0.3552
vn -0.1625 0.9266 -0.3390
vn 0.0402 0.9336 -0.3560
vn 0.0067 0.9238 -0.3827
vn 0.2265 0.9082 -0.3520
vn 0.1625 0.9052 -0.3927
vn 0.3646 0.8668 -0.3402
vn 0.3148 0.8680 -0.3841
vn 0.4755 0.8282 -0.2967
vn 0.4292 0.8350 -0.3444
vn 0.5587 0.7816 -0.2773
vn 0.5260 0.7924 -0.3090
vn 0.5697 0.7646 -0.3015
vn 0.5673 0.7749 -0.2787
vn -0.5713 0.7789 -0.2588
vn -0.5685 0.7794 -0.2633
vn -0.4553 0.8503 -0.2639
vn -0.4416 0.8627 -0.2465
vn -0.3186 0.9042 -0.2844
vn -0.3119 0.9087 -0.2774
vn -0.1660 0.9353 -0.3124
vn -0.1554 0.9405 -0.3021
vn 0.0038 0.9419 -0.3360
vn 0.0061 0.9426 -0.3339
vn 0.1639 0.9163 -0.3654
vn 0.1650 0.9165 -0.3645
vn 0.3160 0.8756 -0.3653
vn 0.2888 0.8750 -0.3885
vn 0.4334 0.8189 -0.3762
vn 0.4162 0.8200 -0.3929
vn 0.4985 0.7868 -0.3639
vn 0.5015 0.7928 -0.3463
vn 0.5138 0.7790 -0.3594
vn 0.5527 0.7664 -0.3274
vn -0.5635 0.7897 -0.2426
vn -0.5598 0.7887 -0.2541
vn -0.4463 0.8515 -0.2754
vn -0.4375 0.8587 -0.2670
vn -0.3105 0.9066 -0.2858
vn -0.3076 0.9086 -0.2827
vn -0.1553 0.9403 -0.3030
vn -0.1512 0.9422 -0.2989
vn 0.0066 0.9410 -0.3385
vn 0.0253 0.9469 -0.3205
vn 0.1646 0.9210 -0.3530
vn 0.1636 0.9209 -0.3539
vn 0.2911 0.8656 -0.4075
vn 0.3118 0.8672 -0.3883
vn 0.4192 0.8210 -0.3876
vn 0.4187 0.8200 -0.3902
vn 0.4171 0.8216 -0.3885
vn 0.4903 0.7876 -0.3734
vn -0.4399 0.8431 -0.3093
vn -0.4497 0.8421 -0.2975
vn -0.3008 0.9014 -0.3115
vn -0.2790 0.9174 -0.2838
vn -0.1422 0.9285 -0.3430
vn -0.1200 0.9402 -0.3187
vn 0.0280 0.9396 -0.3411
vn 0.0211 0.9371 -0.3483
vn 0.1747 0.8974 -0.4053
vn 0.2099 0.9048 -0.3705
vn 0.3332 0.8528 -0.4022
vn 0.3333 0.8529 -0.4018
vn 0.3131 0.8697 -0.3815
vn 0.4224 0.8209 -0.3843
vn -0.4507 0.8281 -0.3335
vn -0.4222 0.8239 -0.3782
vn -0.2641 0.8873 -0.3780
vn -0.2506 0.8974 -0.3631
vn -0.1007 0.9133 -0.3947
vn -0.0819 0.9232 -0.3756
vn 0.0517 0.9001 -0.4326
vn 0.0749 0.9120 -0.4034
vn 0.2218 0.8673 -0.4456
vn 0.2308 0.8793 -0.4167
vn 0.2063 0.8958 -0.3937
vn 0.3382 0.8531 -0.3974
vn -0.2453 0.8465 -0.4726
vn -0.1281 0.8494 -0.5120
vn -0.0668 0.8797 -0.4708
vn 0.0443 0.8675 -0.4955
vn 0.0876 0.8843 -0.4586
vn 0.1807 0.8617 -0.4742
vn -0.1220 0.7842 0.6084
vn -0.0077 0.8107 0.5854
vn -0.0001 0.8068 0.5909
vn 0.1271 0.8312 0.5413
vn 0.1425 0.8222 0.5512
vn 0.2517 0.8259 0.5045
vn -0.4265 0.7493 0.5067
vn -0.3446 0.8194 0.4580
vn -0.2991 0.8055 0.5116
vn -0.1451 0.7905 0.5951
vn -0.1847 0.8441 0.5033
vn -0.1194 0.8874 0.4453
vn 0.0243 0.8884 0.4583
vn 0.0459 0.8750 0.4819
vn 0.1573 0.8945 0.4185
vn 0.1855 0.8760 0.4452
vn 0.3631 0.8489 0.3842
vn 0.2741 0.8873 0.3708
vn 0.2999 0.8658 0.4005
vn 0.4049 0.8478 0.3425
vn -0.5753 0.7384 0.3517
vn -0.4202 0.7491 0.5121
vn -0.4575 0.7943 0.3996
vn -0.3978 0.8525 0.3391
vn -0.2662 0.8931 0.3626
vn -0.2472 0.8887 0.3861
vn -0.1560 0.9363 0.3146
vn -0.1088 0.9295 0.3524
vn 0.0974 0.9439 0.3154
vn 0.0519 0.9612 0.2709
vn 0.2125 0.9274 0.3077
vn 0.2135 0.9269 0.3088
vn 0.3225 0.9009 0.2906
vn 0.3281 0.8968 0.2968
vn 0.4852 0.8365 0.2546
vn 0.3965 0.8796 0.2627
vn 0.4126 0.8671 0.2792
vn 0.5065 0.8420 0.1857
vn -0.5630 0.7795 0.2745
vn -0.5628 0.7395 0.3694
vn -0.4298 0.8775 0.2129
vn -0.3968 0.8852 0.2428
vn -0.2010 0.9575 0.2068
vn -0.2375 0.9566 0.1686
vn -0.0947 0.9782 0.1846
vn -0.0778 0.9764 0.2017
vn 0.0589 0.9843 0.1662
vn 0.0621 0.9836 0.1693
vn 0.2345 0.9560 0.1761
vn 0.2113 0.9656 0.1517
vn 0.3487 0.9200 0.1792
vn 0.3390 0.9256 0.1682
vn 0.4311 0.8855 0.1734
vn 0.4316 0.8851 0.1740
vn 0.5204 0.8482 0.0983
vn 0.4995 0.8486 0.1742
vn -0.5937 0.7751 0.2160
vn -0.5037 0.7971 0.3331
vn -0.5244 0.8134 0.2518
vn -0.4477 0.8775 0.1720
vn -0.3852 0.9144 0.1249
vn -0.3176 0.9234 0.2157
vn -0.2305 0.9699 0.0780
vn -0.1936 0.9741 0.1173
vn -0.0618 0.9963 0.0605
vn -0.0579 0.9962 0.0645
vn 0.0727 0.9961 0.0498
vn 0.0738 0.9960 0.0509
vn 0.2210 0.9739 0.0523
vn 0.2079 0.9774 0.0388
vn 0.3530 0.9336 0.0618
vn 0.3360 0.9409 0.0429
vn 0.4490 0.8904 0.0747
vn 0.4342 0.8990 0.0565
vn 0.5179 0.8554 -0.0034
vn 0.5038 0.8607 0.0741
vn -0.5732 0.8069 0.1424
vn -0.5827 0.7778 0.2355
vn -0.4650 0.8805 0.0920
vn -0.4288 0.8944 0.1272
vn -0.2794 0.9585 0.0563
vn -0.2824 0.9578 0.0530
vn -0.1791 0.9838 0.0062
vn -0.1345 0.9894 0.0553
vn -0.0477 0.9983 -0.0322
vn -0.0184 0.9998 -0.0012
vn 0.0832 0.9952 -0.0515
vn 0.0939 0.9948 -0.0403
vn 0.2143 0.9755 -0.0490
vn 0.2045 0.9771 -0.0591
vn 0.3427 0.9383 -0.0458
vn 0.3291 0.9424 -0.0597
vn 0.4449 0.8949 -0.0347
vn 0.4269 0.9026 -0.0548
vn 0.4995 0.8602 -0.1031
vn 0.4917 0.8700 -0.0375
vn -0.5428 0.8369 0.0700
vn -0.5515 0.8163 0.1714
vn -0.4246 0.9047 0.0356
vn -0.3995 0.9145 0.0645
vn -0.2787 0.9603 -0.0063
vn -0.2511 0.9677 0.0226
vn -0.1219 0.9916 -0.0442
vn -0.0965 0.9952 -0.0174
vn -0.0078 0.9958 -0.0917
vn 0.0313 0.9983 -0.0499
vn 0.1020 0.9871 -0.1235
vn 0.1272 0.9872 -0.0965
vn 0.2114 0.9663 -0.1470
vn 0.2279 0.9650 -0.1296
vn 0.3301 0.9356 -0.1251
vn 0.3051 0.9404 -0.1504
vn 0.4292 0.8929 -0.1364
vn 0.4175 0.8967 -0.1466
vn 0.4701 0.8660 -0.1703
vn 0.4666 0.8731 -0.1416
vn -0.5118 0.8591 0.0069
vn -0.5227 0.8469 0.0975
vn -0.3916 0.9201 -0.0083
vn -0.3789 0.9254 0.0071
vn -0.2455 0.9688 -0.0338
vn -0.2252 0.9742 -0.0118
vn -0.0909 0.9935 -0.0690
vn -0.0628 0.9972 -0.0396
vn 0.0394 0.9922 -0.1185
vn 0.0802 0.9940 -0.0749
vn 0.1372 0.9749 -0.1753
vn 0.1843 0.9752 -0.1223
vn 0.2322 0.9541 -0.1892
vn 0.2461 0.9536 -0.1735
vn 0.3173 0.9192 -0.2332
vn 0.3450 0.9164 -0.2032
vn 0.4017 0.8840 -0.2392
vn 0.4058 0.8876 -0.2178
vn 0.3999 0.8917 -0.2119
vn 0.4499 0.8703 -0.2003
vn -0.4924 0.8689 -0.0497
vn -0.5031 0.8640 0.0191
vn -0.3714 0.9273 -0.0473
vn -0.3711 0.9274 -0.0469
vn -0.2199 0.9741 -0.0536
vn -0.2127 0.9760 -0.0458
vn -0.0582 0.9954 -0.0766
vn -0.0362 0.9979 -0.0532
vn 0.0846 0.9902 -0.1115
vn 0.1161 0.9902 -0.0773
vn 0.1907 0.9666 -0.1712
vn 0.2399 0.9637 -0.1168
vn 0.2641 0.9335 -0.2424
vn 0.3151 0.9332 -0.1730
vn 0.3763 0.8981 -0.2278
vn 0.3722 0.8953 -0.2448
vn 0.3427 0.9142 -0.2164
vn 0.4060 0.8834 -0.2341
vn -0.4812 0.8712 -0.0968
vn -0.4907 0.8701 -0.0471
vn -0.3657 0.9271 -0.0827
vn -0.3748 0.9223 -0.0938
vn -0.2093 0.9754 -0.0691
vn -0.2192 0.9724 -0.0799
vn -0.0331 0.9967 -0.0745
vn -0.0239 0.9976 -0.0645
vn 0.1208 0.9869 -0.1072
vn 0.1547 0.9856 -0.0681
vn 0.2407 0.9623 -0.1263
vn 0.2638 0.9594 -0.0998
vn 0.3164 0.9306 -0.1841
vn 0.3555 0.9229 -0.1482
vn 0.4054 0.8946 -0.1878
vn 0.4064 0.8913 -0.2010
vn -0.4767 0.8692 -0.1317
vn -0.4836 0.8695 -0.1003
vn -0.3716 0.9212 -0.1156
vn -0.3859 0.9130 -0.1322
vn -0.2186 0.9722 -0.0838
vn -0.2491 0.9614 -0.1169
vn -0.0245 0.9979 -0.0604
vn -0.0426 0.9959 -0.0796
vn 0.1555 0.9852 -0.0723
vn 0.1732 0.9835 -0.0517
vn 0.2753 0.9516 -0.1369
vn 0.3279 0.9430 -0.0573
vn 0.4262 0.9026 -0.0602
vn 0.4121 0.8996 -0.1446
vn 0.3647 0.9255 -0.1018
vn 0.4435 0.8866 -0.1316
vn -0.4766 0.8692 -0.1316
vn -0.4731 0.8666 -0.1586
vn -0.4140 0.8935 -0.1737
vn -0.3848 0.9110 -0.1481
vn -0.2504 0.9624 -0.1055
vn -0.3019 0.9400 -0.1591
vn -0.0467 0.9976 -0.0511
vn -0.1000 0.9893 -0.1060
vn 0.1673 0.9857 -0.0213
vn 0.1457 0.9883 -0.0451
vn 0.3215 0.9464 -0.0314
vn 0.3355 0.9419 -0.0141
vn 0.4409 0.8974 0.0143
vn 0.4493 0.8927 -0.0351
vn -0.4250 0.8880 -0.1756
vn -0.4183 0.8887 -0.1876
vn -0.3047 0.9435 -0.1303
vn -0.3347 0.9279 -0.1642
vn -0.1053 0.9925 -0.0625
vn -0.1728 0.9762 -0.1312
vn 0.1380 0.9904 0.0046
vn 0.0760 0.9953 -0.0596
vn 0.3268 0.9448 0.0253
vn 0.3109 0.9504 0.0064
vn 0.4444 0.8933 0.0669
vn 0.4576 0.8884 0.0376
vn -0.4356 0.8794 -0.1920
vn -0.4352 0.8792 -0.1940
vn -0.3771 0.9031 -0.2052
vn -0.3342 0.9274 -0.1682
vn -0.1765 0.9791 -0.1015
vn -0.2487 0.9526 -0.1752
vn 0.0697 0.9975 -0.0103
vn -0.0219 0.9946 -0.1013
vn 0.3040 0.9505 0.0650
vn 0.2279 0.9736 -0.0126
vn 0.4990 0.8634 0.0743
vn 0.4521 0.8873 0.0913
vn 0.4005 0.9150 0.0485
vn 0.4998 0.8635 0.0674
vn -0.3901 0.8950 -0.2163
vn -0.3834 0.8954 -0.2266
vn -0.2520 0.9553 -0.1547
vn -0.2901 0.9359 -0.2000
vn -0.0256 0.9968 -0.0751
vn -0.1006 0.9834 -0.1510
vn 0.2259 0.9741 0.0033
vn 0.1483 0.9861 -0.0747
vn 0.4005 0.9150 0.0477
vn 0.3545 0.9351 -0.0021
vn 0.4855 0.8739 0.0240
vn 0.4817 0.8753 0.0426
vn -0.4113 0.8745 -0.2571
vn -0.4133 0.8749 -0.2525
vn -0.2834 0.9332 -0.2208
vn -0.3068 0.9186 -0.2492
vn -0.0999 0.9829 -0.1546
vn -0.1579 0.9636 -0.2160
vn 0.1493 0.9854 -0.0822
vn 0.0747 0.9851 -0.1547
vn 0.3577 0.9335 -0.0260
vn 0.2993 0.9501 -0.0873
vn 0.4497 0.8910 -0.0615
vn 0.4444 0.8954 -0.0286
vn -0.4246 0.8616 -0.2782
vn -0.4152 0.8583 -0.3015
vn -0.3100 0.8994 -0.3083
vn -0.2944 0.9097 -0.2928
vn -0.1448 0.9533 -0.2649
vn -0.1744 0.9386 -0.2976
vn 0.0766 0.9823 -0.1709
vn -0.0130 0.9652 -0.2614
vn 0.3028 0.9438 -0.1327
vn 0.2325 0.9534 -0.1923
vn 0.3838 0.9112 -0.1497
vn 0.3823 0.9136 -0.1387
vn -0.3117 0.8870 -0.3407
vn -0.2827 0.8870 -0.3651
vn -0.1568 0.9270 -0.3408
vn -0.1596 0.9252 -0.3443
vn 0.0157 0.9417 -0.3361
vn 0.0108 0.9395 -0.3423
vn 0.1755 0.9273 -0.3307
vn 0.1962 0.9438 -0.2658
vn 0.2101 0.9374 -0.2777
vn 0.3325 0.9174 -0.2189
vn -0.1411 0.9038 -0.4039
vn -0.0443 0.9042 -0.4247
vn 0.0174 0.9271 -0.3743
vn 0.0974 0.9166 -0.3878
s 0
f 1//1 2//1 3//1
f 1//2 4//2 5//2
f 2//3 1//3 5//3
f 5//4 4//4 6//4
f 7//5 8//5 9//5
f 3//6 8//6 7//6
f 3//7 7//7 1//7
f 1//8 7//8 10//8
f 4//9 1//9 11//9
f 11//10 1//10 10//10
f 12//11 6//11 4//11
f 12//12 4//12 13//12
f 13//13 4//13 11//13
f 12//14 13//14 14//14
f 15//15 16//15 17//15
f 9//16 16//16 15//16
f 9//17 15//17 7//17
f 7//18 15//18 18//18
f 10//19 7//19 19//19
f 19//20 7//20 18//20
f 11//21 10//21 20//21
f 20//22 10//22 19//22
f 13//23 11//23 21//23
f 21//24 11//24 20//24
f 22//25 14//25 13//25
f 22//26 13//26 23//26
f 23//27 13//27 21//27
f 22//28 23//28 24//28
f 25//29 15//29 17//29
f 26//30 25//30 17//30
f 18//31 15//31 27//31
f 27//32 15//32 25//32
f 19//33 18//33 28//33
f 28//34 18//34 27//34
f 20//35 19//35 29//35
f 29//36 19//36 28//36
f 21//37 20//37 30//37
f 30//38 20//38 29//38
f 23//39 21//39 31//39
f 31//40 21//40 30//40
f 32//41 24//41 23//41
f 31//42 32//42 23//42
f 33//43 25//43 26//43
f 34//44 33//44 26//44
f 27//45 25//45 35//45
f 35//46 25//46 33//46
f 28//47 27//47 36//47
f 36//48 27//48 35//48
f 29//49 28//49 37//49
f 37//50 28//50 36//50
f 30//51 29//51 38//51
f 38//52 29//52 37//52
f 31//53 30//53 39//53
f 39//54 30//54 38//54
f 40//55 32//55 31//55
f 39//56 40//56 31//56
f 33//57 34//57 41//57
f 41//58 42//58 43//58
f 41//59 43//59 33//59
f 33//60 43//60 35//60
f 36//61 35//61 44//61
f 44//62 35//62 43//62
f 37//63 36//63 45//63
f 45//64 36//64 44//64
f 38//65 37//65 46//65
f 46//66 37//66 45//66
f 47//67 48//67 39//67
f 47//68 39//68 46//68
f 46//69 39//69 38//69
f 40//70 39//70 48//70
f 43//71 42//71 49//71
f 49//72 50//72 51//72
f 49//73 51//73 43//73
f 43//74 51//74 44//74
f 45//75 44//75 52//75
f 52//76 44//76 51//76
f 53//77 54//77 46//77
f 53//78 46//78 52//78
f 52//79 46//79 45//79
f 47//80 46//80 54//80
f 51//81 50//81 55//81
f 52//82 51//82 55//82
f 56//83 52//83 55//83
f 53//84 52//84 56//84
f 57//85 58//85 59//85
f 57//86 60//86 61//86
f 58//87 57//87 61//87
f 61//88 60//88 62//88
f 63//89 64//89 65//89
f 63//90 66//90 67//90
f 64//91 63//91 67//91
f 66//92 68//92 69//92
f 67//93 66//93 69//93
f 68//94 70//94 71//94
f 69//95 68//95 71//95
f 59//96 71//96 70//96
f 59//97 70//97 57//97
f 57//98 70//98 72//98
f 60//99 57//99 73//99
f 73//100 57//100 72//100
f 74//101 62//101 60//101
f 74//102 60//102 75//102
f 75//103 60//103 73//103
f 75//104 76//104 77//104
f 74//105 75//105 77//105
f 76//106 78//106 79//106
f 77//107 76//107 79//107
f 78//108 80//108 81//108
f 79//109 78//109 81//109
f 81//110 80//110 82//110
f 83//111 84//111 85//111
f 83//112 86//112 87//112
f 84//113 83//113 87//113
f 65//114 87//114 86//114
f 65//115 86//115 63//115
f 63//116 86//116 88//116
f 66//117 63//117 89//117
f 89//118 63//118 88//118
f 68//119 66//119 90//119
f 90//120 66//120 89//120
f 70//121 68//121 91//121
f 91//122 68//122 90//122
f 72//123 70//123 92//123
f 92//124 70//124 91//124
f 73//125 72//125 93//125
f 93//126 72//126 92//126
f 75//127 73//127 94//127
f 94//128 73//128 93//128
f 76//129 75//129 95//129
f 95//130 75//130 94//130
f 78//131 76//131 96//131
f 96//132 76//132 95//132
f 80//133 78//133 97//133
f 97//134 78//134 96//134
f 98//135 82//135 80//135
f 98//136 80//136 99//136
f 99//137 80//137 97//137
f 99//138 100//138 101//138
f 98//139 99//139 101//139
f 101//140 100//140 102//140
f 103//141 104//141 105//141
f 103//142 106//142 107//142
f 104//143 103//143 107//143
f 85//144 107//144 106//144
f 85//145 106//145 83//145
f 83//146 106//146 108//146
f 86//147 83//147 109//147
f 109//148 83//148 108//148
f 88//149 86//149 110//149
f 110//150 86//150 109//150
f 89//151 88//151 111//151
f 111//152 88//152 110//152
f 90//153 89//153 112//153
f 112//154 89//154 111//154
f 91//155 90//155 113//155
f 113//156 90//156 112//156
f 92//157 91//157 114//157
f 114//158 91//158 113//158
f 93//159 92//159 115//159
f 115//160 92//160 114//160
f 94//161 93//161 116//161
f 116//162 93//162 115//162
f 95//163 94//163 117//163
f 117//164 94//164 116//164
f 96//165 95//165 118//165
f 118//166 95//166 117//166
f 97//167 96//167 119//167
f 119//168 96//168 118//168
f 99//169 97//169 120//169
f 120//170 97//170 119//170
f 100//171 99//171 121//171
f 121//172 99//172 120//172
f 122//173 102//173 100//173
f 122//174 100//174 123//174
f 123//175 100//175 121//175
f 122//176 123//176 124//176
f 125//177 126//177 127//177
f 105//178 126//178 125//178
f 105//179 125//179 103//179
f 103//180 125//180 128//180
f 106//181 103//181 129//181
f 129//182 103//182 128//182
f 108//183 106//183 130//183
f 130//184 106//184 129//184
f 109//185 108//185 131//185
f 131//186 108//186 130//186
f 110//187 109//187 132//187
f 132//188 109//188 131//188
f 111//189 110//189 133//189
f 133//190 110//190 132//190
f 112//191 111//191 134//191
f 134//192 111//192 133//192
f 113//193 112//193 135//193
f 135//194 112//194 134//194
f 114//195 113//195 136//195
f 136//196 113//196 135//196
f 115//197 114//197 137//197
f 137//198 114//198 136//198
f 116//199 115//199 138//199
f 138//200 115//200 137//200
f 117//201 116//201 139//201
f 139//202 116//202 138//202
f 118//203 117//203 140//203
f 140//204 117//204 139//204
f 119//205 118//205 141//205
f 141//206 118//206 140//206
f 120//207 119//207 142//207
f 142//208 119//208 141//208
f 121//209 120//209 143//209
f 143//210 120//210 142//210
f 123//211 121//211 144//211
f 144//212 121//212 143//212
f 145//213 124//213 123//213
f 145//214 123//214 146//214
f 146//215 123//215 144//215
f 145//216 146//216 147//216
f 148//217 125//217 127//217
f 149//218 148//218 127//218
f 128//219 125//219 150//219
f 150//220 125//220 148//220
f 129//221 128//221 151//221
f 151//222 128//222 150//222
f 130//223 129//223 152//223
f 152//224 129//224 151//224
f 131//225 130//225 153//225
f 153//226 130//226 152//226
f 132//227 131//227 154//227
f 154//228 131//228 153//228
f 133//229 132//229 155//229
f 155//230 132//230 154//230
f 134//231 133//231 156//231
f 156//232 133//232 155//232
f 135//233 134//233 157//233
f 157//234 134//234 156//234
f 136//235 135//235 158//235
f 158//236 135//236 157//236
f 137//237 136//237 159//237
f 159//238 136//238 158//238
f 138//239 137//239 160//239
f 160//240 137//240 159//240
f 139//241 138//241 161//241
f 161//242 138//242 160//242
f 140//243 139//243 162//243
f 162//244 139//244 161//244
f 141//245 140//245 163//245
f 163//246 140//246 162//246
f 142//247 141//247 164//247
f 164//248 141//248 163//248
f 143//249 142//249 165//249
f 165//250 142//250 164//250
f 144//251 143//251 166//251
f 166//252 143//252 165//252
f 146//253 144//253 167//253
f 167//254 144//254 166//254
f 168//255 147//255 146//255
f 167//256 168//256 146//256
f 169//257 170//257 171//257
f 149//258 170//258 169//258
f 149//259 169//259 148//259
f 148//260 169//260 172//260
f 150//261 148//261 173//261
f 173//262 148//262 172//262
f 151//263 150//263 174//263
f 174//264 150//264 173//264
f 152//265 151//265 175//265
f 175//266 151//266 174//266
f 153//267 152//267 176//267
f 176//268 152//268 175//268
f 154//269 153//269 177//269
f 177//270 153//270 176//270
f 155//271 154//271 178//271
f 178//272 154//272 177//272
f 156//273 155//273 179//273
f 179//274 155//274 178//274
f 157//275 156//275 180//275
f 180//276 156//276 179//276
f 158//277 157//277 181//277
f 181//278 157//278 180//278
f 159//279 158//279 182//279
f 182//280 158//280 181//280
f 160//281 159//281 183//281
f 183//282 159//282 182//282
f 161//283 160//283 184//283
f 184//284 160//284 183//284
f 162//285 161//285 185//285
f 185//286 161//286 184//286
f 163//287 162//287 186//287
f 186//288 162//288 185//288
f 164//289 163//289 187//289
f 187//290 163//290 186//290
f 165//291 164//291 188//291
f 188//292 164//292 187//292
f 166//293 165//293 189//293
f 189//294 165//294 188//294
f 167//295 166//295 190//295
f 190//296 166//296 189//296
f 191//297 168//297 167//297
f 190//298 191//298 167//298
f 192//299 193//299 194//299
f 171//300 193//300 192//300
f 171//301 192//301 169//301
f 169//302 192//302 195//302
f 172//303 169//303 196//303
f 196//304 169//304 195//304
f 173//305 172//305 197//305
f 197//306 172//306 196//306
f 174//307 173//307 198//307
f 198//308 173//308 197//308
f 175//309 174//309 199//309
f 199//310 174//310 198//310
f 176//311 175//311 200//311
f 200//312 175//312 199//312
f 177//313 176//313 201//313
f 201//314 176//314 200//314
f 178//315 177//315 202//315
f 202//316 177//316 201//316
f 179//317 178//317 203//317
f 203//318 178//318 202//318
f 180//319 179//319 204//319
f 204//320 179//320 203//320
f 181//321 180//321 205//321
f 205//322 180//322 204//322
f 182//323 181//323 206//323
f 206//324 181//324 205//324
f 183//325 182//325 207//325
f 207//326 182//326 206//326
f 184//327 183//327 208//327
f 208//328 183//328 207//328
f 185//329 184//329 209//329
f 209//330 184//330 208//330
f 186//331 185//331 210//331
f 210//332 185//332 209//332
f 187//333 186//333 211//333
f 211//334 186//334 210//334
f 188//335 187//335 212//335
f 212//336 187//336 211//336
f 189//337 188//337 213//337
f 213//338 188//338 212//338
f 190//339 189//339 214//339
f 214//340 189//340 213//340
f 215//341 191//341 190//341
f 214//342 215//342 190//342
f 216//343 192//343 194//343
f 217//344 216//344 194//344
f 195//345 192//345 218//345
f 218//346 192//346 216//346
f 196//347 195//347 219//347
f 219//348 195//348 218//348
f 197//349 196//349 220//349
f 220//350 196//350 219//350
f 198//351 197//351 221//351
f 221//352 197//352 220//352
f 2//353 221//353 3//353
f 2//354 199//354 221//354
f 199//355 198//355 221//355
f 5//356 199//356 2//356
f 200//357 199//357 5//357
f 6//358 200//358 5//358
f 6//359 222//359 200//359
f 222//360 201//360 200//360
f 202//361 201//361 223//361
f 223//362 201//362 222//362
f 203//363 202//363 224//363
f 224//364 202//364 223//364
f 204//365 203//365 225//365
f 225//366 203//366 224//366
f 205//367 204//367 226//367
f 226//368 204//368 225//368
f 206//369 205//369 227//369
f 227//370 205//370 226//370
f 207//371 206//371 228//371
f 228//372 206//372 227//372
f 208//373 207//373 229//373
f 229//374 207//374 228//374
f 209//375 208//375 230//375
f 230//376 208//376 229//376
f 210//377 209//377 231//377
f 231//378 209//378 230//378
f 211//379 210//379 232//379
f 232//380 210//380 231//380
f 212//381 211//381 233//381
f 233//382 211//382 232//382
f 213//383 212//383 234//383
f 234//384 212//384 233//384
f 235//385 236//385 214//385
f 235//386 214//386 234//386
f 234//387 214//387 213//387
f 215//388 214//388 236//388
f 237//389 216//389 217//389
f 238//390 237//390 217//390
f 218//391 216//391 239//391
f 239//392 216//392 237//392
f 219//393 218//393 240//393
f 240//394 218//394 239//394
f 220//395 219//395 241//395
f 241//396 219//396 240//396
f 8//397 241//397 9//397
f 8//398 221//398 241//398
f 221//399 220//399 241//399
f 3//400 221//400 8//400
f 6//401 12//401 222//401
f 14//402 222//402 12//402
f 14//403 242//403 222//403
f 242//404 223//404 222//404
f 224//405 223//405 243//405
f 243//406 223//406 242//406
f 225//407 224//407 244//407
f 244//408 224//408 243//408
f 226//409 225//409 245//409
f 245//410 225//410 244//410
f 227//411 226//411 246//411
f 246//412 226//412 245//412
f 228//413 227//413 247//413
f 247//414 227//414 246//414
f 229//415 228//415 248//415
f 248//416 228//416 247//416
f 230//417 229//417 249//417
f 249//418 229//418 248//418
f 231//419 230//419 250//419
f 250//420 230//420 249//420
f 232//421 231//421 251//421
f 251//422 231//422 250//422
f 233//423 232//423 252//423
f 252//424 232//424 251//424
f 253//425 254//425 234//425
f 253//426 234//426 252//426
f 252//427 234//427 233//427
f 235//428 234//428 254//428
f 255//429 237//429 238//429
f 256//430 255//430 238//430
f 239//431 237//431 257//431
f 257//432 237//432 255//432
f 240//433 239//433 258//433
f 258//434 239//434 257//434
f 16//435 258//435 17//435
f 16//436 241//436 258//436
f 241//437 240//437 258//437
f 9//438 241//438 16//438
f 14//439 22//439 242//439
f 24//440 242//440 22//440
f 24//441 259//441 242//441
f 259//442 243//442 242//442
f 244//443 243//443 260//443
f 260//444 243//444 259//444
f 245//445 244//445 261//445
f 261//446 244//446 260//446
f 246//447 245//447 262//447
f 262//448 245//448 261//448
f 247//449 246//449 263//449
f 263//450 246//450 262//450
f 248//451 247//451 264//451
f 264//452 247//452 263//452
f 249//453 248//453 265//453
f 265//454 248//454 264//454
f 250//455 249//455 266//455
f 266//456 249//456 265//456
f 251//457 250//457 267//457
f 267//458 250//458 266//458
f 268//459 269//459 252//459
f 268//460 252//460 267//460
f 267//461 252//461 251//461
f 253//462 252//462 269//462
f 270//463 255//463 256//463
f 271//464 270//464 256//464
f 257//465 255//465 272//465
f 272//466 255//466 270//466
f 258//467 257//467 273//467
f 273//468 257//468 272//468
f 17//469 273//469 26//469
f 258//470 273//470 17//470
f 259//471 32//471 274//471
f 24//472 32//472 259//472
f 260//473 259//473 275//473
f 275//474 259//474 274//474
f 261//475 260//475 276//475
f 276//476 260//476 275//476
f 262//477 261//477 277//477
f 277//478 261//478 276//478
f 263//479 262//479 278//479
f 278//480 262//480 277//480
f 264//481 263//481 279//481
f 279//482 263//482 278//482
f 265//483 264//483 280//483
f 280//484 264//484 279//484
f 281//485 282//485 266//485
f 281//486 266//486 280//486
f 280//487 266//487 265//487
f 267//488 266//488 282//488
f 283//489 267//489 282//489
f 268//490 267//490 283//490
f 284//491 270//491 271//491
f 285//492 284//492 271//492
f 272//493 270//493 286//493
f 286//494 270//494 284//494
f 273//495 272//495 287//495
f 287//496 272//496 286//496
f 26//497 287//497 34//497
f 273//498 287//498 26//498
f 274//499 40//499 288//499
f 32//500 40//500 274//500
f 275//501 274//501 289//501
f 289//502 274//502 288//502
f 276//503 275//503 290//503
f 290//504 275//504 289//504
f 277//505 276//505 291//505
f 291//506 276//506 290//506
f 278//507 277//507 292//507
f 292//508 277//508 291//508
f 279//509 278//509 293//509
f 293//510 278//510 292//510
f 294//511 295//511 280//511
f 294//512 280//512 293//512
f 293//513 280//513 279//513
f 281//514 280//514 295//514
f 296//515 284//515 285//515
f 297//516 296//516 285//516
f 286//517 284//517 298//517
f 298//518 284//518 296//518
f 287//519 286//519 299//519
f 299//520 286//520 298//520
f 34//521 300//521 41//521
f 34//522 287//522 300//522
f 287//523 299//523 300//523
f 41//524 300//524 42//524
f 48//525 47//525 301//525
f 48//526 288//526 40//526
f 48//527 301//527 288//527
f 301//528 302//528 288//528
f 289//529 288//529 303//529
f 303//530 288//530 302//530
f 290//531 289//531 304//531
f 304//532 289//532 303//532
f 291//533 290//533 305//533
f 305//534 290//534 304//534
f 292//535 291//535 306//535
f 306//536 291//536 305//536
f 307//537 308//537 293//537
f 307//538 293//538 306//538
f 306//539 293//539 292//539
f 294//540 293//540 308//540
f 296//541 297//541 309//541
f 309//542 310//542 311//542
f 309//543 311//543 296//543
f 296//544 311//544 298//544
f 299//545 298//545 312//545
f 312//546 298//546 311//546
f 300//547 299//547 313//547
f 313//548 299//548 312//548
f 42//549 314//549 49//549
f 42//550 300//550 314//550
f 300//551 313//551 314//551
f 49//552 314//552 50//552
f 54//553 53//553 315//553
f 54//554 301//554 47//554
f 54//555 315//555 301//555
f 315//556 316//556 301//556
f 302//557 301//557 317//557
f 317//558 301//558 316//558
f 303//559 302//559 318//559
f 318//560 302//560 317//560
f 304//561 303//561 319//561
f 319//562 303//562 318//562
f 305//563 304//563 320//563
f 320//564 304//564 319//564
f 321//565 322//565 306//565
f 321//566 306//566 320//566
f 320//567 306//567 305//567
f 307//568 306//568 322//568
f 323//569 311//569 310//569
f 324//570 323//570 310//570
f 312//571 311//571 325//571
f 325//572 311//572 323//572
f 313//573 312//573 326//573
f 326//574 312//574 325//574
f 314//575 313//575 327//575
f 327//576 313//576 326//576
f 50//577 328//577 55//577
f 50//578 314//578 328//578
f 314//579 327//579 328//579
f 55//580 329//580 56//580
f 328//581 329//581 55//581
f 56//582 315//582 53//582
f 56//583 329//583 315//583
f 329//584 330//584 315//584
f 316//585 315//585 331//585
f 331//586 315//586 330//586
f 317//587 316//587 332//587
f 332//588 316//588 331//588
f 318//589 317//589 333//589
f 333//590 317//590 332//590
f 319//591 318//591 334//591
f 334//592 318//592 333//592
f 335//593 336//593 320//593
f 335//594 320//594 334//594
f 334//595 320//595 319//595
f 321//596 320//596 336//596
f 323//597 324//597 337//597
f 337//598 338//598 339//598
f 337//599 339//599 323//599
f 323//600 339//600 325//600
f 326//601 325//601 340//601
f 340//602 325//602 339//602
f 327//603 326//603 341//603
f 341//604 326//604 340//604
f 328//605 327//605 342//605
f 342//606 327//606 341//606
f 329//607 328//607 343//607
f 343//608 328//608 342//608
f 330//609 329//609 344//609
f 344//610 329//610 343//610
f 331//611 330//611 345//611
f 345//612 330//612 344//612
f 332//613 331//613 346//613
f 346//614 331//614 345//614
f 333//615 332//615 347//615
f 347//616 332//616 346//616
f 348//617 349//617 334//617
f 348//618 334//618 347//618
f 347//619 334//619 333//619
f 335//620 334//620 349//620
f 339//621 338//621 350//621
f 340//622 339//622 350//622
f 351//623 340//623 350//623
f 351//624 352//624 353//624
f 351//625 353//625 340//625
f 340//626 353//626 341//626
f 342//627 341//627 354//627
f 354//628 341//628 353//628
f 343//629 342//629 355//629
f 355//630 342//630 354//630
f 344//631 343//631 356//631
f 356//632 343//632 355//632
f 345//633 344//633 357//633
f 357//634 344//634 356//634
f 358//635 359//635 346//635
f 358//636 346//636 357//636
f 357//637 346//637 345//637
f 347//638 346//638 359//638
f 360//639 347//639 359//639
f 348//640 347//640 360//640
f 353//641 352//641 361//641
f 354//642 353//642 361//642
f 362//643 354//643 361//643
f 355//644 354//644 362//644
f 363//645 355//645 362//645
f 356//646 355//646 363//646
f 364//647 356//647 363//647
f 357//648 356//648 364//648
f 365//649 357//649 364//649
f 358//650 357//650 365//650
f 366//651 367//651 368//651
f 366//652 369//652 370//652
f 367//653 366//653 370//653
f 369//654 371//654 372//654
f 370//655 369//655 372//655
f 371//656 373//656 374//656
f 372//657 371//657 374//657
f 373//658 375//658 376//658
f 374//659 373//659 376//659
f 376//660 375//660 377//660
f 378//661 379//661 380//661
f 378//662 381//662 382//662
f 379//663 378//663 382//663
f 368//664 382//664 381//664
f 368//665 381//665 366//665
f 366//666 381//666 383//666
f 369//667 366//667 384//667
f 384//668 366//668 383//668
f 371//669 369//669 385//669
f 385//670 369//670 384//670
f 373//671 371//671 386//671
f 386//672 371//672 385//672
f 375//673 373//673 387//673
f 387//674 373//674 386//674
f 388//675 377//675 375//675
f 388//676 375//676 389//676
f 389//677 375//677 387//677
f 389//678 390//678 391//678
f 388//679 389//679 391//679
f 391//680 390//680 392//680
f 393//681 394//681 395//681
f 393//682 396//682 397//682
f 394//683 393//683 397//683
f 380//684 397//684 396//684
f 380//685 396//685 378//685
f 378//686 396//686 398//686
f 381//687 378//687 399//687
f 399//688 378//688 398//688
f 383//689 381//689 400//689
f 400//690 381//690 399//690
f 384//691 383//691 401//691
f 401//692 383//692 400//692
f 385//693 384//693 402//693
f 402//694 384//694 401//694
f 386//695 385//695 403//695
f 403//696 385//696 402//696
f 387//697 386//697 404//697
f 404//698 386//698 403//698
f 389//699 387//699 405//699
f 405//700 387//700 404//700
f 390//701 389//701 406//701
f 406//702 389//702 405//702
f 407//703 392//703 390//703
f 407//704 390//704 408//704
f 408//705 390//705 406//705
f 407//706 408//706 409//706
f 410//707 411//707 412//707
f 395//708 411//708 410//708
f 395//709 410//709 393//709
f 393//710 410//710 413//710
f 396//711 393//711 414//711
f 414//712 393//712 413//712
f 398//713 396//713 415//713
f 415//714 396//714 414//714
f 399//715 398//715 416//715
f 416//716 398//716 415//716
f 400//717 399//717 417//717
f 417//718 399//718 416//718
f 401//719 400//719 418//719
f 418//720 400//720 417//720
f 402//721 401//721 419//721
f 419//722 401//722 418//722
f 403//723 402//723 420//723
f 420//724 402//724 419//724
f 404//725 403//725 421//725
f 421//725 403//725 420//725
f 405//726 404//726 422//726
f 422//727 404//727 421//727
f 406//728 405//728 423//728
f 423//729 405//729 422//729
f 408//730 406//730 424//730
f 424//731 406//731 423//731
f 425//732 409//732 408//732
f 425//733 408//733 426//733
f 426//734 408//734 424//734
f 425//735 426//735 427//735
f 428//736 429//736 430//736
f 412//737 429//737 428//737
f 412//738 428//738 410//738
f 410//739 428//739 431//739
f 413//740 410//740 432//740
f 432//741 410//741 431//741
f 414//742 413//742 433//742
f 433//743 413//743 432//743
f 415//744 414//744 434//744
f 434//745 414//745 433//745
f 416//746 415//746 435//746
f 435//747 415//747 434//747
f 417//748 416//748 436//748
f 436//749 416//749 435//749
f 418//750 417//750 437//750
f 437//751 417//751 436//751
f 419//752 418//752 438//752
f 438//753 418//753 437//753
f 420//754 419//754 439//754
f 439//755 419//755 438//755
f 421//756 420//756 440//756
f 440//757 420//757 439//757
f 422//758 421//758 441//758
f 441//759 421//759 440//759
f 423//760 422//760 442//760
f 442//761 422//761 441//761
f 424//762 423//762 443//762
f 443//763 423//763 442//763
f 426//764 424//764 444//764
f 444//765 424//765 443//765
f 445//766 427//766 426//766
f 445//767 426//767 446//767
f 446//768 426//768 444//768
f 445//769 446//769 447//769
f 448//770 449//770 450//770
f 430//771 449//771 448//771
f 430//772 448//772 428//772
f 428//773 448//773 451//773
f 431//774 428//774 452//774
f 452//775 428//775 451//775
f 432//776 431//776 453//776
f 453//777 431//777 452//777
f 433//778 432//778 454//778
f 454//779 432//779 453//779
f 434//780 433//780 455//780
f 455//781 433//781 454//781
f 58//782 455//782 59//782
f 58//783 435//783 455//783
f 435//784 434//784 455//784
f 61//785 435//785 58//785
f 436//786 435//786 61//786
f 62//787 436//787 61//787
f 62//788 456//788 436//788
f 456//789 437//789 436//789
f 438//790 437//790 457//790
f 457//791 437//791 456//791
f 439//792 438//792 458//792
f 458//793 438//793 457//793
f 440//794 439//794 459//794
f 459//795 439//795 458//795
f 441//796 440//796 460//796
f 460//797 440//797 459//797
f 442//798 441//798 461//798
f 461//799 441//799 460//799
f 443//800 442//800 462//800
f 462//801 442//801 461//801
f 444//802 443//802 463//802
f 463//803 443//803 462//803
f 446//804 444//804 464//804
f 464//805 444//805 463//805
f 465//806 447//806 446//806
f 464//807 465//807 446//807
f 466//808 467//808 468//808
f 450//809 467//809 466//809
f 450//810 466//810 448//810
f 448//811 466//811 469//811
f 451//812 448//812 470//812
f 470//813 448//813 469//813
f 64//814 470//814 65//814
f 64//815 452//815 470//815
f 452//816 451//816 470//816
f 67//817 452//817 64//817
f 453//818 452//818 67//818
f 69//819 453//819 67//819
f 454//820 453//820 69//820
f 71//821 454//821 69//821
f 455//822 454//822 71//822
f 59//823 455//823 71//823
f 62//824 74//824 456//824
f 77//825 456//825 74//825
f 457//826 456//826 77//826
f 79//827 457//827 77//827
f 458//828 457//828 79//828
f 81//829 458//829 79//829
f 459//830 458//830 81//830
f 82//831 459//831 81//831
f 82//832 471//832 459//832
f 471//833 460//833 459//833
f 461//834 460//834 472//834
f 472//835 460//835 471//835
f 462//836 461//836 473//836
f 473//837 461//837 472//837
f 463//838 462//838 474//838
f 474//839 462//839 473//839
f 464//840 463//840 475//840
f 475//841 463//841 474//841
f 476//842 465//842 464//842
f 476//843 464//843 477//843
f 477//844 464//844 475//844
f 476//845 477//845 478//845
f 479//846 480//846 481//846
f 468//847 480//847 479//847
f 468//848 479//848 466//848
f 466//849 479//849 482//849
f 84//850 482//850 85//850
f 84//851 469//851 482//851
f 469//852 466//852 482//852
f 87//853 469//853 84//853
f 470//854 469//854 87//854
f 65//855 470//855 87//855
f 82//856 98//856 471//856
f 101//857 471//857 98//857
f 472//858 471//858 101//858
f 102//859 472//859 101//859
f 102//860 483//860 472//860
f 483//861 473//861 472//861
f 474//862 473//862 484//862
f 484//863 473//863 483//863
f 475//864 474//864 485//864
f 485//865 474//865 484//865
f 477//866 475//866 486//866
f 486//867 475//867 485//867
f 487//868 478//868 477//868
f 486//869 487//869 477//869
f 488//870 489//870 490//870
f 481//871 489//871 488//871
f 479//872 481//872 488//872
f 479//873 488//873 105//873
f 479//874 105//874 104//874
f 107//875 479//875 104//875
f 482//876 479//876 107//876
f 85//877 482//877 107//877
f 102//878 122//878 483//878
f 124//879 483//879 122//879
f 124//880 491//880 483//880
f 491//881 484//881 483//881
f 485//882 484//882 492//882
f 492//883 484//883 491//883
f 486//884 485//884 493//884
f 493//885 485//885 492//885
f 494//886 487//886 486//886
f 494//887 486//887 495//887
f 495//888 486//888 493//888
f 494//889 495//889 496//889
f 497//890 498//890 499//890
f 490//891 498//891 497//891
f 488//892 490//892 497//892
f 488//893 497//893 127//893
f 488//894 127//894 126//894
f 105//895 488//895 126//895
f 124//896 145//896 491//896
f 147//897 491//897 145//897
f 147//898 500//898 491//898
f 500//899 492//899 491//899
f 493//900 492//900 501//900
f 501//901 492//901 500//901
f 495//902 493//902 502//902
f 502//903 493//903 501//903
f 503//904 496//904 495//904
f 502//905 503//905 495//905
f 504//906 497//906 499//906
f 505//907 504//907 499//907
f 127//908 504//908 149//908
f 497//909 504//909 127//909
f 500//910 168//910 506//910
f 147//911 168//911 500//911
f 501//912 500//912 507//912
f 507//913 500//913 506//913
f 502//914 501//914 508//914
f 508//915 501//915 507//915
f 509//916 503//916 502//916
f 508//917 509//917 502//917
f 510//918 511//918 512//918
f 505//919 511//919 510//919
f 504//920 505//920 510//920
f 504//921 510//921 171//921
f 504//922 171//922 170//922
f 149//923 504//923 170//923
f 506//924 191//924 513//924
f 168//925 191//925 506//925
f 507//926 506//926 514//926
f 514//927 506//927 513//927
f 508//928 507//928 515//928
f 515//929 507//929 514//929
f 516//930 509//930 508//930
f 515//931 516//931 508//931
f 193//932 510//932 512//932
f 193//933 512//933 194//933
f 194//934 512//934 517//934
f 171//935 510//935 193//935
f 513//936 215//936 518//936
f 191//937 215//937 513//937
f 514//938 513//938 519//938
f 519//939 513//939 518//939
f 520//940 521//940 515//940
f 520//941 515//941 519//941
f 519//942 515//942 514//942
f 516//943 515//943 521//943
f 194//944 517//944 217//944
f 517//945 522//945 217//945
f 236//946 235//946 523//946
f 236//947 518//947 215//947
f 236//948 523//948 518//948
f 523//949 524//949 518//949
f 519//950 518//950 525//950
f 525//951 518//951 524//951
f 526//952 520//952 519//952
f 525//953 526//953 519//953
f 527//954 528//954 529//954
f 527//955 522//955 528//955
f 527//956 238//956 522//956
f 238//957 217//957 522//957
f 254//958 253//958 530//958
f 254//959 523//959 235//959
f 254//960 530//960 523//960
f 530//961 531//961 523//961
f 524//962 523//962 532//962
f 532//963 523//963 531//963
f 525//964 524//964 533//964
f 533//965 524//965 532//965
f 534//966 526//966 525//966
f 533//967 534//967 525//967
f 535//968 527//968 529//968
f 536//969 535//969 529//969
f 238//970 535//970 256//970
f 527//971 535//971 238//971
f 269//972 268//972 537//972
f 269//973 530//973 253//973
f 269//974 537//974 530//974
f 537//975 538//975 530//975
f 531//976 530//976 539//976
f 539//977 530//977 538//977
f 532//978 531//978 540//978
f 540//979 531//979 539//979
f 541//980 542//980 533//980
f 541//981 533//981 540//981
f 540//982 533//982 532//982
f 534//983 533//983 542//983
f 543//984 535//984 536//984
f 544//985 543//985 536//985
f 256//986 543//986 271//986
f 535//987 543//987 256//987
f 282//988 281//988 545//988
f 282//989 546//989 283//989
f 545//990 546//990 282//990
f 283//991 537//991 268//991
f 283//992 546//992 537//992
f 546//993 547//993 537//993
f 538//994 537//994 548//994
f 548//995 537//995 547//995
f 539//996 538//996 549//996
f 549//997 538//997 548//997
f 550//998 551//998 540//998
f 550//999 540//999 549//999
f 549//1000 540//1000 539//1000
f 541//1001 540//1001 551//1001
f 552//1002 543//1002 544//1002
f 553//1003 552//1003 544//1003
f 271//1004 552//1004 285//1004
f 543//1005 552//1005 271//1005
f 295//1006 294//1006 554//1006
f 295//1007 545//1007 281//1007
f 295//1008 554//1008 545//1008
f 554//1009 555//1009 545//1009
f 546//1010 545//1010 556//1010
f 556//1011 545//1011 555//1011
f 547//1012 546//1012 557//1012
f 557//1013 546//1013 556//1013
f 548//1014 547//1014 558//1014
f 558//1015 547//1015 557//1015
f 559//1016 560//1016 549//1016
f 559//1017 549//1017 558//1017
f 558//1018 549//1018 548//1018
f 550//1019 549//1019 560//1019
f 561//1020 552//1020 553//1020
f 562//1021 561//1021 553//1021
f 285//1022 561//1022 297//1022
f 552//1023 561//1023 285//1023
f 308//1024 307//1024 563//1024
f 308//1025 554//1025 294//1025
f 308//1026 563//1026 554//1026
f 563//1027 564//1027 554//1027
f 555//1028 554//1028 565//1028
f 565//1029 554//1029 564//1029
f 556//1030 555//1030 566//1030
f 566//1031 555//1031 565//1031
f 557//1032 556//1032 567//1032
f 567//1033 556//1033 566//1033
f 568//1034 569//1034 558//1034
f 568//1035 558//1035 567//1035
f 567//1036 558//1036 557//1036
f 559//1037 558//1037 569//1037
f 561//1038 562//1038 570//1038
f 571//1039 570//1039 572//1039
f 309//1040 570//1040 571//1040
f 309//1041 561//1041 570//1041
f 309//1042 297//1042 561//1042
f 309//1043 571//1043 310//1043
f 322//1044 321//1044 573//1044
f 322//1045 563//1045 307//1045
f 322//1046 573//1046 563//1046
f 573//1047 574//1047 563//1047
f 564//1048 563//1048 575//1048
f 575//1049 563//1049 574//1049
f 565//1050 564//1050 576//1050
f 576//1051 564//1051 575//1051
f 566//1052 565//1052 577//1052
f 577//1053 565//1053 576//1053
f 578//1054 579//1054 567//1054
f 578//1055 567//1055 577//1055
f 577//1056 567//1056 566//1056
f 568//1057 567//1057 579//1057
f 580//1058 571//1058 572//1058
f 581//1059 580//1059 572//1059
f 310//1060 580//1060 324//1060
f 571//1061 580//1061 310//1061
f 336//1062 335//1062 582//1062
f 336//1063 573//1063 321//1063
f 336//1064 582//1064 573//1064
f 582//1065 583//1065 573//1065
f 574//1066 573//1066 584//1066
f 584//1067 573//1067 583//1067
f 575//1068 574//1068 585//1068
f 585//1069 574//1069 584//1069
f 576//1070 575//1070 586//1070
f 586//1071 575//1071 585//1071
f 587//1072 588//1072 577//1072
f 587//1073 577//1073 586//1073
f 586//1074 577//1074 576//1074
f 578//1075 577//1075 588//1075
f 580//1076 581//1076 589//1076
f 590//1077 589//1077 591//1077
f 337//1078 589//1078 590//1078
f 337//1079 580//1079 589//1079
f 337//1080 324//1080 580//1080
f 337//1081 590//1081 338//1081
f 349//1082 348//1082 592//1082
f 349//1083 582//1083 335//1083
f 349//1084 592//1084 582//1084
f 592//1085 593//1085 582//1085
f 583//1086 582//1086 594//1086
f 594//1087 582//1087 593//1087
f 584//1088 583//1088 595//1088
f 595//1089 583//1089 594//1089
f 596//1090 597//1090 585//1090
f 596//1091 585//1091 595//1091
f 595//1092 585//1092 584//1092
f 586//1093 585//1093 597//1093
f 598//1094 586//1094 597//1094
f 587//1095 586//1095 598//1095
f 590//1096 591//1096 599//1096
f 600//1097 599//1097 601//1097
f 350//1098 599//1098 600//1098
f 350//1099 590//1099 599//1099
f 350//1100 338//1100 590//1100
f 350//1101 602//1101 351//1101
f 600//1102 602//1102 350//1102
f 351//1103 602//1103 352//1103
f 359//1104 358//1104 603//1104
f 359//1105 604//1105 360//1105
f 603//1106 604//1106 359//1106
f 360//1107 592//1107 348//1107
f 360//1108 604//1108 592//1108
f 604//1109 605//1109 592//1109
f 593//1110 592//1110 606//1110
f 606//1111 592//1111 605//1111
f 594//1112 593//1112 607//1112
f 607//1113 593//1113 606//1113
f 608//1114 609//1114 595//1114
f 608//1115 595//1115 607//1115
f 607//1116 595//1116 594//1116
f 596//1117 595//1117 609//1117
f 600//1118 601//1118 610//1118
f 610//1119 611//1119 612//1119
f 610//1120 612//1120 600//1120
f 600//1121 612//1121 602//1121
f 352//1122 613//1122 361//1122
f 352//1123 602//1123 613//1123
f 602//1124 612//1124 613//1124
f 361//1125 614//1125 362//1125
f 613//1126 614//1126 361//1126
f 362//1127 615//1127 363//1127
f 614//1128 615//1128 362//1128
f 363//1129 616//1129 364//1129
f 615//1130 616//1130 363//1130
f 364//1131 617//1131 365//1131
f 616//1132 617//1132 364//1132
f 365//1133 603//1133 358//1133
f 365//1134 617//1134 603//1134
f 617//1135 618//1135 603//1135
f 604//1136 603//1136 619//1136
f 619//1137 603//1137 618//1137
f 605//1138 604//1138 620//1138
f 620//1139 604//1139 619//1139
f 621//1140 622//1140 606//1140
f 621//1141 606//1141 620//1141
f 620//1142 606//1142 605//1142
f 607//1143 606//1143 622//1143
f 623//1144 607//1144 622//1144
f 608//1145 607//1145 623//1145
f 612//1146 611//1146 624//1146
f 613//1147 612//1147 624//1147
f 625//1148 613//1148 624//1148
f 614//1149 613//1149 625//1149
f 626//1150 614//1150 625//1150
f 626//1151 627//1151 628//1151
f 626//1152 628//1152 614//1152
f 614//1153 628//1153 615//1153
f 616//1154 615//1154 629//1154
f 629//1155 615//1155 628//1155
f 630//1156 631//1156 617//1156
f 630//1157 617//1157 629//1157
f 629//1158 617//1158 616//1158
f 618//1159 617//1159 631//1159
f 632//1160 618//1160 631//1160
f 619//1161 618//1161 632//1161
f 633//1162 619//1162 632//1162
f 620//1163 619//1163 633//1163
f 634//1164 620//1164 633//1164
f 621//1165 620//1165 634//1165
f 628//1166 627//1166 635//1166
f 629//1167 628//1167 635//1167
f 636//1168 629//1168 635//1168
f 630//1169 629//1169 636//1169
f 637//1170 638//1170 639//1170
f 637//1171 640//1171 641//1171
f 638//1172 637//1172 641//1172
f 640//1173 642//1173 643//1173
f 641//1174 640//1174 643//1174
f 642//1175 644//1175 645//1175
f 643//1176 642//1176 645//1176
f 645//1177 644//1177 646//1177
f 647//1178 648//1178 649//1178
f 647//1179 650//1179 651//1179
f 648//1180 647//1180 651//1180
f 639//1181 651//1181 650//1181
f 639//1182 650//1182 637//1182
f 637//1183 650//1183 652//1183
f 640//1184 637//1184 653//1184
f 653//1185 637//1185 652//1185
f 642//1186 640//1186 654//1186
f 654//1187 640//1187 653//1187
f 644//1188 642//1188 655//1188
f 655//1189 642//1189 654//1189
f 656//1190 646//1190 644//1190
f 656//1191 644//1191 657//1191
f 657//1192 644//1192 655//1192
f 656//1193 657//1193 658//1193
f 659//1194 660//1194 661//1194
f 659//1195 662//1195 663//1195
f 660//1196 659//1196 663//1196
f 649//1197 663//1197 662//1197
f 649//1198 662//1198 647//1198
f 647//1199 662//1199 664//1199
f 650//1200 647//1200 665//1200
f 665//1201 647//1201 664//1201
f 652//1202 650//1202 666//1202
f 666//1203 650//1203 665//1203
f 653//1204 652//1204 667//1204
f 667//1205 652//1205 666//1205
f 654//1206 653//1206 668//1206
f 668//1207 653//1207 667//1207
f 655//1208 654//1208 669//1208
f 669//1209 654//1209 668//1209
f 657//1210 655//1210 670//1210
f 670//1211 655//1211 669//1211
f 671//1212 658//1212 657//1212
f 671//1213 657//1213 672//1213
f 672//1214 657//1214 670//1214
f 671//1215 672//1215 673//1215
f 674//1216 675//1216 676//1216
f 661//1217 675//1217 674//1217
f 661//1218 674//1218 659//1218
f 659//1219 674//1219 677//1219
f 662//1220 659//1220 678//1220
f 678//1221 659//1221 677//1221
f 664//1222 662//1222 679//1222
f 679//1223 662//1223 678//1223
f 665//1224 664//1224 680//1224
f 680//1225 664//1225 679//1225
f 666//1226 665//1226 681//1226
f 681//1227 665//1227 680//1227
f 667//1228 666//1228 682//1228
f 682//1229 666//1229 681//1229
f 668//1230 667//1230 683//1230
f 683//1231 667//1231 682//1231
f 669//1232 668//1232 684//1232
f 684//1233 668//1233 683//1233
f 670//1234 669//1234 685//1234
f 685//1235 669//1235 684//1235
f 672//1236 670//1236 686//1236
f 686//1237 670//1237 685//1237
f 687//1238 673//1238 672//1238
f 687//1239 672//1239 688//1239
f 688//1240 672//1240 686//1240
f 687//1241 688//1241 689//1241
f 690//1242 691//1242 692//1242
f 676//1243 691//1243 690//1243
f 676//1244 690//1244 674//1244
f 674//1245 690//1245 693//1245
f 677//1246 674//1246 694//1246
f 694//1247 674//1247 693//1247
f 678//1248 677//1248 695//1248
f 695//1249 677//1249 694//1249
f 679//1250 678//1250 696//1250
f 696//1251 678//1251 695//1251
f 680//1252 679//1252 697//1252
f 697//1253 679//1253 696//1253
f 681//1254 680//1254 698//1254
f 698//1255 680//1255 697//1255
f 682//1256 681//1256 699//1256
f 699//1257 681//1257 698//1257
f 683//1258 682//1258 700//1258
f 700//1259 682//1259 699//1259
f 684//1260 683//1260 701//1260
f 701//1261 683//1261 700//1261
f 685//1262 684//1262 702//1262
f 702//1263 684//1263 701//1263
f 686//1264 685//1264 703//1264
f 703//1265 685//1265 702//1265
f 688//1266 686//1266 704//1266
f 704//1267 686//1267 703//1267
f 705//1268 689//1268 688//1268
f 704//1269 705//1269 688//1269
f 706//1270 707//1270 708//1270
f 692//1271 707//1271 706//1271
f 692//1272 706//1272 690//1272
f 690//1273 706//1273 709//1273
f 693//1274 690//1274 710//1274
f 710//1275 690//1275 709//1275
f 694//1276 693//1276 711//1276
f 711//1277 693//1277 710//1277
f 367//1278 711//1278 368//1278
f 367//1279 695//1279 711//1279
f 695//1280 694//1280 711//1280
f 370//1281 695//1281 367//1281
f 696//1282 695//1282 370//1282
f 372//1283 696//1283 370//1283
f 697//1284 696//1284 372//1284
f 374//1285 697//1285 372//1285
f 698//1286 697//1286 374//1286
f 376//1287 698//1287 374//1287
f 699//1288 698//1288 376//1288
f 377//1289 699//1289 376//1289
f 377//1290 712//1290 699//1290
f 712//1291 700//1291 699//1291
f 701//1292 700//1292 713//1292
f 713//1293 700//1293 712//1293
f 702//1294 701//1294 714//1294
f 714//1295 701//1295 713//1295
f 703//1296 702//1296 715//1296
f 715//1297 702//1297 714//1297
f 704//1298 703//1298 716//1298
f 716//1299 703//1299 715//1299
f 717//1300 705//1300 704//1300
f 717//1301 704//1301 718//1301
f 718//1302 704//1302 716//1302
f 717//1303 718//1303 719//1303
f 720//1304 721//1304 722//1304
f 708//1305 721//1305 720//1305
f 708//1306 720//1306 706//1306
f 706//1307 720//1307 723//1307
f 709//1308 706//1308 724//1308
f 724//1309 706//1309 723//1309
f 379//1310 724//1310 380//1310
f 379//1311 710//1311 724//1311
f 710//1312 709//1312 724//1312
f 382//1313 710//1313 379//1313
f 711//1314 710//1314 382//1314
f 368//1315 711//1315 382//1315
f 377//1316 388//1316 712//1316
f 391//1317 712//1317 388//1317
f 713//1318 712//1318 391//1318
f 392//1319 713//1319 391//1319
f 392//1320 725//1320 713//1320
f 725//1321 714//1321 713//1321
f 715//1322 714//1322 726//1322
f 726//1323 714//1323 725//1323
f 716//1324 715//1324 727//1324
f 727//1325 715//1325 726//1325
f 718//1326 716//1326 728//1326
f 728//1327 716//1327 727//1327
f 729//1328 719//1328 718//1328
f 728//1329 729//1329 718//1329
f 730//1330 720//1330 722//1330
f 731//1331 730//1331 722//1331
f 394//1332 730//1332 395//1332
f 394//1333 723//1333 730//1333
f 723//1334 720//1334 730//1334
f 397//1335 723//1335 394//1335
f 724//1336 723//1336 397//1336
f 380//1337 724//1337 397//1337
f 392//1338 407//1338 725//1338
f 409//1339 725//1339 407//1339
f 409//1340 732//1340 725//1340
f 732//1341 726//1341 725//1341
f 727//1342 726//1342 733//1342
f 733//1343 726//1343 732//1343
f 728//1344 727//1344 734//1344
f 734//1345 727//1345 733//1345
f 735//1346 729//1346 728//1346
f 735//1347 728//1347 736//1347
f 736//1348 728//1348 734//1348
f 735//1349 736//1349 737//1349
f 738//1350 739//1350 740//1350
f 731//1351 739//1351 738//1351
f 730//1352 731//1352 738//1352
f 730//1353 738//1353 412//1353
f 730//1354 412//1354 411//1354
f 395//1355 730//1355 411//1355
f 409//1356 425//1356 732//1356
f 427//1357 732//1357 425//1357
f 427//1358 741//1358 732//1358
f 741//1359 733//1359 732//1359
f 734//1360 733//1360 742//1360
f 742//1361 733//1361 741//1361
f 736//1362 734//1362 743//1362
f 743//1363 734//1363 742//1363
f 744//1364 737//1364 736//1364
f 743//1365 744//1365 736//1365
f 745//1366 746//1366 747//1366
f 740//1367 746//1367 745//1367
f 738//1368 740//1368 745//1368
f 738//1369 745//1369 430//1369
f 738//1370 430//1370 429//1370
f 412//1371 738//1371 429//1371
f 427//1372 445//1372 741//1372
f 447//1373 741//1373 445//1373
f 447//1374 748//1374 741//1374
f 748//1375 742//1375 741//1375
f 743//1376 742//1376 749//1376
f 749//1377 742//1377 748//1377
f 750//1378 744//1378 743//1378
f 749//1379 750//1379 743//1379
f 449//1380 745//1380 747//1380
f 449//1381 747//1381 450//1381
f 450//1382 747//1382 751//1382
f 430//1383 745//1383 449//1383
f 748//1384 465//1384 752//1384
f 447//1385 465//1385 748//1385
f 749//1386 748//1386 753//1386
f 753//1387 748//1387 752//1387
f 754//1388 750//1388 749//1388
f 754//1389 749//1389 755//1389
f 755//1390 749//1390 753//1390
f 754//1391 755//1391 756//1391
f 467//1392 757//1392 758//1392
f 468//1393 467//1393 758//1393
f 751//1394 467//1394 450//1394
f 757//1395 467//1395 751//1395
f 465//1396 476//1396 752//1396
f 478//1397 752//1397 476//1397
f 478//1398 759//1398 752//1398
f 759//1399 753//1399 752//1399
f 755//1400 753//1400 760//1400
f 760//1401 753//1401 759//1401
f 761//1402 756//1402 755//1402
f 760//1403 761//1403 755//1403
f 480//1404 762//1404 481//1404
f 480//1405 763//1405 762//1405
f 480//1406 468//1406 763//1406
f 468//1407 758//1407 763//1407
f 759//1408 487//1408 764//1408
f 478//1409 487//1409 759//1409
f 760//1410 759//1410 765//1410
f 765//1411 759//1411 764//1411
f 766//1412 761//1412 760//1412
f 765//1413 766//1413 760//1413
f 489//1414 767//1414 490//1414
f 489//1415 768//1415 767//1415
f 481//1416 768//1416 489//1416
f 481//1417 769//1417 768//1417
f 481//1418 762//1418 769//1418
f 763//1419 769//1419 762//1419
f 487//1420 494//1420 764//1420
f 496//1421 764//1421 494//1421
f 496//1422 770//1422 764//1422
f 770//1423 765//1423 764//1423
f 771//1424 766//1424 765//1424
f 770//1425 771//1425 765//1425
f 498//1426 772//1426 499//1426
f 498//1427 490//1427 767//1427
f 498//1428 767//1428 772//1428
f 772//1429 767//1429 773//1429
f 774//1430 767//1430 768//1430
f 773//1431 767//1431 774//1431
f 770//1432 503//1432 775//1432
f 496//1433 503//1433 770//1433
f 776//1434 771//1434 770//1434
f 775//1435 776//1435 770//1435
f 772//1436 777//1436 505//1436
f 499//1437 772//1437 505//1437
f 778//1438 773//1438 779//1438
f 778//1439 777//1439 773//1439
f 777//1440 772//1440 773//1440
f 774//1441 779//1441 773//1441
f 775//1442 509//1442 780//1442
f 503//1443 509//1443 775//1443
f 781//1444 776//1444 775//1444
f 780//1445 781//1445 775//1445
f 511//1446 782//1446 512//1446
f 511//1447 505//1447 777//1447
f 511//1448 777//1448 782//1448
f 782//1449 777//1449 783//1449
f 784//1450 777//1450 778//1450
f 783//1451 777//1451 784//1451
f 780//1452 516//1452 785//1452
f 509//1453 516//1453 780//1453
f 786//1454 781//1454 780//1454
f 785//1455 786//1455 780//1455
f 782//1456 787//1456 517//1456
f 512//1457 782//1457 517//1457
f 788//1458 783//1458 789//1458
f 788//1459 787//1459 783//1459
f 787//1460 782//1460 783//1460
f 784//1461 789//1461 783//1461
f 521//1462 520//1462 790//1462
f 521//1463 785//1463 516//1463
f 521//1464 790//1464 785//1464
f 790//1465 791//1465 785//1465
f 792//1466 786//1466 785//1466
f 791//1467 792//1467 785//1467
f 787//1468 793//1468 522//1468
f 517//1469 787//1469 522//1469
f 794//1470 787//1470 788//1470
f 793//1471 787//1471 794//1471
f 790//1472 526//1472 795//1472
f 520//1473 526//1473 790//1473
f 796//1474 797//1474 791//1474
f 796//1475 791//1475 795//1475
f 795//1476 791//1476 790//1476
f 792//1477 791//1477 797//1477
f 528//1478 798//1478 529//1478
f 528//1479 522//1479 793//1479
f 528//1480 793//1480 798//1480
f 798//1481 793//1481 799//1481
f 800//1482 793//1482 794//1482
f 799//1483 793//1483 800//1483
f 795//1484 534//1484 801//1484
f 526//1485 534//1485 795//1485
f 802//1486 796//1486 795//1486
f 801//1487 802//1487 795//1487
f 798//1488 803//1488 536//1488
f 529//1489 798//1489 536//1489
f 804//1490 799//1490 805//1490
f 804//1491 803//1491 799//1491
f 803//1492 798//1492 799//1492
f 800//1493 805//1493 799//1493
f 542//1494 541//1494 806//1494
f 542//1495 806//1495 807//1495
f 534//1496 542//1496 807//1496
f 534//1497 807//1497 808//1497
f 534//1498 808//1498 801//1498
f 802//1499 801//1499 808//1499
f 803//1500 809//1500 544//1500
f 536//1501 803//1501 544//1501
f 810//1502 803//1502 804//1502
f 809//1503 803//1503 810//1503
f 551//1504 550//1504 811//1504
f 551//1505 806//1505 541//1505
f 551//1506 811//1506 806//1506
f 811//1507 812//1507 806//1507
f 813//1508 807//1508 806//1508
f 812//1509 813//1509 806//1509
f 809//1510 814//1510 553//1510
f 544//1511 809//1511 553//1511
f 815//1512 809//1512 810//1512
f 814//1513 809//1513 815//1513
f 560//1514 559//1514 816//1514
f 560//1515 811//1515 550//1515
f 560//1516 816//1516 811//1516
f 816//1517 817//1517 811//1517
f 818//1518 819//1518 812//1518
f 818//1519 812//1519 817//1519
f 817//1520 812//1520 811//1520
f 813//1521 812//1521 819//1521
f 814//1522 820//1522 821//1522
f 814//1523 821//1523 553//1523
f 553//1524 821//1524 562//1524
f 815//1525 820//1525 814//1525
f 569//1526 568//1526 822//1526
f 569//1527 816//1527 559//1527
f 569//1528 822//1528 816//1528
f 822//1529 823//1529 816//1529
f 824//1530 825//1530 817//1530
f 824//1531 817//1531 823//1531
f 823//1532 817//1532 816//1532
f 818//1533 817//1533 825//1533
f 562//1534 821//1534 826//1534
f 570//1535 562//1535 826//1535
f 826//1536 572//1536 570//1536
f 827//1537 572//1537 826//1537
f 579//1538 578//1538 828//1538
f 579//1539 822//1539 568//1539
f 579//1540 828//1540 822//1540
f 828//1541 829//1541 822//1541
f 830//1542 831//1542 823//1542
f 830//1543 823//1543 829//1543
f 829//1544 823//1544 822//1544
f 824//1545 823//1545 831//1545
f 572//1546 827//1546 581//1546
f 827//1547 832//1547 581//1547
f 588//1548 587//1548 833//1548
f 588//1549 828//1549 578//1549
f 588//1550 833//1550 828//1550
f 833//1551 834//1551 828//1551
f 835//1552 836//1552 829//1552
f 835//1553 829//1553 834//1553
f 834//1554 829//1554 828//1554
f 830//1555 829//1555 836//1555
f 837//1556 589//1556 581//1556
f 837//1557 581//1557 838//1557
f 838//1558 581//1558 832//1558
f 589//1559 837//1559 591//1559
f 597//1560 596//1560 839//1560
f 597//1561 840//1561 598//1561
f 839//1562 840//1562 597//1562
f 598//1563 840//1563 841//1563
f 587//1564 598//1564 841//1564
f 587//1565 841//1565 842//1565
f 587//1566 842//1566 833//1566
f 834//1567 833//1567 842//1567
f 843//1568 834//1568 842//1568
f 835//1569 834//1569 843//1569
f 837//1570 838//1570 844//1570
f 845//1571 844//1571 846//1571
f 599//1572 844//1572 845//1572
f 599//1573 837//1573 844//1573
f 599//1574 591//1574 837//1574
f 599//1575 845//1575 601//1575
f 609//1576 608//1576 847//1576
f 609//1577 839//1577 596//1577
f 609//1578 847//1578 839//1578
f 847//1579 848//1579 839//1579
f 849//1580 850//1580 840//1580
f 849//1581 840//1581 848//1581
f 848//1582 840//1582 839//1582
f 841//1583 840//1583 850//1583
f 851//1584 845//1584 846//1584
f 852//1585 851//1585 846//1585
f 601//1586 853//1586 610//1586
f 601//1587 845//1587 853//1587
f 845//1588 851//1588 853//1588
f 610//1589 853//1589 611//1589
f 622//1590 621//1590 854//1590
f 622//1591 855//1591 623//1591
f 854//1592 855//1592 622//1592
f 623//1593 855//1593 856//1593
f 608//1594 623//1594 856//1594
f 608//1595 856//1595 857//1595
f 608//1596 857//1596 847//1596
f 848//1597 847//1597 857//1597
f 858//1598 848//1598 857//1598
f 849//1599 848//1599 858//1599
f 851//1600 852//1600 859//1600
f 853//1601 851//1601 859//1601
f 860//1602 853//1602 859//1602
f 861//1603 860//1603 862//1603
f 624//1604 860//1604 861//1604
f 624//1605 853//1605 860//1605
f 624//1606 611//1606 853//1606
f 624//1607 863//1607 625//1607
f 861//1608 863//1608 624//1608
f 625//1609 864//1609 626//1609
f 863//1610 864//1610 625//1610
f 626//1611 864//1611 627//1611
f 631//1612 630//1612 865//1612
f 631//1613 866//1613 632//1613
f 865//1614 866//1614 631//1614
f 632//1615 867//1615 633//1615
f 866//1616 867//1616 632//1616
f 633//1617 868//1617 634//1617
f 867//1618 868//1618 633//1618
f 634//1619 854//1619 621//1619
f 634//1620 868//1620 854//1620
f 868//1621 869//1621 854//1621
f 870//1622 871//1622 855//1622
f 870//1623 855//1623 869//1623
f 869//1624 855//1624 854//1624
f 856//1625 855//1625 871//1625
f 861//1626 862//1626 872//1626
f 872//1627 873//1627 874//1627
f 872//1628 874//1628 861//1628
f 861//1629 874//1629 863//1629
f 864//1630 863//1630 875//1630
f 875//1631 863//1631 874//1631
f 627//1632 876//1632 635//1632
f 627//1633 864//1633 876//1633
f 864//1634 875//1634 876//1634
f 635//1635 877//1635 636//1635
f 876//1636 877//1636 635//1636
f 636//1637 865//1637 630//1637
f 636//1638 877//1638 865//1638
f 877//1639 878//1639 865//1639
f 866//1640 865//1640 879//1640
f 879//1641 865//1641 878//1641
f 880//1642 881//1642 867//1642
f 880//1643 867//1643 879//1643
f 879//1644 867//1644 866//1644
f 868//1645 867//1645 881//1645
f 882//1646 868//1646 881//1646
f 869//1647 868//1647 882//1647
f 883//1648 869//1648 882//1648
f 870//1649 869//1649 883//1649
f 874//1650 873//1650 884//1650
f 875//1651 874//1651 884//1651
f 885//1652 875//1652 884//1652
f 876//1653 875//1653 885//1653
f 886//1654 876//1654 885//1654
f 877//1655 876//1655 886//1655
f 887//1656 877//1656 886//1656
f 878//1657 877//1657 887//1657
f 888//1658 878//1658 887//1658
f 879//1659 878//1659 888//1659
f 889//1660 879//1660 888//1660
f 880//1661 879//1661 889//1661
f 890//1662 891//1662 892//1662
f 890//1663 893//1663 894//1663
f 891//1664 890//1664 894//1664
f 893//1665 895//1665 896//1665
f 894//1666 893//1666 896//1666
f 895//1667 897//1667 898//1667
f 896//1668 895//1668 898//1668
f 898//1669 897//1669 899//1669
f 900//1670 901//1670 902//1670
f 900//1671 903//1671 904//1671
f 901//1672 900//1672 904//1672
f 892//1673 904//1673 903//1673
f 892//1674 903//1674 890//1674
f 890//1675 903//1675 905//1675
f 893//1676 890//1676 906//1676
f 906//1677 890//1677 905//1677
f 895//1678 893//1678 907//1678
f 907//1679 893//1679 906//1679
f 897//1680 895//1680 908//1680
f 908//1681 895//1681 907//1681
f 909//1682 899//1682 897//1682
f 909//1683 897//1683 910//1683
f 910//1684 897//1684 908//1684
f 910//1685 911//1685 912//1685
f 909//1686 910//1686 912//1686
f 912//1687 911//1687 913//1687
f 914//1688 915//1688 916//1688
f 902//1689 915//1689 914//1689
f 902//1690 914//1690 900//1690
f 900//1691 914//1691 917//1691
f 903//1692 900//1692 918//1692
f 918//1693 900//1693 917//1693
f 905//1694 903//1694 919//1694
f 919//1695 903//1695 918//1695
f 906//1696 905//1696 920//1696
f 920//1697 905//1697 919//1697
f 907//1698 906//1698 921//1698
f 921//1699 906//1699 920//1699
f 908//1700 907//1700 922//1700
f 922//1701 907//1701 921//1701
f 910//1702 908//1702 923//1702
f 923//1703 908//1703 922//1703
f 911//1704 910//1704 924//1704
f 924//1705 910//1705 923//1705
f 925//1706 913//1706 911//1706
f 925//1707 911//1707 926//1707
f 926//1708 911//1708 924//1708
f 925//1709 926//1709 927//1709
f 928//1710 929//1710 930//1710
f 916//1711 929//1711 928//1711
f 916//1712 928//1712 914//1712
f 914//1713 928//1713 931//1713
f 917//1714 914//1714 932//1714
f 932//1715 914//1715 931//1715
f 918//1716 917//1716 933//1716
f 933//1717 917//1717 932//1717
f 919//1718 918//1718 934//1718
f 934//1719 918//1719 933//1719
f 920//1720 919//1720 935//1720
f 935//1721 919//1721 934//1721
f 921//1722 920//1722 936//1722
f 936//1723 920//1723 935//1723
f 922//1724 921//1724 937//1724
f 937//1725 921//1725 936//1725
f 923//1726 922//1726 938//1726
f 938//1727 922//1727 937//1727
f 924//1728 923//1728 939//1728
f 939//1729 923//1729 938//1729
f 926//1730 924//1730 940//1730
f 940//1731 924//1731 939//1731
f 941//1732 927//1732 926//1732
f 940//1733 941//1733 926//1733
f 942//1734 943//1734 944//1734
f 930//1735 943//1735 942//1735
f 930//1736 942//1736 928//1736
f 928//1737 942//1737 945//1737
f 931//1738 928//1738 946//1738
f 946//1739 928//1739 945//1739
f 932//1740 931//1740 947//1740
f 947//1741 931//1741 946//1741
f 638//1742 947//1742 639//1742
f 638//1743 933//1743 947//1743
f 933//1744 932//1744 947//1744
f 641//1745 933//1745 638//1745
f 934//1746 933//1746 641//1746
f 643//1747 934//1747 641//1747
f 935//1748 934//1748 643//1748
f 645//1749 935//1749 643//1749
f 936//1750 935//1750 645//1750
f 646//1751 936//1751 645//1751
f 646//1752 948//1752 936//1752
f 948//1753 937//1753 936//1753
f 938//1754 937//1754 949//1754
f 949//1755 937//1755 948//1755
f 939//1756 938//1756 950//1756
f 950//1757 938//1757 949//1757
f 940//1758 939//1758 951//1758
f 951//1759 939//1759 950//1759
f 952//1760 941//1760 940//1760
f 952//1761 940//1761 953//1761
f 953//1762 940//1762 951//1762
f 952//1763 953//1763 954//1763
f 955//1764 956//1764 957//1764
f 944//1765 956//1765 955//1765
f 944//1766 955//1766 942//1766
f 942//1767 955//1767 958//1767
f 945//1768 942//1768 959//1768
f 959//1769 942//1769 958//1769
f 648//1770 959//1770 649//1770
f 648//1771 946//1771 959//1771
f 946//1772 945//1772 959//1772
f 651//1773 946//1773 648//1773
f 947//1774 946//1774 651//1774
f 639//1775 947//1775 651//1775
f 646//1776 656//1776 948//1776
f 658//1777 948//1777 656//1777
f 658//1778 960//1778 948//1778
f 960//1779 949//1779 948//1779
f 950//1780 949//1780 961//1780
f 961//1781 949//1781 960//1781
f 951//1782 950//1782 962//1782
f 962//1783 950//1783 961//1783
f 953//1784 951//1784 963//1784
f 963//1785 951//1785 962//1785
f 964//1786 954//1786 953//1786
f 963//1787 964//1787 953//1787
f 965//1788 966//1788 967//1788
f 957//1789 966//1789 965//1789
f 957//1790 965//1790 955//1790
f 955//1791 965//1791 968//1791
f 660//1792 968//1792 661//1792
f 660//1793 958//1793 968//1793
f 958//1794 955//1794 968//1794
f 663//1795 958//1795 660//1795
f 959//1796 958//1796 663//1796
f 649//1797 959//1797 663//1797
f 658//1798 671//1798 960//1798
f 673//1799 960//1799 671//1799
f 673//1800 969//1800 960//1800
f 969//1801 961//1801 960//1801
f 962//1802 961//1802 970//1802
f 970//1803 961//1803 969//1803
f 963//1804 962//1804 971//1804
f 971//1805 962//1805 970//1805
f 972//1806 964//1806 963//1806
f 972//1807 963//1807 973//1807
f 973//1808 963//1808 971//1808
f 972//1809 973//1809 974//1809
f 975//1810 976//1810 977//1810
f 967//1811 976//1811 975//1811
f 967//1812 975//1812 965//1812
f 965//1813 975//1813 978//1813
f 675//1814 978//1814 676//1814
f 675//1815 968//1815 978//1815
f 968//1816 965//1816 978//1816
f 661//1817 968//1817 675//1817
f 673//1818 687//1818 969//1818
f 689//1819 969//1819 687//1819
f 689//1820 979//1820 969//1820
f 979//1821 970//1821 969//1821
f 971//1822 970//1822 980//1822
f 980//1823 970//1823 979//1823
f 973//1824 971//1824 981//1824
f 981//1825 971//1825 980//1825
f 982//1826 974//1826 973//1826
f 981//1827 982//1827 973//1827
f 983//1828 975//1828 977//1828
f 984//1829 983//1829 977//1829
f 691//1830 983//1830 692//1830
f 691//1831 978//1831 983//1831
f 978//1832 975//1832 983//1832
f 676//1833 978//1833 691//1833
f 979//1834 705//1834 985//1834
f 689//1835 705//1835 979//1835
f 980//1836 979//1836 986//1836
f 986//1837 979//1837 985//1837
f 981//1838 980//1838 987//1838
f 987//1839 980//1839 986//1839
f 988//1840 982//1840 981//1840
f 987//1841 988//1841 981//1841
f 989//1842 990//1842 991//1842
f 984//1843 990//1843 989//1843
f 983//1844 984//1844 989//1844
f 983//1845 989//1845 708//1845
f 983//1846 708//1846 707//1846
f 692//1847 983//1847 707//1847
f 705//1848 717//1848 985//1848
f 719//1849 985//1849 717//1849
f 719//1850 992//1850 985//1850
f 992//1851 986//1851 985//1851
f 987//1852 986//1852 993//1852
f 993//1853 986//1853 992//1853
f 994//1854 988//1854 987//1854
f 993//1855 994//1855 987//1855
f 995//1856 996//1856 997//1856
f 991//1857 996//1857 995//1857
f 989//1858 991//1858 995//1858
f 989//1859 995//1859 722//1859
f 989//1860 722//1860 721//1860
f 708//1861 989//1861 721//1861
f 992//1862 729//1862 998//1862
f 719//1863 729//1863 992//1863
f 993//1864 992//1864 999//1864
f 999//1865 992//1865 998//1865
f 1000//1866 994//1866 993//1866
f 1000//1867 993//1867 1001//1867
f 1001//1868 993//1868 999//1868
f 1000//1869 1001//1869 1002//1869
f 1003//1870 995//1870 997//1870
f 1004//1871 1003//1871 997//1871
f 722//1872 1003//1872 731//1872
f 995//1873 1003//1873 722//1873
f 729//1874 735//1874 998//1874
f 737//1875 998//1875 735//1875
f 737//1876 1005//1876 998//1876
f 1005//1877 999//1877 998//1877
f 1001//1878 999//1878 1006//1878
f 1006//1879 999//1879 1005//1879
f 1007//1880 1002//1880 1001//1880
f 1006//1881 1007//1881 1001//1881
f 1008//1882 1009//1882 1010//1882
f 1004//1883 1009//1883 1008//1883
f 1003//1884 1004//1884 1008//1884
f 1003//1885 1008//1885 740//1885
f 1003//1886 740//1886 739//1886
f 731//1887 1003//1887 739//1887
f 1005//1888 744//1888 1011//1888
f 737//1889 744//1889 1005//1889
f 1006//1890 1005//1890 1012//1890
f 1012//1891 1005//1891 1011//1891
f 1013//1892 1007//1892 1006//1892
f 1012//1893 1013//1893 1006//1893
f 746//1894 1008//1894 1010//1894
f 746//1895 1010//1895 747//1895
f 747//1896 1010//1896 1014//1896
f 740//1897 1008//1897 746//1897
f 1011//1898 750//1898 1015//1898
f 744//1899 750//1899 1011//1899
f 1012//1900 1011//1900 1016//1900
f 1016//1901 1011//1901 1015//1901
f 1017//1902 1013//1902 1012//1902
f 1016//1903 1017//1903 1012//1903
f 747//1904 1014//1904 751//1904
f 1014//1905 1018//1905 751//1905
f 750//1906 754//1906 1015//1906
f 756//1907 1015//1907 754//1907
f 756//1908 1019//1908 1015//1908
f 1019//1909 1016//1909 1015//1909
f 1020//1910 1017//1910 1016//1910
f 1019//1911 1020//1911 1016//1911
f 757//1912 1021//1912 1022//1912
f 758//1913 757//1913 1022//1913
f 1018//1914 757//1914 751//1914
f 1021//1915 757//1915 1018//1915
f 1019//1916 761//1916 1023//1916
f 756//1917 761//1917 1019//1917
f 1024//1918 1020//1918 1019//1918
f 1023//1919 1024//1919 1019//1919
f 758//1920 1022//1920 763//1920
f 1022//1921 1025//1921 763//1921
f 1023//1922 766//1922 1026//1922
f 761//1923 766//1923 1023//1923
f 1027//1924 1024//1924 1023//1924
f 1026//1925 1027//1925 1023//1925
f 769//1926 1028//1926 768//1926
f 769//1927 1029//1927 1028//1927
f 769//1928 763//1928 1029//1928
f 763//1929 1025//1929 1029//1929
f 1026//1930 771//1930 1030//1930
f 766//1931 771//1931 1026//1931
f 1031//1932 1027//1932 1026//1932
f 1030//1933 1031//1933 1026//1933
f 1028//1934 1032//1934 774//1934
f 768//1935 1028//1935 774//1935
f 1033//1936 1028//1936 1029//1936
f 1032//1937 1028//1937 1033//1937
f 1030//1938 776//1938 1034//1938
f 771//1939 776//1939 1030//1939
f 1035//1940 1031//1940 1030//1940
f 1034//1941 1035//1941 1030//1941
f 779//1942 1036//1942 778//1942
f 779//1943 1037//1943 1036//1943
f 774//1944 1037//1944 779//1944
f 774//1945 1038//1945 1037//1945
f 774//1946 1032//1946 1038//1946
f 1033//1947 1038//1947 1032//1947
f 1034//1948 1039//1948 1040//1948
f 1034//1949 776//1949 1039//1949
f 776//1950 781//1950 1039//1950
f 1035//1951 1034//1951 1040//1951
f 1036//1952 1041//1952 784//1952
f 778//1953 1036//1953 784//1953
f 1042//1954 1036//1954 1037//1954
f 1041//1955 1036//1955 1042//1955
f 781//1956 786//1956 1039//1956
f 1039//1957 786//1957 1043//1957
f 789//1958 1044//1958 788//1958
f 789//1959 784//1959 1041//1959
f 789//1960 1041//1960 1044//1960
f 1044//1961 1041//1961 1045//1961
f 1046//1962 1041//1962 1042//1962
f 1045//1963 1041//1963 1046//1963
f 786//1964 792//1964 1043//1964
f 1043//1965 792//1965 1047//1965
f 1044//1966 1048//1966 794//1966
f 788//1967 1044//1967 794//1967
f 1049//1968 1045//1968 1050//1968
f 1049//1969 1048//1969 1045//1969
f 1048//1970 1044//1970 1045//1970
f 1046//1971 1050//1971 1045//1971
f 797//1972 1051//1972 1052//1972
f 796//1973 1051//1973 797//1973
f 1047//1974 792//1974 797//1974
f 1052//1975 1047//1975 797//1975
f 1048//1976 1053//1976 800//1976
f 794//1977 1048//1977 800//1977
f 1054//1978 1048//1978 1049//1978
f 1053//1979 1048//1979 1054//1979
f 796//1980 802//1980 1051//1980
f 1051//1981 802//1981 1055//1981
f 805//1982 1056//1982 804//1982
f 805//1983 1057//1983 1056//1983
f 800//1984 1057//1984 805//1984
f 800//1985 1058//1985 1057//1985
f 800//1986 1053//1986 1058//1986
f 1054//1987 1058//1987 1053//1987
f 808//1988 1059//1988 1060//1988
f 807//1989 1059//1989 808//1989
f 1055//1990 802//1990 808//1990
f 1060//1991 1055//1991 808//1991
f 1056//1992 1061//1992 810//1992
f 804//1993 1056//1993 810//1993
f 1062//1994 1056//1994 1057//1994
f 1061//1995 1056//1995 1062//1995
f 807//1996 813//1996 1059//1996
f 1059//1997 813//1997 1063//1997
f 1061//1998 1064//1998 1065//1998
f 1061//1999 1065//1999 810//1999
f 810//2000 1065//2000 815//2000
f 1062//2001 1064//2001 1061//2001
f 819//2002 1066//2002 1067//2002
f 818//2003 1066//2003 819//2003
f 1063//1997 813//1997 819//1997
f 1067//2004 1063//2004 819//2004
f 820//2005 1068//2005 821//2005
f 820//2006 1069//2006 1068//2006
f 820//2007 815//2007 1069//2007
f 815//2008 1065//2008 1069//2008
f 825//2009 1070//2009 1071//2009
f 824//2010 1070//2010 825//2010
f 1066//2011 818//2011 825//2011
f 1071//2012 1066//2012 825//2012
f 821//2013 1068//2013 826//2013
f 1068//2014 827//2014 826//2014
f 1068//2015 1069//2015 827//2015
f 1069//2016 1072//2016 827//2016
f 831//2017 1073//2017 1074//2017
f 830//2018 1073//2018 831//2018
f 1070//2019 824//2019 831//2019
f 1074//2020 1070//2020 831//2020
f 827//2021 1072//2021 832//2021
f 1072//2022 1075//2022 832//2022
f 836//2023 1076//2023 1077//2023
f 835//2024 1076//2024 836//2024
f 1073//2025 830//2025 836//2025
f 1077//2026 1073//2026 836//2026
f 832//2027 1075//2027 838//2027
f 1075//2028 1078//2028 838//2028
f 842//2029 841//2029 1079//2029
f 1080//2030 842//2030 1079//2030
f 1080//2030 1081//2030 842//2030
f 1081//2031 843//2031 842//2031
f 1076//2032 835//2032 843//2032
f 1081//2033 1076//2033 843//2033
f 1082//2034 844//2034 838//2034
f 1082//2035 838//2035 1083//2035
f 1083//2036 838//2036 1078//2036
f 844//2037 1082//2037 846//2037
f 850//2038 849//2038 1084//2038
f 850//2039 1084//2039 1085//2039
f 841//2040 850//2040 1085//2040
f 841//2041 1085//2041 1086//2041
f 841//2042 1086//2042 1079//2042
f 1080//2043 1079//2043 1086//2043
f 1082//2044 1083//2044 1087//2044
f 1087//2045 846//2045 1082//2045
f 1087//2046 1088//2046 846//2046
f 1088//2047 852//2047 846//2047
f 857//2048 856//2048 1089//2048
f 1090//2049 857//2049 1089//2049
f 1090//2050 1091//2050 857//2050
f 1091//2051 858//2051 857//2051
f 1084//2052 849//2052 858//2052
f 1084//2053 858//2053 1092//2053
f 1092//2054 858//2054 1091//2054
f 1085//2055 1084//2055 1092//2055
f 1093//2056 859//2056 852//2056
f 1093//2057 852//2057 1094//2057
f 1094//2058 852//2058 1088//2058
f 859//2059 1095//2059 860//2059
f 1093//2060 1095//2060 859//2060
f 860//2061 1095//2061 862//2061
f 871//2062 870//2062 1096//2062
f 871//2063 1096//2063 1097//2063
f 856//2064 871//2064 1097//2064
f 856//2065 1097//2065 1098//2065
f 856//2066 1098//2066 1089//2066
f 1090//2067 1089//2067 1098//2067
f 1093//2068 1094//2068 1099//2068
f 1099//2069 1100//2069 1101//2069
f 1099//2070 1101//2070 1093//2070
f 1093//2071 1101//2071 1095//2071
f 862//2072 1102//2072 872//2072
f 862//2073 1095//2073 1102//2073
f 1095//2074 1101//2074 1102//2074
f 872//2075 1102//2075 873//2075
f 881//2076 880//2076 1103//2076
f 881//2077 1104//2077 882//2077
f 1103//2078 1104//2078 881//2078
f 882//2079 1105//2079 883//2079
f 1104//2080 1105//2080 882//2080
f 883//2081 1105//2081 1106//2081
f 870//2082 883//2082 1106//2082
f 870//2083 1106//2083 1107//2083
f 870//2084 1107//2084 1096//2084
f 1097//2085 1096//2085 1107//2085
f 1101//2086 1100//2086 1108//2086
f 1108//2087 1109//2087 1110//2087
f 1108//2088 1110//2088 1101//2088
f 1101//2089 1110//2089 1102//2089
f 873//2090 1111//2090 884//2090
f 873//2091 1102//2091 1111//2091
f 1102//2092 1110//2092 1111//2092
f 884//2093 1112//2093 885//2093
f 1111//2094 1112//2094 884//2094
f 885//2095 1113//2095 886//2095
f 1112//2096 1113//2096 885//2096
f 886//2097 1114//2097 887//2097
f 1113//2098 1114//2098 886//2098
f 887//2099 1115//2099 888//2099
f 1114//2100 1115//2100 887//2100
f 888//2101 1116//2101 889//2101
f 1115//2102 1116//2102 888//2102
f 889//2103 1103//2103 880//2103
f 889//2104 1116//2104 1103//2104
f 1116//2105 1117//2105 1103//2105
f 1118//2106 1119//2106 1104//2106
f 1118//2107 1104//2107 1117//2107
f 1117//2108 1104//2108 1103//2108
f 1105//2109 1104//2109 1119//2109
f 1120//2110 1105//2110 1119//2110
f 1106//2111 1105//2111 1120//2111
f 1110//2112 1109//2112 1121//2112
f 1111//2113 1110//2113 1121//2113
f 1122//2114 1111//2114 1121//2114
f 1112//2115 1111//2115 1122//2115
f 1123//2116 1112//2116 1122//2116
f 1123//2117 1124//2117 1125//2117
f 1123//2118 1125//2118 1112//2118
f 1112//2119 1125//2119 1113//2119
f 1114//2120 1113//2120 1126//2120
f 1126//2121 1113//2121 1125//2121
f 1127//2122 1128//2122 1115//2122
f 1127//2123 1115//2123 1126//2123
f 1126//2124 1115//2124 1114//2124
f 1116//2125 1115//2125 1128//2125
f 1129//2126 1116//2126 1128//2126
f 1117//2127 1116//2127 1129//2127
f 1130//2128 1117//2128 1129//2128
f 1118//2129 1117//2129 1130//2129
f 1125//2130 1124//2130 1131//2130
f 1126//2131 1125//2131 1131//2131
f 1132//2132 1126//2132 1131//2132
f 1127//2133 1126//2133 1132//2133
f 1133//2134 1134//2134 1135//2134
f 1133//2135 1136//2135 1137//2135
f 1134//2136 1133//2136 1137//2136
f 1136//2137 1138//2137 1139//2137
f 1137//2138 1136//2138 1139//2138
f 1138//2139 1140//2139 1141//2139
f 1139//2140 1138//2140 1141//2140
f 1140//2141 1142//2141 1143//2141
f 1141//2142 1140//2142 1143//2142
f 1142//2143 1144//2143 1145//2143
f 1143//2144 1142//2144 1145//2144
f 1145//2145 1144//2145 1146//2145
f 1147//2146 1148//2146 1149//2146
f 1135//2147 1148//2147 1147//2147
f 1135//2148 1147//2148 1133//2148
f 1133//2149 1147//2149 1150//2149
f 1136//2150 1133//2150 1151//2150
f 1151//2151 1133//2151 1150//2151
f 1138//2152 1136//2152 1152//2152
f 1152//2153 1136//2153 1151//2153
f 1140//2154 1138//2154 1153//2154
f 1153//2155 1138//2155 1152//2155
f 1142//2156 1140//2156 1154//2156
f 1154//2157 1140//2157 1153//2157
f 1144//2158 1142//2158 1155//2158
f 1155//2159 1142//2159 1154//2159
f 1156//2160 1146//2160 1144//2160
f 1156//2161 1144//2161 1157//2161
f 1157//2162 1144//2162 1155//2162
f 1156//2163 1157//2163 1158//2163
f 1159//2164 1160//2164 1161//2164
f 1159//2165 1162//2165 1163//2165
f 1160//2166 1159//2166 1163//2166
f 1149//2167 1163//2167 1162//2167
f 1149//2168 1162//2168 1147//2168
f 1147//2169 1162//2169 1164//2169
f 1150//2170 1147//2170 1165//2170
f 1165//2171 1147//2171 1164//2171
f 1151//2172 1150//2172 1166//2172
f 1166//2173 1150//2173 1165//2173
f 1152//2174 1151//2174 1167//2174
f 1167//2175 1151//2175 1166//2175
f 1153//2176 1152//2176 1168//2176
f 1168//2177 1152//2177 1167//2177
f 1154//2178 1153//2178 1169//2178
f 1169//2179 1153//2179 1168//2179
f 1155//2180 1154//2180 1170//2180
f 1170//2181 1154//2181 1169//2181
f 1157//2182 1155//2182 1171//2182
f 1171//2183 1155//2183 1170//2183
f 1172//2184 1158//2184 1157//2184
f 1171//2185 1172//2185 1157//2185
f 1173//2186 1174//2186 1175//2186
f 1161//2187 1174//2187 1173//2187
f 1161//2188 1173//2188 1159//2188
f 1159//2189 1173//2189 1176//2189
f 1162//2190 1159//2190 1177//2190
f 1177//2191 1159//2191 1176//2191
f 891//2192 1177//2192 892//2192
f 891//2193 1164//2193 1177//2193
f 1164//2194 1162//2194 1177//2194
f 894//2195 1164//2195 891//2195
f 1165//2196 1164//2196 894//2196
f 896//2197 1165//2197 894//2197
f 1166//2198 1165//2198 896//2198
f 898//2199 1166//2199 896//2199
f 1167//2200 1166//2200 898//2200
f 899//2201 1167//2201 898//2201
f 899//2202 1178//2202 1167//2202
f 1178//2203 1168//2203 1167//2203
f 1169//2204 1168//2204 1179//2204
f 1179//2205 1168//2205 1178//2205
f 1170//2206 1169//2206 1180//2206
f 1180//2207 1169//2207 1179//2207
f 1171//2208 1170//2208 1181//2208
f 1181//2209 1170//2209 1180//2209
f 1182//2210 1172//2210 1171//2210
f 1182//2211 1171//2211 1183//2211
f 1183//2212 1171//2212 1181//2212
f 1182//2213 1183//2213 1184//2213
f 1185//2214 1186//2214 1187//2214
f 1175//2215 1186//2215 1185//2215
f 1175//2216 1185//2216 1173//2216
f 1173//2217 1185//2217 1188//2217
f 901//2218 1188//2218 902//2218
f 901//2219 1176//2219 1188//2219
f 1176//2220 1173//2220 1188//2220
f 904//2221 1176//2221 901//2221
f 1177//2222 1176//2222 904//2222
f 892//2223 1177//2223 904//2223
f 899//2224 909//2224 1178//2224
f 912//2225 1178//2225 909//2225
f 1179//2226 1178//2226 912//2226
f 913//2227 1179//2227 912//2227
f 913//2228 1189//2228 1179//2228
f 1189//2229 1180//2229 1179//2229
f 1181//2230 1180//2230 1190//2230
f 1190//2231 1180//2231 1189//2231
f 1183//2232 1181//2232 1191//2232
f 1191//2233 1181//2233 1190//2233
f 1192//2234 1184//2234 1183//2234
f 1191//2235 1192//2235 1183//2235
f 1193//2236 1194//2236 1195//2236
f 1187//2237 1194//2237 1193//2237
f 1187//2238 1193//2238 1185//2238
f 1185//2239 1193//2239 1196//2239
f 915//2240 1196//2240 916//2240
f 915//2241 1188//2241 1196//2241
f 1188//2242 1185//2242 1196//2242
f 902//2243 1188//2243 915//2243
f 913//2244 925//2244 1189//2244
f 927//2245 1189//2245 925//2245
f 927//2246 1197//2246 1189//2246
f 1197//2247 1190//2247 1189//2247
f 1191//2248 1190//2248 1198//2248
f 1198//2249 1190//2249 1197//2249
f 1199//2250 1192//2250 1191//2250
f 1198//2251 1199//2251 1191//2251
f 1200//2252 1201//2252 1202//2252
f 1195//2253 1201//2253 1200//2253
f 1195//2254 1200//2254 1193//2254
f 1193//2255 1200//2255 1203//2255
f 929//2256 1203//2256 930//2256
f 929//2257 1196//2257 1203//2257
f 1196//2258 1193//2258 1203//2258
f 916//2259 1196//2259 929//2259
f 1197//2260 941//2260 1204//2260
f 927//2261 941//2261 1197//2261
f 1198//2262 1197//2262 1205//2262
f 1205//2263 1197//2263 1204//2263
f 1206//2264 1199//2264 1198//2264
f 1206//2265 1198//2265 1207//2265
f 1207//2266 1198//2266 1205//2266
f 1206//2267 1207//2267 1208//2267
f 1209//2268 1200//2268 1202//2268
f 1210//2269 1209//2269 1202//2269
f 943//2270 1209//2270 944//2270
f 943//2271 1203//2271 1209//2271
f 1203//2272 1200//2272 1209//2272
f 930//2273 1203//2273 943//2273
f 941//2274 952//2274 1204//2274
f 954//2275 1204//2275 952//2275
f 954//2276 1211//2276 1204//2276
f 1211//2277 1205//2277 1204//2277
f 1207//2278 1205//2278 1212//2278
f 1212//2279 1205//2279 1211//2279
f 1213//2280 1208//2280 1207//2280
f 1212//2281 1213//2281 1207//2281
f 1214//2282 1215//2282 1216//2282
f 1210//2283 1215//2283 1214//2283
f 1209//2284 1210//2284 1214//2284
f 1209//2285 1214//2285 957//2285
f 1209//2286 957//2286 956//2286
f 944//2287 1209//2287 956//2287
f 1211//2288 964//2288 1217//2288
f 954//2289 964//2289 1211//2289
f 1212//2290 1211//2290 1218//2290
f 1218//2291 1211//2291 1217//2291
f 1219//2292 1213//2292 1212//2292
f 1218//2293 1219//2293 1212//2293
f 1220//2294 1221//2294 1222//2294
f 1216//2295 1221//2295 1220//2295
f 1214//2296 1216//2296 1220//2296
f 1214//2297 1220//2297 967//2297
f 1214//2298 967//2298 966//2298
f 957//2299 1214//2299 966//2299
f 964//2300 972//2300 1217//2300
f 974//2301 1217//2301 972//2301
f 974//2302 1223//2302 1217//2302
f 1223//2303 1218//2303 1217//2303
f 1224//2304 1219//2304 1218//2304
f 1223//2305 1224//2305 1218//2305
f 1225//2306 1226//2306 1227//2306
f 1222//2307 1226//2307 1225//2307
f 1220//2308 1222//2308 1225//2308
f 1220//2309 1225//2309 977//2309
f 1220//2310 977//2310 976//2310
f 967//2311 1220//2311 976//2311
f 1223//2312 982//2312 1228//2312
f 974//2313 982//2313 1223//2313
f 1229//2314 1224//2314 1223//2314
f 1228//2315 1229//2315 1223//2315
f 1230//2316 1225//2316 1227//2316
f 1231//2317 1230//2317 1227//2317
f 977//2318 1230//2318 984//2318
f 1225//2319 1230//2319 977//2319
f 1228//2320 988//2320 1232//2320
f 982//2321 988//2321 1228//2321
f 1233//2322 1229//2322 1228//2322
f 1232//2323 1233//2323 1228//2323
f 1234//2324 1235//2324 1236//2324
f 1231//2325 1235//2325 1234//2325
f 1230//2326 1231//2326 1234//2326
f 1230//2327 1234//2327 991//2327
f 1230//2328 991//2328 990//2328
f 984//2329 1230//2329 990//2329
f 1232//2330 994//2330 1237//2330
f 988//2331 994//2331 1232//2331
f 1238//2332 1233//2332 1232//2332
f 1237//2333 1238//2333 1232//2333
f 996//2334 1234//2334 1236//2334
f 996//2335 1236//2335 997//2335
f 997//2336 1236//2336 1239//2336
f 991//2337 1234//2337 996//2337
f 994//2338 1000//2338 1237//2338
f 1237//2339 1000//2339 1002//2339
f 1237//2340 1002//2340 1238//2340
f 1238//2341 1002//2341 1240//2341
f 1241//2342 1242//2342 1243//2342
f 1241//2343 1239//2343 1242//2343
f 1241//2343 1004//2343 1239//2343
f 1004//2344 997//2344 1239//2344
f 1002//2345 1007//2345 1240//2345
f 1240//2346 1007//2346 1244//2346
f 1009//2347 1241//2347 1243//2347
f 1009//2348 1243//2348 1010//2348
f 1010//2349 1243//2349 1245//2349
f 1004//2350 1241//2350 1009//2350
f 1007//2351 1013//2351 1244//2351
f 1244//2352 1013//2352 1246//2352
f 1010//2353 1245//2353 1014//2353
f 1245//2354 1247//2354 1014//2354
f 1013//2355 1017//2355 1246//2355
f 1246//2356 1017//2356 1248//2356
f 1249//2357 1250//2357 1251//2357
f 1249//2358 1247//2358 1250//2358
f 1249//2359 1018//2359 1247//2359
f 1018//2360 1014//2360 1247//2360
f 1017//2361 1020//2361 1248//2361
f 1248//2362 1020//2362 1252//2362
f 1021//2363 1249//2363 1251//2363
f 1021//2364 1251//2364 1022//2364
f 1022//2365 1251//2365 1253//2365
f 1018//2366 1249//2366 1021//2366
f 1020//2367 1024//2367 1252//2367
f 1252//2368 1024//2368 1254//2368
f 1022//2369 1253//2369 1025//2369
f 1253//2370 1255//2370 1025//2370
f 1024//2371 1027//2371 1254//2371
f 1254//2372 1027//2372 1256//2372
f 1025//2373 1255//2373 1029//2373
f 1255//2374 1257//2374 1029//2374
f 1258//2375 1259//2375 1260//2375
f 1258//2376 1260//2376 1256//2376
f 1258//2377 1256//2377 1031//2377
f 1031//2378 1256//2378 1027//2378
f 1029//2379 1257//2379 1033//2379
f 1257//2380 1261//2380 1033//2380
f 1262//2381 1259//2381 1258//2381
f 1263//2382 1259//2382 1262//2382
f 1031//2383 1035//2383 1262//2383
f 1258//2384 1031//2384 1262//2384
f 1038//2385 1264//2385 1037//2385
f 1038//2386 1265//2386 1264//2386
f 1038//2387 1033//2387 1265//2387
f 1033//2388 1261//2388 1265//2388
f 1040//2389 1263//2389 1262//2389
f 1040//2390 1039//2390 1263//2390
f 1039//2391 1266//2391 1263//2391
f 1035//2392 1040//2392 1262//2392
f 1264//2393 1267//2393 1042//2393
f 1037//2394 1264//2394 1042//2394
f 1268//2395 1264//2395 1265//2395
f 1267//2396 1264//2396 1268//2396
f 1039//2397 1043//2397 1266//2397
f 1266//2398 1043//2398 1269//2398
f 1267//2399 1270//2399 1271//2399
f 1267//2400 1271//2400 1042//2400
f 1042//2401 1271//2401 1046//2401
f 1268//2402 1270//2402 1267//2402
f 1272//2403 1273//2403 1274//2403
f 1272//2404 1274//2404 1269//2404
f 1272//2405 1269//2405 1047//2405
f 1047//2406 1269//2406 1043//2406
f 1050//2407 1275//2407 1049//2407
f 1050//2408 1276//2408 1275//2408
f 1050//2409 1046//2409 1276//2409
f 1046//2410 1271//2410 1276//2410
f 1052//2411 1273//2411 1272//2411
f 1052//2412 1051//2412 1273//2412
f 1051//2413 1277//2413 1273//2413
f 1047//2414 1052//2414 1272//2414
f 1275//2415 1278//2415 1054//2415
f 1049//2416 1275//2416 1054//2416
f 1279//2417 1275//2417 1276//2417
f 1278//2418 1275//2418 1279//2418
f 1280//2419 1281//2419 1282//2419
f 1280//2420 1282//2420 1277//2420
f 1280//2421 1277//2421 1055//2421
f 1055//2422 1277//2422 1051//2422
f 1058//2423 1283//2423 1057//2423
f 1058//2424 1284//2424 1283//2424
f 1054//2425 1284//2425 1058//2425
f 1054//2426 1285//2426 1284//2426
f 1054//2427 1278//2427 1285//2427
f 1279//2428 1285//2428 1278//2428
f 1060//2429 1281//2429 1280//2429
f 1060//2430 1059//2430 1281//2430
f 1059//2431 1286//2431 1281//2431
f 1055//2432 1060//2432 1280//2432
f 1283//2433 1287//2433 1062//2433
f 1057//2434 1283//2434 1062//2434
f 1288//2435 1283//2435 1284//2435
f 1287//2436 1283//2436 1288//2436
f 1289//2437 1290//2437 1291//2437
f 1289//2438 1291//2438 1286//2438
f 1289//2439 1286//2439 1063//2439
f 1063//2440 1286//2440 1059//2440
f 1064//2441 1292//2441 1065//2441
f 1064//2442 1062//2442 1287//2442
f 1064//2443 1287//2443 1292//2443
f 1292//2444 1287//2444 1293//2444
f 1294//2445 1287//2445 1288//2445
f 1293//2446 1287//2446 1294//2446
f 1067//2447 1290//2447 1289//2447
f 1067//2448 1066//2448 1290//2448
f 1066//2449 1295//2449 1290//2449
f 1063//2450 1067//2450 1289//2450
f 1292//2451 1296//2451 1069//2451
f 1065//2452 1292//2452 1069//2452
f 1297//2453 1293//2453 1298//2453
f 1297//2454 1296//2454 1293//2454
f 1296//2455 1292//2455 1293//2455
f 1294//2456 1298//2456 1293//2456
f 1071//2457 1299//2457 1300//2457
f 1070//2458 1299//2458 1071//2458
f 1295//2459 1066//2459 1071//2459
f 1300//2460 1295//2460 1071//2460
f 1296//2461 1301//2461 1072//2461
f 1069//2462 1296//2462 1072//2462
f 1302//2463 1296//2463 1297//2463
f 1301//2464 1296//2464 1302//2464
f 1074//2465 1303//2465 1304//2465
f 1073//2466 1303//2466 1074//2466
f 1299//2467 1070//2467 1074//2467
f 1304//2468 1299//2468 1074//2468
f 1301//2469 1305//2469 1075//2469
f 1072//2470 1301//2470 1075//2470
f 1306//2471 1301//2471 1302//2471
f 1305//2472 1301//2472 1306//2472
f 1077//2473 1307//2473 1308//2473
f 1076//2474 1307//2474 1077//2474
f 1303//2475 1073//2475 1077//2475
f 1308//2476 1303//2476 1077//2476
f 1305//2477 1309//2477 1078//2477
f 1075//2478 1305//2478 1078//2478
f 1310//2479 1305//2479 1306//2479
f 1309//2480 1305//2480 1310//2480
f 1081//2481 1311//2481 1312//2481
f 1080//2482 1311//2482 1081//2482
f 1307//2483 1076//2483 1081//2483
f 1312//2484 1307//2484 1081//2484
f 1309//2485 1313//2485 1083//2485
f 1078//2486 1309//2486 1083//2486
f 1314//2487 1309//2487 1310//2487
f 1313//2488 1309//2488 1314//2488
f 1086//2489 1315//2489 1316//2489
f 1085//2490 1315//2490 1086//2490
f 1311//2491 1080//2491 1086//2491
f 1316//2492 1311//2492 1086//2492
f 1083//2493 1313//2493 1087//2493
f 1313//2494 1088//2494 1087//2494
f 1313//2495 1314//2495 1088//2495
f 1314//2496 1317//2496 1088//2496
f 1091//2497 1318//2497 1319//2497
f 1090//2498 1318//2498 1091//2498
f 1092//2499 1091//2499 1320//2499
f 1091//2500 1319//2500 1320//2500
f 1315//2501 1085//2501 1092//2501
f 1320//2502 1315//2502 1092//2502
f 1321//2503 1322//2503 1094//2503
f 1321//2504 1094//2504 1317//2504
f 1317//2505 1094//2505 1088//2505
f 1321//2506 1323//2506 1322//2506
f 1098//2507 1324//2507 1325//2507
f 1097//2508 1324//2508 1098//2508
f 1318//2509 1090//2509 1098//2509
f 1325//2510 1318//2510 1098//2510
f 1094//2511 1322//2511 1099//2511
f 1100//2512 1326//2512 1327//2512
f 1099//2513 1326//2513 1100//2513
f 1099//2514 1323//2514 1326//2514
f 1099//2515 1322//2515 1323//2515
f 1326//2516 1328//2516 1327//2516
f 1107//2517 1329//2517 1330//2517
f 1106//2518 1329//2518 1107//2518
f 1324//2519 1097//2519 1107//2519
f 1330//2520 1324//2520 1107//2520
f 1100//2521 1327//2521 1108//2521
f 1109//2522 1331//2522 1332//2522
f 1108//2523 1331//2523 1109//2523
f 1108//2524 1328//2524 1331//2524
f 1108//2525 1327//2525 1328//2525
f 1331//2526 1333//2526 1332//2526
f 1119//2527 1334//2527 1335//2527
f 1118//2528 1334//2528 1119//2528
f 1120//2529 1119//2529 1336//2529
f 1119//2530 1335//2530 1336//2530
f 1329//2531 1106//2531 1120//2531
f 1336//2532 1329//2532 1120//2532
f 1109//2533 1332//2533 1121//2533
f 1332//2534 1333//2534 1337//2534
f 1332//2535 1337//2535 1121//2535
f 1121//2536 1337//2536 1122//2536
f 1123//2537 1122//2537 1338//2537
f 1122//2538 1337//2538 1338//2538
f 1338//2539 1124//2539 1123//2539
f 1339//2540 1124//2540 1338//2540
f 1128//2541 1127//2541 1340//2541
f 1341//2542 1128//2542 1340//2542
f 1341//2543 1342//2543 1128//2543
f 1342//2544 1129//2544 1128//2544
f 1130//2545 1129//2545 1343//2545
f 1129//2546 1342//2546 1343//2546
f 1334//2547 1118//2547 1130//2547
f 1343//2548 1334//2548 1130//2548
f 1124//2549 1339//2549 1344//2549
f 1131//2550 1124//2550 1344//2550
f 1132//2551 1131//2551 1345//2551
f 1131//2552 1344//2552 1345//2552
f 1340//2553 1127//2553 1132//2553
f 1340//2554 1132//2554 1346//2554
f 1346//2555 1132//2555 1345//2555
f 1341//2556 1340//2556 1346//2556
f 1347//2557 1348//2557 1349//2557
f 1347//2558 1350//2558 1351//2558
f 1348//2559 1347//2559 1351//2559
f 1350//2560 1352//2560 1353//2560
f 1351//2561 1350//2561 1353//2561
f 1352//2562 1354//2562 1355//2562
f 1353//2563 1352//2563 1355//2563
f 1354//2564 1356//2564 1357//2564
f 1355//2565 1354//2565 1357//2565
f 1357//2566 1356//2566 1358//2566
f 1359//2567 1360//2567 1361//2567
f 1359//2568 1362//2568 1363//2568
f 1360//2569 1359//2569 1363//2569
f 1349//2570 1363//2570 1362//2570
f 1349//2571 1362//2571 1347//2571
f 1347//2572 1362//2572 1364//2572
f 1350//2573 1347//2573 1365//2573
f 1365//2574 1347//2574 1364//2574
f 1352//2575 1350//2575 1366//2575
f 1366//2576 1350//2576 1365//2576
f 1354//2577 1352//2577 1367//2577
f 1367//2578 1352//2578 1366//2578
f 1356//2579 1354//2579 1368//2579
f 1368//2580 1354//2580 1367//2580
f 1369//2581 1358//2581 1356//2581
f 1369//2582 1356//2582 1370//2582
f 1370//2583 1356//2583 1368//2583
f 1369//2584 1370//2584 1371//2584
f 1372//2585 1373//2585 1374//2585
f 1361//2586 1373//2586 1372//2586
f 1361//2587 1372//2587 1359//2587
f 1359//2588 1372//2588 1375//2588
f 1134//2589 1375//2589 1135//2589
f 1134//2590 1362//2590 1375//2590
f 1362//2591 1359//2591 1375//2591
f 1137//2592 1362//2592 1134//2592
f 1364//2593 1362//2593 1137//2593
f 1139//2594 1364//2594 1137//2594
f 1365//2595 1364//2595 1139//2595
f 1141//2596 1365//2596 1139//2596
f 1366//2597 1365//2597 1141//2597
f 1143//2598 1366//2598 1141//2598
f 1367//2599 1366//2599 1143//2599
f 1145//2600 1367//2600 1143//2600
f 1368//2601 1367//2601 1145//2601
f 1146//2602 1368//2602 1145//2602
f 1146//2603 1376//2603 1368//2603
f 1376//2604 1370//2604 1368//2604
f 1377//2605 1371//2605 1370//2605
f 1377//2606 1370//2606 1378//2606
f 1378//2607 1370//2607 1376//2607
f 1377//2608 1378//2608 1379//2608
f 1380//2609 1381//2609 1382//2609
f 1374//2610 1381//2610 1380//2610
f 1374//2611 1380//2611 1372//2611
f 1372//2612 1380//2612 1383//2612
f 1148//2613 1383//2613 1149//2613
f 1148//2614 1375//2614 1383//2614
f 1375//2615 1372//2615 1383//2615
f 1135//2589 1375//2589 1148//2589
f 1146//2616 1156//2616 1376//2616
f 1158//2617 1376//2617 1156//2617
f 1158//2618 1384//2618 1376//2618
f 1384//2619 1378//2619 1376//2619
f 1385//2620 1379//2620 1378//2620
f 1384//2621 1385//2621 1378//2621
f 1386//2622 1387//2622 1388//2622
f 1382//2623 1387//2623 1386//2623
f 1380//2624 1382//2624 1386//2624
f 1380//2625 1386//2625 1161//2625
f 1380//2626 1161//2626 1160//2626
f 1163//2627 1380//2627 1160//2627
f 1383//2628 1380//2628 1163//2628
f 1149//2629 1383//2629 1163//2629
f 1384//2630 1172//2630 1389//2630
f 1158//2631 1172//2631 1384//2631
f 1390//2632 1385//2632 1384//2632
f 1390//2633 1384//2633 1391//2633
f 1391//2634 1384//2634 1389//2634
f 1390//2635 1391//2635 1392//2635
f 1393//2636 1394//2636 1395//2636
f 1388//2637 1394//2637 1393//2637
f 1386//2638 1388//2638 1393//2638
f 1386//2639 1393//2639 1175//2639
f 1386//2640 1175//2640 1174//2640
f 1161//2641 1386//2641 1174//2641
f 1172//2642 1182//2642 1389//2642
f 1184//2643 1389//2643 1182//2643
f 1184//2644 1396//2644 1389//2644
f 1396//2645 1391//2645 1389//2645
f 1397//2646 1392//2646 1391//2646
f 1396//2647 1397//2647 1391//2647
f 1398//2648 1399//2648 1400//2648
f 1395//2649 1399//2649 1398//2649
f 1393//2650 1395//2650 1398//2650
f 1393//2651 1398//2651 1187//2651
f 1393//2652 1187//2652 1186//2652
f 1175//2653 1393//2653 1186//2653
f 1396//2654 1192//2654 1401//2654
f 1184//2655 1192//2655 1396//2655
f 1402//2656 1397//2656 1396//2656
f 1401//2657 1402//2657 1396//2657
f 1403//2658 1404//2658 1405//2658
f 1400//2659 1404//2659 1403//2659
f 1398//2660 1400//2660 1403//2660
f 1398//2661 1403//2661 1195//2661
f 1398//2662 1195//2662 1194//2662
f 1187//2663 1398//2663 1194//2663
f 1401//2664 1199//2664 1406//2664
f 1192//2665 1199//2665 1401//2665
f 1407//2666 1402//2666 1401//2666
f 1406//2667 1407//2667 1401//2667
f 1408//2668 1409//2668 1410//2668
f 1405//2669 1409//2669 1408//2669
f 1403//2670 1405//2670 1408//2670
f 1403//2671 1408//2671 1202//2671
f 1403//2672 1202//2672 1201//2672
f 1195//2673 1403//2673 1201//2673
f 1199//2674 1206//2674 1406//2674
f 1406//2675 1206//2675 1208//2675
f 1406//2676 1208//2676 1407//2676
f 1407//2677 1208//2677 1411//2677
f 1412//2678 1413//2678 1414//2678
f 1410//2679 1413//2679 1412//2679
f 1410//2680 1412//2680 1408//2680
f 1408//2681 1412//2681 1415//2681
f 1202//2682 1415//2682 1210//2682
f 1408//2683 1415//2683 1202//2683
f 1208//2684 1213//2684 1411//2684
f 1411//2685 1213//2685 1416//2685
f 1417//2686 1418//2686 1419//2686
f 1414//2687 1418//2687 1417//2687
f 1414//2688 1417//2688 1412//2688
f 1412//2689 1417//2689 1420//2689
f 1215//2690 1420//2690 1216//2690
f 1215//2691 1415//2691 1420//2691
f 1415//2692 1412//2692 1420//2692
f 1210//2693 1415//2693 1215//2693
f 1213//2694 1219//2694 1416//2694
f 1416//2695 1219//2695 1421//2695
f 1422//2696 1417//2696 1419//2696
f 1423//2697 1422//2697 1419//2697
f 1221//2698 1422//2698 1222//2698
f 1221//2699 1420//2699 1422//2699
f 1420//2700 1417//2700 1422//2700
f 1216//2701 1420//2701 1221//2701
f 1219//2702 1224//2702 1421//2702
f 1421//2703 1224//2703 1424//2703
f 1425//2704 1426//2704 1427//2704
f 1423//2705 1426//2705 1425//2705
f 1422//2706 1423//2706 1425//2706
f 1422//2707 1425//2707 1227//2707
f 1422//2708 1227//2708 1226//2708
f 1222//2698 1422//2698 1226//2698
f 1224//2709 1229//2709 1424//2709
f 1424//2710 1229//2710 1428//2710
f 1429//2711 1430//2711 1431//2711
f 1427//2712 1430//2712 1429//2712
f 1427//2713 1429//2713 1425//2713
f 1425//2714 1429//2714 1432//2714
f 1227//2715 1432//2715 1231//2715
f 1425//2716 1432//2716 1227//2716
f 1433//2717 1434//2717 1435//2717
f 1433//2718 1435//2718 1428//2718
f 1433//2719 1428//2719 1233//2719
f 1233//2720 1428//2720 1229//2720
f 1436//2721 1429//2721 1431//2721
f 1437//2722 1436//2722 1431//2722
f 1235//2723 1436//2723 1236//2723
f 1235//2724 1432//2724 1436//2724
f 1432//2725 1429//2725 1436//2725
f 1231//2726 1432//2726 1235//2726
f 1438//2727 1434//2727 1433//2727
f 1439//2728 1434//2728 1438//2728
f 1233//2729 1238//2729 1438//2729
f 1433//2730 1233//2730 1438//2730
f 1440//2731 1436//2731 1437//2731
f 1441//2732 1440//2732 1437//2732
f 1236//2733 1440//2733 1239//2733
f 1436//2734 1440//2734 1236//2734
f 1442//2735 1439//2735 1438//2735
f 1443//2736 1439//2736 1442//2736
f 1238//2737 1240//2737 1442//2737
f 1438//2738 1238//2738 1442//2738
f 1444//2739 1445//2739 1446//2739
f 1441//2740 1445//2740 1444//2740
f 1440//2741 1441//2741 1444//2741
f 1440//2742 1444//2742 1243//2742
f 1440//2743 1243//2743 1242//2743
f 1239//2744 1440//2744 1242//2744
f 1447//2745 1443//2745 1442//2745
f 1448//2746 1443//2746 1447//2746
f 1240//2747 1244//2747 1447//2747
f 1442//2748 1240//2748 1447//2748
f 1449//2749 1444//2749 1446//2749
f 1450//2750 1449//2750 1446//2750
f 1243//2751 1449//2751 1245//2751
f 1444//2752 1449//2752 1243//2752
f 1451//2753 1448//2753 1447//2753
f 1452//2754 1448//2754 1451//2754
f 1244//2755 1246//2755 1451//2755
f 1447//2756 1244//2756 1451//2756
f 1453//2757 1449//2757 1450//2757
f 1454//2758 1453//2758 1450//2758
f 1245//2759 1453//2759 1247//2759
f 1449//2760 1453//2760 1245//2760
f 1455//2761 1452//2761 1451//2761
f 1456//2762 1452//2762 1455//2762
f 1246//2763 1248//2763 1455//2763
f 1451//2764 1246//2764 1455//2764
f 1250//2765 1453//2765 1454//2765
f 1250//2766 1454//2766 1251//2766
f 1251//2767 1454//2767 1457//2767
f 1247//2768 1453//2768 1250//2768
f 1458//2769 1456//2769 1455//2769
f 1459//2770 1456//2770 1458//2770
f 1248//2771 1252//2771 1458//2771
f 1455//2772 1248//2772 1458//2772
f 1251//2773 1457//2773 1253//2773
f 1457//2774 1460//2774 1253//2774
f 1461//2775 1459//2775 1458//2775
f 1462//2776 1459//2776 1461//2776
f 1252//2777 1254//2777 1461//2777
f 1458//2778 1252//2778 1461//2778
f 1253//2779 1460//2779 1255//2779
f 1460//2780 1463//2780 1255//2780
f 1464//2781 1465//2781 1466//2781
f 1462//2782 1464//2782 1466//2782
f 1462//2783 1461//2783 1464//2783
f 1461//2784 1467//2784 1464//2784
f 1254//2785 1256//2785 1467//2785
f 1461//2786 1254//2786 1467//2786
f 1468//2787 1469//2787 1257//2787
f 1468//2788 1257//2788 1463//2788
f 1463//2789 1257//2789 1255//2789
f 1468//2790 1470//2790 1469//2790
f 1471//2791 1465//2791 1464//2791
f 1472//2792 1465//2792 1471//2792
f 1260//2793 1259//2793 1471//2793
f 1260//2794 1471//2794 1467//2794
f 1467//2795 1471//2795 1464//2795
f 1256//2796 1260//2796 1467//2796
f 1469//2797 1473//2797 1261//2797
f 1257//2798 1469//2798 1261//2798
f 1474//2799 1469//2799 1470//2799
f 1473//2800 1469//2800 1474//2800
f 1475//2801 1472//2801 1471//2801
f 1476//2802 1472//2802 1475//2802
f 1259//2803 1263//2803 1475//2803
f 1471//2804 1259//2804 1475//2804
f 1473//2805 1477//2805 1265//2805
f 1261//2806 1473//2806 1265//2806
f 1478//2807 1473//2807 1474//2807
f 1477//2808 1473//2808 1478//2808
f 1479//2809 1480//2809 1481//2809
f 1476//2810 1479//2810 1481//2810
f 1476//2811 1475//2811 1479//2811
f 1475//2812 1482//2812 1479//2812
f 1263//2813 1266//2813 1482//2813
f 1475//2814 1263//2814 1482//2814
f 1477//2815 1483//2815 1268//2815
f 1265//2816 1477//2816 1268//2816
f 1484//2817 1477//2817 1478//2817
f 1483//2818 1477//2818 1484//2818
f 1485//2819 1480//2819 1479//2819
f 1486//2820 1480//2820 1485//2820
f 1482//2821 1487//2821 1479//2821
f 1487//2822 1485//2822 1479//2822
f 1266//2823 1269//2823 1487//2823
f 1482//2824 1266//2824 1487//2824
f 1270//2825 1488//2825 1271//2825
f 1270//2826 1268//2826 1483//2826
f 1270//2827 1483//2827 1488//2827
f 1488//2828 1483//2828 1489//2828
f 1490//2829 1483//2829 1484//2829
f 1489//2830 1483//2830 1490//2830
f 1491//2831 1486//2831 1485//2831
f 1492//2832 1486//2832 1491//2832
f 1274//2833 1273//2833 1491//2833
f 1274//2834 1491//2834 1487//2834
f 1487//2835 1491//2835 1485//2835
f 1269//2836 1274//2836 1487//2836
f 1488//2837 1493//2837 1276//2837
f 1271//2838 1488//2838 1276//2838
f 1494//2839 1489//2839 1495//2839
f 1494//2840 1493//2840 1489//2840
f 1493//2841 1488//2841 1489//2841
f 1490//2842 1495//2842 1489//2842
f 1496//2843 1497//2843 1498//2843
f 1492//2844 1496//2844 1498//2844
f 1492//2845 1491//2845 1496//2845
f 1491//2846 1499//2846 1496//2846
f 1273//2847 1277//2847 1499//2847
f 1491//2848 1273//2848 1499//2848
f 1493//2849 1500//2849 1279//2849
f 1276//2850 1493//2850 1279//2850
f 1501//2851 1493//2851 1494//2851
f 1500//2852 1493//2852 1501//2852
f 1502//2853 1497//2853 1496//2853
f 1503//2854 1497//2854 1502//2854
f 1282//2855 1281//2855 1502//2855
f 1282//2856 1502//2856 1499//2856
f 1499//2857 1502//2857 1496//2857
f 1277//2858 1282//2858 1499//2858
f 1285//2859 1504//2859 1284//2859
f 1285//2860 1279//2860 1500//2860
f 1285//2861 1500//2861 1504//2861
f 1504//2862 1500//2862 1505//2862
f 1506//2863 1500//2863 1501//2863
f 1505//2864 1500//2864 1506//2864
f 1507//2865 1508//2865 1509//2865
f 1503//2866 1507//2866 1509//2866
f 1503//2867 1502//2867 1507//2867
f 1502//2868 1510//2868 1507//2868
f 1281//2869 1286//2869 1510//2869
f 1502//2870 1281//2870 1510//2870
f 1504//2871 1511//2871 1288//2871
f 1284//2872 1504//2872 1288//2872
f 1505//2873 1512//2873 1504//2873
f 1512//2874 1511//2874 1504//2874
f 1513//2875 1505//2875 1506//2875
f 1512//2876 1505//2876 1513//2876
f 1514//2877 1508//2877 1507//2877
f 1515//2878 1508//2878 1514//2878
f 1291//2879 1290//2879 1514//2879
f 1291//2880 1514//2880 1510//2880
f 1510//2881 1514//2881 1507//2881
f 1286//2882 1291//2882 1510//2882
f 1511//2883 1516//2883 1294//2883
f 1288//2884 1511//2884 1294//2884
f 1512//2885 1517//2885 1511//2885
f 1517//2886 1516//2886 1511//2886
f 1518//2887 1512//2887 1513//2887
f 1517//2888 1512//2888 1518//2888
f 1519//2889 1520//2889 1521//2889
f 1515//2890 1519//2890 1521//2890
f 1515//2891 1514//2891 1519//2891
f 1514//2892 1522//2892 1519//2892
f 1290//2893 1295//2893 1522//2893
f 1514//2894 1290//2894 1522//2894
f 1298//2895 1523//2895 1297//2895
f 1298//2896 1294//2896 1516//2896
f 1298//2897 1516//2897 1523//2897
f 1523//2898 1516//2898 1524//2898
f 1517//2899 1525//2899 1516//2899
f 1525//2900 1524//2900 1516//2900
f 1526//2901 1517//2901 1518//2901
f 1525//2902 1517//2902 1526//2902
f 1527//2903 1528//2903 1529//2903
f 1520//2904 1527//2904 1529//2904
f 1520//2905 1519//2905 1527//2905
f 1519//2906 1530//2906 1527//2906
f 1300//2907 1299//2907 1530//2907
f 1300//2908 1530//2908 1522//2908
f 1522//2909 1530//2909 1519//2909
f 1295//2910 1300//2910 1522//2910
f 1523//2911 1531//2911 1302//2911
f 1297//2912 1523//2912 1302//2912
f 1524//2913 1532//2913 1523//2913
f 1532//2914 1531//2914 1523//2914
f 1533//2915 1525//2915 1534//2915
f 1533//2916 1532//2916 1525//2916
f 1532//2917 1524//2917 1525//2917
f 1526//2918 1534//2918 1525//2918
f 1535//2919 1536//2919 1537//2919
f 1528//2920 1535//2920 1537//2920
f 1528//2921 1527//2921 1535//2921
f 1527//2922 1538//2922 1535//2922
f 1304//2923 1303//2923 1538//2923
f 1304//2924 1538//2924 1530//2924
f 1530//2925 1538//2925 1527//2925
f 1299//2926 1304//2926 1530//2926
f 1531//2927 1539//2927 1306//2927
f 1302//2928 1531//2928 1306//2928
f 1532//2929 1540//2929 1531//2929
f 1540//2930 1539//2930 1531//2930
f 1541//2931 1532//2931 1533//2931
f 1540//2932 1532//2932 1541//2932
f 1542//2933 1543//2933 1544//2933
f 1536//2934 1542//2934 1544//2934
f 1536//2935 1535//2935 1542//2935
f 1535//2936 1545//2936 1542//2936
f 1308//2937 1307//2937 1545//2937
f 1308//2938 1545//2938 1538//2938
f 1538//2939 1545//2939 1535//2939
f 1303//2940 1308//2940 1538//2940
f 1539//2941 1546//2941 1310//2941
f 1306//2942 1539//2942 1310//2942
f 1540//2943 1547//2943 1539//2943
f 1547//2944 1546//2944 1539//2944
f 1548//2945 1540//2945 1541//2945
f 1547//2946 1540//2946 1548//2946
f 1549//2947 1550//2947 1551//2947
f 1543//2948 1549//2948 1551//2948
f 1543//2949 1542//2949 1549//2949
f 1542//2950 1552//2950 1549//2950
f 1312//2951 1311//2951 1552//2951
f 1312//2952 1552//2952 1545//2952
f 1545//2953 1552//2953 1542//2953
f 1307//2954 1312//2954 1545//2954
f 1546//2955 1553//2955 1314//2955
f 1310//2956 1546//2956 1314//2956
f 1547//2957 1554//2957 1546//2957
f 1554//2958 1553//2958 1546//2958
f 1555//2959 1547//2959 1548//2959
f 1555//2960 1556//2960 1547//2960
f 1556//2961 1554//2961 1547//2961
f 1555//2962 1557//2962 1556//2962
f 1558//2963 1559//2963 1560//2963
f 1550//2964 1558//2964 1560//2964
f 1550//2965 1549//2965 1558//2965
f 1549//2966 1561//2966 1558//2966
f 1316//2967 1315//2967 1561//2967
f 1316//2968 1561//2968 1552//2968
f 1552//2969 1561//2969 1549//2969
f 1311//2970 1316//2970 1552//2970
f 1553//2971 1562//2971 1317//2971
f 1314//2972 1553//2972 1317//2972
f 1554//2973 1563//2973 1553//2973
f 1563//2974 1562//2974 1553//2974
f 1556//2975 1564//2975 1554//2975
f 1564//2976 1563//2976 1554//2976
f 1565//2977 1556//2977 1557//2977
f 1564//2978 1556//2978 1565//2978
f 1566//2979 1567//2979 1568//2979
f 1566//2980 1569//2980 1570//2980
f 1568//2981 1569//2981 1566//2981
f 1559//2982 1570//2982 1569//2982
f 1558//2983 1570//2983 1559//2983
f 1558//2984 1318//2984 1570//2984
f 1558//2985 1319//2985 1318//2985
f 1320//2986 1319//2986 1558//2986
f 1561//2987 1320//2987 1558//2987
f 1315//2988 1320//2988 1561//2988
f 1317//2989 1562//2989 1321//2989
f 1323//2990 1321//2990 1562//2990
f 1323//2991 1562//2991 1571//2991
f 1571//2992 1562//2992 1563//2992
f 1564//2993 1572//2993 1563//2993
f 1572//2994 1571//2994 1563//2994
f 1573//2995 1564//2995 1565//2995
f 1573//2996 1574//2996 1564//2996
f 1574//2997 1572//2997 1564//2997
f 1573//2998 1575//2998 1574//2998
f 1576//2999 1577//2999 1578//2999
f 1576//3000 1579//3000 1580//3000
f 1578//3001 1579//3001 1576//3001
f 1567//3002 1580//3002 1579//3002
f 1567//3003 1566//3003 1580//3003
f 1566//3004 1581//3004 1580//3004
f 1325//3005 1324//3005 1581//3005
f 1325//3006 1581//3006 1570//3006
f 1570//3007 1581//3007 1566//3007
f 1318//3008 1325//3008 1570//3008
f 1323//3009 1571//3009 1326//3009
f 1328//3010 1326//3010 1571//3010
f 1328//3011 1571//3011 1582//3011
f 1582//3012 1571//3012 1572//3012
f 1574//3013 1583//3013 1572//3013
f 1583//3014 1582//3014 1572//3014
f 1584//3015 1574//3015 1575//3015
f 1584//3016 1585//3016 1574//3016
f 1585//3017 1583//3017 1574//3017
f 1585//3018 1586//3018 1587//3018
f 1584//3019 1586//3019 1585//3019
f 1586//3020 1588//3020 1587//3020
f 1589//3021 1590//3021 1591//3021
f 1589//3022 1592//3022 1593//3022
f 1591//3023 1592//3023 1589//3023
f 1593//3024 1594//3024 1595//3024
f 1592//3025 1594//3025 1593//3025
f 1577//3026 1595//3026 1594//3026
f 1577//3027 1576//3027 1595//3027
f 1576//3028 1596//3028 1595//3028
f 1580//3029 1597//3029 1576//3029
f 1597//3030 1596//3030 1576//3030
f 1330//3031 1329//3031 1597//3031
f 1330//3032 1597//3032 1581//3032
f 1581//3033 1597//3033 1580//3033
f 1324//3034 1330//3034 1581//3034
f 1328//3035 1582//3035 1331//3035
f 1333//3036 1331//3036 1582//3036
f 1333//3037 1582//3037 1598//3037
f 1598//3038 1582//3038 1583//3038
f 1585//3039 1599//3039 1583//3039
f 1599//3040 1598//3040 1583//3040
f 1587//3041 1600//3041 1585//3041
f 1600//3042 1599//3042 1585//3042
f 1601//3043 1587//3043 1588//3043
f 1601//3044 1602//3044 1587//3044
f 1602//3045 1600//3045 1587//3045
f 1590//3046 1602//3046 1601//3046
f 1590//3047 1589//3047 1602//3047
f 1589//3048 1603//3048 1602//3048
f 1593//3049 1604//3049 1589//3049
f 1604//3050 1603//3050 1589//3050
f 1595//3051 1605//3051 1593//3051
f 1605//3052 1604//3052 1593//3052
f 1335//3053 1334//3053 1605//3053
f 1335//3054 1605//3054 1596//3054
f 1596//3055 1605//3055 1595//3055
f 1336//3056 1335//3056 1596//3056
f 1597//3057 1336//3057 1596//3057
f 1329//3058 1336//3058 1597//3058
f 1333//3059 1598//3059 1337//3059
f 1338//3060 1337//3060 1598//3060
f 1599//3061 1338//3061 1598//3061
f 1339//3062 1338//3062 1599//3062
f 1339//3063 1599//3063 1606//3063
f 1606//3064 1599//3064 1600//3064
f 1602//3065 1607//3065 1600//3065
f 1607//3066 1606//3066 1600//3066
f 1603//3067 1608//3067 1602//3067
f 1608//3068 1607//3068 1602//3068
f 1342//3069 1341//3069 1608//3069
f 1342//3070 1608//3070 1604//3070
f 1604//3071 1608//3071 1603//3071
f 1343//3072 1342//3072 1604//3072
f 1605//3073 1343//3073 1604//3073
f 1334//3074 1343//3074 1605//3074
f 1339//3075 1606//3075 1344//3075
f 1345//3076 1344//3076 1606//3076
f 1607//3077 1345//3077 1606//3077
f 1346//3078 1345//3078 1607//3078
f 1608//3079 1346//3079 1607//3079
f 1341//3080 1346//3080 1608//3080
f 1609//3081 1610//3081 1611//3081
f 1609//3082 1349//3082 1348//3082
f 1609//3083 1348//3083 1610//3083
f 1610//3084 1348//3084 1612//3084
f 1351//3085 1613//3085 1348//3085
f 1348//3086 1613//3086 1612//3086
f 1353//3087 1614//3087 1351//3087
f 1351//3088 1614//3088 1613//3088
f 1355//3089 1615//3089 1353//3089
f 1353//3090 1615//3090 1614//3090
f 1357//3091 1616//3091 1355//3091
f 1355//3092 1616//3092 1615//3092
f 1616//3093 1357//3093 1358//3093
f 1617//3094 1616//3094 1358//3094
f 1618//3095 1619//3095 1620//3095
f 1618//3096 1361//3096 1360//3096
f 1618//3097 1360//3097 1619//3097
f 1619//3098 1360//3098 1621//3098
f 1611//3099 1363//3099 1609//3099
f 1611//3100 1621//3100 1363//3100
f 1621//3101 1360//3101 1363//3101
f 1349//3102 1609//3102 1363//3102
f 1358//3103 1622//3103 1617//3103
f 1369//3104 1622//3104 1358//3104
f 1622//3105 1369//3105 1371//3105
f 1623//3106 1622//3106 1371//3106
f 1624//3107 1625//3107 1626//3107
f 1620//3108 1625//3108 1624//3108
f 1618//3109 1620//3109 1624//3109
f 1618//3110 1624//3110 1374//3110
f 1618//3111 1374//3111 1373//3111
f 1361//3112 1618//3112 1373//3112
f 1627//3113 1371//3113 1377//3113
f 1627//3114 1628//3114 1371//3114
f 1628//3115 1623//3115 1371//3115
f 1377//3116 1379//3116 1627//3116
f 1629//3117 1630//3117 1631//3117
f 1626//3118 1630//3118 1629//3118
f 1624//3119 1626//3119 1629//3119
f 1624//3120 1629//3120 1382//3120
f 1624//3121 1382//3121 1381//3121
f 1374//3122 1624//3122 1381//3122
f 1627//3123 1632//3123 1628//3123
f 1632//3124 1627//3124 1379//3124
f 1632//3125 1379//3125 1633//3125
f 1633//3126 1379//3126 1385//3126
f 1634//3127 1635//3127 1636//3127
f 1631//3128 1635//3128 1634//3128
f 1629//3129 1631//3129 1634//3129
f 1629//3130 1634//3130 1388//3130
f 1629//3131 1388//3131 1387//3131
f 1382//3132 1629//3132 1387//3132
f 1637//3133 1385//3133 1390//3133
f 1637//3134 1638//3134 1385//3134
f 1638//3135 1633//3135 1385//3135
f 1390//3136 1392//3136 1637//3136
f 1639//3137 1640//3137 1641//3137
f 1636//3138 1640//3138 1639//3138
f 1634//3139 1636//3139 1639//3139
f 1634//3140 1639//3140 1395//3140
f 1634//3141 1395//3141 1394//3141
f 1388//3142 1634//3142 1394//3142
f 1642//3143 1638//3143 1637//3143
f 1643//3144 1638//3144 1642//3144
f 1392//3145 1397//3145 1642//3145
f 1637//3146 1392//3146 1642//3146
f 1644//3147 1645//3147 1646//3147
f 1641//3148 1645//3148 1644//3148
f 1639//3149 1641//3149 1644//3149
f 1639//3150 1644//3150 1400//3150
f 1639//3151 1400//3151 1399//3151
f 1395//3152 1639//3152 1399//3152
f 1647//3153 1643//3153 1642//3153
f 1648//3154 1643//3154 1647//3154
f 1397//3155 1402//3155 1647//3155
f 1642//3156 1397//3156 1647//3156
f 1649//3157 1650//3157 1651//3157
f 1646//3158 1650//3158 1649//3158
f 1644//3159 1646//3159 1649//3159
f 1644//3160 1649//3160 1405//3160
f 1644//3161 1405//3161 1404//3161
f 1400//3162 1644//3162 1404//3162
f 1652//3163 1653//3163 1654//3163
f 1648//3164 1652//3164 1654//3164
f 1648//3165 1647//3165 1652//3165
f 1647//3166 1655//3166 1652//3166
f 1402//3167 1407//3167 1655//3167
f 1647//3168 1402//3168 1655//3168
f 1656//3169 1657//3169 1658//3169
f 1651//3170 1657//3170 1656//3170
f 1649//3171 1651//3171 1656//3171
f 1649//3172 1656//3172 1410//3172
f 1649//3173 1410//3173 1409//3173
f 1405//3174 1649//3174 1409//3174
f 1659//3175 1653//3175 1652//3175
f 1660//3176 1653//3176 1659//3176
f 1655//3177 1661//3177 1652//3177
f 1661//3178 1659//3178 1652//3178
f 1407//3179 1411//3179 1661//3179
f 1655//3180 1407//3180 1661//3180
f 1662//3181 1663//3181 1664//3181
f 1658//3182 1663//3182 1662//3182
f 1656//3183 1658//3183 1662//3183
f 1656//3184 1662//3184 1414//3184
f 1656//3185 1414//3185 1413//3185
f 1410//3186 1656//3186 1413//3186
f 1665//3187 1660//3187 1659//3187
f 1666//3188 1660//3188 1665//3188
f 1661//3189 1667//3189 1659//3189
f 1667//3190 1665//3190 1659//3190
f 1411//3191 1416//3191 1667//3191
f 1661//3192 1411//3192 1667//3192
f 1668//3193 1669//3193 1670//3193
f 1664//3194 1669//3194 1668//3194
f 1662//3195 1664//3195 1668//3195
f 1662//3196 1668//3196 1419//3196
f 1662//3197 1419//3197 1418//3197
f 1414//3198 1662//3198 1418//3198
f 1671//3199 1666//3199 1665//3199
f 1672//3200 1666//3200 1671//3200
f 1667//3201 1673//3201 1665//3201
f 1673//3202 1671//3202 1665//3202
f 1416//3203 1421//3203 1673//3203
f 1667//3204 1416//3204 1673//3204
f 1674//3205 1675//3205 1676//3205
f 1670//3206 1675//3206 1674//3206
f 1670//3207 1674//3207 1668//3207
f 1668//3208 1674//3208 1677//3208
f 1419//3209 1677//3209 1423//3209
f 1668//3210 1677//3210 1419//3210
f 1678//3211 1672//3211 1671//3211
f 1679//3212 1672//3212 1678//3212
f 1673//3213 1680//3213 1671//3213
f 1680//3214 1678//3214 1671//3214
f 1421//3215 1424//3215 1680//3215
f 1673//3216 1421//3216 1680//3216
f 1681//3217 1674//3217 1676//3217
f 1682//3218 1681//3218 1676//3218
f 1426//3219 1681//3219 1427//3219
f 1426//3220 1677//3220 1681//3220
f 1677//3221 1674//3221 1681//3221
f 1423//3222 1677//3222 1426//3222
f 1683//3223 1679//3223 1678//3223
f 1684//3224 1679//3224 1683//3224
f 1680//3225 1685//3225 1678//3225
f 1685//3226 1683//3226 1678//3226
f 1424//3227 1428//3227 1685//3227
f 1680//3228 1424//3228 1685//3228
f 1686//3229 1687//3229 1688//3229
f 1682//3230 1687//3230 1686//3230
f 1681//3231 1682//3231 1686//3231
f 1681//3232 1686//3232 1431//3232
f 1681//3233 1431//3233 1430//3233
f 1427//3234 1681//3234 1430//3234
f 1689//3235 1684//3235 1683//3235
f 1690//3236 1684//3236 1689//3236
f 1435//3237 1434//3237 1689//3237
f 1435//3238 1689//3238 1685//3238
f 1685//3239 1689//3239 1683//3239
f 1428//3240 1435//3240 1685//3240
f 1691//3241 1686//3241 1688//3241
f 1692//3242 1691//3242 1688//3242
f 1431//3243 1691//3243 1437//3243
f 1686//3244 1691//3244 1431//3244
f 1693//3245 1690//3245 1689//3245
f 1694//3246 1690//3246 1693//3246
f 1434//3247 1439//3247 1693//3247
f 1689//3248 1434//3248 1693//3248
f 1695//3249 1691//3249 1692//3249
f 1696//3250 1695//3250 1692//3250
f 1437//3251 1695//3251 1441//3251
f 1691//3252 1695//3252 1437//3252
f 1697//3253 1698//3253 1699//3253
f 1694//3254 1697//3254 1699//3254
f 1694//3255 1693//3255 1697//3255
f 1693//3256 1700//3256 1697//3256
f 1439//3257 1443//3257 1700//3257
f 1693//3258 1439//3258 1700//3258
f 1445//3259 1695//3259 1696//3259
f 1445//3260 1696//3260 1446//3260
f 1446//3261 1696//3261 1701//3261
f 1441//3262 1695//3262 1445//3262
f 1702//3263 1698//3263 1697//3263
f 1703//3264 1698//3264 1702//3264
f 1700//3265 1704//3265 1697//3265
f 1704//3266 1702//3266 1697//3266
f 1443//3267 1448//3267 1704//3267
f 1700//3268 1443//3268 1704//3268
f 1446//3269 1701//3269 1450//3269
f 1701//3270 1705//3270 1450//3270
f 1706//3271 1703//3271 1702//3271
f 1707//3272 1703//3272 1706//3272
f 1704//3273 1708//3273 1702//3273
f 1708//3274 1706//3274 1702//3274
f 1448//3275 1452//3275 1708//3275
f 1704//3276 1448//3276 1708//3276
f 1450//3277 1705//3277 1454//3277
f 1705//3278 1709//3278 1454//3278
f 1710//3279 1707//3279 1706//3279
f 1711//3280 1707//3280 1710//3280
f 1708//3281 1712//3281 1706//3281
f 1712//3282 1710//3282 1706//3282
f 1452//3283 1456//3283 1712//3283
f 1708//3284 1452//3284 1712//3284
f 1454//3285 1709//3285 1457//3285
f 1709//3286 1713//3286 1457//3286
f 1714//3287 1711//3287 1710//3287
f 1715//3288 1711//3288 1714//3288
f 1712//3289 1716//3289 1710//3289
f 1716//3290 1714//3290 1710//3290
f 1456//3291 1459//3291 1716//3291
f 1712//3292 1456//3292 1716//3292
f 1717//3293 1718//3293 1460//3293
f 1717//3294 1460//3294 1713//3294
f 1713//3295 1460//3295 1457//3295
f 1717//3296 1719//3296 1718//3296
f 1720//3297 1721//3297 1722//3297
f 1715//3298 1720//3298 1722//3298
f 1715//3299 1714//3299 1720//3299
f 1714//3300 1723//3300 1720//3300
f 1716//3301 1724//3301 1714//3301
f 1724//3302 1723//3302 1714//3302
f 1459//3303 1462//3303 1724//3303
f 1716//3304 1459//3304 1724//3304
f 1718//3305 1725//3305 1463//3305
f 1460//3306 1718//3306 1463//3306
f 1726//3307 1718//3307 1719//3307
f 1725//3308 1718//3308 1726//3308
f 1727//3309 1721//3309 1720//3309
f 1728//3310 1721//3310 1727//3310
f 1723//3311 1729//3311 1720//3311
f 1729//3312 1727//3312 1720//3312
f 1466//3313 1465//3313 1729//3313
f 1466//3314 1729//3314 1724//3314
f 1724//3315 1729//3315 1723//3315
f 1462//3316 1466//3316 1724//3316
f 1463//3317 1725//3317 1468//3317
f 1725//3318 1470//3318 1468//3318
f 1725//3319 1726//3319 1470//3319
f 1726//3320 1730//3320 1470//3320
f 1731//3321 1728//3321 1727//3321
f 1732//3322 1728//3322 1731//3322
f 1729//3323 1733//3323 1727//3323
f 1733//3324 1731//3324 1727//3324
f 1465//3325 1472//3325 1733//3325
f 1729//3326 1465//3326 1733//3326
f 1734//3327 1735//3327 1474//3327
f 1734//3328 1474//3328 1730//3328
f 1730//3329 1474//3329 1470//3329
f 1734//3330 1736//3330 1735//3330
f 1737//3331 1738//3331 1739//3331
f 1732//3332 1737//3332 1739//3332
f 1732//3333 1731//3333 1737//3333
f 1731//3334 1740//3334 1737//3334
f 1733//3335 1741//3335 1731//3335
f 1741//3336 1740//3336 1731//3336
f 1472//3337 1476//3337 1741//3337
f 1733//3338 1472//3338 1741//3338
f 1735//3339 1742//3339 1478//3339
f 1474//3340 1735//3340 1478//3340
f 1743//3341 1735//3341 1736//3341
f 1742//3342 1735//3342 1743//3342
f 1744//3343 1738//3343 1737//3343
f 1745//3344 1738//3344 1744//3344
f 1740//3345 1746//3345 1737//3345
f 1746//3346 1744//3346 1737//3346
f 1481//3347 1480//3347 1746//3347
f 1481//3348 1746//3348 1741//3348
f 1741//3349 1746//3349 1740//3349
f 1476//3350 1481//3350 1741//3350
f 1742//3351 1747//3351 1484//3351
f 1478//3352 1742//3352 1484//3352
f 1748//3353 1742//3353 1743//3353
f 1747//3354 1742//3354 1748//3354
f 1749//3355 1745//3355 1744//3355
f 1750//3356 1745//3356 1749//3356
f 1746//3357 1751//3357 1744//3357
f 1751//3358 1749//3358 1744//3358
f 1480//3359 1486//3359 1751//3359
f 1746//3360 1480//3360 1751//3360
f 1747//3361 1752//3361 1490//3361
f 1484//3362 1747//3362 1490//3362
f 1753//3363 1747//3363 1748//3363
f 1753//3364 1754//3364 1747//3364
f 1754//3365 1752//3365 1747//3365
f 1753//3366 1755//3366 1754//3366
f 1756//3367 1757//3367 1758//3367
f 1750//3368 1756//3368 1758//3368
f 1750//3369 1749//3369 1756//3369
f 1749//3370 1759//3370 1756//3370
f 1751//3371 1760//3371 1749//3371
f 1760//3372 1759//3372 1749//3372
f 1486//3373 1492//3373 1760//3373
f 1751//3374 1486//3374 1760//3374
f 1495//3375 1761//3375 1494//3375
f 1495//3376 1490//3376 1752//3376
f 1495//3377 1752//3377 1761//3377
f 1761//3378 1752//3378 1762//3378
f 1754//3379 1763//3379 1752//3379
f 1763//3380 1762//3380 1752//3380
f 1764//3381 1754//3381 1755//3381
f 1763//3382 1754//3382 1764//3382
f 1765//3383 1757//3383 1756//3383
f 1766//3384 1757//3384 1765//3384
f 1759//3385 1767//3385 1756//3385
f 1767//3386 1765//3386 1756//3386
f 1498//3387 1497//3387 1767//3387
f 1498//3388 1767//3388 1760//3388
f 1760//3389 1767//3389 1759//3389
f 1492//3390 1498//3390 1760//3390
f 1761//3391 1768//3391 1501//3391
f 1494//3392 1761//3392 1501//3392
f 1762//3393 1769//3393 1761//3393
f 1769//3394 1768//3394 1761//3394
f 1763//3395 1770//3395 1762//3395
f 1770//3396 1769//3396 1762//3396
f 1771//3397 1763//3397 1764//3397
f 1770//3398 1763//3398 1771//3398
f 1772//3399 1773//3399 1774//3399
f 1766//3400 1772//3400 1774//3400
f 1766//3401 1765//3401 1772//3401
f 1765//3402 1775//3402 1772//3402
f 1767//3403 1776//3403 1765//3403
f 1776//3404 1775//3404 1765//3404
f 1497//3405 1503//3405 1776//3405
f 1767//3406 1497//3406 1776//3406
f 1768//3407 1777//3407 1506//3407
f 1501//3408 1768//3408 1506//3408
f 1769//3409 1778//3409 1768//3409
f 1778//3410 1777//3410 1768//3410
f 1770//3411 1779//3411 1769//3411
f 1779//3412 1778//3412 1769//3412
f 1780//3413 1770//3413 1771//3413
f 1779//3414 1770//3414 1780//3414
f 1781//3415 1773//3415 1772//3415
f 1782//3416 1773//3416 1781//3416
f 1775//3417 1783//3417 1772//3417
f 1783//3418 1781//3418 1772//3418
f 1509//3419 1508//3419 1783//3419
f 1509//3420 1783//3420 1776//3420
f 1776//3421 1783//3421 1775//3421
f 1503//3422 1509//3422 1776//3422
f 1777//3423 1784//3423 1513//3423
f 1506//3424 1777//3424 1513//3424
f 1778//3425 1785//3425 1777//3425
f 1785//3426 1784//3426 1777//3426
f 1779//3427 1786//3427 1778//3427
f 1786//3428 1785//3428 1778//3428
f 1787//3429 1779//3429 1780//3429
f 1786//3430 1779//3430 1787//3430
f 1788//3431 1789//3431 1790//3431
f 1782//3432 1788//3432 1790//3432
f 1782//3433 1781//3433 1788//3433
f 1781//3434 1791//3434 1788//3434
f 1783//3435 1792//3435 1781//3435
f 1792//3436 1791//3436 1781//3436
f 1508//3437 1515//3437 1792//3437
f 1783//3438 1508//3438 1792//3438
f 1784//3439 1793//3439 1518//3439
f 1513//3440 1784//3440 1518//3440
f 1785//3441 1794//3441 1784//3441
f 1794//3442 1793//3442 1784//3442
f 1786//3443 1795//3443 1785//3443
f 1795//3444 1794//3444 1785//3444
f 1796//3445 1786//3445 1787//3445
f 1796//3446 1797//3446 1786//3446
f 1797//3447 1795//3447 1786//3447
f 1796//3448 1798//3448 1797//3448
f 1799//3449 1800//3449 1801//3449
f 1789//3450 1799//3450 1801//3450
f 1789//3451 1788//3451 1799//3451
f 1788//3452 1802//3452 1799//3452
f 1791//3453 1803//3453 1788//3453
f 1803//3454 1802//3454 1788//3454
f 1521//3455 1520//3455 1803//3455
f 1521//3456 1803//3456 1792//3456
f 1792//3457 1803//3457 1791//3457
f 1515//3458 1521//3458 1792//3458
f 1793//3459 1804//3459 1526//3459
f 1518//3460 1793//3460 1526//3460
f 1794//3461 1805//3461 1793//3461
f 1805//3462 1804//3462 1793//3462
f 1795//3463 1806//3463 1794//3463
f 1806//3464 1805//3464 1794//3464
f 1797//3465 1807//3465 1795//3465
f 1807//3466 1806//3466 1795//3466
f 1808//3467 1797//3467 1798//3467
f 1807//3468 1797//3468 1808//3468
f 1809//3469 1810//3469 1811//3469
f 1800//3470 1809//3470 1811//3470
f 1800//3471 1799//3471 1809//3471
f 1799//3472 1812//3472 1809//3472
f 1802//3473 1813//3473 1799//3473
f 1813//3474 1812//3474 1799//3474
f 1529//3475 1528//3475 1813//3475
f 1529//3476 1813//3476 1803//3476
f 1803//3477 1813//3477 1802//3477
f 1520//3478 1529//3478 1803//3478
f 1534//3479 1814//3479 1533//3479
f 1534//3480 1526//3480 1804//3480
f 1534//3481 1804//3481 1814//3481
f 1814//3482 1804//3482 1815//3482
f 1805//3483 1816//3483 1804//3483
f 1816//3484 1815//3484 1804//3484
f 1806//3485 1817//3485 1805//3485
f 1817//3486 1816//3486 1805//3486
f 1807//3487 1818//3487 1806//3487
f 1818//3488 1817//3488 1806//3488
f 1819//3489 1807//3489 1808//3489
f 1819//3490 1820//3490 1807//3490
f 1820//3491 1818//3491 1807//3491
f 1819//3492 1821//3492 1820//3492
f 1822//3493 1823//3493 1824//3493
f 1810//3494 1822//3494 1824//3494
f 1810//3495 1809//3495 1822//3495
f 1809//3496 1825//3496 1822//3496
f 1812//3497 1826//3497 1809//3497
f 1826//3498 1825//3498 1809//3498
f 1537//3499 1536//3499 1826//3499
f 1537//3500 1826//3500 1813//3500
f 1813//3501 1826//3501 1812//3501
f 1528//3502 1537//3502 1813//3502
f 1814//3503 1827//3503 1541//3503
f 1533//3504 1814//3504 1541//3504
f 1815//3505 1828//3505 1814//3505
f 1828//3506 1827//3506 1814//3506
f 1816//3507 1829//3507 1815//3507
f 1829//3508 1828//3508 1815//3508
f 1817//3509 1830//3509 1816//3509
f 1830//3510 1829//3510 1816//3510
f 1818//3511 1831//3511 1817//3511
f 1831//3512 1830//3512 1817//3512
f 1820//3513 1832//3513 1818//3513
f 1832//3514 1831//3514 1818//3514
f 1833//3515 1820//3515 1821//3515
f 1833//3516 1834//3516 1820//3516
f 1834//3517 1832//3517 1820//3517
f 1833//3518 1835//3518 1834//3518
f 1836//3519 1837//3519 1838//3519
f 1836//3520 1839//3520 1840//3520
f 1838//3521 1839//3521 1836//3521
f 1823//3522 1840//3522 1839//3522
f 1823//3523 1822//3523 1840//3523
f 1822//3524 1841//3524 1840//3524
f 1825//3525 1842//3525 1822//3525
f 1842//3526 1841//3526 1822//3526
f 1544//3527 1543//3527 1842//3527
f 1544//3528 1842//3528 1826//3528
f 1826//3529 1842//3529 1825//3529
f 1536//3530 1544//3530 1826//3530
f 1827//3531 1843//3531 1548//3531
f 1541//3532 1827//3532 1548//3532
f 1828//3533 1844//3533 1827//3533
f 1844//3534 1843//3534 1827//3534
f 1829//3535 1845//3535 1828//3535
f 1845//3536 1844//3536 1828//3536
f 1830//3537 1846//3537 1829//3537
f 1846//3538 1845//3538 1829//3538
f 1831//3539 1847//3539 1830//3539
f 1847//3540 1846//3540 1830//3540
f 1832//3541 1848//3541 1831//3541
f 1848//3542 1847//3542 1831//3542
f 1834//3543 1849//3543 1832//3543
f 1849//3544 1848//3544 1832//3544
f 1850//3545 1834//3545 1835//3545
f 1850//3546 1851//3546 1834//3546
f 1851//3547 1849//3547 1834//3547
f 1851//3548 1852//3548 1853//3548
f 1850//3549 1852//3549 1851//3549
f 1853//3550 1854//3550 1855//3550
f 1852//3551 1854//3551 1853//3551
f 1837//3552 1855//3552 1854//3552
f 1837//3553 1836//3553 1855//3553
f 1836//3554 1856//3554 1855//3554
f 1840//3555 1857//3555 1836//3555
f 1857//3556 1856//3556 1836//3556
f 1841//3557 1858//3557 1840//3557
f 1858//3558 1857//3558 1840//3558
f 1551//3559 1550//3559 1858//3559
f 1551//3560 1858//3560 1842//3560
f 1842//3561 1858//3561 1841//3561
f 1543//3562 1551//3562 1842//3562
f 1548//3563 1843//3563 1555//3563
f 1557//3564 1555//3564 1843//3564
f 1557//3565 1843//3565 1859//3565
f 1859//3566 1843//3566 1844//3566
f 1845//3567 1860//3567 1844//3567
f 1860//3568 1859//3568 1844//3568
f 1846//3569 1861//3569 1845//3569
f 1861//3570 1860//3570 1845//3570
f 1847//3571 1862//3571 1846//3571
f 1862//3572 1861//3572 1846//3572
f 1848//3573 1863//3573 1847//3573
f 1863//3574 1862//3574 1847//3574
f 1849//3575 1864//3575 1848//3575
f 1864//3576 1863//3576 1848//3576
f 1851//3577 1865//3577 1849//3577
f 1865//3578 1864//3578 1849//3578
f 1853//3579 1866//3579 1851//3579
f 1866//3580 1865//3580 1851//3580
f 1855//3581 1867//3581 1853//3581
f 1867//3582 1866//3582 1853//3582
f 1856//3583 1868//3583 1855//3583
f 1868//3584 1867//3584 1855//3584
f 1857//3585 1869//3585 1856//3585
f 1869//3586 1868//3586 1856//3586
f 1560//3587 1559//3587 1869//3587
f 1560//3588 1869//3588 1858//3588
f 1858//3589 1869//3589 1857//3589
f 1550//3590 1560//3590 1858//3590
f 1859//3591 1870//3591 1565//3591
f 1557//3592 1859//3592 1565//3592
f 1860//3593 1871//3593 1859//3593
f 1871//3594 1870//3594 1859//3594
f 1861//3595 1872//3595 1860//3595
f 1872//3596 1871//3596 1860//3596
f 1862//3597 1873//3597 1861//3597
f 1873//3598 1872//3598 1861//3598
f 1863//3599 1874//3599 1862//3599
f 1874//3600 1873//3600 1862//3600
f 1864//3601 1875//3601 1863//3601
f 1875//3602 1874//3602 1863//3602
f 1865//3603 1876//3603 1864//3603
f 1876//3604 1875//3604 1864//3604
f 1866//3605 1877//3605 1865//3605
f 1877//3606 1876//3606 1865//3606
f 1867//3607 1878//3607 1866//3607
f 1878//3608 1877//3608 1866//3608
f 1568//3609 1567//3609 1878//3609
f 1568//3610 1878//3610 1868//3610
f 1868//3611 1878//3611 1867//3611
f 1569//3612 1568//3612 1868//3612
f 1869//3613 1569//3613 1868//3613
f 1559//3614 1569//3614 1869//3614
f 1565//3615 1870//3615 1573//3615
f 1575//3616 1573//3616 1870//3616
f 1575//3617 1870//3617 1879//3617
f 1879//3618 1870//3618 1871//3618
f 1872//3619 1880//3619 1871//3619
f 1880//3620 1879//3620 1871//3620
f 1873//3621 1881//3621 1872//3621
f 1881//3622 1880//3622 1872//3622
f 1874//3623 1882//3623 1873//3623
f 1882//3624 1881//3624 1873//3624
f 1875//3625 1883//3625 1874//3625
f 1883//3626 1882//3626 1874//3626
f 1876//3627 1884//3627 1875//3627
f 1884//3628 1883//3628 1875//3628
f 1578//3629 1577//3629 1884//3629
f 1578//3630 1884//3630 1877//3630
f 1877//3631 1884//3631 1876//3631
f 1579//3632 1578//3632 1877//3632
f 1878//3633 1579//3633 1877//3633
f 1567//3634 1579//3634 1878//3634
f 1575//3635 1879//3635 1584//3635
f 1586//3636 1584//3636 1879//3636
f 1880//3637 1586//3637 1879//3637
f 1588//3638 1586//3638 1880//3638
f 1588//3639 1880//3639 1885//3639
f 1885//3640 1880//3640 1881//3640
f 1591//3641 1590//3641 1885//3641
f 1591//3642 1885//3642 1882//3642
f 1882//3643 1885//3643 1881//3643
f 1592//3644 1591//3644 1882//3644
f 1883//3645 1592//3645 1882//3645
f 1594//3646 1592//3646 1883//3646
f 1884//3647 1594//3647 1883//3647
f 1577//3648 1594//3648 1884//3648
f 1588//3649 1885//3649 1601//3649
f 1590//3650 1601//3650 1885//3650
f 1610//3651 1886//3651 1611//3651
f 1610//3652 1612//3652 1887//3652
f 1886//3653 1610//3653 1887//3653
f 1612//3654 1613//3654 1888//3654
f 1887//3655 1612//3655 1888//3655
f 1613//3656 1614//3656 1889//3656
f 1888//3657 1613//3657 1889//3657
f 1614//3658 1615//3658 1890//3658
f 1889//3659 1614//3659 1890//3659
f 1615//3660 1616//3660 1891//3660
f 1890//3661 1615//3661 1891//3661
f 1616//3662 1617//3662 1891//3662
f 1619//3663 1892//3663 1620//3663
f 1619//3664 1621//3664 1893//3664
f 1892//3665 1619//3665 1893//3665
f 1621//3666 1611//3666 1886//3666
f 1621//3667 1886//3667 1893//3667
f 1893//3668 1886//3668 1894//3668
f 1887//3669 1895//3669 1886//3669
f 1895//3670 1894//3670 1886//3670
f 1888//3671 1896//3671 1887//3671
f 1896//3672 1895//3672 1887//3672
f 1889//3673 1897//3673 1888//3673
f 1897//3674 1896//3674 1888//3674
f 1890//3675 1898//3675 1889//3675
f 1898//3676 1897//3676 1889//3676
f 1891//3677 1899//3677 1890//3677
f 1899//3678 1898//3678 1890//3678
f 1617//3679 1622//3679 1900//3679
f 1617//3680 1900//3680 1891//3680
f 1891//3681 1900//3681 1899//3681
f 1622//3682 1623//3682 1900//3682
f 1625//3683 1901//3683 1626//3683
f 1625//3684 1620//3684 1892//3684
f 1625//3685 1892//3685 1901//3685
f 1901//3686 1892//3686 1902//3686
f 1893//3687 1903//3687 1892//3687
f 1903//3688 1902//3688 1892//3688
f 1904//3689 1894//3689 1905//3689
f 1904//3690 1903//3690 1894//3690
f 1903//3691 1893//3691 1894//3691
f 1895//3692 1905//3692 1894//3692
f 1906//3693 1905//3693 1895//3693
f 1896//3694 1906//3694 1895//3694
f 1907//3695 1906//3695 1896//3695
f 1897//3696 1907//3696 1896//3696
f 1908//3697 1907//3697 1897//3697
f 1908//3698 1909//3698 1910//3698
f 1908//3699 1897//3699 1909//3699
f 1897//3700 1898//3700 1909//3700
f 1899//3701 1911//3701 1898//3701
f 1911//3702 1909//3702 1898//3702
f 1900//3703 1912//3703 1899//3703
f 1912//3704 1911//3704 1899//3704
f 1623//3705 1628//3705 1912//3705
f 1900//3706 1623//3706 1912//3706
f 1630//3707 1913//3707 1631//3707
f 1630//3708 1626//3708 1901//3708
f 1630//3709 1901//3709 1913//3709
f 1913//3710 1901//3710 1914//3710
f 1915//3711 1902//3711 1916//3711
f 1915//3712 1914//3712 1902//3712
f 1914//3713 1901//3713 1902//3713
f 1903//3714 1916//3714 1902//3714
f 1917//3715 1916//3715 1903//3715
f 1904//3716 1917//3716 1903//3716
f 1909//3717 1918//3717 1910//3717
f 1918//3718 1919//3718 1920//3718
f 1918//3719 1909//3719 1919//3719
f 1909//3720 1911//3720 1919//3720
f 1912//3721 1921//3721 1911//3721
f 1921//3722 1919//3722 1911//3722
f 1628//3723 1632//3723 1922//3723
f 1628//3724 1922//3724 1912//3724
f 1912//3725 1922//3725 1921//3725
f 1632//3726 1633//3726 1922//3726
f 1635//3727 1923//3727 1636//3727
f 1635//3728 1924//3728 1923//3728
f 1631//3729 1924//3729 1635//3729
f 1631//3730 1925//3730 1924//3730
f 1631//3731 1913//3731 1925//3731
f 1914//3732 1925//3732 1913//3732
f 1926//3733 1925//3733 1914//3733
f 1915//3734 1926//3734 1914//3734
f 1927//3735 1920//3735 1919//3735
f 1928//3736 1920//3736 1927//3736
f 1921//3737 1929//3737 1919//3737
f 1929//3738 1927//3738 1919//3738
f 1922//3739 1930//3739 1921//3739
f 1930//3740 1929//3740 1921//3740
f 1633//3741 1638//3741 1930//3741
f 1922//3742 1633//3742 1930//3742
f 1640//3743 1931//3743 1932//3743
f 1641//3744 1640//3744 1932//3744
f 1923//3745 1640//3745 1636//3745
f 1923//3746 1933//3746 1640//3746
f 1933//3747 1931//3747 1640//3747
f 1924//3748 1933//3748 1923//3748
f 1934//3749 1928//3749 1927//3749
f 1935//3750 1928//3750 1934//3750
f 1929//3751 1936//3751 1927//3751
f 1936//3752 1934//3752 1927//3752
f 1930//3753 1937//3753 1929//3753
f 1937//3754 1936//3754 1929//3754
f 1638//3755 1643//3755 1937//3755
f 1930//3756 1638//3756 1937//3756
f 1645//3757 1938//3757 1939//3757
f 1646//3758 1645//3758 1939//3758
f 1932//3759 1645//3759 1641//3759
f 1938//3760 1645//3760 1932//3760
f 1940//3761 1935//3761 1934//3761
f 1941//3762 1935//3762 1940//3762
f 1936//3763 1942//3763 1934//3763
f 1942//3764 1940//3764 1934//3764
f 1937//3765 1943//3765 1936//3765
f 1943//3766 1942//3766 1936//3766
f 1643//3767 1648//3767 1943//3767
f 1937//3768 1643//3768 1943//3768
f 1650//3769 1944//3769 1945//3769
f 1651//3770 1650//3770 1945//3770
f 1939//3771 1650//3771 1646//3771
f 1944//3772 1650//3772 1939//3772
f 1946//3773 1947//3773 1948//3773
f 1941//3774 1946//3774 1948//3774
f 1941//3775 1940//3775 1946//3775
f 1940//3776 1949//3776 1946//3776
f 1942//3777 1950//3777 1940//3777
f 1950//3778 1949//3778 1940//3778
f 1654//3779 1653//3779 1950//3779
f 1654//3780 1950//3780 1943//3780
f 1943//3781 1950//3781 1942//3781
f 1648//3782 1654//3782 1943//3782
f 1657//3783 1951//3783 1952//3783
f 1658//3784 1657//3784 1952//3784
f 1945//3785 1657//3785 1651//3785
f 1951//3786 1657//3786 1945//3786
f 1953//3787 1947//3787 1946//3787
f 1954//3788 1947//3788 1953//3788
f 1949//3789 1955//3789 1946//3789
f 1955//3790 1953//3790 1946//3790
f 1950//3791 1956//3791 1949//3791
f 1956//3792 1955//3792 1949//3792
f 1653//3793 1660//3793 1956//3793
f 1950//3794 1653//3794 1956//3794
f 1663//3795 1957//3795 1958//3795
f 1664//3796 1663//3796 1958//3796
f 1952//3797 1663//3797 1658//3797
f 1957//3798 1663//3798 1952//3798
f 1959//3799 1954//3799 1953//3799
f 1960//3800 1954//3800 1959//3800
f 1955//3801 1961//3801 1953//3801
f 1961//3802 1959//3802 1953//3802
f 1956//3803 1962//3803 1955//3803
f 1962//3804 1961//3804 1955//3804
f 1660//3805 1666//3805 1962//3805
f 1956//3806 1660//3806 1962//3806
f 1669//3807 1963//3807 1670//3807
f 1669//3808 1964//3808 1963//3808
f 1669//3809 1664//3809 1964//3809
f 1664//3810 1958//3810 1964//3810
f 1965//3811 1960//3811 1959//3811
f 1966//3812 1960//3812 1965//3812
f 1961//3813 1967//3813 1959//3813
f 1967//3814 1965//3814 1959//3814
f 1962//3815 1968//3815 1961//3815
f 1968//3816 1967//3816 1961//3816
f 1666//3817 1672//3817 1968//3817
f 1962//3818 1666//3818 1968//3818
f 1675//3819 1969//3819 1676//3819
f 1675//3820 1970//3820 1969//3820
f 1670//3821 1970//3821 1675//3821
f 1670//3822 1971//3822 1970//3822
f 1670//3823 1963//3823 1971//3823
f 1964//3824 1971//3824 1963//3824
f 1972//3825 1966//3825 1965//3825
f 1973//3826 1966//3826 1972//3826
f 1967//3827 1974//3827 1965//3827
f 1974//3828 1972//3828 1965//3828
f 1968//3829 1975//3829 1967//3829
f 1975//3830 1974//3830 1967//3830
f 1672//3831 1679//3831 1975//3831
f 1968//3832 1672//3832 1975//3832
f 1969//3833 1976//3833 1977//3833
f 1969//3834 1977//3834 1676//3834
f 1676//3835 1977//3835 1682//3835
f 1970//3836 1976//3836 1969//3836
f 1978//3837 1973//3837 1972//3837
f 1979//3838 1973//3838 1978//3838
f 1974//3839 1980//3839 1972//3839
f 1980//3840 1978//3840 1972//3840
f 1975//3841 1981//3841 1974//3841
f 1981//3842 1980//3842 1974//3842
f 1679//3843 1684//3843 1981//3843
f 1975//3844 1679//3844 1981//3844
f 1687//3845 1982//3845 1688//3845
f 1687//3846 1983//3846 1982//3846
f 1687//3847 1682//3847 1983//3847
f 1682//3848 1977//3848 1983//3848
f 1984//3849 1979//3849 1978//3849
f 1985//3850 1979//3850 1984//3850
f 1980//3851 1986//3851 1978//3851
f 1986//3852 1984//3852 1978//3852
f 1981//3853 1987//3853 1980//3853
f 1987//3854 1986//3854 1980//3854
f 1684//3855 1690//3855 1987//3855
f 1981//3856 1684//3856 1987//3856
f 1982//3857 1988//3857 1692//3857
f 1688//3858 1982//3858 1692//3858
f 1989//3859 1982//3859 1983//3859
f 1988//3860 1982//3860 1989//3860
f 1990//3861 1991//3861 1992//3861
f 1985//3862 1990//3862 1992//3862
f 1985//3863 1984//3863 1990//3863
f 1984//3864 1993//3864 1990//3864
f 1986//3865 1994//3865 1984//3865
f 1994//3866 1993//3866 1984//3866
f 1987//3867 1995//3867 1986//3867
f 1995//3868 1994//3868 1986//3868
f 1690//3869 1694//3869 1995//3869
f 1987//3870 1690//3870 1995//3870
f 1988//3871 1996//3871 1696//3871
f 1692//3872 1988//3872 1696//3872
f 1997//3873 1988//3873 1989//3873
f 1996//3874 1988//3874 1997//3874
f 1998//3875 1991//3875 1990//3875
f 1999//3876 1991//3876 1998//3876
f 1993//3877 2000//3877 1990//3877
f 2000//3878 1998//3878 1990//3878
f 1994//3879 2001//3879 1993//3879
f 2001//3880 2000//3880 1993//3880
f 1699//3881 1698//3881 2001//3881
f 1699//3882 2001//3882 1995//3882
f 1995//3883 2001//3883 1994//3883
f 1694//3884 1699//3884 1995//3884
f 1996//3885 2002//3885 1701//3885
f 1696//3886 1996//3886 1701//3886
f 2003//3887 1996//3887 1997//3887
f 2002//3888 1996//3888 2003//3888
f 2004//3889 1999//3889 1998//3889
f 2005//3890 1999//3890 2004//3890
f 2000//3891 2006//3891 1998//3891
f 2006//3892 2004//3892 1998//3892
f 2001//3893 2007//3893 2000//3893
f 2007//3894 2006//3894 2000//3894
f 1698//3895 1703//3895 2007//3895
f 2001//3896 1698//3896 2007//3896
f 2002//3897 2008//3897 1705//3897
f 1701//3898 2002//3898 1705//3898
f 2009//3899 2002//3899 2003//3899
f 2008//3900 2002//3900 2009//3900
f 2010//3901 2005//3901 2004//3901
f 2011//3902 2005//3902 2010//3902
f 2006//3903 2012//3903 2004//3903
f 2012//3904 2010//3904 2004//3904
f 2007//3905 2013//3905 2006//3905
f 2013//3906 2012//3906 2006//3906
f 1703//3907 1707//3907 2013//3907
f 2007//3908 1703//3908 2013//3908
f 2008//3909 2014//3909 1709//3909
f 1705//3910 2008//3910 1709//3910
f 2015//3911 2008//3911 2009//3911
f 2014//3912 2008//3912 2015//3912
f 2016//3913 2011//3913 2010//3913
f 2017//3914 2011//3914 2016//3914
f 2012//3915 2018//3915 2010//3915
f 2018//3916 2016//3916 2010//3916
f 2013//3917 2019//3917 2012//3917
f 2019//3918 2018//3918 2012//3918
f 1707//3919 1711//3919 2019//3919
f 2013//3920 1707//3920 2019//3920
f 2014//3921 2020//3921 1713//3921
f 1709//3922 2014//3922 1713//3922
f 2021//3923 2014//3923 2015//3923
f 2021//3924 2022//3924 2014//3924
f 2022//3925 2020//3925 2014//3925
f 2021//3926 2023//3926 2022//3926
f 2024//3927 2017//3927 2016//3927
f 2025//3928 2017//3928 2024//3928
f 2018//3929 2026//3929 2016//3929
f 2026//3930 2024//3930 2016//3930
f 2019//3931 2027//3931 2018//3931
f 2027//3932 2026//3932 2018//3932
f 1711//3933 1715//3933 2027//3933
f 2019//3934 1711//3934 2027//3934
f 1713//3935 2020//3935 1717//3935
f 1719//3936 1717//3936 2020//3936
f 1719//3937 2020//3937 2028//3937
f 2028//3938 2020//3938 2022//3938
f 2029//3939 2022//3939 2023//3939
f 2028//3940 2022//3940 2029//3940
f 2030//3941 2031//3941 2032//3941
f 2025//3942 2030//3942 2032//3942
f 2025//3943 2024//3943 2030//3943
f 2024//3944 2033//3944 2030//3944
f 2026//3945 2034//3945 2024//3945
f 2034//3946 2033//3946 2024//3946
f 1722//3947 1721//3947 2034//3947
f 1722//3948 2034//3948 2027//3948
f 2027//3949 2034//3949 2026//3949
f 1715//3950 1722//3950 2027//3950
f 2028//3951 2035//3951 1726//3951
f 1719//3952 2028//3952 1726//3952
f 2036//3953 2028//3953 2029//3953
f 2035//3954 2028//3954 2036//3954
f 2037//3955 2031//3955 2030//3955
f 2038//3956 2031//3956 2037//3956
f 2033//3957 2039//3957 2030//3957
f 2039//3958 2037//3958 2030//3958
f 2034//3959 2040//3959 2033//3959
f 2040//3960 2039//3960 2033//3960
f 1721//3961 1728//3961 2040//3961
f 2034//3962 1721//3962 2040//3962
f 2035//3963 2041//3963 1730//3963
f 1726//3964 2035//3964 1730//3964
f 2042//3965 2035//3965 2036//3965
f 2042//3966 2043//3966 2035//3966
f 2043//3967 2041//3967 2035//3967
f 2042//3968 2044//3968 2043//3968
f 2045//3969 2038//3969 2037//3969
f 2046//3970 2038//3970 2045//3970
f 2039//3971 2047//3971 2037//3971
f 2047//3972 2045//3972 2037//3972
f 2040//3973 2048//3973 2039//3973
f 2048//3974 2047//3974 2039//3974
f 1728//3975 1732//3975 2048//3975
f 2040//3976 1728//3976 2048//3976
f 1730//3977 2041//3977 1734//3977
f 1736//3978 1734//3978 2041//3978
f 1736//3979 2041//3979 2049//3979
f 2049//3980 2041//3980 2043//3980
f 2050//3981 2043//3981 2044//3981
f 2049//3982 2043//3982 2050//3982
f 2051//3983 2046//3983 2045//3983
f 2052//3984 2046//3984 2051//3984
f 2047//3985 2053//3985 2045//3985
f 2053//3986 2051//3986 2045//3986
f 1739//3987 1738//3987 2053//3987
f 1739//3988 2053//3988 2048//3988
f 2048//3989 2053//3989 2047//3989
f 1732//3990 1739//3990 2048//3990
f 2049//3991 2054//3991 1743//3991
f 1736//3992 2049//3992 1743//3992
f 2055//3993 2049//3993 2050//3993
f 2055//3994 2056//3994 2049//3994
f 2056//3995 2054//3995 2049//3995
f 2055//3996 2057//3996 2056//3996
f 2058//3997 2052//3997 2051//3997
f 2059//3998 2052//3998 2058//3998
f 2053//3999 2060//3999 2051//3999
f 2060//4000 2058//4000 2051//4000
f 1738//4001 1745//4001 2060//4001
f 2053//4002 1738//4002 2060//4002
f 2054//4003 2061//4003 1748//4003
f 1743//4004 2054//4004 1748//4004
f 2056//4005 2062//4005 2054//4005
f 2062//4006 2061//4006 2054//4006
f 2063//4007 2056//4007 2057//4007
f 2062//4008 2056//4008 2063//4008
f 2064//4009 2065//4009 2066//4009
f 2059//4010 2064//4010 2066//4010
f 2059//4011 2058//4011 2064//4011
f 2058//4012 2067//4012 2064//4012
f 2060//4013 2068//4013 2058//4013
f 2068//4014 2067//4014 2058//4014
f 1745//4015 1750//4015 2068//4015
f 2060//4016 1745//4016 2068//4016
f 1748//4017 2061//4017 1753//4017
f 1755//4018 1753//4018 2061//4018
f 1755//4019 2061//4019 2069//4019
f 2069//4020 2061//4020 2062//4020
f 2070//4021 2062//4021 2063//4021
f 2070//4022 2071//4022 2062//4022
f 2071//4023 2069//4023 2062//4023
f 2070//4024 2072//4024 2071//4024
f 2073//4025 2065//4025 2064//4025
f 2074//4026 2065//4026 2073//4026
f 2067//4027 2075//4027 2064//4027
f 2075//4028 2073//4028 2064//4028
f 1758//4029 1757//4029 2075//4029
f 1758//4030 2075//4030 2068//4030
f 2068//4031 2075//4031 2067//4031
f 1750//4032 1758//4032 2068//4032
f 2069//4033 2076//4033 1764//4033
f 1755//4034 2069//4034 1764//4034
f 2071//4035 2077//4035 2069//4035
f 2077//4036 2076//4036 2069//4036
f 2078//4037 2071//4037 2072//4037
f 2077//4038 2071//4038 2078//4038
f 2079//4039 2080//4039 2081//4039
f 2074//4040 2079//4040 2081//4040
f 2074//4041 2073//4041 2079//4041
f 2073//4042 2082//4042 2079//4042
f 2075//4043 2083//4043 2073//4043
f 2083//4044 2082//4044 2073//4044
f 1757//4045 1766//4045 2083//4045
f 2075//4046 1757//4046 2083//4046
f 2076//4047 2084//4047 1771//4047
f 1764//4048 2076//4048 1771//4048
f 2077//4049 2085//4049 2076//4049
f 2085//4050 2084//4050 2076//4050
f 2086//4051 2077//4051 2078//4051
f 2086//4052 2087//4052 2077//4052
f 2087//4053 2085//4053 2077//4053
f 2086//4054 2088//4054 2087//4054
f 2089//4055 2090//4055 2091//4055
f 2080//4056 2089//4056 2091//4056
f 2080//4057 2079//4057 2089//4057
f 2079//4058 2092//4058 2089//4058
f 2082//4059 2093//4059 2079//4059
f 2093//4060 2092//4060 2079//4060
f 1774//4061 1773//4061 2093//4061
f 1774//4062 2093//4062 2083//4062
f 2083//4063 2093//4063 2082//4063
f 1766//4064 1774//4064 2083//4064
f 2084//4065 2094//4065 1780//4065
f 1771//4066 2084//4066 1780//4066
f 2085//4067 2095//4067 2084//4067
f 2095//4068 2094//4068 2084//4068
f 2087//4069 2096//4069 2085//4069
f 2096//4070 2095//4070 2085//4070
f 2097//4071 2087//4071 2088//4071
f 2096//4072 2087//4072 2097//4072
f 2098//4073 2099//4073 2100//4073
f 2090//4074 2098//4074 2100//4074
f 2090//4075 2089//4075 2098//4075
f 2089//4076 2101//4076 2098//4076
f 2092//4077 2102//4077 2089//4077
f 2102//4078 2101//4078 2089//4078
f 2093//4079 2103//4079 2092//4079
f 2103//4080 2102//4080 2092//4080
f 1773//4081 1782//4081 2103//4081
f 2093//4082 1773//4082 2103//4082
f 2094//4083 2104//4083 1787//4083
f 1780//4084 2094//4084 1787//4084
f 2095//4085 2105//4085 2094//4085
f 2105//4086 2104//4086 2094//4086
f 2096//4087 2106//4087 2095//4087
f 2106//4088 2105//4088 2095//4088
f 2107//4089 2096//4089 2097//4089
f 2107//4090 2108//4090 2096//4090
f 2108//4091 2106//4091 2096//4091
f 2107//4092 2109//4092 2108//4092
f 2110//4093 2111//4093 2112//4093
f 2099//4094 2110//4094 2112//4094
f 2099//4095 2098//4095 2110//4095
f 2098//4096 2113//4096 2110//4096
f 2101//4097 2114//4097 2098//4097
f 2114//4098 2113//4098 2098//4098
f 2102//4099 2115//4099 2101//4099
f 2115//4100 2114//4100 2101//4100
f 1790//4101 1789//4101 2115//4101
f 1790//4102 2115//4102 2103//4102
f 2103//4103 2115//4103 2102//4103
f 1782//4104 1790//4104 2103//4104
f 1787//4105 2104//4105 1796//4105
f 1798//4106 1796//4106 2104//4106
f 1798//4107 2104//4107 2116//4107
f 2116//4108 2104//4108 2105//4108
f 2106//4109 2117//4109 2105//4109
f 2117//4110 2116//4110 2105//4110
f 2108//4111 2118//4111 2106//4111
f 2118//4112 2117//4112 2106//4112
f 2119//4113 2108//4113 2109//4113
f 2119//4114 2120//4114 2108//4114
f 2120//4115 2118//4115 2108//4115
f 2120//4116 2121//4116 2122//4116
f 2119//4117 2121//4117 2120//4117
f 2122//4118 2123//4118 2124//4118
f 2121//4119 2123//4119 2122//4119
f 2111//4120 2124//4120 2123//4120
f 2111//4121 2110//4121 2124//4121
f 2110//4122 2125//4122 2124//4122
f 2113//4123 2126//4123 2110//4123
f 2126//4124 2125//4124 2110//4124
f 2114//4125 2127//4125 2113//4125
f 2127//4126 2126//4126 2113//4126
f 1801//4127 1800//4127 2127//4127
f 1801//4128 2127//4128 2115//4128
f 2115//4129 2127//4129 2114//4129
f 1789//4130 1801//4130 2115//4130
f 2116//4131 2128//4131 1808//4131
f 1798//4132 2116//4132 1808//4132
f 2117//4133 2129//4133 2116//4133
f 2129//4134 2128//4134 2116//4134
f 2118//4135 2130//4135 2117//4135
f 2130//4136 2129//4136 2117//4136
f 2120//4137 2131//4137 2118//4137
f 2131//4138 2130//4138 2118//4138
f 2122//4139 2132//4139 2120//4139
f 2132//4140 2131//4140 2120//4140
f 2124//4141 2133//4141 2122//4141
f 2133//4142 2132//4142 2122//4142
f 2125//4143 2134//4143 2124//4143
f 2134//4144 2133//4144 2124//4144
f 2126//4145 2135//4145 2125//4145
f 2135//4146 2134//4146 2125//4146
f 1811//4147 1810//4147 2135//4147
f 1811//4148 2135//4148 2127//4148
f 2127//4149 2135//4149 2126//4149
f 1800//4150 1811//4150 2127//4150
f 1808//4151 2128//4151 1819//4151
f 1821//4152 1819//4152 2128//4152
f 1821//4153 2128//4153 2136//4153
f 2136//4154 2128//4154 2129//4154
f 2130//4155 2137//4155 2129//4155
f 2137//4156 2136//4156 2129//4156
f 2131//4157 2138//4157 2130//4157
f 2138//4158 2137//4158 2130//4158
f 2132//4159 2139//4159 2131//4159
f 2139//4160 2138//4160 2131//4160
f 2133//4161 2140//4161 2132//4161
f 2140//4162 2139//4162 2132//4162
f 2134//4163 2141//4163 2133//4163
f 2141//4164 2140//4164 2133//4164
f 1824//4165 1823//4165 2141//4165
f 1824//4166 2141//4166 2135//4166
f 2135//4167 2141//4167 2134//4167
f 1810//4168 1824//4168 2135//4168
f 1821//4169 2136//4169 1833//4169
f 1835//4170 1833//4170 2136//4170
f 1835//4171 2136//4171 2142//4171
f 2142//4172 2136//4172 2137//4172
f 2138//4173 2143//4173 2137//4173
f 2143//4174 2142//4174 2137//4174
f 2139//4175 2144//4175 2138//4175
f 2144//4176 2143//4176 2138//4176
f 1838//4177 1837//4177 2144//4177
f 1838//4178 2144//4178 2140//4178
f 2140//4179 2144//4179 2139//4179
f 1839//4180 1838//4180 2140//4180
f 2141//4181 1839//4181 2140//4181
f 1823//4182 1839//4182 2141//4182
f 1835//4183 2142//4183 1850//4183
f 1852//4184 1850//4184 2142//4184
f 2143//4185 1852//4185 2142//4185
f 1854//4186 1852//4186 2143//4186
f 2144//4187 1854//4187 2143//4187
f 1837//4188 1854//4188 2144//4188
f 1905//4189 2145//4189 1904//4189
f 1905//4190 1906//4190 2146//4190
f 2145//4191 1905//4191 2146//4191
f 1906//4192 1907//4192 2147//4192
f 2146//4193 1906//4193 2147//4193
f 1907//4194 1908//4194 2148//4194
f 2147//4195 1907//4195 2148//4195
f 1908//4196 1910//4196 2148//4196
f 1916//4197 2149//4197 1915//4197
f 1916//4198 1917//4198 2150//4198
f 2149//4199 1916//4199 2150//4199
f 1917//4200 1904//4200 2145//4200
f 1917//4201 2145//4201 2150//4201
f 2150//4202 2145//4202 2151//4202
f 2146//4203 2152//4203 2145//4203
f 2152//4204 2151//4204 2145//4204
f 2147//4205 2153//4205 2146//4205
f 2153//4206 2152//4206 2146//4206
f 2148//4207 2154//4207 2147//4207
f 2154//4208 2153//4208 2147//4208
f 1910//4209 1918//4209 2155//4209
f 1910//4210 2155//4210 2148//4210
f 2148//4211 2155//4211 2154//4211
f 1918//4212 1920//4212 2155//4212
f 1925//4213 2156//4213 1924//4213
f 1925//4214 1926//4214 2157//4214
f 2156//4215 1925//4215 2157//4215
f 1926//4216 1915//4216 2149//4216
f 1926//4217 2149//4217 2157//4217
f 2157//4218 2149//4218 2158//4218
f 2150//4219 2159//4219 2149//4219
f 2159//4220 2158//4220 2149//4220
f 2151//4221 2160//4221 2150//4221
f 2160//4222 2159//4222 2150//4222
f 2152//4223 2161//4223 2151//4223
f 2161//4224 2160//4224 2151//4224
f 2153//4225 2162//4225 2152//4225
f 2162//4226 2161//4226 2152//4226
f 2154//4227 2163//4227 2153//4227
f 2163//4228 2162//4228 2153//4228
f 2155//4229 2164//4229 2154//4229
f 2164//4230 2163//4230 2154//4230
f 1920//4231 1928//4231 2164//4231
f 2155//4232 1920//4232 2164//4232
f 1931//4233 2165//4233 1932//4233
f 1931//4234 1933//4234 2166//4234
f 2165//4235 1931//4235 2166//4235
f 1933//4236 1924//4236 2156//4236
f 1933//4237 2156//4237 2166//4237
f 2166//4238 2156//4238 2167//4238
f 2157//4239 2168//4239 2156//4239
f 2168//4240 2167//4240 2156//4240
f 2158//4241 2169//4241 2157//4241
f 2169//4242 2168//4242 2157//4242
f 2159//4243 2170//4243 2158//4243
f 2170//4244 2169//4244 2158//4244
f 2160//4245 2171//4245 2159//4245
f 2171//4246 2170//4246 2159//4246
f 2161//4247 2172//4247 2160//4247
f 2172//4248 2171//4248 2160//4248
f 2162//4249 2173//4249 2161//4249
f 2173//4250 2172//4250 2161//4250
f 2163//4251 2174//4251 2162//4251
f 2174//4252 2173//4252 2162//4252
f 2164//4253 2175//4253 2163//4253
f 2175//4254 2174//4254 2163//4254
f 1928//4255 1935//4255 2175//4255
f 2164//4256 1928//4256 2175//4256
f 1938//4257 2176//4257 1939//4257
f 1938//4258 1932//4258 2165//4258
f 1938//4259 2165//4259 2176//4259
f 2176//4260 2165//4260 2177//4260
f 2166//4261 2178//4261 2165//4261
f 2178//4262 2177//4262 2165//4262
f 2167//4263 2179//4263 2166//4263
f 2179//4264 2178//4264 2166//4264
f 2168//4265 2180//4265 2167//4265
f 2180//4266 2179//4266 2167//4266
f 2169//4267 2181//4267 2168//4267
f 2181//4268 2180//4268 2168//4268
f 2170//4269 2182//4269 2169//4269
f 2182//4270 2181//4270 2169//4270
f 2171//4271 2183//4271 2170//4271
f 2183//4272 2182//4272 2170//4272
f 2172//4273 2184//4273 2171//4273
f 2184//4274 2183//4274 2171//4274
f 2173//4275 2185//4275 2172//4275
f 2185//4276 2184//4276 2172//4276
f 2174//4277 2186//4277 2173//4277
f 2186//4278 2185//4278 2173//4278
f 2175//4279 2187//4279 2174//4279
f 2187//4280 2186//4280 2174//4280
f 1935//4281 1941//4281 2187//4281
f 2175//4282 1935//4282 2187//4282
f 1944//4283 2188//4283 1945//4283
f 1944//4284 1939//4284 2176//4284
f 1944//4285 2176//4285 2188//4285
f 2188//4286 2176//4286 2189//4286
f 2177//4287 2190//4287 2176//4287
f 2190//4288 2189//4288 2176//4288
f 2191//4289 2178//4289 2192//4289
f 2191//4290 2190//4290 2178//4290
f 2190//4291 2177//4291 2178//4291
f 2179//4292 2192//4292 2178//4292
f 2193//4293 2192//4293 2179//4293
f 2180//4294 2193//4294 2179//4294
f 2194//4295 2193//4295 2180//4295
f 2194//4296 2195//4296 2196//4296
f 2194//4297 2180//4297 2195//4297
f 2180//4298 2181//4298 2195//4298
f 2182//4299 2197//4299 2181//4299
f 2197//4300 2195//4300 2181//4300
f 2183//4301 2198//4301 2182//4301
f 2198//4302 2197//4302 2182//4302
f 2184//4303 2199//4303 2183//4303
f 2199//4304 2198//4304 2183//4304
f 2185//4305 2200//4305 2184//4305
f 2200//4306 2199//4306 2184//4306
f 2186//4307 2201//4307 2185//4307
f 2201//4308 2200//4308 2185//4308
f 1948//4309 1947//4309 2201//4309
f 1948//4310 2201//4310 2187//4310
f 2187//4311 2201//4311 2186//4311
f 1941//4312 1948//4312 2187//4312
f 1951//4313 2202//4313 1952//4313
f 1951//4314 1945//4314 2188//4314
f 1951//4315 2188//4315 2202//4315
f 2202//4316 2188//4316 2203//4316
f 2204//4317 2189//4317 2205//4317
f 2204//4318 2203//4318 2189//4318
f 2203//4319 2188//4319 2189//4319
f 2190//4320 2205//4320 2189//4320
f 2206//4321 2205//4321 2190//4321
f 2191//4322 2206//4322 2190//4322
f 2195//4323 2207//4323 2196//4323
f 2207//4324 2208//4324 2209//4324
f 2207//4325 2195//4325 2208//4325
f 2195//4326 2197//4326 2208//4326
f 2198//4327 2210//4327 2197//4327
f 2210//4328 2208//4328 2197//4328
f 2199//4329 2211//4329 2198//4329
f 2211//4330 2210//4330 2198//4330
f 2200//4331 2212//4331 2199//4331
f 2212//4332 2211//4332 2199//4332
f 2201//4333 2213//4333 2200//4333
f 2213//4334 2212//4334 2200//4334
f 1947//4335 1954//4335 2213//4335
f 2201//4336 1947//4336 2213//4336
f 1957//4337 2214//4337 1958//4337
f 1957//4338 1952//4338 2202//4338
f 1957//4339 2202//4339 2214//4339
f 2214//4340 2202//4340 2215//4340
f 2216//4341 2203//4341 2217//4341
f 2216//4342 2215//4342 2203//4342
f 2215//4343 2202//4343 2203//4343
f 2204//4344 2217//4344 2203//4344
f 2208//4345 2218//4345 2209//4345
f 2218//4346 2219//4346 2220//4346
f 2218//4347 2208//4347 2219//4347
f 2208//4348 2210//4348 2219//4348
f 2211//4349 2221//4349 2210//4349
f 2221//4350 2219//4350 2210//4350
f 2212//4351 2222//4351 2211//4351
f 2222//4352 2221//4352 2211//4352
f 2213//4353 2223//4353 2212//4353
f 2223//4354 2222//4354 2212//4354
f 1954//4355 1960//4355 2223//4355
f 2213//4356 1954//4356 2223//4356
f 2214//4357 2224//4357 1964//4357
f 1958//4358 2214//4358 1964//4358
f 2215//4359 2225//4359 2214//4359
f 2225//4360 2224//4360 2214//4360
f 2226//4361 2215//4361 2216//4361
f 2225//4362 2215//4362 2226//4362
f 2227//4363 2220//4363 2219//4363
f 2228//4364 2220//4364 2227//4364
f 2221//4365 2229//4365 2219//4365
f 2229//4366 2227//4366 2219//4366
f 2222//4367 2230//4367 2221//4367
f 2230//4368 2229//4368 2221//4368
f 2223//4369 2231//4369 2222//4369
f 2231//4370 2230//4370 2222//4370
f 1960//4371 1966//4371 2231//4371
f 2223//4372 1960//4372 2231//4372
f 1971//4373 2232//4373 1970//4373
f 1971//4374 1964//4374 2224//4374
f 1971//4375 2224//4375 2232//4375
f 2232//4376 2224//4376 2233//4376
f 2234//4377 2225//4377 2235//4377
f 2234//4378 2233//4378 2225//4378
f 2233//4379 2224//4379 2225//4379
f 2226//4380 2235//4380 2225//4380
f 2236//4381 2228//4381 2227//4381
f 2237//4382 2228//4382 2236//4382
f 2229//4383 2238//4383 2227//4383
f 2238//4384 2236//4384 2227//4384
f 2230//4385 2239//4385 2229//4385
f 2239//4386 2238//4386 2229//4386
f 2231//4387 2240//4387 2230//4387
f 2240//4388 2239//4388 2230//4388
f 1966//4389 1973//4389 2240//4389
f 2231//4390 1966//4390 2240//4390
f 1976//4391 2241//4391 1977//4391
f 1976//4392 1970//4392 2232//4392
f 1976//4393 2232//4393 2241//4393
f 2241//4394 2232//4394 2242//4394
f 2233//4395 2243//4395 2232//4395
f 2243//4396 2242//4396 2232//4396
f 2244//4397 2233//4397 2234//4397
f 2243//4398 2233//4398 2244//4398
f 2245//4399 2237//4399 2236//4399
f 2246//4400 2237//4400 2245//4400
f 2238//4401 2247//4401 2236//4401
f 2247//4402 2245//4402 2236//4402
f 2239//4403 2248//4403 2238//4403
f 2248//4404 2247//4404 2238//4404
f 2240//4405 2249//4405 2239//4405
f 2249//4406 2248//4406 2239//4406
f 1973//4407 1979//4407 2249//4407
f 2240//4408 1973//4408 2249//4408
f 2241//4409 2250//4409 1983//4409
f 1977//4410 2241//4410 1983//4410
f 2242//4411 2251//4411 2241//4411
f 2251//4412 2250//4412 2241//4412
f 2243//4413 2252//4413 2242//4413
f 2252//4414 2251//4414 2242//4414
f 2253//4415 2243//4415 2244//4415
f 2252//4416 2243//4416 2253//4416
f 2254//4417 2246//4417 2245//4417
f 2255//4418 2246//4418 2254//4418
f 2247//4419 2256//4419 2245//4419
f 2256//4420 2254//4420 2245//4420
f 2248//4421 2257//4421 2247//4421
f 2257//4422 2256//4422 2247//4422
f 2249//4423 2258//4423 2248//4423
f 2258//4424 2257//4424 2248//4424
f 1979//4425 1985//4425 2258//4425
f 2249//4426 1979//4426 2258//4426
f 2250//4427 2259//4427 1989//4427
f 1983//4428 2250//4428 1989//4428
f 2251//4429 2260//4429 2250//4429
f 2260//4430 2259//4430 2250//4430
f 2252//4431 2261//4431 2251//4431
f 2261//4432 2260//4432 2251//4432
f 2262//4433 2252//4433 2253//4433
f 2261//4434 2252//4434 2262//4434
f 2263//4435 2264//4435 2265//4435
f 2255//4436 2263//4436 2265//4436
f 2255//4437 2254//4437 2263//4437
f 2254//4438 2266//4438 2263//4438
f 2256//4439 2267//4439 2254//4439
f 2267//4440 2266//4440 2254//4440
f 2257//4441 2268//4441 2256//4441
f 2268//4442 2267//4442 2256//4442
f 1992//4443 1991//4443 2268//4443
f 1992//4444 2268//4444 2258//4444
f 2258//4445 2268//4445 2257//4445
f 1985//4446 1992//4446 2258//4446
f 2259//4447 2269//4447 1997//4447
f 1989//4448 2259//4448 1997//4448
f 2260//4449 2270//4449 2259//4449
f 2270//4450 2269//4450 2259//4450
f 2261//4451 2271//4451 2260//4451
f 2271//4452 2270//4452 2260//4452
f 2272//4453 2261//4453 2262//4453
f 2271//4454 2261//4454 2272//4454
f 2273//4455 2274//4455 2275//4455
f 2264//4456 2273//4456 2275//4456
f 2264//4457 2263//4457 2273//4457
f 2263//4458 2276//4458 2273//4458
f 2266//4459 2277//4459 2263//4459
f 2277//4460 2276//4460 2263//4460
f 2267//4461 2278//4461 2266//4461
f 2278//4462 2277//4462 2266//4462
f 2268//4463 2279//4463 2267//4463
f 2279//4464 2278//4464 2267//4464
f 1991//4465 1999//4465 2279//4465
f 2268//4466 1991//4466 2279//4466
f 2269//4467 2280//4467 2003//4467
f 1997//4468 2269//4468 2003//4468
f 2270//4469 2281//4469 2269//4469
f 2281//4470 2280//4470 2269//4470
f 2271//4471 2282//4471 2270//4471
f 2282//4472 2281//4472 2270//4472
f 2283//4473 2271//4473 2272//4473
f 2282//4474 2271//4474 2283//4474
f 2284//4475 2274//4475 2273//4475
f 2285//4476 2274//4476 2284//4476
f 2276//4477 2286//4477 2273//4477
f 2286//4478 2284//4478 2273//4478
f 2277//4479 2287//4479 2276//4479
f 2287//4480 2286//4480 2276//4480
f 2278//4481 2288//4481 2277//4481
f 2288//4482 2287//4482 2277//4482
f 2279//4483 2289//4483 2278//4483
f 2289//4484 2288//4484 2278//4484
f 1999//4485 2005//4485 2289//4485
f 2279//4486 1999//4486 2289//4486
f 2280//4487 2290//4487 2009//4487
f 2003//4488 2280//4488 2009//4488
f 2281//4489 2291//4489 2280//4489
f 2291//4490 2290//4490 2280//4490
f 2282//4491 2292//4491 2281//4491
f 2292//4492 2291//4492 2281//4492
f 2293//4493 2282//4493 2283//4493
f 2292//4494 2282//4494 2293//4494
f 2294//4495 2295//4495 2296//4495
f 2285//4496 2294//4496 2296//4496
f 2285//4497 2284//4497 2294//4497
f 2284//4498 2297//4498 2294//4498
f 2286//4499 2298//4499 2284//4499
f 2298//4500 2297//4500 2284//4500
f 2287//4501 2299//4501 2286//4501
f 2299//4502 2298//4502 2286//4502
f 2288//4503 2300//4503 2287//4503
f 2300//4504 2299//4504 2287//4504
f 2289//4505 2301//4505 2288//4505
f 2301//4506 2300//4506 2288//4506
f 2005//4507 2011//4507 2301//4507
f 2289//4508 2005//4508 2301//4508
f 2290//4509 2302//4509 2015//4509
f 2009//4510 2290//4510 2015//4510
f 2291//4511 2303//4511 2290//4511
f 2303//4512 2302//4512 2290//4512
f 2292//4513 2304//4513 2291//4513
f 2304//4514 2303//4514 2291//4514
f 2305//4515 2292//4515 2293//4515
f 2305//4516 2306//4516 2292//4516
f 2306//4517 2304//4517 2292//4517
f 2305//4518 2307//4518 2306//4518
f 2308//4519 2295//4519 2294//4519
f 2309//4520 2295//4520 2308//4520
f 2297//4521 2310//4521 2294//4521
f 2310//4522 2308//4522 2294//4522
f 2298//4523 2311//4523 2297//4523
f 2311//4524 2310//4524 2297//4524
f 2299//4525 2312//4525 2298//4525
f 2312//4526 2311//4526 2298//4526
f 2300//4527 2313//4527 2299//4527
f 2313//4528 2312//4528 2299//4528
f 2301//4529 2314//4529 2300//4529
f 2314//4530 2313//4530 2300//4530
f 2011//4531 2017//4531 2314//4531
f 2301//4532 2011//4532 2314//4532
f 2015//4533 2302//4533 2021//4533
f 2023//4534 2021//4534 2302//4534
f 2023//4535 2302//4535 2315//4535
f 2315//4536 2302//4536 2303//4536
f 2304//4537 2316//4537 2303//4537
f 2316//4538 2315//4538 2303//4538
f 2306//4539 2317//4539 2304//4539
f 2317//4540 2316//4540 2304//4540
f 2318//4541 2306//4541 2307//4541
f 2317//4542 2306//4542 2318//4542
f 2319//4543 2309//4543 2308//4543
f 2320//4544 2309//4544 2319//4544
f 2310//4545 2321//4545 2308//4545
f 2321//4546 2319//4546 2308//4546
f 2311//4547 2322//4547 2310//4547
f 2322//4548 2321//4548 2310//4548
f 2312//4549 2323//4549 2311//4549
f 2323//4550 2322//4550 2311//4550
f 2313//4551 2324//4551 2312//4551
f 2324//4552 2323//4552 2312//4552
f 2314//4553 2325//4553 2313//4553
f 2325//4554 2324//4554 2313//4554
f 2017//4555 2025//4555 2325//4555
f 2314//4556 2017//4556 2325//4556
f 2315//4557 2326//4557 2029//4557
f 2023//4558 2315//4558 2029//4558
f 2316//4559 2327//4559 2315//4559
f 2327//4560 2326//4560 2315//4560
f 2317//4561 2328//4561 2316//4561
f 2328//4562 2327//4562 2316//4562
f 2329//4563 2317//4563 2318//4563
f 2329//4564 2330//4564 2317//4564
f 2330//4565 2328//4565 2317//4565
f 2329//4566 2331//4566 2330//4566
f 2319//4567 2332//4567 2320//4567
f 2332//4568 2333//4568 2334//4568
f 2332//4569 2319//4569 2333//4569
f 2319//4570 2321//4570 2333//4570
f 2322//4571 2335//4571 2321//4571
f 2335//4572 2333//4572 2321//4572
f 2323//4573 2336//4573 2322//4573
f 2336//4574 2335//4574 2322//4574
f 2324//4575 2337//4575 2323//4575
f 2337//4576 2336//4576 2323//4576
f 2032//4577 2031//4577 2337//4577
f 2032//4578 2337//4578 2325//4578
f 2325//4579 2337//4579 2324//4579
f 2025//4580 2032//4580 2325//4580
f 2326//4581 2338//4581 2036//4581
f 2029//4582 2326//4582 2036//4582
f 2327//4583 2339//4583 2326//4583
f 2339//4584 2338//4584 2326//4584
f 2328//4585 2340//4585 2327//4585
f 2340//4586 2339//4586 2327//4586
f 2330//4587 2341//4587 2328//4587
f 2341//4588 2340//4588 2328//4588
f 2342//4589 2330//4589 2331//4589
f 2341//4590 2330//4590 2342//4590
f 2343//4591 2334//4591 2333//4591
f 2344//4592 2334//4592 2343//4592
f 2335//4593 2345//4593 2333//4593
f 2345//4594 2343//4594 2333//4594
f 2336//4595 2346//4595 2335//4595
f 2346//4596 2345//4596 2335//4596
f 2337//4597 2347//4597 2336//4597
f 2347//4598 2346//4598 2336//4598
f 2031//4599 2038//4599 2347//4599
f 2337//4600 2031//4600 2347//4600
f 2036//4601 2338//4601 2042//4601
f 2044//4602 2042//4602 2338//4602
f 2044//4603 2338//4603 2348//4603
f 2348//4604 2338//4604 2339//4604
f 2340//4605 2349//4605 2339//4605
f 2349//4606 2348//4606 2339//4606
f 2341//4607 2350//4607 2340//4607
f 2350//4608 2349//4608 2340//4608
f 2351//4609 2341//4609 2342//4609
f 2350//4610 2341//4610 2351//4610
f 2352//4611 2344//4611 2343//4611
f 2353//4612 2344//4612 2352//4612
f 2345//4613 2354//4613 2343//4613
f 2354//4614 2352//4614 2343//4614
f 2346//4615 2355//4615 2345//4615
f 2355//4616 2354//4616 2345//4616
f 2347//4617 2356//4617 2346//4617
f 2356//4618 2355//4618 2346//4618
f 2038//4619 2046//4619 2356//4619
f 2347//4620 2038//4620 2356//4620
f 2348//4621 2357//4621 2050//4621
f 2044//4622 2348//4622 2050//4622
f 2349//4623 2358//4623 2348//4623
f 2358//4624 2357//4624 2348//4624
f 2350//4625 2359//4625 2349//4625
f 2359//4626 2358//4626 2349//4626
f 2360//4627 2350//4627 2351//4627
f 2360//4628 2361//4628 2350//4628
f 2361//4629 2359//4629 2350//4629
f 2360//4630 2362//4630 2361//4630
f 2363//4631 2353//4631 2352//4631
f 2364//4632 2353//4632 2363//4632
f 2354//4633 2365//4633 2352//4633
f 2365//4634 2363//4634 2352//4634
f 2355//4635 2366//4635 2354//4635
f 2366//4636 2365//4636 2354//4636
f 2356//4637 2367//4637 2355//4637
f 2367//4638 2366//4638 2355//4638
f 2046//4639 2052//4639 2367//4639
f 2356//4640 2046//4640 2367//4640
f 2050//4641 2357//4641 2055//4641
f 2057//4642 2055//4642 2357//4642
f 2057//4643 2357//4643 2368//4643
f 2368//4644 2357//4644 2358//4644
f 2359//4645 2369//4645 2358//4645
f 2369//4646 2368//4646 2358//4646
f 2361//4647 2370//4647 2359//4647
f 2370//4648 2369//4648 2359//4648
f 2371//4649 2361//4649 2362//4649
f 2371//4650 2372//4650 2361//4650
f 2372//4651 2370//4651 2361//4651
f 2371//4652 2373//4652 2372//4652
f 2374//4653 2375//4653 2376//4653
f 2364//4654 2374//4654 2376//4654
f 2364//4655 2363//4655 2374//4655
f 2363//4656 2377//4656 2374//4656
f 2365//4657 2378//4657 2363//4657
f 2378//4658 2377//4658 2363//4658
f 2366//4659 2379//4659 2365//4659
f 2379//4660 2378//4660 2365//4660
f 2367//4661 2380//4661 2366//4661
f 2380//4662 2379//4662 2366//4662
f 2052//4663 2059//4663 2380//4663
f 2367//4664 2052//4664 2380//4664
f 2368//4665 2381//4665 2063//4665
f 2057//4666 2368//4666 2063//4666
f 2369//4667 2382//4667 2368//4667
f 2382//4668 2381//4668 2368//4668
f 2370//4669 2383//4669 2369//4669
f 2383//4670 2382//4670 2369//4670
f 2372//4671 2384//4671 2370//4671
f 2384//4672 2383//4672 2370//4672
f 2385//4673 2372//4673 2373//4673
f 2385//4674 2386//4674 2372//4674
f 2386//4675 2384//4675 2372//4675
f 2386//4676 2387//4676 2388//4676
f 2385//4677 2387//4677 2386//4677
f 2375//4678 2388//4678 2387//4678
f 2375//4679 2374//4679 2388//4679
f 2374//4680 2389//4680 2388//4680
f 2377//4681 2390//4681 2374//4681
f 2390//4682 2389//4682 2374//4682
f 2378//4683 2391//4683 2377//4683
f 2391//4684 2390//4684 2377//4684
f 2379//4685 2392//4685 2378//4685
f 2392//4686 2391//4686 2378//4686
f 2066//4687 2065//4687 2392//4687
f 2066//4688 2392//4688 2380//4688
f 2380//4689 2392//4689 2379//4689
f 2059//4690 2066//4690 2380//4690
f 2063//4691 2381//4691 2070//4691
f 2072//4692 2070//4692 2381//4692
f 2072//4693 2381//4693 2393//4693
f 2393//4694 2381//4694 2382//4694
f 2383//4695 2394//4695 2382//4695
f 2394//4696 2393//4696 2382//4696
f 2384//4697 2395//4697 2383//4697
f 2395//4698 2394//4698 2383//4698
f 2386//4699 2396//4699 2384//4699
f 2396//4700 2395//4700 2384//4700
f 2388//4701 2397//4701 2386//4701
f 2397//4702 2396//4702 2386//4702
f 2389//4703 2398//4703 2388//4703
f 2398//4704 2397//4704 2388//4704
f 2390//4705 2399//4705 2389//4705
f 2399//4706 2398//4706 2389//4706
f 2391//4707 2400//4707 2390//4707
f 2400//4708 2399//4708 2390//4708
f 2392//4709 2401//4709 2391//4709
f 2401//4710 2400//4710 2391//4710
f 2065//4711 2074//4711 2401//4711
f 2392//4712 2065//4712 2401//4712
f 2393//4713 2402//4713 2078//4713
f 2072//4714 2393//4714 2078//4714
f 2394//4715 2403//4715 2393//4715
f 2403//4716 2402//4716 2393//4716
f 2395//4717 2404//4717 2394//4717
f 2404//4718 2403//4718 2394//4718
f 2396//4719 2405//4719 2395//4719
f 2405//4720 2404//4720 2395//4720
f 2397//4721 2406//4721 2396//4721
f 2406//4722 2405//4722 2396//4722
f 2398//4723 2407//4723 2397//4723
f 2407//4724 2406//4724 2397//4724
f 2399//4725 2408//4725 2398//4725
f 2408//4726 2407//4726 2398//4726
f 2400//4727 2409//4727 2399//4727
f 2409//4728 2408//4728 2399//4728
f 2081//4729 2080//4729 2409//4729
f 2081//4730 2409//4730 2401//4730
f 2401//4731 2409//4731 2400//4731
f 2074//4732 2081//4732 2401//4732
f 2078//4733 2402//4733 2086//4733
f 2088//4734 2086//4734 2402//4734
f 2088//4735 2402//4735 2410//4735
f 2410//4736 2402//4736 2403//4736
f 2404//4737 2411//4737 2403//4737
f 2411//4738 2410//4738 2403//4738
f 2405//4739 2412//4739 2404//4739
f 2412//4740 2411//4740 2404//4740
f 2406//4741 2413//4741 2405//4741
f 2413//4742 2412//4742 2405//4742
f 2407//4743 2414//4743 2406//4743
f 2414//4744 2413//4744 2406//4744
f 2408//4745 2415//4745 2407//4745
f 2415//4746 2414//4746 2407//4746
f 2091//4747 2090//4747 2415//4747
f 2091//4748 2415//4748 2409//4748
f 2409//4749 2415//4749 2408//4749
f 2080//4750 2091//4750 2409//4750
f 2410//4751 2416//4751 2097//4751
f 2088//4752 2410//4752 2097//4752
f 2411//4753 2417//4753 2410//4753
f 2417//4754 2416//4754 2410//4754
f 2412//4755 2418//4755 2411//4755
f 2418//4756 2417//4756 2411//4756
f 2413//4757 2419//4757 2412//4757
f 2419//4758 2418//4758 2412//4758
f 2414//4759 2420//4759 2413//4759
f 2420//4760 2419//4760 2413//4760
f 2100//4761 2099//4761 2420//4761
f 2100//4762 2420//4762 2415//4762
f 2415//4763 2420//4763 2414//4763
f 2090//4764 2100//4764 2415//4764
f 2097//4765 2416//4765 2107//4765
f 2109//4766 2107//4766 2416//4766
f 2109//4767 2416//4767 2421//4767
f 2421//4768 2416//4768 2417//4768
f 2418//4769 2422//4769 2417//4769
f 2422//4770 2421//4770 2417//4770
f 2419//4771 2423//4771 2418//4771
f 2423//4772 2422//4772 2418//4772
f 2112//4773 2111//4773 2423//4773
f 2112//4774 2423//4774 2420//4774
f 2420//4775 2423//4775 2419//4775
f 2099//4776 2112//4776 2420//4776
f 2109//4777 2421//4777 2119//4777
f 2121//4778 2119//4778 2421//4778
f 2422//4779 2121//4779 2421//4779
f 2123//4780 2121//4780 2422//4780
f 2423//4781 2123//4781 2422//4781
f 2111//4782 2123//4782 2423//4782
f 2192//4783 2424//4783 2191//4783
f 2192//4784 2193//4784 2425//4784
f 2424//4785 2192//4785 2425//4785
f 2193//4786 2194//4786 2426//4786
f 2425//4787 2193//4787 2426//4787
f 2194//4788 2196//4788 2426//4788
f 2205//4789 2427//4789 2204//4789
f 2205//4790 2206//4790 2428//4790
f 2427//4791 2205//4791 2428//4791
f 2206//4792 2191//4792 2424//4792
f 2206//4793 2424//4793 2428//4793
f 2428//4794 2424//4794 2429//4794
f 2425//4795 2430//4795 2424//4795
f 2430//4796 2429//4796 2424//4796
f 2426//4797 2431//4797 2425//4797
f 2431//4798 2430//4798 2425//4798
f 2196//4799 2207//4799 2432//4799
f 2196//4800 2432//4800 2426//4800
f 2426//4801 2432//4801 2431//4801
f 2207//4802 2209//4802 2432//4802
f 2217//4803 2433//4803 2216//4803
f 2217//4804 2204//4804 2427//4804
f 2217//4805 2427//4805 2433//4805
f 2433//4806 2427//4806 2434//4806
f 2428//4807 2435//4807 2427//4807
f 2435//4808 2434//4808 2427//4808
f 2429//4809 2436//4809 2428//4809
f 2436//4810 2435//4810 2428//4810
f 2430//4811 2437//4811 2429//4811
f 2437//4812 2436//4812 2429//4812
f 2431//4813 2438//4813 2430//4813
f 2438//4814 2437//4814 2430//4814
f 2432//4815 2439//4815 2431//4815
f 2439//4816 2438//4816 2431//4816
f 2209//4817 2218//4817 2440//4817
f 2209//4818 2440//4818 2432//4818
f 2432//4819 2440//4819 2439//4819
f 2218//4820 2220//4820 2440//4820
f 2433//4821 2441//4821 2226//4821
f 2216//4822 2433//4822 2226//4822
f 2434//4823 2442//4823 2433//4823
f 2442//4824 2441//4824 2433//4824
f 2435//4825 2443//4825 2434//4825
f 2443//4826 2442//4826 2434//4826
f 2436//4827 2444//4827 2435//4827
f 2444//4828 2443//4828 2435//4828
f 2437//4829 2445//4829 2436//4829
f 2445//4830 2444//4830 2436//4830
f 2438//4831 2446//4831 2437//4831
f 2446//4832 2445//4832 2437//4832
f 2439//4833 2447//4833 2438//4833
f 2447//4834 2446//4834 2438//4834
f 2440//4835 2448//4835 2439//4835
f 2448//4836 2447//4836 2439//4836
f 2220//4837 2228//4837 2448//4837
f 2440//4838 2220//4838 2448//4838
f 2235//4839 2449//4839 2234//4839
f 2235//4840 2226//4840 2441//4840
f 2235//4841 2441//4841 2449//4841
f 2449//4842 2441//4842 2450//4842
f 2442//4843 2451//4843 2441//4843
f 2451//4844 2450//4844 2441//4844
f 2443//4845 2452//4845 2442//4845
f 2452//4846 2451//4846 2442//4846
f 2444//4847 2453//4847 2443//4847
f 2453//4848 2452//4848 2443//4848
f 2445//4849 2454//4849 2444//4849
f 2454//4850 2453//4850 2444//4850
f 2446//4851 2455//4851 2445//4851
f 2455//4852 2454//4852 2445//4852
f 2447//4853 2456//4853 2446//4853
f 2456//4854 2455//4854 2446//4854
f 2448//4855 2457//4855 2447//4855
f 2457//4856 2456//4856 2447//4856
f 2228//4857 2237//4857 2457//4857
f 2448//4858 2228//4858 2457//4858
f 2449//4859 2458//4859 2244//4859
f 2234//4860 2449//4860 2244//4860
f 2450//4861 2459//4861 2449//4861
f 2459//4862 2458//4862 2449//4862
f 2451//4863 2460//4863 2450//4863
f 2460//4864 2459//4864 2450//4864
f 2452//4865 2461//4865 2451//4865
f 2461//4866 2460//4866 2451//4866
f 2453//4867 2462//4867 2452//4867
f 2462//4868 2461//4868 2452//4868
f 2454//4869 2463//4869 2453//4869
f 2463//4870 2462//4870 2453//4870
f 2455//4871 2464//4871 2454//4871
f 2464//4872 2463//4872 2454//4872
f 2456//4873 2465//4873 2455//4873
f 2465//4874 2464//4874 2455//4874
f 2457//4875 2466//4875 2456//4875
f 2466//4876 2465//4876 2456//4876
f 2237//4877 2246//4877 2466//4877
f 2457//4878 2237//4878 2466//4878
f 2458//4879 2467//4879 2253//4879
f 2244//4880 2458//4880 2253//4880
f 2459//4881 2468//4881 2458//4881
f 2468//4882 2467//4882 2458//4882
f 2460//4883 2469//4883 2459//4883
f 2469//4884 2468//4884 2459//4884
f 2461//4885 2470//4885 2460//4885
f 2470//4886 2469//4886 2460//4886
f 2462//4887 2471//4887 2461//4887
f 2471//4888 2470//4888 2461//4888
f 2463//4889 2472//4889 2462//4889
f 2472//4890 2471//4890 2462//4890
f 2464//4891 2473//4891 2463//4891
f 2473//4892 2472//4892 2463//4892
f 2465//4893 2474//4893 2464//4893
f 2474//4894 2473//4894 2464//4894
f 2466//4895 2475//4895 2465//4895
f 2475//4896 2474//4896 2465//4896
f 2246//4897 2255//4897 2475//4897
f 2466//4898 2246//4898 2475//4898
f 2467//4899 2476//4899 2262//4899
f 2253//4900 2467//4900 2262//4900
f 2468//4901 2477//4901 2467//4901
f 2477//4902 2476//4902 2467//4902
f 2469//4903 2478//4903 2468//4903
f 2478//4904 2477//4904 2468//4904
f 2470//4905 2479//4905 2469//4905
f 2479//4906 2478//4906 2469//4906
f 2471//4907 2480//4907 2470//4907
f 2480//4908 2479//4908 2470//4908
f 2472//4909 2481//4909 2471//4909
f 2481//4910 2480//4910 2471//4910
f 2473//4911 2482//4911 2472//4911
f 2482//4912 2481//4912 2472//4912
f 2474//4913 2483//4913 2473//4913
f 2483//4914 2482//4914 2473//4914
f 2265//4915 2264//4915 2483//4915
f 2265//4916 2483//4916 2475//4916
f 2475//4917 2483//4917 2474//4917
f 2255//4918 2265//4918 2475//4918
f 2476//4919 2484//4919 2272//4919
f 2262//4920 2476//4920 2272//4920
f 2477//4921 2485//4921 2476//4921
f 2485//4922 2484//4922 2476//4922
f 2478//4923 2486//4923 2477//4923
f 2486//4924 2485//4924 2477//4924
f 2479//4925 2487//4925 2478//4925
f 2487//4926 2486//4926 2478//4926
f 2480//4927 2488//4927 2479//4927
f 2488//4928 2487//4928 2479//4928
f 2481//4929 2489//4929 2480//4929
f 2489//4930 2488//4930 2480//4930
f 2482//4931 2490//4931 2481//4931
f 2490//4932 2489//4932 2481//4932
f 2275//4933 2274//4933 2490//4933
f 2275//4934 2490//4934 2483//4934
f 2483//4935 2490//4935 2482//4935
f 2264//4936 2275//4936 2483//4936
f 2484//4937 2491//4937 2283//4937
f 2272//4938 2484//4938 2283//4938
f 2485//4939 2492//4939 2484//4939
f 2492//4940 2491//4940 2484//4940
f 2486//4941 2493//4941 2485//4941
f 2493//4942 2492//4942 2485//4942
f 2487//4943 2494//4943 2486//4943
f 2494//4944 2493//4944 2486//4944
f 2488//4945 2495//4945 2487//4945
f 2495//4946 2494//4946 2487//4946
f 2489//4947 2496//4947 2488//4947
f 2496//4948 2495//4948 2488//4948
f 2490//4949 2497//4949 2489//4949
f 2497//4950 2496//4950 2489//4950
f 2274//4951 2285//4951 2497//4951
f 2490//4952 2274//4952 2497//4952
f 2491//4953 2498//4953 2293//4953
f 2283//4954 2491//4954 2293//4954
f 2492//4955 2499//4955 2491//4955
f 2499//4956 2498//4956 2491//4956
f 2493//4957 2500//4957 2492//4957
f 2500//4958 2499//4958 2492//4958
f 2494//4959 2501//4959 2493//4959
f 2501//4960 2500//4960 2493//4960
f 2495//4961 2502//4961 2494//4961
f 2502//4962 2501//4962 2494//4962
f 2496//4963 2503//4963 2495//4963
f 2503//4964 2502//4964 2495//4964
f 2296//4965 2295//4965 2503//4965
f 2296//4966 2503//4966 2497//4966
f 2497//4967 2503//4967 2496//4967
f 2285//4968 2296//4968 2497//4968
f 2293//4969 2498//4969 2305//4969
f 2307//4970 2305//4970 2498//4970
f 2307//4971 2498//4971 2504//4971
f 2504//4972 2498//4972 2499//4972
f 2500//4973 2505//4973 2499//4973
f 2505//4974 2504//4974 2499//4974
f 2501//4975 2506//4975 2500//4975
f 2506//4976 2505//4976 2500//4976
f 2502//4977 2507//4977 2501//4977
f 2507//4978 2506//4978 2501//4978
f 2503//4979 2508//4979 2502//4979
f 2508//4980 2507//4980 2502//4980
f 2295//4981 2309//4981 2508//4981
f 2503//4982 2295//4982 2508//4982
f 2504//4983 2509//4983 2318//4983
f 2307//4984 2504//4984 2318//4984
f 2505//4985 2510//4985 2504//4985
f 2510//4986 2509//4986 2504//4986
f 2506//4987 2511//4987 2505//4987
f 2511//4988 2510//4988 2505//4988
f 2507//4989 2512//4989 2506//4989
f 2512//4990 2511//4990 2506//4990
f 2508//4991 2513//4991 2507//4991
f 2513//4992 2512//4992 2507//4992
f 2309//4993 2320//4993 2513//4993
f 2508//4994 2309//4994 2513//4994
f 2318//4995 2509//4995 2329//4995
f 2331//4996 2329//4996 2509//4996
f 2331//4997 2509//4997 2514//4997
f 2514//4998 2509//4998 2510//4998
f 2511//4999 2515//4999 2510//4999
f 2515//5000 2514//5000 2510//5000
f 2512//5001 2516//5001 2511//5001
f 2516//5002 2515//5002 2511//5002
f 2513//5003 2517//5003 2512//5003
f 2517//5004 2516//5004 2512//5004
f 2320//5005 2332//5005 2518//5005
f 2320//5006 2518//5006 2513//5006
f 2513//5007 2518//5007 2517//5007
f 2332//5008 2334//5008 2518//5008
f 2514//5009 2519//5009 2342//5009
f 2331//5010 2514//5010 2342//5010
f 2515//5011 2520//5011 2514//5011
f 2520//5012 2519//5012 2514//5012
f 2516//5013 2521//5013 2515//5013
f 2521//5014 2520//5014 2515//5014
f 2517//5015 2522//5015 2516//5015
f 2522//5016 2521//5016 2516//5016
f 2518//5017 2523//5017 2517//5017
f 2523//5018 2522//5018 2517//5018
f 2334//5019 2344//5019 2523//5019
f 2518//5020 2334//5020 2523//5020
f 2519//5021 2524//5021 2351//5021
f 2342//5022 2519//5022 2351//5022
f 2520//5023 2525//5023 2519//5023
f 2525//5024 2524//5024 2519//5024
f 2521//5025 2526//5025 2520//5025
f 2526//5026 2525//5026 2520//5026
f 2522//5027 2527//5027 2521//5027
f 2527//5028 2526//5028 2521//5028
f 2523//5029 2528//5029 2522//5029
f 2528//5030 2527//5030 2522//5030
f 2344//5031 2353//5031 2528//5031
f 2523//5032 2344//5032 2528//5032
f 2351//5033 2524//5033 2360//5033
f 2362//5034 2360//5034 2524//5034
f 2362//5035 2524//5035 2529//5035
f 2529//5036 2524//5036 2525//5036
f 2526//5037 2530//5037 2525//5037
f 2530//5038 2529//5038 2525//5038
f 2527//5039 2531//5039 2526//5039
f 2531//5040 2530//5040 2526//5040
f 2528//5041 2532//5041 2527//5041
f 2532//5042 2531//5042 2527//5042
f 2353//5043 2364//5043 2532//5043
f 2528//5044 2353//5044 2532//5044
f 2362//5045 2529//5045 2371//5045
f 2373//5046 2371//5046 2529//5046
f 2373//5047 2529//5047 2533//5047
f 2533//5048 2529//5048 2530//5048
f 2531//5049 2534//5049 2530//5049
f 2534//5050 2533//5050 2530//5050
f 2376//5051 2375//5051 2534//5051
f 2376//5052 2534//5052 2532//5052
f 2532//5053 2534//5053 2531//5053
f 2364//5054 2376//5054 2532//5054
f 2373//5055 2533//5055 2385//5055
f 2387//5056 2385//5056 2533//5056
f 2534//5057 2387//5057 2533//5057
f 2375//5058 2387//5058 2534//5058
