# Blender 5.1.2
# www.blender.org
o Main_Insertion_Link_1_Main_Insertion_Link.002
v 0.019750 0.038988 -0.068347
v 0.019750 0.040818 -0.066517
v 0.019750 0.041489 -0.064017
v 0.019750 0.033820 -0.058516
v 0.019750 0.031989 -0.060346
v 0.019750 0.036488 -0.069016
v 0.019750 0.029489 -0.061015
v 0.019750 -0.036512 -0.069004
v 0.019750 -0.029511 -0.061005
v 0.019750 -0.032011 -0.060334
v 0.019750 -0.039012 -0.068333
v 0.019750 -0.033840 -0.058504
v 0.019750 -0.040842 -0.066503
v 0.019750 -0.041511 -0.064003
v 0.019750 -0.034510 -0.056004
v 0.019750 -0.041497 0.019221
v 0.019750 -0.034496 0.023496
v 0.019750 -0.041261 0.020737
v 0.019750 -0.033826 0.025996
v 0.019750 -0.032100 0.049512
v 0.019750 0.034490 -0.056016
v 0.019750 0.034504 0.023484
v 0.019750 0.029505 0.028485
v 0.019750 0.032005 0.027814
v 0.019750 0.032117 0.049500
v 0.019750 0.033835 0.025984
v 0.019750 0.041268 0.020722
v 0.019750 0.041503 0.019206
v 0.019750 0.031082 0.051315
v 0.019750 0.029396 0.052548
v 0.019750 0.027353 0.052985
v 0.019750 -0.029495 0.028495
v 0.019750 -0.027335 0.052995
v 0.019750 -0.029378 0.052559
v 0.019750 -0.031995 0.027826
v 0.019750 -0.031064 0.051326
v 0.017250 0.001299 -0.000750
v 0.017250 0.001500 -0.000000
v 0.017250 0.001999 -0.007010
v 0.017250 0.040818 -0.066517
v 0.017250 0.038988 -0.068347
v 0.017250 0.036488 -0.069016
v 0.017250 0.019511 -0.034877
v 0.017250 0.023135 -0.033031
v 0.017250 0.041489 -0.064017
v 0.017250 0.028496 -0.022515
v 0.017250 0.041499 -0.007017
v 0.017250 0.027859 -0.026532
v 0.017250 0.026012 -0.030156
v 0.017250 0.001988 -0.069010
v 0.017250 0.002496 -0.022510
v 0.017250 0.003132 -0.026528
v 0.017250 0.004977 -0.030152
v 0.017250 0.007853 -0.033029
v 0.017250 0.015494 -0.035513
v 0.017250 0.011477 -0.034876
v 0.017250 0.027860 -0.018498
v 0.017250 0.026015 -0.014873
v 0.017250 0.023139 -0.011997
v 0.017250 0.019515 -0.010150
v 0.017250 0.015498 -0.009513
v 0.017250 0.011481 -0.010148
v 0.017250 0.007857 -0.011994
v 0.017250 0.004980 -0.014870
v 0.017250 0.003133 -0.018493
v 0.017250 0.019521 0.020850
v 0.017250 0.015504 0.021487
v 0.017250 0.027353 0.052985
v 0.017250 0.002009 0.052990
v 0.017250 0.011486 0.020852
v 0.017250 0.007862 0.019006
v 0.017250 0.023141 -0.002031
v 0.017250 0.026017 0.000844
v 0.017250 0.027865 0.004468
v 0.017250 0.041503 0.019206
v 0.017250 0.004986 0.016130
v 0.017250 0.003138 0.012507
v 0.017250 0.002502 0.008490
v 0.017250 0.003137 0.004472
v 0.017250 0.004983 0.000848
v 0.017250 0.007858 -0.002029
v 0.017250 0.028501 0.008485
v 0.017250 0.027866 0.012502
v 0.017250 0.041268 0.020722
v 0.017250 0.026020 0.016127
v 0.017250 0.032117 0.049500
v 0.017250 0.023145 0.019003
v 0.017250 0.031082 0.051315
v 0.017250 0.029396 0.052548
v 0.017250 0.011482 -0.003876
v 0.017250 0.015499 -0.004513
v 0.017250 0.019517 -0.003877
v 0.017250 -0.002498 0.008490
v 0.017250 0.000000 0.001500
v 0.017250 -0.003135 0.004473
v 0.017250 -0.000750 0.001299
v 0.017250 -0.004983 0.000850
v 0.017250 -0.001299 0.000750
v 0.017250 -0.001500 0.000000
v 0.017250 -0.007859 -0.002026
v 0.017250 -0.001299 -0.000750
v 0.017250 -0.011483 -0.003872
v 0.017250 0.001299 0.000750
v 0.017250 -0.004980 0.016132
v 0.017250 -0.003134 0.012508
v 0.017250 0.000750 0.001299
v 0.017250 -0.041497 0.019221
v 0.017250 -0.027862 0.012512
v 0.017250 -0.028498 0.008495
v 0.017250 -0.015501 -0.004507
v 0.017250 -0.026017 0.000853
v 0.017250 -0.023142 -0.002023
v 0.017250 -0.041501 -0.007003
v 0.017250 -0.019518 -0.003870
v 0.017250 -0.000750 -0.001299
v 0.017250 -0.000000 -0.001500
v 0.017250 0.000750 -0.001299
v 0.017250 -0.027863 0.004478
v 0.017250 -0.007855 0.019009
v 0.017250 -0.011479 0.020856
v 0.017250 -0.027335 0.052995
v 0.017250 -0.015496 0.021493
v 0.017250 -0.029378 0.052559
v 0.017250 -0.019514 0.020857
v 0.017250 -0.026014 0.016136
v 0.017250 -0.041261 0.020737
v 0.017250 -0.023138 0.019011
v 0.017250 -0.032100 0.049512
v 0.017250 -0.031064 0.051326
v 0.017250 -0.004988 -0.030150
v 0.017250 -0.007865 -0.033026
v 0.017250 -0.011489 -0.034872
v 0.017250 -0.019519 -0.010143
v 0.017250 -0.023143 -0.011989
v 0.017250 -0.026020 -0.014864
v 0.017250 -0.003141 -0.026527
v 0.017250 -0.002504 -0.022510
v 0.017250 -0.003140 -0.018492
v 0.017250 -0.004985 -0.014868
v 0.017250 -0.015502 -0.009507
v 0.017250 -0.036512 -0.069004
v 0.017250 -0.019523 -0.034870
v 0.017250 -0.015506 -0.035507
v 0.017250 -0.007861 -0.011991
v 0.017250 -0.011485 -0.010144
v 0.017250 -0.027867 -0.018488
v 0.017250 -0.028504 -0.022505
v 0.017250 -0.041511 -0.064003
v 0.017250 -0.027868 -0.026522
v 0.017250 -0.026023 -0.030147
v 0.017250 -0.023147 -0.033023
v 0.017250 -0.040842 -0.066503
v 0.017250 -0.039012 -0.068333
v 0.019750 0.001999 -0.007010
v 0.019750 0.004980 -0.014870
v 0.019750 0.007857 -0.011994
v 0.019750 0.001990 -0.059010
v 0.019750 0.007853 -0.033029
v 0.019750 0.004977 -0.030152
v 0.019750 0.003132 -0.026528
v 0.019750 0.002496 -0.022510
v 0.019750 0.003133 -0.018493
v 0.019750 0.027859 -0.026532
v 0.019750 0.032490 -0.054016
v 0.019750 0.028496 -0.022515
v 0.019750 0.032499 -0.007016
v 0.019750 0.023139 -0.011997
v 0.019750 0.026015 -0.014873
v 0.019750 0.027860 -0.018498
v 0.019750 0.026012 -0.030156
v 0.019750 0.023135 -0.033031
v 0.019750 0.031820 -0.056516
v 0.019750 0.019511 -0.034877
v 0.019750 0.029990 -0.058345
v 0.019750 0.011481 -0.010148
v 0.019750 0.015498 -0.009513
v 0.019750 0.019515 -0.010150
v 0.019750 0.027490 -0.059015
v 0.019750 0.015494 -0.035513
v 0.019750 0.011477 -0.034876
v 0.019750 -0.026020 -0.014864
v 0.019750 -0.023143 -0.011989
v 0.019750 -0.032501 -0.007004
v 0.019750 -0.026023 -0.030147
v 0.019750 -0.027868 -0.026522
v 0.019750 -0.032509 -0.054004
v 0.019750 -0.028504 -0.022505
v 0.019750 -0.027867 -0.018488
v 0.019750 -0.004988 -0.030150
v 0.019750 -0.007865 -0.033026
v 0.019750 -0.011489 -0.034872
v 0.019750 -0.027510 -0.059005
v 0.019750 -0.015506 -0.035507
v 0.019750 -0.019523 -0.034870
v 0.019750 -0.030010 -0.058335
v 0.019750 -0.031840 -0.056504
v 0.019750 -0.023147 -0.033023
v 0.019750 -0.007861 -0.011991
v 0.019750 -0.004985 -0.014868
v 0.019750 -0.003140 -0.018492
v 0.019750 -0.002504 -0.022510
v 0.019750 -0.003141 -0.026527
v 0.019750 -0.019519 -0.010143
v 0.019750 -0.015502 -0.009507
v 0.019750 -0.011485 -0.010144
v 0.019750 -0.001500 0.000000
v 0.019750 -0.007859 -0.002026
v 0.019750 -0.001299 -0.000750
v 0.019750 -0.011483 -0.003872
v 0.019750 -0.000750 -0.001299
v 0.019750 0.000750 0.001299
v 0.019750 0.001299 0.000750
v 0.019750 0.002005 0.026490
v 0.019750 0.001500 -0.000000
v 0.019750 0.001299 -0.000750
v 0.019750 0.000750 -0.001299
v 0.019750 -0.000000 -0.001500
v 0.019750 -0.023142 -0.002023
v 0.019750 -0.026017 0.000853
v 0.019750 -0.027863 0.004478
v 0.019750 -0.028498 0.008495
v 0.019750 -0.032496 0.021496
v 0.019750 -0.015501 -0.004507
v 0.019750 -0.019518 -0.003870
v 0.019750 -0.027862 0.012512
v 0.019750 -0.026014 0.016136
v 0.019750 -0.031826 0.023996
v 0.019750 -0.023138 0.019011
v 0.019750 -0.029995 0.025825
v 0.019750 -0.027495 0.026495
v 0.019750 -0.011479 0.020856
v 0.019750 -0.015496 0.021493
v 0.019750 -0.019514 0.020857
v 0.019750 -0.007855 0.019009
v 0.019750 -0.004980 0.016132
v 0.019750 -0.003134 0.012508
v 0.019750 0.000000 0.001500
v 0.019750 -0.000750 0.001299
v 0.019750 -0.002498 0.008490
v 0.019750 -0.001299 0.000750
v 0.019750 -0.003135 0.004473
v 0.019750 -0.004983 0.000850
v 0.019750 0.026017 0.000844
v 0.019750 0.023141 -0.002031
v 0.019750 0.007858 -0.002029
v 0.019750 0.004983 0.000848
v 0.019750 0.004986 0.016130
v 0.019750 0.007862 0.019006
v 0.019750 0.011486 0.020852
v 0.019750 0.015504 0.021487
v 0.019750 0.027505 0.026485
v 0.019750 0.026020 0.016127
v 0.019750 0.027866 0.012502
v 0.019750 0.032504 0.021484
v 0.019750 0.028501 0.008485
v 0.019750 0.027865 0.004468
v 0.019750 0.003137 0.004472
v 0.019750 0.002502 0.008490
v 0.019750 0.003138 0.012507
v 0.019750 0.019517 -0.003877
v 0.019750 0.015499 -0.004513
v 0.019750 0.011482 -0.003876
v 0.019750 0.019521 0.020850
v 0.019750 0.023145 0.019003
v 0.019750 0.030005 0.025815
v 0.019750 0.031834 0.023984
v 0.028600 0.032490 -0.054016
v 0.028600 0.032504 0.021484
v 0.028600 -0.027510 -0.059005
v 0.028600 0.027490 -0.059015
v 0.028600 -0.032496 0.021496
v 0.028600 -0.032509 -0.054004
v 0.028600 -0.034496 0.023496
v 0.028600 -0.034510 -0.056004
v 0.028600 -0.029511 -0.061005
v 0.028600 0.029489 -0.061015
v 0.028600 0.034504 0.023484
v 0.028600 0.034490 -0.056016
v 0.028600 -0.029495 0.028495
v 0.028600 0.029505 0.028485
v 0.028600 -0.027495 0.026495
v 0.028600 0.027505 0.026485
v 0.028600 0.031834 0.023984
v 0.028600 0.033835 0.025984
v 0.028600 0.030005 0.025815
v 0.028600 0.032005 0.027814
v 0.028600 -0.029995 0.025825
v 0.028600 -0.031995 0.027826
v 0.028600 -0.031826 0.023996
v 0.028600 -0.033826 0.025996
v 0.028600 -0.031840 -0.056504
v 0.028600 -0.033840 -0.058504
v 0.028600 -0.030010 -0.058335
v 0.028600 -0.032011 -0.060334
v 0.028600 0.029990 -0.058345
v 0.028600 0.031989 -0.060346
v 0.028600 0.031820 -0.056516
v 0.028600 0.033820 -0.058516
v 0.015250 0.034095 -0.025906
v 0.015250 0.034092 -0.047406
v 0.013250 0.034095 -0.025906
v 0.013250 0.034092 -0.047406
v 0.017250 0.009406 0.004148
v 0.017250 0.012151 0.006893
v 0.017250 -0.009404 0.004152
v 0.017250 0.031408 -0.004532
v 0.017250 0.023400 0.000396
v 0.017250 0.022395 -0.003354
v 0.017250 -0.020744 0.035404
v 0.017250 0.020756 0.035396
v 0.017250 0.015901 0.007897
v 0.017250 0.020756 0.033569
v 0.017250 0.020946 0.032717
v 0.017250 0.019643 -0.037899
v 0.017250 0.028090 -0.054333
v 0.017250 0.029748 -0.053062
v 0.017250 0.026161 -0.055132
v 0.017250 0.015893 -0.038903
v 0.017250 0.024090 -0.055404
v 0.017250 -0.015904 -0.023897
v 0.017250 -0.015901 -0.007097
v 0.017250 -0.019654 -0.024901
v 0.017250 -0.019651 -0.006092
v 0.017250 -0.022400 -0.027646
v 0.017250 -0.023406 -0.031396
v 0.017250 -0.032106 -0.032394
v 0.017250 -0.031862 -0.020646
v 0.017250 -0.022396 -0.003346
v 0.017250 -0.030905 0.007180
v 0.017250 -0.024110 -0.055396
v 0.017250 0.012143 -0.037897
v 0.017250 0.009399 -0.035152
v 0.017250 0.025783 0.029938
v 0.017250 0.022259 0.031631
v 0.017250 0.021481 0.032027
v 0.017250 0.019646 -0.024908
v 0.017250 0.019649 -0.006099
v 0.017250 0.015896 -0.023903
v 0.017250 0.015899 -0.007103
v 0.017250 0.012146 -0.024907
v 0.017250 0.012149 -0.006097
v 0.017250 0.009400 -0.027652
v 0.017250 -0.008406 -0.031399
v 0.017250 0.008394 -0.031401
v 0.017250 -0.009411 -0.035148
v 0.017250 -0.012157 -0.037893
v 0.017250 -0.015907 -0.038897
v 0.017250 -0.026180 -0.055123
v 0.017250 -0.019657 -0.037892
v 0.017250 0.031019 -0.051405
v 0.017250 0.031819 -0.049476
v 0.017250 0.022389 -0.035154
v 0.017250 0.032092 -0.047406
v 0.017250 0.023394 -0.031404
v 0.017250 0.032094 -0.032406
v 0.017250 0.022390 -0.027654
v 0.017250 -0.031037 -0.051395
v 0.017250 -0.029766 -0.053052
v 0.017250 -0.028110 -0.054323
v 0.017250 -0.020935 0.032724
v 0.017250 -0.021470 0.032035
v 0.017250 -0.015899 0.007903
v 0.017250 -0.022248 0.031639
v 0.017250 0.009404 -0.003352
v 0.017250 -0.012154 -0.024903
v 0.017250 -0.022401 -0.035146
v 0.017250 -0.032108 -0.047394
v 0.017250 -0.031836 -0.049465
v 0.017250 -0.012149 0.006897
v 0.017250 -0.020744 0.033576
v 0.017250 0.022396 0.004146
v 0.017250 0.030266 0.017559
v 0.017250 0.019651 0.006892
v 0.017250 0.029677 0.023334
v 0.017250 0.028388 0.027024
v 0.017250 -0.009410 -0.027648
v 0.017250 0.008400 0.000399
v 0.017250 -0.008400 0.000401
v 0.017250 -0.009405 -0.003348
v 0.017250 -0.012151 -0.006093
v 0.017250 -0.023400 0.000404
v 0.017250 -0.022394 0.004154
v 0.017250 -0.029669 0.023344
v 0.017250 -0.019649 0.006899
v 0.017250 -0.028378 0.027034
v 0.017250 -0.025772 0.029947
v 0.013250 -0.034105 -0.025894
v 0.013250 -0.034108 -0.047394
v 0.015250 -0.034105 -0.025894
v 0.015250 -0.034108 -0.047394
v 0.013250 -0.033836 -0.024894
v 0.013250 -0.032106 -0.032394
v 0.013250 -0.033104 -0.024162
v 0.013250 -0.032104 -0.023894
v 0.013250 -0.032109 -0.053394
v 0.013250 -0.032769 -0.052394
v 0.013250 0.032094 -0.032406
v 0.013250 0.032096 -0.023906
v 0.013250 0.033096 -0.024174
v 0.013250 0.032751 -0.052406
v 0.013250 0.032091 -0.053406
v 0.013250 0.033828 -0.024906
v 0.015250 0.033750 -0.049994
v 0.015250 0.032751 -0.052406
v 0.015250 0.031161 -0.054477
v 0.015250 0.029090 -0.056065
v 0.015250 -0.029110 -0.056055
v 0.015250 -0.031181 -0.054466
v 0.015250 -0.032769 -0.052394
v 0.015250 -0.033768 -0.049982
v 0.017250 -0.032104 -0.023894
v 0.017182 -0.032622 -0.023962
v 0.016982 -0.033104 -0.024162
v 0.016250 -0.033836 -0.024894
v 0.016982 -0.033108 -0.047394
v 0.016250 -0.033840 -0.047394
v 0.016982 -0.032802 -0.049724
v 0.016250 -0.033509 -0.049913
v 0.016250 -0.032537 -0.052260
v 0.016250 -0.030991 -0.054276
v 0.016250 -0.028976 -0.055823
v 0.015250 -0.026698 -0.057055
v 0.016250 -0.026629 -0.056796
v 0.015250 -0.024110 -0.057396
v 0.016250 -0.024110 -0.057128
v 0.016982 -0.031903 -0.051894
v 0.016982 -0.030473 -0.053759
v 0.016982 -0.028610 -0.055189
v 0.016982 -0.026439 -0.056089
v 0.016982 -0.024110 -0.056396
v 0.016250 0.033828 -0.024906
v 0.016982 0.033096 -0.024174
v 0.017182 0.032613 -0.023974
v 0.017250 0.032096 -0.023906
v 0.015250 0.024090 -0.057404
v 0.016250 0.024090 -0.057136
v 0.016982 0.024090 -0.056404
v 0.016982 0.033092 -0.047406
v 0.016250 0.033824 -0.047406
v 0.016982 0.026419 -0.056098
v 0.016250 0.026609 -0.056805
v 0.015250 0.026678 -0.057064
v 0.016250 0.028956 -0.055833
v 0.016250 0.030972 -0.054287
v 0.016250 0.032519 -0.052272
v 0.016250 0.033492 -0.049925
v 0.016982 0.028590 -0.055199
v 0.016982 0.030454 -0.053769
v 0.016982 0.031885 -0.051906
v 0.016982 0.032785 -0.049735
v 0.014250 -0.015901 -0.007097
v 0.014250 -0.012151 -0.006093
v 0.014250 -0.009405 -0.003348
v 0.014250 -0.008400 0.000401
v 0.014250 -0.009404 0.004152
v 0.014250 -0.012149 0.006897
v 0.014250 -0.015899 0.007903
v 0.014250 -0.019649 0.006899
v 0.014250 -0.022394 0.004154
v 0.014250 -0.023400 0.000404
v 0.014250 -0.022396 -0.003346
v 0.014250 -0.019651 -0.006092
v 0.014250 -0.019901 -0.003596
v 0.014250 -0.011901 -0.003598
v 0.014250 -0.019899 0.004404
v 0.014250 -0.011899 0.004402
v 0.017250 -0.019899 0.004404
v 0.017250 -0.019901 -0.003596
v 0.017250 -0.011899 0.004402
v 0.017250 -0.011901 -0.003598
v 0.014250 0.015899 -0.007103
v 0.014250 0.019649 -0.006099
v 0.014250 0.022395 -0.003354
v 0.014250 0.023400 0.000396
v 0.014250 0.022396 0.004146
v 0.014250 0.019651 0.006892
v 0.014250 0.015901 0.007897
v 0.014250 0.012151 0.006893
v 0.014250 0.009406 0.004148
v 0.014250 0.008400 0.000399
v 0.014250 0.009404 -0.003352
v 0.014250 0.012149 -0.006097
v 0.014250 0.019899 -0.003604
v 0.014250 0.011899 -0.003602
v 0.014250 0.011901 0.004398
v 0.014250 0.019901 0.004396
v 0.017250 0.011901 0.004398
v 0.017250 0.011899 -0.003602
v 0.017250 0.019901 0.004396
v 0.017250 0.019899 -0.003604
v 0.014250 -0.015907 -0.038897
v 0.014250 -0.012157 -0.037893
v 0.014250 -0.009411 -0.035148
v 0.014250 -0.008406 -0.031399
v 0.014250 -0.009410 -0.027648
v 0.014250 -0.012154 -0.024903
v 0.014250 -0.015904 -0.023897
v 0.014250 -0.019654 -0.024901
v 0.014250 -0.022400 -0.027646
v 0.014250 -0.023406 -0.031396
v 0.014250 -0.022401 -0.035146
v 0.014250 -0.019657 -0.037892
v 0.014250 -0.011905 -0.027398
v 0.014250 -0.011906 -0.035398
v 0.014250 -0.019906 -0.035396
v 0.014250 -0.019905 -0.027396
v 0.017250 -0.019905 -0.027396
v 0.017250 -0.019906 -0.035396
v 0.017250 -0.011905 -0.027398
v 0.017250 -0.011906 -0.035398
v 0.014250 0.015893 -0.038903
v 0.014250 0.019643 -0.037899
v 0.014250 0.022389 -0.035154
v 0.014250 0.023394 -0.031404
v 0.014250 0.022390 -0.027654
v 0.014250 0.019646 -0.024908
v 0.014250 0.015896 -0.023903
v 0.014250 0.012146 -0.024907
v 0.014250 0.009400 -0.027652
v 0.014250 0.008394 -0.031401
v 0.014250 0.009399 -0.035152
v 0.014250 0.012143 -0.037897
v 0.014250 0.019895 -0.027403
v 0.014250 0.019894 -0.035403
v 0.014250 0.011894 -0.035402
v 0.014250 0.011895 -0.027402
v 0.017250 0.011895 -0.027402
v 0.017250 0.011894 -0.035402
v 0.017250 0.019895 -0.027403
v 0.017250 0.019894 -0.035403
v -0.011150 -0.018996 0.035387
v -0.011150 -0.019877 0.035052
v -0.011150 -0.020744 0.035388
v -0.011150 -0.020514 0.034335
v -0.011150 -0.020744 0.033404
v -0.011150 0.020756 0.033396
v -0.011150 0.020526 0.034327
v -0.011150 0.020756 0.035380
v -0.011150 0.019889 0.035045
v -0.011150 0.019009 0.035381
v 0.000000 0.005707 0.038299
v -0.002850 0.004943 0.035399
v -0.002850 0.004943 0.038299
v -0.004936 0.002856 0.035399
v -0.004936 0.002857 0.038299
v -0.005700 0.000006 0.035400
v -0.005700 0.000007 0.038300
v -0.004936 -0.002844 0.035400
v -0.004936 -0.002843 0.038300
v -0.002850 -0.004930 0.035401
v -0.002850 -0.004930 0.038301
v 0.000000 -0.005694 0.035401
v 0.000000 -0.005693 0.038301
v 0.002850 -0.004930 0.035401
v 0.002850 -0.004930 0.038301
v 0.004936 -0.002844 0.035400
v 0.004936 -0.002843 0.038300
v 0.005700 0.000006 0.035400
v 0.005700 0.000007 0.038300
v 0.004936 0.002856 0.035399
v 0.004936 0.002857 0.038299
v 0.002850 0.004943 0.035399
v 0.002850 0.004943 0.038299
v 0.000000 0.005706 0.035399
v 0.017250 0.020756 0.035396
v -0.010750 0.020756 0.035396
v 0.017250 -0.020744 0.035404
v -0.010750 -0.020744 0.035404
v -0.015750 0.018755 0.030397
v -0.015750 0.018743 -0.038803
v -0.015750 -0.018745 0.030403
v -0.015750 -0.018757 -0.038797
v 0.015250 -0.024110 -0.057396
v -0.008150 -0.024110 -0.057396
v 0.015250 0.024090 -0.057404
v -0.008150 0.024090 -0.057404
v -0.011418 -0.021757 -0.040796
v -0.012150 0.021011 -0.040804
v -0.011150 -0.022757 -0.040796
v -0.011418 0.021743 -0.040804
v -0.011150 0.022743 -0.040804
v -0.013150 -0.020757 -0.040796
v -0.013750 -0.020757 -0.040796
v -0.013750 0.020743 -0.040804
v -0.012150 -0.021025 -0.040796
v -0.013150 0.020743 -0.040804
v -0.011150 0.020761 -0.052904
v -0.011150 0.022090 -0.054404
v -0.011150 -0.028110 -0.054395
v -0.011150 -0.028106 -0.032434
v -0.011150 0.028082 -0.031830
v -0.011150 0.028094 -0.032444
v -0.011150 0.028092 -0.046405
v -0.011150 0.027592 -0.046075
v -0.011150 -0.028094 -0.031820
v -0.011150 -0.027408 -0.004535
v -0.011150 -0.022745 0.027160
v -0.011150 -0.026540 0.013357
v -0.011150 -0.025708 0.022787
v -0.011150 -0.023370 0.026749
v -0.011150 -0.024934 0.025001
v -0.011150 0.027406 -0.004544
v -0.011150 0.022755 0.027152
v -0.011150 0.026545 0.013347
v -0.011150 0.025092 -0.045404
v -0.011150 0.022592 -0.046074
v -0.011150 0.020761 -0.047904
v -0.011150 0.020091 -0.050404
v -0.011150 0.025716 0.022778
v -0.011150 0.023379 0.026741
v -0.011150 0.024942 0.024992
v 0.017250 -0.020744 0.033576
v -0.007150 -0.020744 0.033576
v -0.007951 -0.020744 0.033520
v -0.012735 -0.020745 0.029582
v -0.013750 -0.020744 0.033404
v -0.013150 -0.020745 0.027160
v -0.011705 -0.020744 0.031398
v -0.011512 -0.020744 0.031623
v -0.009855 -0.020744 0.032909
v 0.017250 0.020756 0.033569
v -0.012120 0.020755 0.030820
v -0.013750 0.020756 0.033396
v -0.010797 0.020756 0.032288
v -0.009083 0.020756 0.033238
v -0.007150 0.020756 0.033569
v -0.013150 0.020755 0.027152
v -0.012927 0.020755 0.028957
v -0.007150 -0.032109 -0.053394
v 0.013250 -0.032109 -0.053394
v -0.007150 -0.032106 -0.032394
v 0.013250 -0.032106 -0.032394
v -0.007150 0.032094 -0.032406
v 0.013250 0.032094 -0.032406
v -0.007150 0.032091 -0.053406
v 0.013250 0.032091 -0.053406
v -0.011150 0.028100 -0.054413
v -0.010842 0.029630 -0.055730
v -0.010713 0.029329 -0.055877
v -0.011113 0.022625 -0.054664
v -0.011033 0.023796 -0.055234
v -0.010713 -0.029349 -0.055867
v -0.011150 -0.028119 -0.054403
v -0.010844 -0.029640 -0.055711
v -0.010842 -0.029650 -0.055720
v -0.011150 0.028090 -0.054405
v -0.011132 0.027590 -0.054735
v -0.011033 0.026384 -0.055234
v -0.010978 0.025090 -0.055404
v -0.010599 -0.029081 -0.055997
v -0.009819 -0.027253 -0.056888
v -0.009632 -0.026902 -0.056945
v -0.010599 0.029062 -0.056007
v -0.009819 0.027233 -0.056898
v -0.008160 0.024107 -0.057404
v -0.009632 0.026882 -0.056955
v -0.008160 -0.024128 -0.057396
v -0.010614 0.030090 -0.055405
v -0.009150 0.031555 -0.054060
v -0.008226 0.031943 -0.053597
v 0.015250 0.029090 -0.056065
v 0.015250 0.026678 -0.057064
v -0.007948 -0.032029 -0.053500
v -0.008681 -0.031805 -0.053780
v -0.009978 -0.030938 -0.054700
v 0.015250 -0.029110 -0.056055
v 0.015250 -0.026698 -0.057055
v -0.012593 -0.019877 0.035052
v -0.014286 -0.020671 0.033939
v -0.013770 -0.020429 0.034278
v -0.013198 -0.020161 0.034654
v -0.014268 -0.020689 -0.040728
v -0.014750 -0.020489 -0.040528
v -0.014725 -0.020438 0.033372
v -0.014489 -0.020602 0.033723
v -0.015052 -0.020210 0.032885
v -0.015239 -0.020080 0.032606
v -0.015482 -0.019757 -0.039797
v -0.015750 -0.018752 0.030415
v -0.015384 -0.019702 0.031983
v -0.014268 0.020675 -0.040735
v -0.014750 0.020475 -0.040536
v -0.015482 0.019743 -0.039803
v -0.014709 0.020420 0.033340
v -0.014286 0.020683 0.033932
v -0.015750 0.018763 0.030409
v -0.015384 0.019714 0.031976
v -0.015239 0.020091 0.032599
v -0.015044 0.020212 0.032871
v -0.012546 0.019834 0.034946
v -0.013802 0.020481 0.034303
v -0.013250 0.020250 0.034727
v -0.007150 0.029677 0.023334
v 0.017250 0.029677 0.023334
v 0.017250 0.030266 0.017559
v -0.007150 0.032082 -0.031752
v -0.007150 0.031407 -0.004532
v 0.017250 0.031408 -0.004532
v 0.017250 0.032094 -0.032406
v -0.007150 0.031404 -0.004404
v -0.007150 0.030537 0.013603
v -0.007150 0.030188 0.017552
v -0.007150 -0.029669 0.023344
v -0.007150 -0.030532 0.013613
v 0.017250 -0.029669 0.023344
v 0.017250 -0.030905 0.007180
v -0.007150 -0.030844 0.007177
v -0.007150 -0.031405 -0.004393
v 0.017250 -0.031862 -0.020646
v -0.007150 -0.031814 -0.020647
v 0.017250 -0.032106 -0.032394
v -0.007150 -0.032093 -0.031741
v -0.007150 0.028388 0.027024
v 0.017250 0.028388 0.027024
v -0.007150 0.025783 0.029938
v 0.017250 0.025783 0.029938
v -0.007150 0.022259 0.031631
v 0.017250 0.022259 0.031631
v 0.017250 -0.022248 0.031639
v -0.007150 -0.022248 0.031639
v -0.007150 -0.025772 0.029947
v 0.017250 -0.025772 0.029947
v -0.007150 -0.028378 0.027034
v 0.017250 -0.028378 0.027034
v -0.010874 -0.022479 0.028902
v -0.010614 -0.024571 0.028348
v -0.010568 -0.022423 0.029460
v -0.010187 -0.022353 0.030157
v -0.009150 -0.025450 0.029519
v -0.010058 -0.022340 0.030311
v -0.007684 -0.022250 0.031601
v -0.008954 -0.022276 0.031187
v -0.009131 -0.022286 0.031046
v -0.009150 -0.029138 0.023270
v -0.009150 -0.027917 0.026762
v -0.010614 -0.027688 0.023066
v -0.010614 -0.026656 0.026018
v -0.009150 -0.029997 0.013579
v -0.008474 -0.031880 -0.032397
v -0.009150 -0.031557 -0.031751
v -0.008666 -0.031774 -0.032398
v -0.010542 -0.030226 -0.032413
v -0.009941 -0.030901 -0.032406
v -0.009649 -0.031229 -0.032403
v -0.009123 -0.031521 -0.032400
v -0.011052 -0.028984 -0.032425
v -0.010793 -0.029615 -0.032419
v -0.010614 -0.030093 -0.031780
v -0.010595 -0.030098 -0.032414
v -0.011149 -0.028196 -0.032433
v -0.009150 -0.030870 -0.004412
v -0.010614 -0.029406 -0.004464
v -0.010614 -0.028536 0.013485
v -0.010922 0.029421 -0.052905
v -0.010708 0.029919 -0.051705
v -0.010614 0.030091 -0.050405
v -0.008474 0.031869 -0.032408
v -0.009123 0.031509 -0.032411
v -0.009649 0.031218 -0.032414
v -0.010542 0.030215 -0.032424
v -0.010595 0.030086 -0.032425
v -0.010707 0.029920 -0.049109
v -0.010922 0.029422 -0.047905
v -0.011149 0.028185 -0.032443
v -0.011052 0.028973 -0.032436
v -0.010614 0.030082 -0.031791
v -0.009150 0.031546 -0.031762
v -0.009150 0.030868 -0.004423
v -0.009150 0.030002 0.013568
v -0.010614 0.029405 -0.004474
v -0.010614 0.028541 0.013475
v -0.010614 0.027697 0.023056
v -0.009150 0.029147 0.023259
v -0.008438 0.022273 0.031407
v -0.009150 0.025461 0.029510
v -0.009126 0.022299 0.031019
v -0.009581 0.022316 0.030762
v -0.010614 0.024581 0.028340
v -0.011002 0.022544 0.028460
v -0.010583 0.022431 0.029468
v -0.010463 0.022399 0.029757
v -0.009150 0.027926 0.026752
v -0.010614 0.026665 0.026008
v 0.017250 -0.020935 0.032724
v -0.007150 -0.020935 0.032724
v 0.017250 -0.021470 0.032035
v -0.007150 -0.021470 0.032035
v -0.007834 -0.020935 0.032676
v -0.007739 -0.021471 0.031993
v -0.009135 -0.021485 0.031533
v -0.009456 -0.020939 0.032147
v -0.010859 -0.020949 0.031033
v -0.010339 -0.021519 0.030564
v -0.010477 -0.021526 0.030394
v -0.011021 -0.020951 0.030838
v -0.011869 -0.020970 0.029266
v -0.011198 -0.021595 0.029021
v -0.011418 -0.021745 0.027160
v -0.012150 -0.021013 0.027160
v 0.017250 0.021481 0.032027
v -0.007150 0.021481 0.032027
v 0.017250 0.020946 0.032717
v -0.007150 0.020946 0.032717
v -0.012019 0.020989 0.028723
v -0.012150 0.021023 0.027152
v -0.011323 0.021636 0.028543
v -0.011418 0.021755 0.027152
v -0.010772 0.021556 0.029955
v -0.011366 0.020967 0.030337
v -0.009821 0.021511 0.031063
v -0.008798 0.020948 0.032431
v -0.010255 0.020954 0.031608
v -0.008569 0.021488 0.031779
v -0.001150 0.029421 -0.052905
v -0.001150 0.027590 -0.054735
v -0.001150 0.029422 -0.047905
v -0.001150 0.030091 -0.050405
v -0.001150 0.027592 -0.046075
v -0.001150 0.022590 -0.054734
v -0.001150 0.025090 -0.055404
v -0.001150 0.020761 -0.052904
v -0.001150 0.020091 -0.050404
v -0.001150 0.020761 -0.047904
v -0.001150 0.022592 -0.046074
v -0.001150 0.025092 -0.045404
v -0.001150 0.023841 -0.052569
v -0.001150 0.022926 -0.051654
v -0.001150 0.022591 -0.050404
v -0.001150 0.022926 -0.049154
v -0.001150 0.023842 -0.048239
v -0.001150 0.025092 -0.047904
v -0.001150 0.026342 -0.048240
v -0.001150 0.027256 -0.049155
v -0.001150 0.027591 -0.050405
v -0.001150 0.027256 -0.051655
v -0.001150 0.026341 -0.052570
v -0.001150 0.025091 -0.052904
v 0.008850 0.025092 -0.047904
v 0.008850 0.026342 -0.048240
v 0.008850 0.027256 -0.049155
v 0.008850 0.027591 -0.050405
v 0.008850 0.027256 -0.051655
v 0.008850 0.026341 -0.052570
v 0.008850 0.025091 -0.052904
v 0.008850 0.023841 -0.052569
v 0.008850 0.022926 -0.051654
v 0.008850 0.022591 -0.050404
v 0.008850 0.022926 -0.049154
v 0.008850 0.023842 -0.048239
v 0.008850 0.025091 -0.050404
vn 1.0000 -0.0000 -0.0000
vn -1.0000 -0.0000 -0.0000
vn -0.0000 -1.0000 0.0002
vn -0.0002 -1.0000 0.0002
vn -0.0000 -0.9529 0.3034
vn -0.0000 0.0002 1.0000
vn 0.0001 0.0002 1.0000
vn -0.0000 0.9530 0.3030
vn -0.0000 1.0000 -0.0002
vn 0.0002 1.0000 -0.0002
vn -0.0000 -0.0002 -1.0000
vn -0.0001 -0.0002 -1.0000
vn -0.0000 0.9877 0.1563
vn -0.0000 0.8910 0.4540
vn -0.0000 0.8912 0.4537
vn -0.0000 0.7072 0.7070
vn -0.0000 0.4541 0.8910
vn -0.0000 0.1566 0.9877
vn -0.0000 -0.1564 0.9877
vn -0.0000 -0.4539 0.8911
vn -0.0000 -0.7069 0.7074
vn -0.0000 -0.8910 0.4541
vn -0.0000 -0.9877 0.1566
vn -0.0000 -0.9877 -0.1564
vn -0.0000 -0.8911 -0.4539
vn -0.0000 -0.8912 -0.4536
vn -0.0000 -0.7071 -0.7071
vn -0.0000 -0.4541 -0.8910
vn -0.0000 -0.1566 -0.9877
vn -0.0000 0.1561 -0.9877
vn -0.0000 0.4539 -0.8911
vn -0.0000 0.7070 -0.7072
vn -0.0000 0.8909 -0.4542
vn -0.0000 0.9877 -0.1566
vn -0.0000 0.9877 0.1561
vn -0.0000 0.8911 0.4538
vn -0.0000 -0.1561 0.9877
vn -0.0000 -0.7071 0.7071
vn -0.0000 -0.8908 0.4544
vn -0.0000 -0.9877 -0.1563
vn -0.0000 -0.7074 -0.7069
vn -0.0000 0.1563 -0.9877
vn -0.0000 0.8909 -0.4543
vn -0.0000 0.8910 -0.4540
vn -0.0000 0.9877 -0.1564
vn -0.0000 0.9876 -0.1567
vn -0.0000 0.9877 0.1564
vn -0.0000 0.8912 0.4536
vn -0.0000 0.8911 0.4539
vn -0.0000 0.7071 0.7071
vn -0.0000 -0.7070 0.7072
vn -0.0000 -0.8909 0.4542
vn -0.0000 -0.8910 -0.4540
vn -0.0000 -0.8912 -0.4537
vn -0.0000 -0.7072 -0.7070
vn -0.0000 0.1564 -0.9877
vn -0.0000 0.7069 -0.7074
vn -0.0000 0.8910 -0.4541
vn -0.0000 0.7074 0.7069
vn -0.0000 -0.1563 0.9877
vn -0.0000 -0.8909 0.4543
vn -0.0000 -0.9877 0.1564
vn -0.0000 -0.9877 -0.1561
vn -0.0000 -0.9877 -0.1565
vn -0.0000 -0.8911 -0.4538
vn -0.0000 0.7071 -0.7071
vn -0.0000 0.8908 -0.4544
vn -0.0000 0.9876 -0.1569
vn -0.0000 0.9659 0.2589
vn -0.0000 0.2592 0.9658
vn -0.0000 0.2589 0.9659
vn -0.0000 -0.2589 0.9659
vn -0.0000 -0.9658 0.2592
vn -0.0000 -0.9659 0.2589
vn -0.0000 -0.9659 -0.2589
vn -0.0000 -0.2592 -0.9658
vn -0.0000 -0.2589 -0.9659
vn -0.0000 0.2589 -0.9659
vn -0.0000 0.9658 -0.2592
vn -0.0000 0.9659 -0.2589
vn -0.0000 -0.9660 -0.2585
vn -0.0000 0.2585 -0.9660
vn -0.0000 0.9882 0.1532
vn -0.0000 0.2092 0.9779
vn -0.0000 0.5903 0.8072
vn -0.0000 0.8687 0.4954
vn -0.0000 -0.8684 0.4959
vn -0.0000 -0.8686 0.4955
vn -0.0000 -0.5903 0.8072
vn -0.0000 -0.2087 0.9780
vn -0.0000 -0.9881 0.1538
vn -0.0000 -0.9658 0.2593
vn -0.0000 -0.7069 0.7073
vn -0.0000 -0.2585 0.9660
vn -0.0000 0.9660 0.2585
vn -0.0000 -0.7075 -0.7067
vn -0.0000 -0.2594 -0.9658
vn -0.0000 0.9658 -0.2593
vn -0.0000 0.7067 -0.7075
vn -0.0000 0.7073 0.7069
vn -0.0000 0.2593 0.9658
vn -0.0000 -0.7073 -0.7069
vn -0.0000 0.7069 -0.7073
vn -0.0000 1.0000 -0.0001
vn -0.0000 -1.0000 0.0001
vn -0.0000 0.9914 -0.1310
vn -0.1676 0.9522 -0.2554
vn -0.0000 0.9239 -0.3827
vn -0.0000 0.8346 -0.5508
vn 0.0427 0.7925 -0.6084
vn -0.1406 0.6024 -0.7857
vn -0.1410 -0.6027 -0.7854
vn 0.0916 -0.8311 -0.5485
vn -0.0000 -0.7937 -0.6083
vn -0.0000 -0.9660 -0.2587
vn -0.3203 -0.8752 -0.3625
vn -0.0000 -0.9915 -0.1303
vn -0.0000 -0.1302 0.9915
vn -0.0174 -0.2588 0.9658
vn -0.0000 -0.3825 0.9240
vn -0.0000 -0.9659 0.2590
vn 0.9659 -0.2589 -0.0000
vn 0.9659 -0.2590 -0.0000
vn 0.9915 -0.1301 -0.0000
vn 0.9260 -0.3771 -0.0156
vn 0.7071 -0.7071 0.0001
vn 0.7070 -0.7072 0.0001
vn 0.2589 -0.9659 0.0001
vn 0.2596 -0.9657 0.0002
vn 0.2593 -0.9658 0.0002
vn 0.9654 -0.2587 -0.0340
vn 0.7041 -0.7041 -0.0925
vn 0.7040 -0.7041 -0.0925
vn 0.2568 -0.9582 -0.1259
vn 0.2569 -0.9582 -0.1259
vn 0.2568 -0.8929 -0.3698
vn 0.2567 -0.8929 -0.3698
vn 0.2567 -0.7668 -0.5883
vn 0.2567 -0.7671 -0.5879
vn 0.2564 -0.7669 -0.5883
vn 0.2574 -0.7668 -0.5880
vn 0.2566 -0.5885 -0.7667
vn 0.2569 -0.5885 -0.7666
vn 0.2567 -0.5886 -0.7666
vn 0.2567 -0.3701 -0.8928
vn 0.2568 -0.3701 -0.8928
vn 0.2569 -0.1262 -0.9582
vn 0.2568 -0.1263 -0.9582
vn 0.7040 -0.7042 -0.0925
vn 0.7040 -0.6562 -0.2718
vn 0.7041 -0.6561 -0.2718
vn 0.7041 -0.6560 -0.2718
vn 0.7041 -0.5635 -0.4321
vn 0.7040 -0.5636 -0.4321
vn 0.7040 -0.4325 -0.5633
vn 0.7040 -0.4325 -0.5634
vn 0.7040 -0.4324 -0.5633
vn 0.7041 -0.4324 -0.5633
vn 0.7041 -0.2719 -0.6560
vn 0.7041 -0.2719 -0.6559
vn 0.7041 -0.0928 -0.7040
vn 0.7041 -0.0928 -0.7041
vn 0.9654 -0.2411 -0.0999
vn 0.9654 -0.2410 -0.0999
vn 0.9653 -0.2412 -0.0999
vn 0.9653 -0.2072 -0.1589
vn 0.9653 -0.2071 -0.1589
vn 0.9653 -0.2071 -0.1588
vn 0.9653 -0.1589 -0.2070
vn 0.9654 -0.1589 -0.2070
vn 0.9654 -0.0999 -0.2410
vn 0.9654 -0.0999 -0.2411
vn 0.9654 -0.0341 -0.2587
vn -0.0000 0.9660 0.2584
vn -0.0000 0.9661 0.2583
vn -0.0000 0.9662 0.2580
vn -0.0000 0.3830 0.9237
vn -0.0173 0.2588 0.9658
vn -0.0000 0.1304 0.9915
vn 0.2589 -0.0002 -0.9659
vn 0.7071 -0.0001 -0.7071
vn 0.9659 -0.0000 -0.2589
vn 0.9660 0.2587 -0.0000
vn 0.9659 0.2589 -0.0000
vn 0.9915 0.1304 -0.0000
vn 0.9261 0.3770 -0.0157
vn 0.7072 0.7070 -0.0001
vn 0.7071 0.7071 -0.0001
vn 0.2585 0.9660 -0.0002
vn 0.2589 0.9659 -0.0002
vn 0.2588 0.9659 -0.0002
vn 0.9654 0.0340 -0.2587
vn 0.7041 0.0925 -0.7041
vn 0.2568 0.1259 -0.9582
vn 0.2569 0.1259 -0.9582
vn 0.2568 0.3698 -0.8929
vn 0.2567 0.3698 -0.8929
vn 0.2568 0.5881 -0.7669
vn 0.2567 0.5881 -0.7670
vn 0.2569 0.5881 -0.7669
vn 0.2567 0.7666 -0.5886
vn 0.2565 0.8929 -0.3699
vn 0.2567 0.8929 -0.3698
vn 0.2565 0.8929 -0.3700
vn 0.2568 0.8928 -0.3701
vn 0.2562 0.9583 -0.1266
vn 0.2568 0.9582 -0.1263
vn 0.2566 0.9582 -0.1264
vn 0.7041 0.2717 -0.6560
vn 0.7041 0.2717 -0.6561
vn 0.7042 0.4321 -0.5634
vn 0.7041 0.4321 -0.5635
vn 0.7043 0.4321 -0.5633
vn 0.7043 0.4321 -0.5632
vn 0.7043 0.5631 -0.4324
vn 0.7043 0.5631 -0.4323
vn 0.7041 0.5631 -0.4325
vn 0.7041 0.5632 -0.4326
vn 0.7041 0.6560 -0.2719
vn 0.7041 0.6559 -0.2719
vn 0.7041 0.7040 -0.0928
vn 0.7041 0.7041 -0.0928
vn 0.9653 0.0340 -0.2587
vn 0.9653 0.0999 -0.2411
vn 0.9654 0.0999 -0.2411
vn 0.9653 0.1588 -0.2071
vn 0.9654 0.1588 -0.2070
vn 0.9653 0.1589 -0.2072
vn 0.9653 0.1589 -0.2073
vn 0.9653 0.2071 -0.1590
vn 0.9653 0.2071 -0.1591
vn 0.9654 0.2070 -0.1588
vn 0.9654 0.2069 -0.1587
vn 0.9654 0.2410 -0.0999
vn 0.9654 0.2410 -0.1000
vn 0.9654 0.2587 -0.0341
vn -0.0000 -0.2586 0.9660
vn -0.0000 -0.9660 -0.2586
vn -0.0000 -0.2591 -0.9658
vn -0.0000 0.2586 -0.9660
vn -0.0000 0.9658 -0.2591
vn -0.0000 0.9660 0.2586
vn -0.0000 -1.0000 0.0003
vn -0.0000 0.0003 1.0000
vn -0.0000 1.0000 -0.0003
vn -0.0000 -0.0003 -1.0000
vn -0.0000 0.2591 0.9658
vn -0.0000 -0.2586 -0.9660
vn -0.0000 0.7074 0.7068
vn -0.0000 -0.7074 -0.7068
vn -0.0000 0.9659 0.2588
vn -0.0000 0.2588 0.9659
vn -0.0000 0.0001 1.0000
vn -0.0000 -0.0001 -1.0000
vn -0.2589 0.9659 -0.0000
vn -0.7073 0.7069 -0.0000
vn -0.7071 0.7071 -0.0002
vn -0.9659 0.2589 -0.0001
vn -0.9659 -0.2589 0.0001
vn -0.7071 -0.7071 0.0002
vn -0.7073 -0.7069 -0.0000
vn -0.2589 -0.9659 -0.0000
vn -0.2586 -0.9660 0.0003
vn 0.2589 -0.9659 0.0003
vn 0.2586 -0.9660 -0.0000
vn 0.7071 -0.7071 -0.0000
vn 0.7073 -0.7069 0.0002
vn 0.9659 -0.2589 0.0001
vn 0.9659 0.2589 -0.0001
vn 0.7073 0.7069 -0.0002
vn 0.7071 0.7071 -0.0000
vn 0.2586 0.9660 -0.0000
vn 0.2589 0.9659 -0.0003
vn -0.2586 0.9660 -0.0003
vn 0.0001 0.0001 1.0000
vn -0.0001 0.0001 1.0000
vn -0.0001 0.0002 1.0000
vn -0.0002 0.0003 1.0000
vn 0.0001 0.0003 1.0000
vn 0.0002 0.0002 1.0000
vn -1.0000 0.0043 0.0023
vn -1.0000 -0.0008 0.0010
vn -1.0000 -0.0014 -0.0000
vn -0.0011 -0.0001 -1.0000
vn -0.0006 0.0002 -1.0000
vn 0.0001 -0.0002 -1.0000
vn -0.0003 -0.0002 -1.0000
vn 0.0002 -0.0002 -1.0000
vn -1.0000 -0.0000 -0.0007
vn -1.0000 -0.0040 -0.0004
vn -1.0000 -0.0056 0.0001
vn -1.0000 0.0067 0.0001
vn -0.9999 0.0112 -0.0001
vn -1.0000 0.0065 -0.0000
vn -1.0000 -0.0067 0.0001
vn -0.0000 -1.0000 -0.0000
vn -0.0004 -1.0000 0.0002
vn 0.0001 -1.0000 0.0001
vn 0.0001 -1.0000 0.0002
vn 0.0002 -1.0000 0.0002
vn -0.0000 1.0000 -0.0000
vn 0.0002 1.0000 -0.0003
vn -0.0001 1.0000 -0.0002
vn 0.0001 1.0000 -0.0002
vn -0.8918 -0.1783 -0.4159
vn -0.9890 -0.0042 -0.1479
vn -1.0000 -0.0008 -0.0008
vn -0.9902 -0.0000 -0.1398
vn -0.9738 -0.0005 -0.2273
vn -0.7737 0.0087 -0.6335
vn -0.8920 0.1778 -0.4155
vn -0.9995 -0.0202 -0.0246
vn -0.9731 0.0974 -0.2087
vn -0.9566 0.0409 -0.2887
vn -0.9180 0.0134 -0.3963
vn -0.9481 -0.0019 -0.3179
vn -0.8716 -0.0001 -0.4903
vn -0.7523 -0.0001 -0.6588
vn -0.7522 -0.0001 -0.6589
vn -0.7521 -0.0001 -0.6590
vn -0.3128 0.0120 -0.9497
vn -0.7541 -0.0020 -0.6568
vn -0.7542 -0.0020 -0.6566
vn -0.7543 -0.0020 -0.6566
vn -0.7542 -0.0020 -0.6567
vn -0.0011 0.0001 -1.0000
vn -0.2923 -0.0002 -0.9563
vn -0.2919 -0.0002 -0.9565
vn -0.2926 -0.0002 -0.9562
vn -0.2921 -0.0002 -0.9564
vn -0.2927 -0.0002 -0.9562
vn -0.0011 -0.0000 -1.0000
vn 0.2011 0.4970 -0.8441
vn 0.2853 0.4779 -0.8308
vn 0.1843 0.5406 -0.8208
vn -0.0009 0.3827 -0.9239
vn -0.0030 0.1582 -0.9874
vn 0.0001 0.1303 -0.9915
vn 0.0524 0.6276 -0.7768
vn -0.0000 0.6668 -0.7453
vn 0.0399 0.4511 -0.8916
vn -0.0024 0.6623 -0.7493
vn -0.0025 0.4371 -0.8994
vn 0.0201 0.1707 -0.9851
vn 0.0399 -0.4516 -0.8913
vn -0.0000 -0.6673 -0.7448
vn 0.0375 -0.6394 -0.7679
vn 0.1325 -0.5757 -0.8068
vn 0.2629 -0.4892 -0.8316
vn 0.2306 -0.5042 -0.8322
vn -0.0024 -0.6628 -0.7488
vn -0.0000 -0.0000 -1.0000
vn 0.0001 -0.1306 -0.9914
vn -0.0031 -0.1589 -0.9873
vn -0.0009 -0.3830 -0.9238
vn 0.0201 -0.1707 -0.9851
vn -0.0025 -0.4373 -0.8993
vn -0.0000 -0.3562 0.9344
vn 0.2101 -0.9182 0.3357
vn -0.0000 -0.9408 0.3391
vn -0.0365 -0.9701 0.2400
vn -0.0000 -0.7476 0.6642
vn -0.0389 -0.7846 0.6187
vn -0.0388 -0.7845 0.6189
vn -0.0389 -0.7847 0.6187
vn -0.0388 -0.7844 0.6190
vn -0.1301 -0.9915 0.0002
vn -0.3827 -0.9239 0.0008
vn -0.2995 -0.9541 0.0014
vn -0.2832 -0.9275 -0.2440
vn -0.2265 -0.9695 -0.0941
vn -0.5727 -0.8198 0.0008
vn -0.5729 -0.8197 0.0008
vn -0.5728 -0.8197 0.0008
vn -0.5729 -0.8196 0.0008
vn -0.7075 -0.7067 -0.0008
vn -1.0000 -0.0014 0.0009
vn -0.9659 -0.2589 -0.0000
vn -0.9340 -0.3573 0.0015
vn -0.9341 -0.3569 0.0015
vn -0.9341 -0.3570 0.0015
vn -0.9341 -0.3571 0.0015
vn -0.1305 -0.0002 -0.9914
vn -0.1302 -0.0002 -0.9915
vn -0.1306 -0.0002 -0.9914
vn -0.3827 -0.0002 -0.9239
vn -0.3829 -0.0002 -0.9238
vn -0.3826 -0.0002 -0.9239
vn -0.7072 -0.0001 -0.7070
vn -0.7070 -0.0001 -0.7072
vn -0.7071 -0.0001 -0.7071
vn -0.9659 -0.0000 -0.2589
vn -0.9659 -0.0000 -0.2588
vn -0.3146 0.9304 -0.1879
vn -0.9659 0.2588 -0.0000
vn -1.0000 0.0043 0.0025
vn -1.0000 0.0078 -0.0037
vn -0.9341 0.3571 0.0014
vn -0.7065 0.7077 0.0013
vn -0.9309 0.3652 -0.0043
vn -0.5282 0.8491 0.0009
vn -0.5284 0.8490 0.0009
vn -0.5283 0.8490 0.0009
vn -0.3823 0.9240 0.0009
vn -0.3307 0.9437 0.0013
vn -0.1302 0.9915 -0.0002
vn -0.0801 0.3556 0.9312
vn -0.0801 0.3555 0.9313
vn -0.0800 0.3555 0.9313
vn 0.1669 0.9408 0.2950
vn -0.0800 0.3555 0.9312
vn 0.0279 0.7476 0.6636
vn -0.0194 0.8670 0.4979
vn -0.0186 0.9706 0.2398
vn -0.0000 0.9570 0.2902
vn -0.0000 0.9948 0.1015
vn -0.0000 0.9998 0.0192
vn -0.0001 0.9997 0.0247
vn 0.0001 0.9997 0.0247
vn -0.0001 0.9998 0.0216
vn -0.0000 0.9998 0.0209
vn -0.0000 0.9998 0.0194
vn -0.0001 0.9997 0.0248
vn 0.0001 0.9988 0.0481
vn 0.0027 0.9987 0.0516
vn -0.0032 0.9961 0.0880
vn -0.0000 -0.9961 0.0883
vn 0.0049 -0.9971 0.0762
vn -0.0025 -0.9988 0.0484
vn 0.0042 -0.9994 0.0344
vn -0.0020 -0.9997 0.0252
vn -0.0020 -0.9998 0.0208
vn -0.0016 -0.9998 0.0215
vn 0.0012 -0.9998 0.0217
vn -0.0000 -0.9998 0.0199
vn -0.0000 0.9441 0.3298
vn -0.0000 0.7455 0.6665
vn -0.0000 0.4330 0.9014
vn -0.0000 -0.4328 0.9015
vn -0.0000 -0.7453 0.6667
vn -0.0000 -0.9439 0.3302
vn -0.9785 -0.1133 0.1723
vn -0.9657 -0.1716 0.1948
vn -0.8430 -0.2330 0.4848
vn -0.8429 -0.2330 0.4849
vn -0.8431 -0.2329 0.4847
vn -0.7040 -0.3616 0.6112
vn -0.7051 -0.3617 0.6099
vn -0.7015 -0.3614 0.6142
vn -0.7000 -0.3613 0.6160
vn -0.0615 -0.4319 0.8998
vn -0.2697 -0.4425 0.8552
vn -0.2734 -0.4383 0.8563
vn -0.2715 -0.4418 0.8551
vn -0.2550 -0.4374 0.8623
vn -0.5684 -0.3548 0.7423
vn -0.5684 -0.3549 0.7423
vn -0.5681 -0.3549 0.7425
vn -0.2542 -0.9129 0.3194
vn -0.2540 -0.9130 0.3193
vn -0.2541 -0.9129 0.3193
vn -0.2542 -0.9129 0.3193
vn -0.7003 -0.6739 0.2356
vn -0.7002 -0.6739 0.2356
vn -0.9646 -0.2489 0.0870
vn -0.2539 -0.7209 0.6449
vn -0.2540 -0.7208 0.6449
vn -0.2544 -0.7207 0.6448
vn -0.2544 -0.7208 0.6448
vn -0.7002 -0.5320 0.4761
vn -0.9646 -0.1964 0.1758
vn -0.9646 -0.1965 0.1758
vn -0.2586 -0.9622 0.0853
vn -0.2588 -0.9622 0.0853
vn -0.1683 -0.9855 0.0196
vn -0.4833 -0.8727 -0.0692
vn -0.4833 -0.8728 -0.0690
vn -0.4833 -0.8727 -0.0691
vn -0.7276 -0.6455 0.2323
vn -0.7276 -0.6455 0.2322
vn -0.7276 -0.6456 0.2321
vn -0.9245 -0.3803 -0.0258
vn -0.9245 -0.3802 -0.0257
vn -0.9245 -0.3803 -0.0257
vn -1.0000 -0.0054 -0.0000
vn -0.9924 -0.1216 0.0186
vn -0.2542 -0.9448 0.2068
vn -0.2589 -0.9656 0.0243
vn -0.2588 -0.9656 0.0243
vn -0.2586 -0.9657 0.0243
vn -0.2586 -0.9649 0.0468
vn -0.2585 -0.9649 0.0468
vn -0.2587 -0.9648 0.0468
vn -0.2588 -0.9648 0.0468
vn -0.2589 -0.9648 0.0468
vn -0.2588 -0.9621 0.0853
vn -0.7061 -0.7049 0.0674
vn -0.7072 -0.7068 0.0178
vn -0.7071 -0.7069 0.0178
vn -0.7073 -0.7067 0.0178
vn -0.7073 -0.7061 0.0343
vn -0.7071 -0.7063 0.0342
vn -0.7070 -0.7045 0.0624
vn -0.7070 -0.7044 0.0624
vn -0.7067 -0.7047 0.0624
vn -0.7067 -0.7048 0.0624
vn -0.9447 -0.2490 0.2133
vn -0.9659 -0.2589 0.0065
vn -0.9660 -0.2585 0.0066
vn -0.9660 -0.2583 0.0125
vn -0.9660 -0.2584 0.0125
vn -0.9659 -0.2580 0.0228
vn -0.9658 -0.2582 0.0228
vn -0.7469 -0.6649 0.0023
vn -0.7469 -0.6650 0.0023
vn -0.8296 -0.5583 -0.0031
vn -0.9249 -0.3802 0.0025
vn -0.9792 -0.2028 0.0065
vn -0.9925 -0.1218 -0.0004
vn -0.9809 -0.1945 -0.0033
vn -0.9249 -0.3801 0.0024
vn -0.9250 -0.3800 0.0024
vn -0.9249 -0.3803 0.0024
vn -0.5544 -0.8322 -0.0027
vn -0.4849 -0.8746 0.0016
vn -0.4843 -0.8749 0.0016
vn -0.2928 -0.9562 0.0016
vn -0.4847 -0.8747 -0.0059
vn -0.1008 -0.9949 0.0045
vn -0.1683 -0.9857 0.0001
vn -0.9936 0.0746 0.0848
vn -0.9708 0.2329 -0.0573
vn -0.9258 0.3358 0.1734
vn -0.9145 0.4045 -0.0043
vn -0.8780 0.4787 -0.0001
vn -0.7073 0.7069 -0.0001
vn -0.7077 0.7065 -0.0007
vn -0.7089 0.7053 -0.0018
vn -0.1682 0.9858 -0.0002
vn -0.1366 0.9906 0.0019
vn -0.4851 0.8745 -0.0026
vn -0.3882 0.9216 0.0024
vn -0.4846 0.8747 0.0024
vn -0.7468 0.6650 -0.0069
vn -0.7096 0.7046 -0.0020
vn -0.9250 0.3800 0.0011
vn -0.8742 0.4856 0.0011
vn -0.9162 0.4008 0.0022
vn -0.9999 0.0110 0.0001
vn -0.9858 0.1678 -0.0010
vn -0.9925 0.1219 -0.0048
vn -0.9251 0.3798 0.0032
vn -0.9246 0.3802 -0.0256
vn -0.8586 0.3494 0.3750
vn -0.9924 0.1216 0.0186
vn -0.4833 0.8727 -0.0695
vn -0.4831 0.8728 -0.0699
vn -0.4833 0.8727 -0.0694
vn -0.7461 0.6637 0.0543
vn -0.2584 0.9658 0.0233
vn -0.2588 0.9657 0.0188
vn -0.2586 0.9658 0.0205
vn -0.1601 0.9397 0.3023
vn -0.4835 0.8726 -0.0696
vn -0.2590 0.9656 0.0233
vn -0.2589 0.9656 0.0239
vn -0.2588 0.9656 0.0238
vn -0.2590 0.9648 0.0464
vn -0.2585 0.9649 0.0464
vn -0.2589 0.9648 0.0465
vn -0.9654 0.2593 -0.0282
vn -0.9659 0.2587 0.0064
vn -0.9659 0.2587 0.0065
vn -0.9659 0.2586 0.0124
vn -0.9659 0.2585 0.0124
vn -0.9659 0.2581 0.0227
vn -0.9658 0.2581 0.0227
vn -0.6968 0.6931 0.1846
vn -0.7072 0.7068 0.0175
vn -0.7071 0.7069 0.0175
vn -0.7070 0.7063 0.0340
vn -0.7071 0.7063 0.0340
vn -0.7069 0.7045 0.0621
vn -0.7070 0.7045 0.0621
vn -0.7067 0.7048 0.0622
vn -0.2582 0.9624 0.0849
vn -0.2586 0.9622 0.0850
vn -0.2588 0.9622 0.0850
vn -0.2585 0.9623 0.0850
vn -0.2589 0.9622 0.0850
vn -0.1503 0.4281 0.8911
vn -0.2556 0.4516 0.8548
vn -0.4429 0.3834 0.8104
vn -0.4433 0.3833 0.8103
vn -0.9658 0.1426 0.2165
vn -0.9710 0.1933 0.1410
vn -0.8980 0.1942 0.3947
vn -0.7017 0.3231 0.6350
vn -0.8346 0.3893 0.3897
vn -0.8311 0.3956 0.3908
vn -0.8309 0.3942 0.3927
vn -0.6904 0.3472 0.6346
vn -0.2540 0.7211 0.6446
vn -0.2542 0.7211 0.6445
vn -0.2541 0.7211 0.6446
vn -0.7001 0.5322 0.4761
vn -0.7002 0.5323 0.4757
vn -0.7003 0.5323 0.4757
vn -0.9646 0.1965 0.1756
vn -0.2543 0.9130 0.3189
vn -0.2540 0.9130 0.3191
vn -0.2542 0.9130 0.3190
vn -0.2539 0.9130 0.3192
vn -0.7002 0.6739 0.2356
vn -0.7002 0.6740 0.2356
vn -0.9646 0.2488 0.0870
vn -0.0000 -0.9759 0.2182
vn -0.0000 -0.9758 0.2188
vn -0.0000 -0.7898 0.6133
vn -0.0000 -0.4536 0.8912
vn -0.0153 -0.9757 0.2187
vn -0.0151 -0.9758 0.2182
vn -0.0426 -0.7890 0.6130
vn -0.0430 -0.7891 0.6127
vn -0.0421 -0.7890 0.6129
vn -0.0609 -0.4521 0.8899
vn -0.0612 -0.4521 0.8899
vn -0.0607 -0.4518 0.8900
vn -0.2759 -0.4471 0.8509
vn -0.2759 -0.4456 0.8516
vn -0.0671 -0.9747 0.2133
vn -0.0676 -0.9751 0.2110
vn -0.0675 -0.9750 0.2118
vn -0.0674 -0.9745 0.2141
vn -0.1382 -0.9735 0.1824
vn -0.1374 -0.9746 0.1771
vn -0.1375 -0.9743 0.1784
vn -0.1388 -0.9732 0.1832
vn -0.0627 -0.4527 0.8894
vn -0.0424 -0.7888 0.6131
vn -0.1866 -0.7853 0.5903
vn -0.1914 -0.7817 0.5936
vn -0.1876 -0.7846 0.5909
vn -0.1919 -0.7811 0.5942
vn -0.3779 -0.7811 0.4970
vn -0.3927 -0.7709 0.5015
vn -0.4732 -0.7752 0.4185
vn -0.4762 -0.7743 0.4168
vn -0.4822 -0.7727 0.4129
vn -0.7823 -0.4096 0.4693
vn -0.6813 -0.4129 0.6044
vn -0.6948 -0.4179 0.5853
vn -0.5516 -0.4120 0.7253
vn -0.5578 -0.4328 0.7082
vn -0.5430 -0.4378 0.7166
vn -0.2002 -0.9731 0.1138
vn -0.2011 -0.9727 0.1155
vn -0.2059 -0.9709 0.1224
vn -0.2071 -0.9705 0.1235
vn -0.5797 -0.7486 0.3218
vn -0.8031 -0.3586 0.4759
vn -0.8106 -0.3809 0.4448
vn -0.5485 -0.7698 0.3265
vn -0.4836 -0.7731 0.4104
vn -0.1698 -0.9738 0.1511
vn -0.1705 -0.9741 0.1484
vn -0.1699 -0.9740 0.1498
vn -0.1714 -0.9741 0.1474
vn -0.9485 -0.2542 0.1891
vn -0.9238 -0.3572 0.1380
vn -0.7002 -0.7002 0.1392
vn -0.6576 -0.7463 0.1030
vn -0.2585 -0.9645 0.0542
vn -0.2373 -0.9706 0.0407
vn -0.7071 -0.7071 0.0001
vn -0.2589 -0.9659 0.0002
vn -0.0000 0.4536 0.8912
vn -0.0000 0.7903 0.6127
vn -0.0000 0.9760 0.2177
vn -0.2390 0.9702 0.0409
vn -0.2587 0.9654 0.0320
vn -0.8550 0.3382 0.3933
vn -0.9260 0.3420 0.1599
vn -0.9622 0.2578 0.0883
vn -0.8312 0.3967 0.3894
vn -0.8536 0.3820 0.3542
vn -0.6134 0.7383 0.2804
vn -0.6614 0.7421 0.1089
vn -0.7052 0.7052 0.0741
vn -0.2245 0.9696 0.0972
vn -0.2100 0.9728 0.0982
vn -0.5956 0.7630 0.2512
vn -0.4751 0.7628 0.4386
vn -0.6888 0.3959 0.6073
vn -0.4324 0.4266 0.7944
vn -0.4324 0.4267 0.7943
vn -0.4324 0.4267 0.7944
vn -0.4324 0.4265 0.7944
vn -0.6616 0.4280 0.6157
vn -0.0366 0.9754 0.2175
vn -0.0368 0.9751 0.2185
vn -0.0371 0.9751 0.2185
vn -0.0375 0.9751 0.2188
vn -0.1095 0.9742 0.1974
vn -0.1085 0.9743 0.1972
vn -0.1060 0.9748 0.1963
vn -0.1059 0.9751 0.1946
vn -0.3019 0.7829 0.5439
vn -0.3028 0.7836 0.5425
vn -0.3014 0.7778 0.5515
vn -0.1032 0.7856 0.6100
vn -0.1053 0.7837 0.6121
vn -0.1049 0.7840 0.6118
vn -0.1026 0.7861 0.6095
vn -0.1729 0.9726 0.1556
vn -0.1715 0.9729 0.1551
vn -0.1665 0.9740 0.1538
vn -0.1648 0.9743 0.1534
vn -0.4709 0.7765 0.4187
vn -0.3020 0.7765 0.5531
vn -0.4384 0.4433 0.7818
vn -0.1490 0.4484 0.8813
vn -0.1521 0.4439 0.8831
vn -0.1522 0.4443 0.8829
vn -0.1484 0.4486 0.8813
vn -0.2589 0.9659 -0.0002
vn -0.7071 0.7071 -0.0001
vn -0.9659 0.2589 -0.0000
vn -0.0402 0.0002 0.9992
vn -0.0399 0.0006 0.9992
vn -0.0402 0.0005 0.9992
vn -0.0397 0.0005 0.9992
vn -0.0400 0.0006 0.9992
vn -0.0399 0.0002 0.9992
vn -0.6236 0.3506 0.6987
vn -0.8301 0.0004 0.5576
vn -0.8303 0.0004 0.5573
vn -0.8302 0.0003 0.5575
vn -0.2269 0.0002 0.9739
vn -0.2959 0.0029 0.9552
vn -0.5500 0.0029 0.8352
vn -0.2982 -0.0021 0.9545
vn -0.5486 -0.0022 0.8361
vn -0.6090 -0.0010 0.7931
vn -0.6094 -0.0010 0.7929
vn -0.6089 -0.0010 0.7932
vn -0.6091 -0.0010 0.7931
vn -0.8303 0.0003 0.5573
vn -0.6122 0.0082 0.7906
vn -0.8123 -0.0053 0.5832
vn -0.8126 -0.0053 0.5829
vn -0.9739 -0.0000 0.2271
vn -0.9739 -0.0001 0.2270
vn -0.9738 -0.0000 0.2272
vn -0.9738 -0.0000 0.2273
vn -0.8121 -0.0061 0.5834
vn -0.9735 0.0032 0.2289
vn -0.0000 -0.7483 0.6634
vn -0.0120 -0.7069 0.7072
vn -0.0178 -0.9659 -0.2585
vn -0.0000 -0.9914 -0.1308
vn -0.0348 -0.9904 0.1336
vn -0.0000 -0.9236 0.3833
vn -0.0120 -0.7071 -0.7071
vn -0.0000 -0.7482 -0.6634
vn -0.0000 -0.9238 -0.3828
vn -0.0341 0.1316 0.9907
vn -0.0000 -0.1303 0.9915
vn -0.0172 -0.2585 0.9659
vn -0.0000 -0.3823 0.9240
vn -0.0000 -0.5508 0.8346
vn 0.0079 0.4372 0.8993
vn 0.0079 0.4369 0.8995
vn 0.0079 0.4370 0.8994
vn 0.0079 0.4366 0.8996
vn -0.0120 0.7072 0.7069
vn -0.0000 0.7485 0.6632
vn -0.0000 0.9658 -0.2594
vn -0.0000 -0.5508 -0.8346
vn -0.0000 -0.2590 -0.9659
vn -0.0000 -0.2581 0.9661
vt 0.201644 0.279557
vt 0.197610 0.275522
vt 0.196131 0.270010
vt 0.213043 0.257884
vt 0.217079 0.261920
vt 0.207156 0.281033
vt 0.222591 0.263396
vt 0.368111 0.281033
vt 0.352677 0.263395
vt 0.358190 0.261917
vt 0.373623 0.279555
vt 0.362223 0.257883
vt 0.377659 0.275521
vt 0.379135 0.270009
vt 0.363701 0.252371
vt 0.379135 0.086525
vt 0.363700 0.077098
vt 0.378615 0.083183
vt 0.362224 0.071586
vt 0.358427 0.019739
vt 0.211566 0.252372
vt 0.211565 0.077098
vt 0.222589 0.066075
vt 0.217076 0.067553
vt 0.216837 0.019742
vt 0.213041 0.071587
vt 0.196650 0.083185
vt 0.196131 0.086528
vt 0.219120 0.015741
vt 0.222838 0.013023
vt 0.227343 0.012060
vt 0.352675 0.066074
vt 0.347922 0.012059
vt 0.352426 0.013020
vt 0.358187 0.067550
vt 0.356143 0.015739
vt 0.107494 0.130548
vt 0.107937 0.128894
vt 0.109040 0.144350
vt 0.194652 0.275540
vt 0.190618 0.279576
vt 0.185106 0.281052
vt 0.147661 0.205786
vt 0.155651 0.201715
vt 0.196131 0.270028
vt 0.167467 0.178526
vt 0.196131 0.144351
vt 0.166064 0.187384
vt 0.161993 0.195375
vt 0.109038 0.281051
vt 0.110141 0.178525
vt 0.111545 0.187384
vt 0.115614 0.195374
vt 0.121957 0.201716
vt 0.138805 0.207190
vt 0.129948 0.205787
vt 0.166064 0.169670
vt 0.161994 0.161678
vt 0.155652 0.155338
vt 0.147661 0.151267
vt 0.138804 0.149864
vt 0.129947 0.151265
vt 0.121958 0.155337
vt 0.115615 0.161679
vt 0.111544 0.169668
vt 0.147663 0.082916
vt 0.138806 0.081513
vt 0.164919 0.012060
vt 0.109039 0.012059
vt 0.129947 0.082915
vt 0.121957 0.086986
vt 0.155653 0.133364
vt 0.161993 0.127024
vt 0.166066 0.119033
vt 0.196131 0.086533
vt 0.115617 0.093328
vt 0.111544 0.101317
vt 0.110143 0.110175
vt 0.111545 0.119033
vt 0.115616 0.127023
vt 0.121956 0.133365
vt 0.167467 0.110176
vt 0.166065 0.101319
vt 0.195612 0.083190
vt 0.161994 0.093327
vt 0.175425 0.019742
vt 0.155654 0.086987
vt 0.173142 0.015741
vt 0.169424 0.013023
vt 0.129947 0.137436
vt 0.138804 0.138839
vt 0.147663 0.137436
vt 0.099119 0.110176
vt 0.104629 0.125587
vt 0.097716 0.119034
vt 0.102975 0.126031
vt 0.093642 0.127022
vt 0.101765 0.127242
vt 0.101322 0.128895
vt 0.087302 0.133365
vt 0.101766 0.130549
vt 0.079313 0.137436
vt 0.107493 0.127241
vt 0.093643 0.093328
vt 0.097715 0.101318
vt 0.106283 0.126030
vt 0.013128 0.086531
vt 0.043193 0.101318
vt 0.041792 0.110175
vt 0.070454 0.138838
vt 0.047265 0.127024
vt 0.053605 0.133364
vt 0.013128 0.144351
vt 0.061597 0.137435
vt 0.102976 0.131759
vt 0.104630 0.132202
vt 0.106284 0.131759
vt 0.043194 0.119032
vt 0.087303 0.086985
vt 0.079312 0.082914
vt 0.044340 0.012059
vt 0.070455 0.081512
vt 0.039836 0.013021
vt 0.061596 0.082915
vt 0.047266 0.093327
vt 0.013647 0.083188
vt 0.053606 0.086987
vt 0.033835 0.019740
vt 0.036119 0.015740
vt 0.093643 0.195373
vt 0.087301 0.201715
vt 0.079311 0.205787
vt 0.061597 0.151266
vt 0.053607 0.155337
vt 0.047265 0.161677
vt 0.097714 0.187384
vt 0.099117 0.178527
vt 0.097713 0.169668
vt 0.093644 0.161678
vt 0.070453 0.149862
vt 0.024151 0.281052
vt 0.061597 0.205785
vt 0.070454 0.207188
vt 0.087302 0.155336
vt 0.079310 0.151265
vt 0.043194 0.169668
vt 0.041791 0.178526
vt 0.013128 0.270028
vt 0.043194 0.187382
vt 0.047264 0.195374
vt 0.053606 0.201714
vt 0.014603 0.275539
vt 0.018639 0.279574
vt 0.380238 0.354910
vt 0.373663 0.372237
vt 0.367320 0.365896
vt 0.380238 0.469554
vt 0.367321 0.412272
vt 0.373663 0.405930
vt 0.377733 0.397941
vt 0.379136 0.389082
vt 0.377734 0.380226
vt 0.323213 0.397940
vt 0.312992 0.458532
vt 0.321810 0.389083
vt 0.312990 0.354911
vt 0.333626 0.365896
vt 0.327283 0.372236
vt 0.323214 0.380227
vt 0.327284 0.405930
vt 0.333626 0.412270
vt 0.314468 0.464044
vt 0.341616 0.416341
vt 0.318502 0.468077
vt 0.359331 0.361824
vt 0.350474 0.360423
vt 0.341617 0.361826
vt 0.324014 0.469555
vt 0.350473 0.417745
vt 0.359330 0.416342
vt 0.442013 0.372236
vt 0.435671 0.365897
vt 0.456306 0.354910
vt 0.442014 0.405931
vt 0.446083 0.397939
vt 0.456305 0.458531
vt 0.447487 0.389083
vt 0.446084 0.380227
vt 0.395635 0.405929
vt 0.401977 0.412271
vt 0.409967 0.416342
vt 0.445281 0.469555
vt 0.418823 0.417744
vt 0.427680 0.416341
vt 0.450794 0.468078
vt 0.454829 0.464042
vt 0.435672 0.412270
vt 0.401976 0.365895
vt 0.395634 0.372237
vt 0.391565 0.380226
vt 0.390161 0.389084
vt 0.391564 0.397941
vt 0.427681 0.361825
vt 0.418824 0.360422
vt 0.409967 0.361824
vt 0.387956 0.339456
vt 0.401976 0.343925
vt 0.387512 0.341110
vt 0.409965 0.347997
vt 0.386302 0.342320
vt 0.382995 0.336591
vt 0.381785 0.337801
vt 0.380238 0.281052
vt 0.381341 0.339455
vt 0.381784 0.341109
vt 0.382994 0.342319
vt 0.384648 0.342763
vt 0.435672 0.343925
vt 0.442013 0.337585
vt 0.446084 0.329594
vt 0.447486 0.320738
vt 0.456306 0.292076
vt 0.418824 0.349398
vt 0.427681 0.347995
vt 0.446085 0.311881
vt 0.442012 0.303890
vt 0.454830 0.286564
vt 0.435672 0.297551
vt 0.450793 0.282531
vt 0.445281 0.281053
vt 0.409966 0.293479
vt 0.418823 0.292076
vt 0.427682 0.293480
vt 0.401975 0.297549
vt 0.395635 0.303891
vt 0.391563 0.311880
vt 0.384649 0.336148
vt 0.386303 0.336592
vt 0.390160 0.320738
vt 0.387513 0.337802
vt 0.391562 0.329595
vt 0.395636 0.337583
vt 0.327285 0.337585
vt 0.333625 0.343924
vt 0.367322 0.343926
vt 0.373662 0.337584
vt 0.373661 0.303892
vt 0.367321 0.297550
vt 0.359332 0.293479
vt 0.350473 0.292077
vt 0.324014 0.281053
vt 0.327284 0.303890
vt 0.323213 0.311882
vt 0.312990 0.292077
vt 0.321811 0.320738
vt 0.323212 0.329594
vt 0.377734 0.329595
vt 0.379135 0.320737
vt 0.377734 0.311880
vt 0.341615 0.347996
vt 0.350474 0.349399
vt 0.359331 0.347997
vt 0.341616 0.293480
vt 0.333624 0.297551
vt 0.318502 0.282530
vt 0.314468 0.286566
vt 0.507947 0.266391
vt 0.502435 0.266385
vt 0.508081 0.140714
vt 0.502631 0.082889
vt 0.508143 0.082894
vt 0.507947 0.016068
vt 0.508140 0.079551
vt 0.502436 0.016062
vt 0.502628 0.079545
vt 0.508144 0.020280
vt 0.513657 0.020280
vt 0.508144 0.084979
vt 0.513657 0.140859
vt 0.508144 0.140859
vt 0.496655 0.079548
vt 0.496871 0.016070
vt 0.502166 0.079541
vt 0.502382 0.016063
vt 0.496651 0.082891
vt 0.502163 0.082884
vt 0.496720 0.140709
vt 0.502382 0.266379
vt 0.496871 0.266385
vt 0.509210 0.451555
vt 0.503700 0.451555
vt 0.509210 0.375487
vt 0.503700 0.290600
vt 0.509210 0.290600
vt 0.477194 0.181710
vt 0.482706 0.181697
vt 0.477194 0.190570
vt 0.482706 0.190558
vt 0.477154 0.198566
vt 0.482665 0.198554
vt 0.477077 0.204918
vt 0.482588 0.204906
vt 0.492294 0.425179
vt 0.497807 0.425179
vt 0.492293 0.433170
vt 0.497805 0.433170
vt 0.492292 0.442027
vt 0.497804 0.442027
vt 0.492293 0.450884
vt 0.497805 0.450884
vt 0.492294 0.458874
vt 0.497807 0.458874
vt 0.461922 0.487930
vt 0.456411 0.487919
vt 0.461854 0.481579
vt 0.456342 0.481568
vt 0.461817 0.473581
vt 0.456306 0.473570
vt 0.461817 0.464722
vt 0.456306 0.464711
vt 0.461854 0.455868
vt 0.456342 0.455856
vt 0.461922 0.447883
vt 0.456411 0.447872
vt 0.477077 0.211238
vt 0.471567 0.211238
vt 0.476888 0.204896
vt 0.471378 0.204896
vt 0.476766 0.196905
vt 0.471257 0.196905
vt 0.476725 0.188048
vt 0.471215 0.188048
vt 0.476766 0.179191
vt 0.471257 0.179191
vt 0.476888 0.171202
vt 0.471378 0.171202
vt 0.477077 0.164859
vt 0.471567 0.164859
vt 0.477077 0.164872
vt 0.482588 0.164859
vt 0.477154 0.172855
vt 0.482665 0.172842
vt 0.463216 0.169272
vt 0.468728 0.169260
vt 0.463216 0.178131
vt 0.468728 0.178118
vt 0.463176 0.186129
vt 0.468687 0.186116
vt 0.463098 0.192478
vt 0.468610 0.192466
vt 0.467541 0.447872
vt 0.473053 0.447872
vt 0.467540 0.455863
vt 0.473052 0.455863
vt 0.467539 0.464720
vt 0.473051 0.464720
vt 0.467540 0.473579
vt 0.473052 0.473579
vt 0.467541 0.481568
vt 0.473053 0.481568
vt 0.485717 0.254283
vt 0.480205 0.254271
vt 0.485648 0.247929
vt 0.480136 0.247918
vt 0.485612 0.239933
vt 0.480100 0.239922
vt 0.485612 0.231074
vt 0.480100 0.231063
vt 0.485648 0.222218
vt 0.480136 0.222206
vt 0.485717 0.214235
vt 0.480205 0.214224
vt 0.479805 0.476610
vt 0.474295 0.476610
vt 0.479616 0.470270
vt 0.474106 0.470270
vt 0.479495 0.462278
vt 0.473985 0.462278
vt 0.479453 0.453421
vt 0.473943 0.453421
vt 0.479495 0.444562
vt 0.473985 0.444562
vt 0.479616 0.436573
vt 0.474106 0.436573
vt 0.479805 0.430233
vt 0.474295 0.430233
vt 0.463098 0.152432
vt 0.468610 0.152420
vt 0.463176 0.160417
vt 0.468687 0.160405
vt 0.457587 0.169272
vt 0.463098 0.169260
vt 0.457587 0.178131
vt 0.463098 0.178118
vt 0.457546 0.186129
vt 0.463058 0.186116
vt 0.457469 0.192478
vt 0.462981 0.192466
vt 0.497807 0.458874
vt 0.492293 0.466865
vt 0.497805 0.466865
vt 0.492292 0.475722
vt 0.497804 0.475722
vt 0.492293 0.484579
vt 0.497805 0.484579
vt 0.492295 0.492568
vt 0.497807 0.492568
vt 0.467539 0.487930
vt 0.462027 0.487919
vt 0.467470 0.481577
vt 0.461959 0.481566
vt 0.467434 0.473581
vt 0.461922 0.473570
vt 0.467434 0.464722
vt 0.461922 0.464711
vt 0.467470 0.455865
vt 0.461959 0.455854
vt 0.467539 0.447883
vt 0.462027 0.447872
vt 0.474239 0.260603
vt 0.468729 0.260603
vt 0.474050 0.254261
vt 0.468540 0.254261
vt 0.473928 0.246269
vt 0.468419 0.246269
vt 0.473886 0.237412
vt 0.468377 0.237412
vt 0.473928 0.228556
vt 0.468419 0.228556
vt 0.474050 0.220566
vt 0.468540 0.220566
vt 0.474239 0.214224
vt 0.468729 0.214224
vt 0.457469 0.152432
vt 0.462981 0.152420
vt 0.457546 0.160417
vt 0.463058 0.160405
vt 0.479923 0.447083
vt 0.485434 0.447070
vt 0.479923 0.455944
vt 0.485434 0.455931
vt 0.479882 0.463940
vt 0.485394 0.463927
vt 0.479805 0.470292
vt 0.485317 0.470279
vt 0.488325 0.171221
vt 0.493837 0.171221
vt 0.488323 0.179212
vt 0.493835 0.179212
vt 0.488322 0.188069
vt 0.493834 0.188069
vt 0.488323 0.196928
vt 0.493835 0.196928
vt 0.488325 0.204918
vt 0.493837 0.204918
vt 0.488322 0.204918
vt 0.482811 0.204907
vt 0.488254 0.198567
vt 0.482742 0.198556
vt 0.488217 0.190569
vt 0.482706 0.190558
vt 0.488217 0.181709
vt 0.482706 0.181698
vt 0.488254 0.172855
vt 0.482742 0.172844
vt 0.488322 0.164870
vt 0.482811 0.164859
vt 0.480100 0.260601
vt 0.474590 0.260601
vt 0.479911 0.254261
vt 0.474402 0.254261
vt 0.479790 0.246270
vt 0.474280 0.246270
vt 0.479748 0.237412
vt 0.474239 0.237412
vt 0.479790 0.228553
vt 0.474280 0.228554
vt 0.479911 0.220564
vt 0.474402 0.220564
vt 0.480100 0.214224
vt 0.474590 0.214224
vt 0.479805 0.430245
vt 0.485317 0.430233
vt 0.479882 0.438228
vt 0.485394 0.438215
vt 0.382001 0.205901
vt 0.382001 0.211412
vt 0.380347 0.205894
vt 0.380347 0.211406
vt 0.379135 0.205877
vt 0.379135 0.211389
vt 0.384694 0.217140
vt 0.384694 0.211628
vt 0.386347 0.217141
vt 0.386347 0.211629
vt 0.388001 0.217140
vt 0.388001 0.211628
vt 0.388174 0.205877
vt 0.388174 0.211389
vt 0.386961 0.205893
vt 0.386961 0.211404
vt 0.385307 0.205898
vt 0.385307 0.211410
vt 0.383654 0.205892
vt 0.383654 0.211404
vt 0.384694 0.217141
vt 0.379184 0.217141
vt 0.384657 0.215930
vt 0.379148 0.215930
vt 0.384644 0.214276
vt 0.379135 0.214276
vt 0.384657 0.212623
vt 0.379148 0.212623
vt 0.384694 0.211412
vt 0.379184 0.211412
vt 0.383654 0.205894
vt 0.383654 0.211406
vt 0.457401 0.184039
vt 0.437890 0.184034
vt 0.457431 0.080411
vt 0.437937 0.017568
vt 0.457449 0.017573
vt 0.477138 0.017571
vt 0.496651 0.017571
vt 0.477138 0.082614
vt 0.496651 0.138838
vt 0.477138 0.138838
vt 0.418325 0.017575
vt 0.437836 0.017569
vt 0.418345 0.080413
vt 0.437890 0.184035
vt 0.418379 0.184041
vt 0.418302 0.021621
vt 0.418254 0.196907
vt 0.398791 0.021616
vt 0.398743 0.196902
vt 0.475974 0.290598
vt 0.475974 0.420684
vt 0.456470 0.290598
vt 0.456470 0.420684
vt 0.398646 0.021613
vt 0.398699 0.196899
vt 0.379135 0.021618
vt 0.379188 0.196904
vt 0.495488 0.286564
vt 0.495488 0.416651
vt 0.475975 0.286564
vt 0.475975 0.416651
vt 0.457469 0.021607
vt 0.476974 0.021607
vt 0.457469 0.142874
vt 0.476974 0.086650
vt 0.476974 0.142874
vt 0.165264 0.296486
vt 0.160855 0.292076
vt 0.166742 0.290975
vt 0.162331 0.286564
vt 0.170776 0.286938
vt 0.166367 0.282530
vt 0.176288 0.285462
vt 0.171879 0.281052
vt 0.297555 0.285462
vt 0.301966 0.281053
vt 0.303067 0.286940
vt 0.307477 0.282529
vt 0.307103 0.290973
vt 0.311514 0.286564
vt 0.308580 0.296485
vt 0.312990 0.292076
vt 0.308579 0.462940
vt 0.312990 0.467350
vt 0.307103 0.468451
vt 0.311512 0.472862
vt 0.303067 0.472488
vt 0.307478 0.476895
vt 0.297555 0.473964
vt 0.301966 0.478374
vt 0.176288 0.473964
vt 0.171880 0.478373
vt 0.170776 0.472486
vt 0.166368 0.476897
vt 0.166742 0.468453
vt 0.162331 0.472862
vt 0.165266 0.462941
vt 0.160855 0.467350
vt 0.503656 0.285088
vt 0.509166 0.285088
vt 0.503536 0.281052
vt 0.509046 0.281052
vt 0.507922 0.271900
vt 0.502410 0.271895
vt 0.502410 0.271889
vt 0.496899 0.271895
vt 0.509046 0.461101
vt 0.503536 0.461101
vt 0.503656 0.457067
vt 0.509166 0.457067
vt 0.513656 0.145364
vt 0.508144 0.145364
vt 0.513655 0.149081
vt 0.508143 0.149081
vt 0.496899 0.012065
vt 0.502410 0.012058
vt 0.507922 0.012064
vt 0.508143 0.012058
vt 0.513655 0.012058
vt 0.513656 0.015775
vt 0.508144 0.015775
vt 0.398773 0.016101
vt 0.418285 0.016106
vt 0.398722 0.012058
vt 0.418234 0.012063
vt 0.475974 0.281052
vt 0.495487 0.281052
vt 0.379154 0.016104
vt 0.398665 0.016099
vt 0.379211 0.012064
vt 0.495487 0.422163
vt 0.475974 0.422163
vt 0.457469 0.012064
vt 0.437958 0.012058
vt 0.477138 0.152420
vt 0.457633 0.152420
vt 0.477018 0.148386
vt 0.457513 0.148386
vt 0.437813 0.012058
vt 0.418302 0.012064
vt 0.457633 0.012058
vt 0.477138 0.012058
vt 0.457513 0.016095
vt 0.477018 0.016095
vt 0.418359 0.189555
vt 0.437870 0.189549
vt 0.418302 0.193597
vt 0.437813 0.193592
vt 0.477138 0.012058
vt 0.496651 0.012058
vt 0.418234 0.202416
vt 0.398722 0.202411
vt 0.456306 0.281052
vt 0.475810 0.281052
vt 0.475930 0.285086
vt 0.456426 0.285086
vt 0.437907 0.189549
vt 0.457418 0.189554
vt 0.437958 0.193589
vt 0.457469 0.193595
vt 0.496651 0.144350
vt 0.477138 0.144350
vt 0.398722 0.202409
vt 0.379211 0.202414
vt 0.475810 0.430233
vt 0.456306 0.430233
vt 0.456426 0.426196
vt 0.475930 0.426196
vt 0.447441 0.218046
vt 0.447432 0.265451
vt 0.443031 0.218045
vt 0.443023 0.265450
vt 0.066254 0.349951
vt 0.060202 0.343898
vt 0.107727 0.349949
vt 0.017739 0.369080
vt 0.035398 0.358218
vt 0.037612 0.366486
vt 0.132742 0.281052
vt 0.041240 0.281054
vt 0.051935 0.341683
vt 0.041240 0.285082
vt 0.040820 0.286961
vt 0.043667 0.442648
vt 0.025036 0.478877
vt 0.021381 0.476075
vt 0.029289 0.480640
vt 0.051935 0.444863
vt 0.033855 0.481240
vt 0.122048 0.411791
vt 0.122048 0.374752
vt 0.130316 0.414006
vt 0.130316 0.372538
vt 0.136370 0.420059
vt 0.138586 0.428327
vt 0.157768 0.430531
vt 0.157235 0.404630
vt 0.136370 0.366485
vt 0.155135 0.343281
vt 0.140130 0.481240
vt 0.060203 0.442647
vt 0.066255 0.436596
vt 0.030154 0.293086
vt 0.037925 0.289354
vt 0.039641 0.288482
vt 0.043665 0.414007
vt 0.043666 0.372539
vt 0.051934 0.411793
vt 0.051933 0.374754
vt 0.060202 0.414008
vt 0.060202 0.372537
vt 0.066255 0.420061
vt 0.105513 0.428328
vt 0.068472 0.428326
vt 0.107728 0.436594
vt 0.113781 0.442647
vt 0.122049 0.444862
vt 0.144694 0.480639
vt 0.130318 0.442648
vt 0.018580 0.472421
vt 0.016816 0.468168
vt 0.037614 0.436595
vt 0.016215 0.463604
vt 0.035399 0.428327
vt 0.016216 0.430533
vt 0.037614 0.420060
vt 0.155404 0.472422
vt 0.152601 0.476075
vt 0.148949 0.478876
vt 0.133162 0.286961
vt 0.134341 0.288480
vt 0.122049 0.341682
vt 0.136057 0.289353
vt 0.066255 0.366486
vt 0.113780 0.414008
vt 0.136369 0.436595
vt 0.157767 0.463601
vt 0.157166 0.468167
vt 0.113780 0.343898
vt 0.132741 0.285082
vt 0.037613 0.349951
vt 0.020265 0.320376
vt 0.043666 0.343898
vt 0.021566 0.307644
vt 0.024410 0.299509
vt 0.107729 0.420059
vt 0.068470 0.358217
vt 0.105512 0.358219
vt 0.107727 0.366484
vt 0.113780 0.372537
vt 0.138585 0.358218
vt 0.136368 0.349950
vt 0.152416 0.307644
vt 0.130317 0.343897
vt 0.149571 0.299508
vt 0.143826 0.293085
vt 0.459548 0.218047
vt 0.459556 0.265451
vt 0.455139 0.218047
vt 0.455146 0.265452
vt 0.459556 0.218634
vt 0.460148 0.216429
vt 0.463966 0.232965
vt 0.461762 0.214815
vt 0.463967 0.214224
vt 0.463967 0.279267
vt 0.462511 0.277062
vt 0.459557 0.266039
vt 0.463967 0.232965
vt 0.463969 0.214224
vt 0.466174 0.214814
vt 0.465422 0.277062
vt 0.463967 0.279267
vt 0.468377 0.266037
vt 0.468377 0.218633
vt 0.467788 0.216428
vt 0.447442 0.271156
vt 0.443064 0.276470
vt 0.447473 0.276471
vt 0.443085 0.278673
vt 0.447523 0.281033
vt 0.503536 0.422604
vt 0.499198 0.420554
vt 0.499303 0.415988
vt 0.499303 0.287665
vt 0.499199 0.283099
vt 0.459501 0.278672
vt 0.455066 0.281032
vt 0.459519 0.276470
vt 0.455110 0.276471
vt 0.455138 0.271157
vt 0.392584 0.205877
vt 0.392584 0.214696
vt 0.391441 0.206027
vt 0.390379 0.214697
vt 0.390379 0.206468
vt 0.451292 0.214225
vt 0.459519 0.214224
vt 0.459540 0.215841
vt 0.452926 0.215842
vt 0.159972 0.463609
vt 0.157767 0.411791
vt 0.158909 0.411943
vt 0.159972 0.412389
vt 0.451299 0.265448
vt 0.452934 0.265451
vt 0.159296 0.468745
vt 0.452926 0.271004
vt 0.452899 0.276175
vt 0.452855 0.280613
vt 0.496982 0.283517
vt 0.497084 0.287961
vt 0.499368 0.292984
vt 0.497148 0.293136
vt 0.499391 0.298690
vt 0.497169 0.298690
vt 0.451292 0.270584
vt 0.160855 0.469182
vt 0.158711 0.474356
vt 0.157313 0.473529
vt 0.155302 0.478800
vt 0.154160 0.477641
vt 0.150858 0.482210
vt 0.150051 0.480793
vt 0.145683 0.484354
vt 0.145264 0.482776
vt 0.495488 0.293555
vt 0.495508 0.298690
vt 0.140129 0.483452
vt 0.443040 0.215840
vt 0.449654 0.215841
vt 0.443064 0.214224
vt 0.451292 0.214225
vt 0.390379 0.206468
vt 0.390379 0.214697
vt 0.389314 0.206027
vt 0.388174 0.214696
vt 0.388174 0.205877
vt 0.499391 0.404964
vt 0.497169 0.404964
vt 0.495508 0.404964
vt 0.033855 0.483452
vt 0.014010 0.463610
vt 0.016215 0.411793
vt 0.015075 0.411945
vt 0.014010 0.412391
vt 0.451283 0.265449
vt 0.449646 0.265450
vt 0.028720 0.482776
vt 0.497148 0.410518
vt 0.499368 0.410670
vt 0.497084 0.415693
vt 0.496982 0.420137
vt 0.449734 0.280614
vt 0.449685 0.276175
vt 0.449655 0.271003
vt 0.495488 0.410099
vt 0.028301 0.484354
vt 0.023126 0.482210
vt 0.023934 0.480793
vt 0.018682 0.478801
vt 0.019824 0.477640
vt 0.015272 0.474358
vt 0.016670 0.473532
vt 0.013128 0.469183
vt 0.014686 0.468745
vt 0.451292 0.270583
vt 0.468377 0.260603
vt 0.477196 0.260603
vt 0.468377 0.279344
vt 0.477196 0.279344
vt 0.485956 0.163091
vt 0.477138 0.163091
vt 0.485956 0.144350
vt 0.477138 0.144350
vt 0.174086 0.486642
vt 0.180701 0.486642
vt 0.174087 0.494910
vt 0.180702 0.494910
vt 0.353044 0.492178
vt 0.346430 0.492156
vt 0.352987 0.486114
vt 0.346373 0.486092
vt 0.352987 0.477844
vt 0.346373 0.477821
vt 0.353044 0.469578
vt 0.346430 0.469555
vt 0.492575 0.271506
vt 0.485963 0.271506
vt 0.492394 0.265453
vt 0.485783 0.265453
vt 0.492328 0.257184
vt 0.485717 0.257184
vt 0.492394 0.248916
vt 0.485783 0.248916
vt 0.492575 0.242865
vt 0.485963 0.242865
vt 0.312990 0.469581
vt 0.319604 0.469555
vt 0.313054 0.477846
vt 0.319668 0.477820
vt 0.313054 0.486117
vt 0.319668 0.486092
vt 0.312990 0.492180
vt 0.319604 0.492154
vt 0.174087 0.478374
vt 0.180702 0.478374
vt 0.390826 0.249087
vt 0.383413 0.244806
vt 0.388871 0.243915
vt 0.379135 0.237392
vt 0.384306 0.226878
vt 0.405908 0.239350
vt 0.406798 0.244806
vt 0.399385 0.249087
vt 0.399387 0.217141
vt 0.406798 0.221422
vt 0.401342 0.222312
vt 0.411079 0.228835
vt 0.411079 0.237395
vt 0.379135 0.228833
vt 0.383415 0.221419
vt 0.390826 0.217141
vt 0.406072 0.469555
vt 0.406072 0.487194
vt 0.399458 0.469555
vt 0.399458 0.487194
vt 0.366386 0.487194
vt 0.366386 0.469555
vt 0.373000 0.487194
vt 0.373000 0.469555
vt 0.443078 0.487194
vt 0.443078 0.469555
vt 0.449692 0.487194
vt 0.449692 0.469555
vt 0.492568 0.144350
vt 0.492568 0.161989
vt 0.485956 0.144350
vt 0.485956 0.161989
vt 0.473943 0.447872
vt 0.456306 0.447872
vt 0.473943 0.430233
vt 0.160855 0.486642
vt 0.167470 0.486642
vt 0.160856 0.494910
vt 0.167470 0.494910
vt 0.359715 0.492178
vt 0.353101 0.492156
vt 0.359658 0.486114
vt 0.353044 0.486092
vt 0.359658 0.477842
vt 0.353044 0.477819
vt 0.359715 0.469578
vt 0.353101 0.469555
vt 0.492575 0.242865
vt 0.492394 0.236811
vt 0.485783 0.236811
vt 0.492328 0.228543
vt 0.485717 0.228543
vt 0.492394 0.220275
vt 0.485783 0.220275
vt 0.492575 0.214224
vt 0.485963 0.214224
vt 0.326346 0.469581
vt 0.332960 0.469555
vt 0.326410 0.477844
vt 0.333024 0.477818
vt 0.326410 0.486117
vt 0.333024 0.486092
vt 0.326346 0.492178
vt 0.332960 0.492152
vt 0.160856 0.478374
vt 0.167470 0.478374
vt 0.379135 0.269339
vt 0.384306 0.258824
vt 0.383415 0.276752
vt 0.388871 0.275862
vt 0.390826 0.281033
vt 0.405908 0.271296
vt 0.406798 0.276753
vt 0.399387 0.281033
vt 0.399387 0.249087
vt 0.406800 0.253368
vt 0.401342 0.254259
vt 0.411079 0.260782
vt 0.411079 0.269341
vt 0.379135 0.260779
vt 0.383415 0.253366
vt 0.390828 0.249087
vt 0.412686 0.469555
vt 0.412686 0.487194
vt 0.406072 0.469555
vt 0.406072 0.487194
vt 0.379615 0.487194
vt 0.379615 0.469555
vt 0.386230 0.487194
vt 0.386230 0.469555
vt 0.449692 0.487194
vt 0.449692 0.469555
vt 0.456306 0.487194
vt 0.456306 0.469555
vt 0.425911 0.469555
vt 0.425911 0.487194
vt 0.419300 0.469555
vt 0.419300 0.487194
vt 0.471215 0.211238
vt 0.453577 0.211238
vt 0.471215 0.193600
vt 0.453577 0.193600
vt 0.180702 0.486642
vt 0.187316 0.486642
vt 0.180702 0.494910
vt 0.187317 0.494910
vt 0.346373 0.492178
vt 0.339759 0.492156
vt 0.346316 0.486114
vt 0.339702 0.486092
vt 0.346316 0.477844
vt 0.339702 0.477821
vt 0.346373 0.469578
vt 0.339759 0.469555
vt 0.492292 0.487515
vt 0.485681 0.487515
vt 0.492112 0.481464
vt 0.485500 0.481464
vt 0.492046 0.473195
vt 0.485434 0.473195
vt 0.492112 0.464927
vt 0.485500 0.464927
vt 0.492292 0.458874
vt 0.485681 0.458874
vt 0.319668 0.469581
vt 0.326282 0.469555
vt 0.319732 0.477846
vt 0.326346 0.477820
vt 0.319732 0.486117
vt 0.326346 0.486092
vt 0.319668 0.492180
vt 0.326282 0.492154
vt 0.180702 0.478374
vt 0.187317 0.478374
vt 0.422772 0.217141
vt 0.427051 0.220642
vt 0.415358 0.221421
vt 0.414578 0.233112
vt 0.411079 0.228832
vt 0.431330 0.249085
vt 0.422771 0.249086
vt 0.427051 0.245584
vt 0.415359 0.244805
vt 0.411079 0.237392
vt 0.439524 0.233114
vt 0.443023 0.237394
vt 0.438744 0.244808
vt 0.431330 0.217141
vt 0.438743 0.221421
vt 0.443023 0.228834
vt 0.399458 0.469555
vt 0.399458 0.487194
vt 0.392844 0.469555
vt 0.392844 0.487194
vt 0.477196 0.279344
vt 0.477196 0.261705
vt 0.483810 0.279344
vt 0.483810 0.261705
vt 0.419300 0.487194
vt 0.419300 0.469555
vt 0.479805 0.476610
vt 0.479805 0.494249
vt 0.473193 0.476610
vt 0.473193 0.494249
vt 0.435940 0.211238
vt 0.418302 0.211236
vt 0.435940 0.193600
vt 0.418302 0.193597
vt 0.167470 0.486642
vt 0.174085 0.486642
vt 0.167471 0.494910
vt 0.174086 0.494910
vt 0.366386 0.492178
vt 0.359772 0.492156
vt 0.366329 0.486114
vt 0.359715 0.486092
vt 0.366329 0.477842
vt 0.359715 0.477819
vt 0.366386 0.469578
vt 0.359772 0.469555
vt 0.492112 0.452823
vt 0.485500 0.452823
vt 0.492046 0.444554
vt 0.485434 0.444554
vt 0.492112 0.436286
vt 0.485500 0.436286
vt 0.492292 0.430233
vt 0.485681 0.430233
vt 0.333024 0.469581
vt 0.339638 0.469555
vt 0.333088 0.477844
vt 0.339702 0.477818
vt 0.333088 0.486117
vt 0.339702 0.486092
vt 0.333024 0.492178
vt 0.339638 0.492152
vt 0.167471 0.478374
vt 0.174086 0.478374
vt 0.431331 0.249087
vt 0.433288 0.254258
vt 0.422772 0.249087
vt 0.416252 0.258822
vt 0.415359 0.253366
vt 0.411079 0.260780
vt 0.422771 0.281031
vt 0.415360 0.276752
vt 0.420816 0.275860
vt 0.411079 0.269339
vt 0.437853 0.271296
vt 0.438743 0.276752
vt 0.431333 0.281033
vt 0.438744 0.253365
vt 0.443023 0.260779
vt 0.443023 0.269339
vt 0.392844 0.469555
vt 0.392844 0.487194
vt 0.386230 0.469555
vt 0.379615 0.487194
vt 0.379615 0.469555
vt 0.436464 0.487194
vt 0.436464 0.469555
vt 0.443078 0.487194
vt 0.443078 0.469555
vt 0.436464 0.469555
vt 0.436464 0.487194
vt 0.429853 0.469555
vt 0.429853 0.487194
vt 0.453577 0.211236
vt 0.435940 0.211236
vt 0.453577 0.193597
vt 0.435940 0.193597
vt 0.814161 0.809041
vt 0.812773 0.811675
vt 0.810017 0.812690
vt 0.812762 0.814704
vt 0.814161 0.817390
vt 0.814161 0.817395
vt 0.815559 0.814707
vt 0.818301 0.812690
vt 0.815547 0.811675
vt 0.814161 0.809041
vt 0.931686 0.567806
vt 0.940195 0.577115
vt 0.931212 0.576970
vt 0.938902 0.584203
vt 0.929919 0.584058
vt 0.939117 0.504245
vt 0.929957 0.504245
vt 0.929919 0.495212
vt 0.939079 0.495212
vt 0.929957 0.486240
vt 0.939117 0.486239
vt 0.679005 0.904597
vt 0.688151 0.904664
vt 0.688420 0.912079
vt 0.679274 0.912012
vt 0.688421 0.921325
vt 0.679275 0.921258
vt 0.688151 0.929922
vt 0.679005 0.929855
vt 0.929919 0.527506
vt 0.939080 0.527507
vt 0.939082 0.535578
vt 0.929921 0.535579
vt 0.939080 0.544899
vt 0.929919 0.544901
vt 0.939082 0.552971
vt 0.929920 0.552973
vt 0.929919 0.552973
vt 0.938902 0.553117
vt 0.940195 0.559166
vt 0.931212 0.559022
vt 0.940668 0.567951
vt 0.620341 0.811107
vt 0.574910 0.762387
vt 0.629333 0.808653
vt 0.663249 0.761576
vt 0.638325 0.810942
vt 0.613760 0.817652
vt 0.611350 0.826530
vt 0.574910 0.891342
vt 0.613760 0.835364
vt 0.620341 0.841785
vt 0.663249 0.890531
vt 0.629333 0.844077
vt 0.638325 0.841620
vt 0.644906 0.835078
vt 0.647316 0.826200
vt 0.644906 0.817366
vt 0.814031 0.497286
vt 0.813199 0.715862
vt 0.695577 0.496813
vt 0.694745 0.715389
vt 0.574910 0.939469
vt 0.501027 0.939709
vt 0.574910 0.787958
vt 0.501027 0.788198
vt 0.687575 0.901456
vt 0.685264 0.767028
vt 0.688421 0.904597
vt 0.687575 0.764720
vt 0.688421 0.761574
vt 0.682106 0.898331
vt 0.680212 0.898337
vt 0.680212 0.767887
vt 0.685264 0.899163
vt 0.682106 0.767881
vt 0.655685 0.751494
vt 0.659807 0.756299
vt 0.501255 0.753724
vt 0.518843 0.711047
vt 0.502368 0.684366
vt 0.679863 0.685309
vt 0.679870 0.687248
vt 0.662551 0.713380
vt 0.679165 0.731341
vt 0.677602 0.730273
vt 0.502437 0.682427
vt 0.505970 0.596289
vt 0.522285 0.496425
vt 0.509608 0.539826
vt 0.512708 0.510086
vt 0.520291 0.497692
vt 0.515263 0.503133
vt 0.679095 0.599098
vt 0.665993 0.498759
vt 0.677271 0.542551
vt 0.669739 0.728027
vt 0.661810 0.730016
vt 0.655935 0.735703
vt 0.653694 0.743565
vt 0.675126 0.512723
vt 0.667943 0.500088
vt 0.672792 0.505691
vt 0.906693 0.487267
vt 0.907945 0.487332
vt 0.907920 0.493589
vt 0.819017 0.492004
vt 0.819039 0.486239
vt 0.895401 0.492900
vt 0.897907 0.493106
vt 0.912834 0.505701
vt 0.916060 0.493684
vt 0.914104 0.513355
vt 0.915134 0.727697
vt 0.913256 0.727675
vt 0.909633 0.499936
vt 0.909032 0.499219
vt 0.903860 0.495103
vt 0.702861 0.728294
vt 0.702905 0.722148
vt 0.704165 0.722087
vt 0.792329 0.721306
vt 0.792288 0.726966
vt 0.699748 0.736301
vt 0.694674 0.728366
vt 0.703947 0.731717
vt 0.709365 0.728726
vt 0.715459 0.727646
vt 0.694898 0.958210
vt 0.693009 0.958227
vt 0.696423 0.747693
vt 0.697166 0.742095
vt 0.896090 0.991788
vt 0.832224 0.991798
vt 0.895565 0.925560
vt 0.831698 0.925570
vt 0.918655 0.925687
vt 0.982888 0.924968
vt 0.918337 0.990743
vt 0.982569 0.990024
vt 0.678789 0.756632
vt 0.683567 0.760854
vt 0.682614 0.761296
vt 0.661485 0.757145
vt 0.665158 0.759001
vt 0.497286 0.758288
vt 0.501226 0.753749
vt 0.496369 0.757787
vt 0.496337 0.757815
vt 0.678757 0.756606
vt 0.677162 0.757622
vt 0.673332 0.759132
vt 0.669239 0.759601
vt 0.498130 0.758706
vt 0.503890 0.761574
vt 0.495705 0.949446
vt 0.492777 0.771277
vt 0.496302 0.948359
vt 0.923460 0.663851
vt 0.923460 0.486239
vt 0.923849 0.487086
vt 0.926516 0.492883
vt 0.500996 0.788145
vt 0.495705 0.778177
vt 0.496302 0.779296
vt 0.500996 0.939766
vt 0.492355 0.770286
vt 0.493041 0.768736
vt 0.497525 0.763694
vt 0.500394 0.762320
vt 0.574771 0.771821
vt 0.574875 0.779716
vt 0.503772 0.761783
vt 0.568182 0.761574
vt 0.493150 0.772156
vt 0.493150 0.954921
vt 0.568182 0.963378
vt 0.492777 0.955724
vt 0.503772 0.963587
vt 0.501263 0.963377
vt 0.498978 0.962769
vt 0.494977 0.960345
vt 0.492355 0.956625
vt 0.574771 0.954765
vt 0.574875 0.947497
vt 0.669120 0.887984
vt 0.664567 0.888025
vt 0.664514 0.885097
vt 0.917775 0.492004
vt 0.916267 0.490872
vt 0.908029 0.490612
vt 0.664683 0.890412
vt 0.912825 0.488289
vt 0.914594 0.489618
vt 0.916786 0.727490
vt 0.918382 0.726841
vt 0.919241 0.493766
vt 0.918437 0.492680
vt 0.920355 0.495274
vt 0.920992 0.496137
vt 0.920992 0.724431
vt 0.695555 0.496775
vt 0.691585 0.718522
vt 0.692586 0.491792
vt 0.691405 0.489812
vt 0.678569 0.898107
vt 0.678569 0.768085
vt 0.677027 0.897421
vt 0.677027 0.768656
vt 0.674640 0.894898
vt 0.674640 0.770734
vt 0.816357 0.719020
vt 0.691567 0.728359
vt 0.692980 0.726676
vt 0.814057 0.497248
vt 0.817093 0.492291
vt 0.920992 0.708623
vt 0.923460 0.711332
vt 0.818690 0.721306
vt 0.818297 0.490321
vt 0.689798 0.730466
vt 0.690449 0.729693
vt 0.689798 0.957259
vt 0.691362 0.957986
vt 0.664513 0.767002
vt 0.664567 0.764458
vt 0.668988 0.764645
vt 0.694460 0.725388
vt 0.671244 0.763456
vt 0.696149 0.723917
vt 0.702677 0.722650
vt 0.702823 0.725268
vt 0.918880 0.751513
vt 0.995707 0.750652
vt 0.995770 0.768907
vt 0.918662 0.923654
vt 0.918901 0.838909
vt 0.995728 0.838050
vt 0.995482 0.924827
vt 0.918902 0.838511
vt 0.918953 0.782190
vt 0.918923 0.769741
vt 0.895195 0.749331
vt 0.895075 0.780178
vt 0.818806 0.749343
vt 0.818690 0.800547
vt 0.895105 0.800533
vt 0.895158 0.837124
vt 0.818984 0.888478
vt 0.895393 0.888460
vt 0.819176 0.925572
vt 0.895554 0.923498
vt 0.918606 0.739286
vt 0.995433 0.738425
vt 0.917984 0.728651
vt 0.994810 0.727790
vt 0.804618 0.809424
vt 0.805028 0.886407
vt 0.795040 0.886097
vt 0.794630 0.809113
vt 0.814108 0.721346
vt 0.814108 0.798330
vt 0.802194 0.798493
vt 0.802194 0.721508
vt 0.792438 0.798872
vt 0.792438 0.721887
vt 0.819257 0.737468
vt 0.895647 0.737456
vt 0.523224 0.490923
vt 0.516599 0.492554
vt 0.523441 0.489148
vt 0.523712 0.486931
vt 0.513940 0.488737
vt 0.812938 0.808140
vt 0.802951 0.804879
vt 0.813066 0.807709
vt 0.814080 0.800021
vt 0.813763 0.804091
vt 0.813652 0.804672
vt 0.901682 0.749466
vt 0.902109 0.738228
vt 0.906882 0.749842
vt 0.907243 0.740342
vt 0.506490 0.509077
vt 0.509897 0.499806
vt 0.896672 0.727790
vt 0.903080 0.729080
vt 0.506010 0.497319
vt 0.901563 0.780186
vt 0.899805 0.925527
vt 0.902042 0.923430
vt 0.900451 0.925511
vt 0.906977 0.925273
vt 0.904811 0.925375
vt 0.903758 0.925426
vt 0.901988 0.925470
vt 0.499599 0.684288
vt 0.497617 0.684224
vt 0.496146 0.682173
vt 0.496100 0.684174
vt 0.495697 0.684161
vt 0.502084 0.684358
vt 0.901646 0.837085
vt 0.907243 0.923252
vt 0.906848 0.836979
vt 0.906764 0.780213
vt 0.499684 0.595937
vt 0.503331 0.539294
vt 0.905470 0.995690
vt 0.492355 0.754485
vt 0.901021 0.992949
vt 0.898625 0.992107
vt 0.683046 0.751925
vt 0.685046 0.759839
vt 0.684687 0.748150
vt 0.685299 0.744048
vt 0.805028 0.880164
vt 0.805028 0.864675
vt 0.810017 0.876825
vt 0.914429 0.925601
vt 0.914908 0.991282
vt 0.912293 0.925411
vt 0.911892 0.992509
vt 0.910563 0.925260
vt 0.689798 0.687236
vt 0.689798 0.755592
vt 0.686594 0.687262
vt 0.805286 0.809041
vt 0.686185 0.687261
vt 0.684820 0.739951
vt 0.683299 0.736134
vt 0.680158 0.687250
vt 0.682651 0.687263
vt 0.686203 0.685260
vt 0.912227 0.923424
vt 0.912467 0.838310
vt 0.912518 0.782039
vt 0.685433 0.598952
vt 0.683603 0.542220
vt 0.681418 0.511918
vt 0.907243 0.922663
vt 0.907483 0.837616
vt 0.907533 0.781477
vt 0.907462 0.751274
vt 0.912446 0.751489
vt 0.794978 0.890196
vt 0.803818 0.892781
vt 0.794850 0.892429
vt 0.794764 0.893905
vt 0.671841 0.495072
vt 0.665398 0.494609
vt 0.665108 0.491399
vt 0.674737 0.491348
vt 0.665026 0.490479
vt 0.664849 0.487256
vt 0.911597 0.729849
vt 0.912186 0.739914
vt 0.682384 0.500183
vt 0.678306 0.502543
vt 0.907243 0.741492
vt 0.818925 0.494726
vt 0.895309 0.495621
vt 0.818690 0.496994
vt 0.895074 0.497890
vt 0.816751 0.721306
vt 0.816751 0.798291
vt 0.897450 0.495797
vt 0.816724 0.800156
vt 0.816418 0.804631
vt 0.902519 0.497526
vt 0.906893 0.501093
vt 0.896917 0.498044
vt 0.901275 0.499548
vt 0.905018 0.502655
vt 0.905445 0.503197
vt 0.526324 0.486239
vt 0.815642 0.809041
vt 0.689798 0.761758
vt 0.689286 0.764273
vt 0.689286 0.761574
vt 0.815761 0.808580
vt 0.907397 0.501714
vt 0.910024 0.506706
vt 0.907656 0.507566
vt 0.526009 0.490609
vt 0.525433 0.496489
vt 0.908258 0.513470
vt 0.910859 0.513366
vt 0.521991 0.711111
vt 0.907410 0.727790
vt 0.910012 0.727686
vt 0.792438 0.809041
vt 0.792848 0.886025
vt 0.792438 0.732191
vt 0.715609 0.732871
vt 0.792317 0.729723
vt 0.715489 0.730403
vt 0.700079 0.742939
vt 0.699640 0.747830
vt 0.662521 0.494318
vt 0.662823 0.498721
vt 0.662361 0.489826
vt 0.704177 0.739438
vt 0.702431 0.743877
vt 0.702131 0.748262
vt 0.702166 0.737907
vt 0.707185 0.735951
vt 0.662312 0.486276
vt 0.792438 0.894605
vt 0.710294 0.731336
vt 0.705689 0.733930
vt 0.711137 0.733683
vt 0.792752 0.890541
vt 0.698115 0.958348
vt 0.700606 0.958780
vt 0.659382 0.713343
vt 0.664513 0.890529
vt 0.664513 0.761574
vt 0.942891 0.710577
vt 0.942217 0.710685
vt 0.940521 0.709780
vt 0.818690 0.489453
vt 0.691005 0.488920
vt 0.690303 0.487362
vt 0.671093 0.889075
vt 0.672958 0.890104
vt 0.673054 0.762963
vt 0.674640 0.762532
vt 0.689798 0.486239
vt 0.942891 0.584203
vt 0.926516 0.614602
vt 0.929919 0.486239
vt 0.928020 0.615259
vt 0.929919 0.616090
vt 0.644131 0.922174
vt 0.639141 0.923089
vt 0.644131 0.891342
vt 0.637399 0.891575
vt 0.614194 0.892159
vt 0.610488 0.922319
vt 0.606432 0.892502
vt 0.606432 0.922131
vt 0.598425 0.892281
vt 0.602301 0.922385
vt 0.598425 0.922874
vt 0.619629 0.891342
vt 0.618680 0.922868
vt 0.614194 0.922752
vt 0.625326 0.922726
vt 0.621863 0.891432
vt 0.629250 0.922616
vt 0.629250 0.891608
vt 0.633368 0.922800
vt 0.637399 0.923069
vt 0.622012 0.922856
vt 0.620497 0.922917
vt 0.814729 0.894605
vt 0.813397 0.926202
vt 0.807926 0.894969
vt 0.807926 0.926458
vt 0.799767 0.895011
vt 0.799767 0.926500
vt 0.792438 0.894720
vt 0.792438 0.926209
vt 0.574910 0.923127
vt 0.574910 0.891554
vt 0.581240 0.922959
vt 0.581240 0.891385
vt 0.589309 0.922916
vt 0.589309 0.891342
vt 0.596957 0.923010
vt 0.596957 0.891436
vt 0.598425 0.891475
vt 0.651759 0.908644
vt 0.644131 0.910687
vt 0.651758 0.904556
vt 0.644131 0.902514
vt 0.653801 0.901015
vt 0.648216 0.895432
vt 0.657340 0.898970
vt 0.655294 0.891342
vt 0.661429 0.898971
vt 0.663470 0.891343
vt 0.664969 0.901015
vt 0.670551 0.895429
vt 0.667012 0.904557
vt 0.674638 0.902511
vt 0.667011 0.908643
vt 0.674640 0.910687
vt 0.664968 0.912184
vt 0.670553 0.917767
vt 0.661429 0.914228
vt 0.663474 0.921856
vt 0.657342 0.914229
vt 0.655298 0.921856
vt 0.653804 0.912184
vt 0.648220 0.917767
vt 0.933717 0.647663
vt 0.933717 0.616090
vt 0.937541 0.647710
vt 0.937541 0.616137
vt 0.940521 0.584203
vt 0.940521 0.615510
vt 0.937803 0.584611
vt 0.937803 0.615918
vt 0.933923 0.584782
vt 0.933923 0.616090
vt 0.929919 0.584672
vt 0.929919 0.615979
vt 0.934592 0.695543
vt 0.934592 0.727094
vt 0.931228 0.695659
vt 0.931228 0.727210
vt 0.927154 0.695675
vt 0.927154 0.727226
vt 0.923460 0.695587
vt 0.923460 0.727138
vt 0.934606 0.663851
vt 0.934606 0.695339
vt 0.931204 0.664033
vt 0.931204 0.695522
vt 0.927125 0.664054
vt 0.927125 0.695543
vt 0.923460 0.663909
vt 0.923460 0.695397
vt 0.926516 0.647769
vt 0.926516 0.616195
vt 0.929683 0.647685
vt 0.929683 0.616111
vt 0.649711 0.921856
vt 0.653800 0.921856
vt 0.651759 0.929484
vt 0.657341 0.923898
vt 0.659384 0.927440
vt 0.644133 0.931531
vt 0.644131 0.927443
vt 0.646172 0.923902
vt 0.653804 0.937113
vt 0.649717 0.937115
vt 0.646178 0.935071
vt 0.659384 0.931526
vt 0.657343 0.935068
s 1
f 1/1/1 2/2/1 3/3/1
f 4/4/1 5/5/1 6/6/1
f 6/6/1 5/5/1 7/7/1
f 6/6/1 7/7/1 8/8/1
f 7/7/1 9/9/1 8/8/1
f 8/8/1 9/9/1 10/10/1
f 8/8/1 10/10/1 11/11/1
f 11/11/1 10/10/1 12/12/1
f 11/11/1 12/12/1 13/13/1
f 13/13/1 12/12/1 14/14/1
f 14/14/1 12/12/1 15/15/1
f 14/14/1 15/15/1 16/16/1
f 16/16/1 15/15/1 17/17/1
f 16/16/1 17/17/1 18/18/1
f 18/18/1 17/17/1 19/19/1
f 18/18/1 19/19/1 20/20/1
f 6/6/1 1/1/1 4/4/1
f 4/4/1 1/1/1 3/3/1
f 4/4/1 3/3/1 21/21/1
f 21/21/1 3/3/1 22/22/1
f 23/23/1 24/24/1 25/25/1
f 25/25/1 24/24/1 26/26/1
f 25/25/1 26/26/1 27/27/1
f 27/27/1 26/26/1 22/22/1
f 27/27/1 22/22/1 28/28/1
f 28/28/1 22/22/1 3/3/1
f 29/29/1 30/30/1 31/31/1
f 25/25/1 29/29/1 23/23/1
f 23/23/1 29/29/1 31/31/1
f 23/23/1 31/31/1 32/32/1
f 32/32/1 31/31/1 33/33/1
f 32/32/1 33/33/1 34/34/1
f 19/19/1 35/35/1 20/20/1
f 20/20/1 35/35/1 32/32/1
f 20/20/1 32/32/1 36/36/1
f 36/36/1 32/32/1 34/34/1
f 37/37/2 38/38/2 39/39/2
f 40/40/2 41/41/2 42/42/2
f 43/43/2 44/44/2 45/45/2
f 46/46/2 47/47/2 48/48/2
f 48/48/2 47/47/2 45/45/2
f 48/48/2 45/45/2 49/49/2
f 49/49/2 45/45/2 44/44/2
f 50/50/2 39/39/2 51/51/2
f 51/51/2 52/52/2 50/50/2
f 50/50/2 52/52/2 53/53/2
f 50/50/2 53/53/2 54/54/2
f 45/45/2 40/40/2 43/43/2
f 43/43/2 40/40/2 42/42/2
f 43/43/2 42/42/2 55/55/2
f 55/55/2 42/42/2 50/50/2
f 55/55/2 50/50/2 56/56/2
f 56/56/2 50/50/2 54/54/2
f 46/46/2 57/57/2 47/47/2
f 47/47/2 57/57/2 58/58/2
f 47/47/2 58/58/2 59/59/2
f 59/59/2 60/60/2 47/47/2
f 47/47/2 60/60/2 61/61/2
f 47/47/2 61/61/2 39/39/2
f 39/39/2 61/61/2 62/62/2
f 39/39/2 62/62/2 63/63/2
f 63/63/2 64/64/2 39/39/2
f 39/39/2 64/64/2 65/65/2
f 39/39/2 65/65/2 51/51/2
f 66/66/2 67/67/2 68/68/2
f 68/68/2 67/67/2 69/69/2
f 69/69/2 67/67/2 70/70/2
f 69/69/2 70/70/2 71/71/2
f 72/72/2 73/73/2 47/47/2
f 47/47/2 73/73/2 74/74/2
f 47/47/2 74/74/2 75/75/2
f 71/71/2 76/76/2 69/69/2
f 69/69/2 76/76/2 77/77/2
f 69/69/2 77/77/2 78/78/2
f 78/78/2 79/79/2 39/39/2
f 39/39/2 79/79/2 80/80/2
f 39/39/2 80/80/2 81/81/2
f 74/74/2 82/82/2 75/75/2
f 75/75/2 82/82/2 83/83/2
f 75/75/2 83/83/2 84/84/2
f 84/84/2 83/83/2 85/85/2
f 84/84/2 85/85/2 86/86/2
f 86/86/2 85/85/2 87/87/2
f 86/86/2 87/87/2 88/88/2
f 88/88/2 87/87/2 66/66/2
f 88/88/2 66/66/2 89/89/2
f 89/89/2 66/66/2 68/68/2
f 81/81/2 90/90/2 39/39/2
f 39/39/2 90/90/2 91/91/2
f 39/39/2 91/91/2 47/47/2
f 47/47/2 91/91/2 92/92/2
f 47/47/2 92/92/2 72/72/2
f 93/93/2 94/94/2 95/95/2
f 95/95/2 94/94/2 96/96/2
f 95/95/2 96/96/2 97/97/2
f 96/96/2 98/98/2 97/97/2
f 97/97/2 98/98/2 99/99/2
f 97/97/2 99/99/2 100/100/2
f 100/100/2 99/99/2 101/101/2
f 100/100/2 101/101/2 102/102/2
f 78/78/2 39/39/2 69/69/2
f 69/69/2 39/39/2 38/38/2
f 69/69/2 38/38/2 103/103/2
f 104/104/2 69/69/2 105/105/2
f 105/105/2 69/69/2 103/103/2
f 105/105/2 103/103/2 93/93/2
f 93/93/2 103/103/2 106/106/2
f 93/93/2 106/106/2 94/94/2
f 107/107/2 108/108/2 109/109/2
f 39/39/2 110/110/2 102/102/2
f 111/111/2 112/112/2 113/113/2
f 113/113/2 112/112/2 114/114/2
f 113/113/2 114/114/2 110/110/2
f 101/101/2 115/115/2 102/102/2
f 102/102/2 115/115/2 116/116/2
f 102/102/2 116/116/2 39/39/2
f 39/39/2 116/116/2 117/117/2
f 39/39/2 117/117/2 37/37/2
f 107/107/2 109/109/2 113/113/2
f 113/113/2 109/109/2 118/118/2
f 113/113/2 118/118/2 111/111/2
f 104/104/2 119/119/2 69/69/2
f 69/69/2 119/119/2 120/120/2
f 69/69/2 120/120/2 121/121/2
f 121/121/2 120/120/2 122/122/2
f 121/121/2 122/122/2 123/123/2
f 123/123/2 122/122/2 124/124/2
f 108/108/2 107/107/2 125/125/2
f 125/125/2 107/107/2 126/126/2
f 125/125/2 126/126/2 127/127/2
f 127/127/2 126/126/2 128/128/2
f 127/127/2 128/128/2 124/124/2
f 124/124/2 128/128/2 129/129/2
f 124/124/2 129/129/2 123/123/2
f 130/130/2 50/50/2 131/131/2
f 131/131/2 50/50/2 132/132/2
f 133/133/2 134/134/2 113/113/2
f 113/113/2 134/134/2 135/135/2
f 130/130/2 136/136/2 50/50/2
f 50/50/2 136/136/2 137/137/2
f 50/50/2 137/137/2 39/39/2
f 39/39/2 137/137/2 138/138/2
f 39/39/2 138/138/2 139/139/2
f 110/110/2 39/39/2 113/113/2
f 113/113/2 39/39/2 140/140/2
f 113/113/2 140/140/2 133/133/2
f 141/141/2 142/142/2 50/50/2
f 50/50/2 142/142/2 143/143/2
f 50/50/2 143/143/2 132/132/2
f 139/139/2 144/144/2 39/39/2
f 39/39/2 144/144/2 145/145/2
f 39/39/2 145/145/2 140/140/2
f 135/135/2 146/146/2 113/113/2
f 113/113/2 146/146/2 147/147/2
f 113/113/2 147/147/2 148/148/2
f 148/148/2 147/147/2 149/149/2
f 149/149/2 150/150/2 148/148/2
f 148/148/2 150/150/2 151/151/2
f 148/148/2 151/151/2 152/152/2
f 152/152/2 151/151/2 142/142/2
f 152/152/2 142/142/2 153/153/2
f 153/153/2 142/142/2 141/141/2
f 154/154/1 155/155/1 156/156/1
f 157/157/1 158/158/1 159/159/1
f 159/159/1 160/160/1 157/157/1
f 157/157/1 160/160/1 161/161/1
f 157/157/1 161/161/1 154/154/1
f 154/154/1 161/161/1 162/162/1
f 154/154/1 162/162/1 155/155/1
f 163/163/1 164/164/1 165/165/1
f 165/165/1 164/164/1 166/166/1
f 167/167/1 168/168/1 166/166/1
f 166/166/1 168/168/1 169/169/1
f 166/166/1 169/169/1 165/165/1
f 163/163/1 170/170/1 164/164/1
f 164/164/1 170/170/1 171/171/1
f 164/164/1 171/171/1 172/172/1
f 172/172/1 171/171/1 173/173/1
f 172/172/1 173/173/1 174/174/1
f 156/156/1 175/175/1 154/154/1
f 154/154/1 175/175/1 176/176/1
f 154/154/1 176/176/1 166/166/1
f 166/166/1 176/176/1 177/177/1
f 166/166/1 177/177/1 167/167/1
f 174/174/1 173/173/1 178/178/1
f 178/178/1 173/173/1 179/179/1
f 178/178/1 179/179/1 157/157/1
f 157/157/1 179/179/1 180/180/1
f 157/157/1 180/180/1 158/158/1
f 181/181/1 182/182/1 183/183/1
f 184/184/1 185/185/1 186/186/1
f 186/186/1 185/185/1 187/187/1
f 186/186/1 187/187/1 183/183/1
f 183/183/1 187/187/1 188/188/1
f 183/183/1 188/188/1 181/181/1
f 189/189/1 190/190/1 157/157/1
f 157/157/1 190/190/1 191/191/1
f 157/157/1 191/191/1 192/192/1
f 192/192/1 191/191/1 193/193/1
f 192/192/1 193/193/1 194/194/1
f 195/195/1 192/192/1 196/196/1
f 196/196/1 192/192/1 194/194/1
f 196/196/1 194/194/1 186/186/1
f 186/186/1 194/194/1 197/197/1
f 186/186/1 197/197/1 184/184/1
f 198/198/1 199/199/1 154/154/1
f 199/199/1 200/200/1 154/154/1
f 154/154/1 200/200/1 201/201/1
f 154/154/1 201/201/1 157/157/1
f 157/157/1 201/201/1 202/202/1
f 157/157/1 202/202/1 189/189/1
f 182/182/1 203/203/1 183/183/1
f 183/183/1 203/203/1 204/204/1
f 183/183/1 204/204/1 154/154/1
f 154/154/1 204/204/1 205/205/1
f 154/154/1 205/205/1 198/198/1
f 206/206/1 207/207/1 208/208/1
f 208/208/1 207/207/1 209/209/1
f 208/208/1 209/209/1 210/210/1
f 211/211/1 212/212/1 213/213/1
f 213/213/1 212/212/1 214/214/1
f 213/213/1 214/214/1 154/154/1
f 154/154/1 214/214/1 215/215/1
f 215/215/1 216/216/1 154/154/1
f 154/154/1 216/216/1 217/217/1
f 154/154/1 217/217/1 210/210/1
f 183/183/1 218/218/1 219/219/1
f 219/219/1 220/220/1 183/183/1
f 183/183/1 220/220/1 221/221/1
f 183/183/1 221/221/1 222/222/1
f 210/210/1 209/209/1 154/154/1
f 154/154/1 209/209/1 223/223/1
f 154/154/1 223/223/1 183/183/1
f 183/183/1 223/223/1 224/224/1
f 183/183/1 224/224/1 218/218/1
f 221/221/1 225/225/1 222/222/1
f 222/222/1 225/225/1 226/226/1
f 222/222/1 226/226/1 227/227/1
f 227/227/1 226/226/1 228/228/1
f 227/227/1 228/228/1 229/229/1
f 229/229/1 228/228/1 230/230/1
f 231/231/1 213/213/1 232/232/1
f 232/232/1 213/213/1 230/230/1
f 232/232/1 230/230/1 233/233/1
f 233/233/1 230/230/1 228/228/1
f 231/231/1 234/234/1 213/213/1
f 213/213/1 234/234/1 235/235/1
f 213/213/1 235/235/1 236/236/1
f 211/211/1 213/213/1 237/237/1
f 237/237/1 213/213/1 236/236/1
f 237/237/1 236/236/1 238/238/1
f 238/238/1 236/236/1 239/239/1
f 238/238/1 239/239/1 240/240/1
f 240/240/1 239/239/1 241/241/1
f 240/240/1 241/241/1 206/206/1
f 206/206/1 241/241/1 242/242/1
f 206/206/1 242/242/1 207/207/1
f 243/243/1 244/244/1 166/166/1
f 245/245/1 246/246/1 154/154/1
f 213/213/1 247/247/1 248/248/1
f 248/248/1 249/249/1 213/213/1
f 213/213/1 249/249/1 250/250/1
f 213/213/1 250/250/1 251/251/1
f 252/252/1 253/253/1 254/254/1
f 254/254/1 253/253/1 255/255/1
f 254/254/1 255/255/1 166/166/1
f 166/166/1 255/255/1 256/256/1
f 166/166/1 256/256/1 243/243/1
f 246/246/1 257/257/1 154/154/1
f 154/154/1 257/257/1 258/258/1
f 154/154/1 258/258/1 213/213/1
f 213/213/1 258/258/1 259/259/1
f 213/213/1 259/259/1 247/247/1
f 244/244/1 260/260/1 166/166/1
f 166/166/1 260/260/1 261/261/1
f 166/166/1 261/261/1 154/154/1
f 154/154/1 261/261/1 262/262/1
f 154/154/1 262/262/1 245/245/1
f 250/250/1 263/263/1 251/251/1
f 251/251/1 263/263/1 264/264/1
f 251/251/1 264/264/1 265/265/1
f 265/265/1 264/264/1 252/252/1
f 265/265/1 252/252/1 266/266/1
f 266/266/1 252/252/1 254/254/1
f 148/267/3 14/268/3 113/269/4
f 113/269/4 14/268/3 16/270/3
f 113/269/4 16/270/3 107/271/3
f 128/272/5 126/273/5 20/274/5
f 20/274/5 126/273/5 18/275/5
f 121/276/6 33/277/6 69/278/7
f 69/278/7 33/277/6 31/279/6
f 69/278/7 31/279/6 68/280/6
f 84/281/8 86/282/8 27/283/8
f 27/283/8 86/282/8 25/284/8
f 75/285/9 28/286/9 47/287/10
f 47/287/10 28/286/9 3/288/9
f 47/287/10 3/288/9 45/289/9
f 42/290/11 6/291/11 50/292/12
f 50/292/12 6/291/11 8/293/11
f 50/292/12 8/293/11 141/294/11
f 51/295/13 161/296/13 52/297/13
f 52/297/13 161/296/13 160/298/13
f 52/297/14 160/298/15 53/299/15
f 53/299/15 160/298/15 159/300/14
f 53/299/16 159/300/16 54/301/16
f 54/301/16 159/300/16 158/302/16
f 54/303/17 158/304/17 56/305/17
f 56/305/17 158/304/17 180/306/17
f 56/305/18 180/306/18 55/307/18
f 55/307/18 180/306/18 179/308/18
f 55/307/19 179/308/19 43/309/19
f 43/309/19 179/308/19 173/310/19
f 43/309/20 173/310/20 44/311/20
f 44/311/20 173/310/20 171/312/20
f 44/313/21 171/314/21 49/315/21
f 49/315/21 171/314/21 170/316/21
f 49/315/22 170/316/22 48/317/22
f 48/317/22 170/316/22 163/318/22
f 48/317/23 163/318/23 46/319/23
f 46/319/23 163/318/23 165/320/23
f 46/319/24 165/320/24 57/321/24
f 57/321/24 165/320/24 169/322/24
f 57/321/25 169/322/26 58/323/26
f 58/323/26 169/322/26 168/324/26
f 58/325/27 168/326/27 59/327/27
f 59/327/27 168/326/27 167/328/27
f 59/327/28 167/328/28 60/329/28
f 60/329/28 167/328/28 177/330/28
f 60/329/29 177/330/29 61/331/29
f 61/331/29 177/330/29 176/332/29
f 61/331/30 176/332/30 62/333/30
f 62/333/30 176/332/30 175/334/30
f 62/333/31 175/334/31 63/335/31
f 63/335/31 175/334/31 156/336/31
f 63/335/32 156/336/32 64/337/32
f 64/337/32 156/336/32 155/338/32
f 64/339/33 155/340/33 65/341/33
f 65/341/33 155/340/33 162/342/33
f 65/341/34 162/342/34 51/295/34
f 51/295/34 162/342/34 161/296/34
f 109/343/35 221/344/35 118/345/35
f 118/345/35 221/344/35 220/346/35
f 118/345/36 220/346/36 111/347/36
f 111/347/36 220/346/36 219/348/36
f 111/347/16 219/348/16 112/349/16
f 112/349/16 219/348/16 218/350/16
f 112/351/17 218/352/17 114/353/17
f 114/353/17 218/352/17 224/354/17
f 114/353/18 224/354/18 110/355/18
f 110/355/18 224/354/18 223/356/18
f 110/355/19 223/356/37 102/357/37
f 102/357/37 223/356/37 209/358/37
f 102/357/20 209/358/20 100/359/20
f 100/359/20 209/358/20 207/360/20
f 100/361/38 207/362/38 97/363/38
f 97/363/38 207/362/38 242/364/38
f 97/363/39 242/364/39 95/365/39
f 95/365/39 242/364/39 241/366/22
f 95/365/23 241/366/23 93/367/23
f 93/367/23 241/366/23 239/368/23
f 93/367/40 239/368/40 105/369/40
f 105/369/40 239/368/40 236/370/40
f 105/369/25 236/370/25 104/371/25
f 104/371/25 236/370/25 235/372/25
f 104/373/41 235/374/41 119/375/41
f 119/375/41 235/374/41 234/376/41
f 119/375/28 234/376/28 120/377/28
f 120/377/28 234/376/28 231/378/28
f 120/377/29 231/378/29 122/379/29
f 122/379/29 231/378/29 232/380/29
f 122/379/42 232/380/42 124/381/42
f 124/381/42 232/380/42 233/382/42
f 124/381/31 233/382/31 127/383/31
f 127/383/31 233/382/31 228/384/31
f 127/383/32 228/384/32 125/385/32
f 125/385/32 228/384/32 226/386/32
f 125/387/43 226/388/43 108/389/44
f 108/389/44 226/388/43 225/390/43
f 108/389/45 225/390/46 109/343/46
f 109/343/46 225/390/46 221/344/45
f 147/391/47 187/392/47 149/393/47
f 149/393/47 187/392/47 185/394/47
f 149/393/48 185/394/48 150/395/49
f 150/395/49 185/394/48 184/396/48
f 150/395/50 184/396/50 151/397/50
f 151/397/50 184/396/50 197/398/50
f 151/311/17 197/399/17 142/400/17
f 142/400/17 197/399/17 194/401/17
f 142/400/18 194/401/18 143/402/18
f 143/402/18 194/401/18 193/403/18
f 143/402/37 193/403/37 132/404/37
f 132/404/37 193/403/37 191/405/37
f 132/404/20 191/405/20 131/406/20
f 131/406/20 191/405/20 190/407/20
f 131/408/51 190/409/51 130/410/51
f 130/410/51 190/409/51 189/411/51
f 130/410/52 189/411/52 136/412/52
f 136/412/52 189/411/52 202/413/52
f 136/412/23 202/413/23 137/414/23
f 137/414/23 202/413/23 201/415/23
f 137/414/40 201/415/40 138/416/40
f 138/416/40 201/415/40 200/417/40
f 138/416/53 200/417/54 139/418/54
f 139/418/54 200/417/54 199/419/54
f 139/420/55 199/421/55 144/422/55
f 144/422/55 199/421/55 198/423/55
f 144/422/28 198/423/28 145/424/28
f 145/424/28 198/423/28 205/425/28
f 145/424/29 205/425/29 140/426/29
f 140/426/29 205/425/29 204/427/29
f 140/426/56 204/427/56 133/428/56
f 133/428/56 204/427/56 203/429/56
f 133/428/31 203/429/31 134/430/31
f 134/430/31 203/429/31 182/431/31
f 134/430/57 182/431/57 135/432/57
f 135/432/57 182/431/57 181/433/57
f 135/434/58 181/435/58 146/436/58
f 146/436/58 181/435/58 188/437/58
f 146/436/34 188/437/34 147/391/34
f 147/391/34 188/437/34 187/392/34
f 78/438/35 258/439/35 79/440/35
f 79/440/35 258/439/35 257/441/47
f 79/440/49 257/441/49 80/442/49
f 80/442/49 257/441/49 246/443/49
f 80/442/59 246/443/59 81/444/59
f 81/444/59 246/443/59 245/445/59
f 81/446/17 245/447/17 90/448/17
f 90/448/17 245/447/17 262/449/17
f 90/448/18 262/449/18 91/450/18
f 91/450/18 262/449/18 261/451/18
f 91/450/60 261/451/60 92/452/60
f 92/452/60 261/451/60 260/453/60
f 92/452/20 260/453/20 72/454/20
f 72/454/20 260/453/20 244/455/20
f 72/456/51 244/457/51 73/458/51
f 73/458/51 244/457/51 243/459/51
f 73/458/61 243/459/61 74/460/61
f 74/460/61 243/459/61 256/461/61
f 74/460/62 256/461/62 82/462/62
f 82/462/62 256/461/62 255/463/62
f 82/462/63 255/463/63 83/464/63
f 83/464/63 255/463/63 253/465/64
f 83/464/65 253/465/65 85/466/65
f 85/466/65 253/465/65 252/467/65
f 85/468/55 252/469/55 87/470/55
f 87/470/55 252/469/55 264/471/55
f 87/470/28 264/471/28 66/472/28
f 66/472/28 264/471/28 263/473/28
f 66/472/29 263/473/29 67/474/29
f 67/474/29 263/473/29 250/475/29
f 67/474/56 250/475/30 70/476/30
f 70/476/30 250/475/30 249/477/30
f 70/476/31 249/477/31 71/478/31
f 71/478/31 249/477/31 248/479/31
f 71/478/66 248/479/66 76/480/66
f 76/480/66 248/479/66 247/481/66
f 76/482/58 247/483/67 77/484/67
f 77/484/67 247/483/67 259/485/67
f 77/484/45 259/485/68 78/438/68
f 78/438/68 259/485/68 258/439/45
f 99/486/69 206/487/69 101/488/69
f 101/488/69 206/487/69 208/489/69
f 101/488/50 208/489/50 115/490/50
f 115/490/50 208/489/50 210/491/50
f 115/492/70 210/493/71 116/494/71
f 116/494/71 210/493/71 217/495/71
f 116/494/72 217/495/72 117/496/72
f 117/496/72 217/495/72 216/497/72
f 117/498/38 216/499/38 37/500/38
f 37/500/38 216/499/38 215/501/38
f 37/500/73 215/501/74 38/502/74
f 38/502/74 215/501/74 214/503/74
f 38/502/75 214/503/75 103/504/75
f 103/504/75 214/503/75 212/505/75
f 103/506/27 212/507/27 106/508/27
f 106/508/27 212/507/27 211/509/27
f 106/508/76 211/509/77 94/510/77
f 94/510/77 211/509/77 237/511/77
f 94/510/78 237/511/78 96/512/78
f 96/512/78 237/511/78 238/513/78
f 96/512/66 238/513/66 98/514/66
f 98/514/66 238/513/66 240/515/66
f 98/516/79 240/517/80 99/486/80
f 99/486/80 240/517/80 206/487/80
f 164/518/3 267/519/3 166/520/3
f 166/520/3 267/519/3 268/521/3
f 166/520/3 268/521/3 254/522/3
f 192/523/6 269/524/6 157/525/6
f 157/525/6 269/524/6 270/526/6
f 157/525/6 270/526/6 178/527/6
f 222/528/9 271/529/9 183/530/9
f 183/530/9 271/529/9 272/531/9
f 183/530/9 272/531/9 186/532/9
f 17/533/3 15/534/3 273/535/3
f 273/535/3 15/534/3 274/536/3
f 9/537/11 7/538/11 275/539/11
f 275/539/11 7/538/11 276/540/11
f 277/541/9 278/542/9 22/543/9
f 22/543/9 278/542/9 21/544/9
f 279/545/6 280/546/6 32/547/6
f 32/547/6 280/546/6 23/548/6
f 281/549/11 230/550/11 282/551/11
f 282/551/11 230/550/11 213/552/12
f 282/551/11 213/552/12 251/553/11
f 268/554/1 277/555/1 283/556/1
f 283/556/1 277/555/1 284/557/1
f 283/556/1 284/557/1 285/558/1
f 285/558/1 284/557/1 286/559/1
f 285/558/1 286/559/1 282/560/1
f 282/560/1 286/559/1 280/561/1
f 282/560/1 280/561/1 281/562/1
f 281/562/1 280/561/1 279/563/1
f 281/562/1 279/563/1 287/564/1
f 287/564/1 279/563/1 288/565/1
f 287/564/1 288/565/1 289/566/1
f 289/566/1 288/565/1 290/567/1
f 289/566/1 290/567/1 271/568/1
f 271/568/1 290/567/1 273/569/1
f 271/568/1 273/569/1 272/570/1
f 272/570/1 273/569/1 274/571/1
f 272/570/1 274/571/1 291/572/1
f 291/572/1 274/571/1 292/573/1
f 291/572/1 292/573/1 293/574/1
f 293/574/1 292/573/1 294/575/1
f 293/574/1 294/575/1 269/576/1
f 269/576/1 294/575/1 275/577/1
f 269/576/1 275/577/1 270/578/1
f 270/578/1 275/577/1 276/579/1
f 270/578/1 276/579/1 295/580/1
f 295/580/1 276/579/1 296/581/1
f 295/580/1 296/581/1 297/582/1
f 297/582/1 296/581/1 298/583/1
f 297/582/1 298/583/1 267/584/1
f 267/584/1 298/583/1 278/585/1
f 267/584/1 278/585/1 268/554/1
f 268/554/1 278/585/1 277/555/1
f 141/294/76 8/293/76 11/586/76
f 141/294/76 11/586/76 153/587/76
f 153/587/27 11/586/27 13/588/27
f 153/587/27 13/588/27 152/589/27
f 152/590/81 13/591/81 14/268/81
f 152/590/81 14/268/81 148/267/81
f 45/289/79 3/288/79 2/592/79
f 45/289/79 2/592/79 40/593/79
f 40/594/66 2/595/66 1/596/66
f 40/594/66 1/596/66 41/597/66
f 41/597/82 1/596/82 6/291/82
f 41/597/82 6/291/82 42/290/82
f 27/283/83 28/286/83 84/281/83
f 84/281/83 28/286/83 75/285/83
f 68/280/84 31/279/84 30/598/84
f 68/280/84 30/598/84 89/599/84
f 89/599/85 30/598/85 29/600/85
f 89/599/85 29/600/85 88/601/85
f 88/602/86 29/603/86 25/284/86
f 88/602/86 25/284/86 86/282/86
f 128/272/87 20/274/87 36/603/87
f 128/272/87 36/603/87 129/604/88
f 129/605/89 36/606/89 34/607/89
f 129/605/89 34/607/89 123/608/89
f 123/608/90 34/607/90 33/277/90
f 123/608/90 33/277/90 121/276/90
f 16/270/91 18/275/91 107/271/91
f 107/271/91 18/275/91 126/273/91
f 17/533/92 273/535/74 290/609/73
f 17/533/92 290/609/73 19/610/73
f 19/610/93 290/609/93 288/611/93
f 19/610/93 288/611/93 35/612/93
f 35/613/94 288/614/94 279/545/94
f 35/613/94 279/545/94 32/547/94
f 277/541/95 22/543/95 26/615/95
f 277/541/95 26/615/95 284/616/95
f 284/616/50 26/615/50 24/617/50
f 284/616/50 24/617/50 286/611/50
f 286/618/70 24/619/70 23/548/70
f 286/618/70 23/548/70 280/546/70
f 254/522/75 268/521/75 266/620/75
f 266/620/75 268/521/75 283/621/75
f 266/622/96 283/623/96 265/624/96
f 265/624/96 283/623/96 285/625/96
f 265/624/97 285/625/77 251/553/77
f 251/553/77 285/625/77 282/551/77
f 271/529/80 222/528/80 289/626/98
f 289/626/98 222/528/80 227/627/80
f 289/628/99 227/629/99 287/630/99
f 287/630/99 227/629/99 229/631/99
f 287/630/78 229/631/78 281/549/78
f 281/549/78 229/631/78 230/550/78
f 186/532/95 272/531/95 196/632/95
f 196/632/95 272/531/95 291/633/95
f 196/632/100 291/633/100 195/634/100
f 195/634/100 291/633/100 293/635/100
f 195/636/71 293/637/101 192/523/70
f 192/523/70 293/637/101 269/524/71
f 274/536/75 15/534/75 12/638/75
f 274/536/75 12/638/75 292/639/75
f 292/640/102 12/641/102 10/642/102
f 292/640/102 10/642/102 294/643/102
f 294/643/76 10/642/76 9/537/76
f 294/643/76 9/537/76 275/539/77
f 267/519/74 164/518/74 297/644/74
f 297/644/74 164/518/74 172/645/74
f 297/644/93 172/645/93 295/646/93
f 295/646/93 172/645/93 174/647/93
f 295/648/72 174/649/72 270/526/72
f 270/526/72 174/649/72 178/527/72
f 21/544/80 278/542/80 298/650/80
f 21/544/80 298/650/80 4/651/80
f 4/652/103 298/653/103 296/654/103
f 4/652/103 296/654/103 5/655/103
f 5/655/82 296/654/82 276/540/82
f 5/655/82 276/540/82 7/538/82
f 299/656/104 300/657/104 301/658/104
f 301/658/104 300/657/104 302/659/104
f 303/660/1 304/661/1 305/662/1
f 306/663/1 307/664/1 308/665/1
f 309/666/1 304/661/1 310/667/1
f 310/667/1 304/661/1 311/668/1
f 310/667/1 311/668/1 312/669/1
f 312/669/1 311/668/1 313/670/1
f 314/671/1 315/672/1 316/673/1
f 315/672/1 314/671/1 317/674/1
f 317/674/1 314/671/1 318/675/1
f 317/674/1 318/675/1 319/676/1
f 320/677/1 321/678/1 322/679/1
f 322/679/1 321/678/1 323/680/1
f 322/679/1 323/680/1 324/681/1
f 325/682/1 324/681/1 326/683/1
f 326/683/1 324/681/1 323/680/1
f 326/683/1 323/680/1 327/684/1
f 327/684/1 323/680/1 328/685/1
f 327/684/1 328/685/1 329/686/1
f 319/676/1 318/675/1 330/687/1
f 330/687/1 318/675/1 331/688/1
f 330/687/1 331/688/1 332/689/1
f 333/690/1 334/691/1 311/668/1
f 311/668/1 334/691/1 335/692/1
f 311/668/1 335/692/1 313/670/1
f 336/693/1 337/694/1 338/695/1
f 338/695/1 337/694/1 339/696/1
f 338/695/1 339/696/1 340/697/1
f 340/697/1 339/696/1 341/698/1
f 340/697/1 341/698/1 342/699/1
f 342/699/1 341/698/1 343/700/1
f 342/699/1 343/700/1 344/701/1
f 344/701/1 343/700/1 332/689/1
f 343/700/1 345/702/1 332/689/1
f 332/689/1 345/702/1 346/703/1
f 332/689/1 346/703/1 330/687/1
f 330/687/1 346/703/1 347/704/1
f 330/687/1 347/704/1 348/705/1
f 348/705/1 347/704/1 349/706/1
f 316/673/1 350/707/1 314/671/1
f 314/671/1 350/707/1 351/708/1
f 314/671/1 351/708/1 352/709/1
f 352/709/1 351/708/1 353/710/1
f 352/709/1 353/710/1 354/711/1
f 354/711/1 353/710/1 355/712/1
f 354/711/1 355/712/1 356/713/1
f 356/713/1 355/712/1 306/663/1
f 356/713/1 306/663/1 336/693/1
f 336/693/1 306/663/1 308/665/1
f 336/693/1 308/665/1 337/694/1
f 357/714/1 358/715/1 349/706/1
f 349/706/1 358/715/1 359/716/1
f 349/706/1 359/716/1 348/705/1
f 360/717/1 361/718/1 362/719/1
f 362/719/1 361/718/1 363/720/1
f 364/721/1 320/677/1 365/722/1
f 325/682/1 326/683/1 366/723/1
f 366/723/1 326/683/1 367/724/1
f 366/723/1 367/724/1 349/706/1
f 349/706/1 367/724/1 368/725/1
f 349/706/1 368/725/1 357/714/1
f 305/662/1 304/661/1 369/726/1
f 369/726/1 304/661/1 309/666/1
f 369/726/1 309/666/1 362/719/1
f 362/719/1 309/666/1 370/727/1
f 362/719/1 370/727/1 360/717/1
f 307/664/1 306/663/1 371/728/1
f 371/728/1 306/663/1 372/729/1
f 371/728/1 372/729/1 373/730/1
f 373/730/1 372/729/1 374/731/1
f 373/730/1 374/731/1 311/668/1
f 311/668/1 374/731/1 375/732/1
f 311/668/1 375/732/1 333/690/1
f 364/721/1 365/722/1 341/698/1
f 341/698/1 365/722/1 376/733/1
f 341/698/1 376/733/1 343/700/1
f 303/660/1 305/662/1 377/734/1
f 377/734/1 305/662/1 378/735/1
f 377/734/1 378/735/1 364/721/1
f 364/721/1 378/735/1 379/736/1
f 364/721/1 379/736/1 320/677/1
f 320/677/1 379/736/1 380/737/1
f 320/677/1 380/737/1 321/678/1
f 328/685/1 381/738/1 329/686/1
f 329/686/1 381/738/1 382/739/1
f 329/686/1 382/739/1 383/740/1
f 383/740/1 382/739/1 384/741/1
f 383/740/1 384/741/1 385/742/1
f 385/742/1 384/741/1 362/719/1
f 385/742/1 362/719/1 386/743/1
f 386/743/1 362/719/1 363/720/1
f 387/744/105 388/745/105 389/746/105
f 389/746/105 388/745/105 390/747/105
f 387/748/2 391/749/2 392/750/2
f 392/750/2 391/749/2 393/751/2
f 392/750/2 393/751/2 394/752/2
f 395/753/2 396/754/2 392/750/2
f 392/750/2 396/754/2 388/755/2
f 392/750/2 388/755/2 387/748/2
f 397/756/2 398/757/2 399/758/2
f 400/759/2 401/760/2 302/761/2
f 302/761/2 401/760/2 397/756/2
f 302/761/2 397/756/2 301/762/2
f 301/762/2 397/756/2 399/758/2
f 301/762/2 399/758/2 402/763/2
f 302/659/106 300/657/106 403/764/106
f 302/659/107 403/764/107 400/765/107
f 400/765/108 403/764/108 404/766/108
f 400/765/109 404/766/109 401/767/109
f 401/767/110 404/766/110 405/768/110
f 401/769/111 405/770/111 406/771/111
f 395/588/112 407/772/112 408/773/112
f 395/774/113 408/775/113 396/776/113
f 396/776/114 408/775/114 409/777/114
f 396/776/115 409/777/115 388/745/115
f 388/745/116 409/777/116 410/778/116
f 388/745/117 410/778/117 390/747/117
f 411/779/118 394/780/118 412/781/118
f 412/781/119 394/780/119 393/782/119
f 412/781/120 393/782/120 413/783/120
f 413/784/38 393/785/38 391/786/38
f 413/784/38 391/786/38 414/787/38
f 414/787/74 391/786/92 387/744/121
f 414/787/74 387/744/121 389/746/74
f 415/788/122 367/724/122 326/683/123
f 411/789/124 412/790/124 326/683/124
f 326/683/125 412/790/125 413/791/125
f 326/683/123 413/791/123 415/788/122
f 415/792/126 413/784/127 414/787/127
f 415/792/126 414/787/127 416/793/126
f 416/793/128 414/787/129 389/746/130
f 416/793/128 389/746/130 390/747/128
f 367/724/131 415/788/131 417/794/131
f 415/792/132 416/793/132 418/795/133
f 416/793/134 390/747/134 410/778/134
f 416/793/134 410/778/134 418/795/135
f 418/795/136 410/778/136 409/777/137
f 418/795/136 409/777/137 419/796/137
f 419/796/138 409/777/139 408/775/140
f 419/796/138 408/775/140 420/797/141
f 420/798/142 408/773/142 407/772/143
f 420/798/142 407/772/143 421/799/144
f 421/799/145 407/772/145 422/800/145
f 421/799/146 422/800/146 423/801/146
f 423/801/147 422/800/147 424/802/147
f 423/801/148 424/802/148 425/803/148
f 415/792/132 418/795/133 417/804/149
f 417/794/150 418/805/150 419/806/151
f 417/794/150 419/806/151 426/807/152
f 426/807/153 419/806/153 420/808/154
f 426/807/153 420/808/154 427/809/154
f 427/809/155 420/808/156 421/810/157
f 427/809/155 421/810/157 428/811/158
f 428/811/159 421/810/159 423/812/160
f 428/811/159 423/812/160 429/813/160
f 429/814/161 423/801/161 425/803/162
f 429/814/161 425/803/162 430/815/162
f 367/724/131 417/794/131 368/725/131
f 368/725/163 417/794/164 426/807/165
f 368/725/163 426/807/165 357/714/165
f 357/714/166 426/807/166 427/809/167
f 357/714/166 427/809/167 358/715/168
f 358/715/169 427/809/169 428/811/169
f 358/715/169 428/811/169 359/716/170
f 359/716/171 428/811/172 429/813/171
f 359/716/171 429/813/171 348/705/171
f 348/705/173 429/813/173 430/816/173
f 348/705/173 430/816/173 330/687/173
f 299/656/174 301/658/175 402/817/174
f 299/656/174 402/817/174 431/818/176
f 431/818/50 402/817/50 399/819/50
f 431/818/50 399/819/50 432/820/50
f 432/821/177 399/822/177 433/823/177
f 433/823/178 399/822/178 398/824/178
f 433/823/179 398/824/179 434/825/179
f 424/802/180 435/826/180 436/827/180
f 424/802/180 436/827/180 425/803/180
f 425/803/181 436/827/181 437/828/181
f 425/803/181 437/828/181 430/815/181
f 430/816/182 437/829/182 319/676/182
f 430/816/182 319/676/182 330/687/182
f 355/712/183 353/710/184 438/830/184
f 434/831/185 355/712/185 433/832/185
f 433/832/186 355/712/186 432/833/186
f 355/712/183 438/830/184 432/833/183
f 432/820/187 438/834/188 439/835/188
f 432/820/187 439/835/188 431/818/187
f 431/818/189 439/835/190 300/657/191
f 431/818/189 300/657/191 299/656/189
f 319/676/192 437/829/192 440/836/192
f 437/828/193 436/827/193 441/837/193
f 436/827/194 435/826/194 442/838/194
f 436/827/195 442/838/195 441/837/195
f 441/837/196 442/838/196 406/771/196
f 441/837/197 406/771/197 443/839/197
f 443/839/198 406/771/199 405/770/198
f 443/839/198 405/770/198 444/840/200
f 444/841/201 405/768/201 404/766/201
f 444/841/201 404/766/201 445/842/201
f 445/842/202 404/766/203 403/764/204
f 445/842/202 403/764/204 446/843/205
f 446/843/206 403/764/207 300/657/208
f 446/843/206 300/657/208 439/835/207
f 437/828/193 441/837/193 440/844/193
f 440/836/209 441/845/209 443/846/210
f 440/836/209 443/846/210 447/847/210
f 447/847/211 443/846/212 444/848/213
f 447/847/211 444/848/213 448/849/214
f 448/849/215 444/848/216 445/850/217
f 448/849/215 445/850/217 449/851/218
f 449/851/219 445/850/219 446/852/220
f 449/851/219 446/852/220 450/853/220
f 450/854/221 446/843/221 439/835/222
f 450/854/221 439/835/222 438/834/222
f 319/676/192 440/836/192 317/674/223
f 317/674/224 440/836/224 447/847/224
f 317/674/224 447/847/224 315/672/225
f 315/672/226 447/847/227 448/849/228
f 315/672/226 448/849/228 316/673/229
f 316/673/230 448/849/231 449/851/232
f 316/673/230 449/851/232 350/707/233
f 350/707/234 449/851/234 450/853/234
f 350/707/234 450/853/234 351/708/235
f 351/708/236 450/853/236 438/830/236
f 351/708/236 438/830/236 353/710/236
f 434/855/3 398/856/3 355/857/3
f 355/857/3 398/856/3 397/858/3
f 326/859/9 392/860/9 411/861/9
f 411/861/9 392/860/9 394/862/9
f 451/863/237 321/864/237 452/865/237
f 452/865/237 321/864/237 380/866/237
f 452/867/51 380/868/51 453/869/51
f 453/869/51 380/868/51 379/870/51
f 453/869/74 379/870/74 454/871/74
f 454/871/74 379/870/74 378/872/74
f 454/871/238 378/872/238 455/873/238
f 455/873/238 378/872/238 305/874/238
f 455/875/27 305/876/27 456/877/27
f 456/877/27 305/876/27 369/878/27
f 456/877/239 369/878/239 457/879/239
f 457/879/239 369/878/239 362/880/239
f 457/879/240 362/880/240 458/881/240
f 458/881/240 362/880/240 384/882/240
f 458/881/66 384/882/66 459/883/66
f 459/883/66 384/882/66 382/884/66
f 459/885/241 382/886/241 460/887/241
f 460/887/241 382/886/241 381/888/241
f 460/887/242 381/888/242 461/889/242
f 461/889/242 381/888/242 328/890/242
f 461/889/16 328/890/16 462/891/16
f 462/891/16 328/890/16 323/892/16
f 462/893/71 323/894/71 451/863/71
f 451/863/71 323/894/71 321/864/71
f 461/895/1 462/896/1 463/897/1
f 463/897/1 462/896/1 451/898/1
f 463/897/1 451/898/1 464/899/1
f 465/900/1 459/901/1 463/897/1
f 463/897/1 459/901/1 460/902/1
f 463/897/1 460/902/1 461/895/1
f 455/903/1 456/904/1 466/905/1
f 466/905/1 456/904/1 457/906/1
f 466/905/1 457/906/1 465/900/1
f 465/900/1 457/906/1 458/907/1
f 465/900/1 458/907/1 459/901/1
f 451/898/1 452/908/1 464/899/1
f 464/899/1 452/908/1 453/909/1
f 464/899/1 453/909/1 466/905/1
f 466/905/1 453/909/1 454/910/1
f 466/905/1 454/910/1 455/903/1
f 465/911/3 463/912/243 467/913/3
f 467/913/3 463/912/243 468/914/243
f 466/915/244 465/916/244 469/917/244
f 469/917/244 465/916/244 467/918/244
f 464/919/9 466/920/245 470/921/9
f 470/921/9 466/920/245 469/922/245
f 463/923/246 464/924/246 468/925/246
f 468/925/246 464/924/246 470/926/246
f 470/927/1 469/928/1 468/929/1
f 468/929/1 469/928/1 467/653/1
f 471/930/237 339/931/237 472/932/237
f 472/932/237 339/931/237 337/933/237
f 472/934/51 337/935/51 473/936/51
f 473/936/51 337/935/51 308/937/51
f 473/936/74 308/937/74 474/938/74
f 474/938/74 308/937/74 307/939/92
f 474/938/238 307/939/238 475/940/238
f 475/940/238 307/939/238 371/941/238
f 475/942/55 371/884/55 476/943/55
f 476/943/55 371/884/55 373/944/55
f 476/943/77 373/944/77 477/945/77
f 477/945/77 373/944/77 311/946/77
f 477/945/240 311/946/240 478/947/240
f 478/947/240 311/946/240 304/948/240
f 478/947/66 304/948/66 479/949/66
f 479/949/66 304/948/66 303/950/66
f 479/951/79 303/952/79 480/953/79
f 480/953/79 303/952/79 377/954/79
f 480/953/242 377/954/242 481/955/242
f 481/955/242 377/954/242 364/956/242
f 481/955/50 364/956/50 482/957/50
f 482/957/50 364/956/50 341/958/50
f 482/959/247 341/960/247 471/930/247
f 471/930/247 341/960/247 339/931/247
f 471/961/1 483/962/1 482/963/1
f 482/963/1 483/962/1 484/964/1
f 482/963/1 484/964/1 481/965/1
f 485/966/1 479/967/1 484/964/1
f 484/964/1 479/967/1 480/968/1
f 484/964/1 480/968/1 481/965/1
f 475/969/1 476/970/1 486/971/1
f 486/971/1 476/970/1 477/972/1
f 486/971/1 477/972/1 485/966/1
f 485/966/1 477/972/1 478/973/1
f 485/966/1 478/973/1 479/967/1
f 471/961/1 472/974/1 483/962/1
f 483/962/1 472/974/1 473/975/1
f 483/962/1 473/975/1 486/971/1
f 486/971/1 473/975/1 474/976/1
f 486/971/1 474/976/1 475/969/1
f 485/977/3 484/978/243 487/979/3
f 487/979/3 484/978/243 488/980/243
f 486/981/244 485/982/244 489/983/244
f 489/983/244 485/982/244 487/984/244
f 483/985/9 486/986/245 490/987/9
f 490/987/9 486/986/245 489/988/245
f 484/989/246 483/990/246 488/991/246
f 488/991/246 483/990/246 490/992/246
f 490/993/1 489/994/1 488/995/1
f 488/995/1 489/994/1 487/996/1
f 491/997/237 347/998/237 492/999/237
f 492/999/237 347/998/237 346/1000/237
f 492/1001/51 346/1002/51 493/1003/51
f 493/1003/51 346/1002/51 345/1004/51
f 493/1003/74 345/1004/74 494/1005/74
f 494/1005/74 345/1004/74 343/1006/74
f 494/1005/238 343/1006/238 495/1007/238
f 495/1007/238 343/1006/238 376/1008/238
f 495/1009/55 376/1010/55 496/1011/55
f 496/1011/55 376/1010/55 365/1012/55
f 496/1011/239 365/1012/239 497/1013/239
f 497/1013/239 365/1012/239 320/1014/248
f 497/1013/240 320/1014/240 498/1015/240
f 498/1015/240 320/1014/240 322/1016/240
f 498/1015/32 322/1016/32 499/1017/32
f 499/1017/32 322/1016/32 324/1018/32
f 499/1019/241 324/1020/241 500/1021/241
f 500/1021/241 324/1020/241 325/1022/241
f 500/1021/69 325/1022/69 501/1023/95
f 501/1023/95 325/1022/69 366/1024/69
f 501/1023/249 366/1024/249 502/1025/249
f 502/1025/249 366/1024/249 349/1026/249
f 502/1027/70 349/1028/71 491/997/71
f 491/997/71 349/1028/71 347/998/70
f 495/1029/1 503/1030/1 494/1031/1
f 494/1031/1 503/1030/1 504/1032/1
f 494/1031/1 504/1032/1 493/1033/1
f 501/1034/1 502/1035/1 505/1036/1
f 505/1036/1 502/1035/1 491/1037/1
f 505/1036/1 491/1037/1 504/1032/1
f 504/1032/1 491/1037/1 492/1038/1
f 504/1032/1 492/1038/1 493/1033/1
f 506/1039/1 499/1040/1 505/1036/1
f 505/1036/1 499/1040/1 500/1041/1
f 505/1036/1 500/1041/1 501/1034/1
f 495/1029/1 496/1042/1 503/1030/1
f 503/1030/1 496/1042/1 497/1043/1
f 503/1030/1 497/1043/1 506/1039/1
f 506/1039/1 497/1043/1 498/1044/1
f 506/1039/1 498/1044/1 499/1040/1
f 506/1045/105 505/1046/105 507/1047/105
f 507/1047/105 505/1046/105 508/1048/105
f 503/1049/6 506/1050/6 509/1051/6
f 509/1051/6 506/1050/6 507/1052/6
f 504/978/104 503/977/104 510/1053/104
f 510/1053/104 503/977/104 509/1054/104
f 505/1055/246 504/1056/246 508/1057/246
f 508/1057/246 504/1056/246 510/1058/246
f 510/1059/1 509/1060/1 508/1061/1
f 508/1061/1 509/1060/1 507/1062/1
f 511/1063/237 318/1064/237 512/1065/237
f 512/1065/237 318/1064/237 314/1066/237
f 512/1067/51 314/1068/51 513/1069/51
f 513/1069/51 314/1068/51 352/1070/51
f 513/1069/74 352/1070/73 514/1071/73
f 514/1071/73 352/1070/73 354/1072/73
f 514/1071/238 354/1072/238 515/1073/238
f 515/1073/238 354/1072/238 356/1074/238
f 515/1017/250 356/1018/250 516/1075/250
f 516/1075/250 356/1018/250 336/1076/250
f 516/1075/76 336/1076/77 517/1077/77
f 517/1077/77 336/1076/77 338/1078/76
f 517/1077/240 338/1078/240 518/1079/240
f 518/1079/240 338/1078/240 340/1080/240
f 518/1079/32 340/1080/32 519/1081/32
f 519/1081/32 340/1080/32 342/1082/32
f 519/1083/79 342/1084/79 520/1085/79
f 520/1085/79 342/1084/79 344/1086/79
f 520/1085/251 344/1086/251 521/1087/251
f 521/1087/251 344/1086/251 332/1088/251
f 521/1087/16 332/1088/16 522/1089/16
f 522/1089/16 332/1088/16 331/1090/16
f 522/1091/252 331/1092/247 511/1063/247
f 511/1063/247 331/1092/247 318/1064/247
f 515/1093/1 523/1094/1 514/1095/1
f 514/1095/1 523/1094/1 524/1096/1
f 514/1095/1 524/1096/1 513/1097/1
f 513/1097/1 524/1096/1 512/1098/1
f 521/1099/1 522/1100/1 525/1101/1
f 525/1101/1 522/1100/1 524/1096/1
f 524/1096/1 522/1100/1 511/1102/1
f 524/1096/1 511/1102/1 512/1098/1
f 526/1103/1 519/1104/1 525/1101/1
f 525/1101/1 519/1104/1 520/1105/1
f 525/1101/1 520/1105/1 521/1099/1
f 515/1093/1 516/1106/1 523/1094/1
f 523/1094/1 516/1106/1 517/1107/1
f 523/1094/1 517/1107/1 526/1103/1
f 526/1103/1 517/1107/1 518/1108/1
f 526/1103/1 518/1108/1 519/1104/1
f 526/1109/105 525/1110/105 527/1111/105
f 527/1111/105 525/1110/105 528/983/105
f 523/917/253 526/918/253 529/1112/253
f 529/1112/253 526/918/253 527/1113/253
f 524/1114/104 523/1115/104 530/1116/104
f 530/1116/104 523/1115/104 529/1117/104
f 525/1118/254 524/1119/254 528/1120/254
f 528/1120/254 524/1119/254 530/1121/254
f 530/1122/1 529/1123/1 528/1124/1
f 528/1124/1 529/1123/1 527/1125/1
f 531/1126/2 532/1127/2 533/1128/2
f 533/1128/2 532/1127/2 534/1129/2
f 533/1128/2 534/1129/2 535/1130/2
f 536/1131/2 537/1132/2 538/1133/2
f 538/1133/2 537/1132/2 539/1134/2
f 538/1133/2 539/1134/2 540/1135/2
f 541/1136/255 542/1137/255 543/1138/255
f 543/1138/256 542/1137/256 544/1139/256
f 543/1138/257 544/1139/257 545/1140/257
f 545/1141/258 544/1142/258 546/1143/258
f 545/1141/258 546/1143/258 547/1144/258
f 547/1144/259 546/1143/259 548/1145/259
f 547/1144/259 548/1145/259 549/1146/259
f 549/1147/260 548/1148/260 550/1149/260
f 549/1147/261 550/1149/261 551/1150/261
f 551/1150/262 550/1149/262 552/1151/262
f 551/1150/263 552/1151/263 553/1152/263
f 553/1152/264 552/1151/264 554/1153/264
f 553/1152/265 554/1153/265 555/1154/265
f 555/1155/266 554/1156/266 556/1157/266
f 555/1155/267 556/1157/267 557/1158/267
f 557/1158/268 556/1157/268 558/1159/268
f 557/1158/268 558/1159/268 559/1160/268
f 559/1160/269 558/1159/269 560/1161/269
f 559/1160/269 560/1161/269 561/1162/269
f 561/1163/270 560/1164/270 562/1165/270
f 561/1163/271 562/1165/271 563/1166/271
f 563/1166/272 562/1165/272 564/1167/272
f 563/1166/273 564/1167/273 541/1136/273
f 541/1136/274 564/1167/274 542/1137/274
f 562/1168/275 565/1169/6 564/1170/6
f 564/1170/6 565/1169/6 566/1171/6
f 564/1170/6 566/1171/6 542/1172/276
f 562/1168/275 560/1173/277 565/1169/6
f 565/1169/6 560/1173/277 558/1174/278
f 565/1169/6 558/1174/277 567/1175/6
f 558/1174/277 556/1176/277 567/1175/6
f 567/1175/6 556/1176/277 554/1177/279
f 567/1175/6 554/1177/279 568/1178/6
f 568/1178/6 554/1177/279 552/1179/6
f 568/1178/6 552/1179/6 550/1180/277
f 550/1180/277 548/1181/277 568/1178/6
f 568/1178/6 548/1181/277 546/1182/7
f 568/1178/6 546/1182/7 566/1171/6
f 566/1171/6 546/1182/7 544/1183/280
f 566/1171/6 544/1183/280 542/1172/276
f 569/1184/281 570/1185/2 571/1186/282
f 571/1186/282 570/1185/2 572/1187/283
f 573/1188/11 574/1189/284 575/1190/11
f 575/1190/11 574/1189/284 576/1191/285
f 577/1192/12 578/1193/286 579/1194/287
f 579/1194/287 578/1193/286 580/1195/288
f 579/1194/287 580/1195/288 581/1196/288
f 582/1197/11 583/1198/11 584/1199/11
f 577/1192/12 585/1200/12 578/1193/286
f 578/1193/286 585/1200/12 582/1197/11
f 578/1193/286 582/1197/11 586/1201/11
f 586/1201/11 582/1197/11 584/1199/11
f 587/1202/2 588/1203/289 589/1204/290
f 579/1205/2 589/1204/290 590/1206/291
f 591/1207/292 592/1208/293 581/1209/2
f 581/1209/2 592/1208/293 593/1210/294
f 581/1209/2 593/1210/294 594/1211/2
f 590/1206/291 595/1212/295 579/1205/2
f 579/1205/2 595/1212/295 596/1213/2
f 579/1205/2 596/1213/2 597/1214/2
f 596/1213/2 598/1215/2 597/1214/2
f 597/1214/2 598/1215/2 599/1216/2
f 597/1214/2 599/1216/2 600/1217/2
f 600/1217/2 599/1216/2 601/1218/2
f 591/1207/292 581/1209/2 602/1219/2
f 602/1219/2 581/1209/2 603/1220/2
f 602/1219/2 603/1220/2 604/1221/2
f 594/1211/2 605/1222/2 581/1209/2
f 581/1209/2 605/1222/2 606/1223/2
f 581/1209/2 606/1223/2 579/1205/2
f 579/1205/2 606/1223/2 607/1224/2
f 579/1205/2 607/1224/2 589/1204/290
f 589/1204/290 607/1224/2 608/1225/2
f 589/1204/290 608/1225/2 587/1202/2
f 604/1221/2 603/1220/2 609/1226/2
f 609/1226/2 603/1220/2 610/1227/2
f 609/1226/2 610/1227/2 611/1228/2
f 568/1229/296 533/1230/296 535/1231/296
f 612/1232/296 567/1233/296 613/1234/296
f 613/1234/296 567/1233/296 568/1229/296
f 613/1234/296 568/1229/296 614/1235/296
f 614/1235/296 568/1229/296 535/1231/296
f 615/1236/297 616/1237/298 617/1238/299
f 617/1238/299 616/1237/298 583/1239/3
f 617/1238/299 583/1239/3 582/1240/3
f 615/1236/297 618/1241/300 616/1237/298
f 616/1237/298 618/1241/300 619/1242/296
f 616/1237/298 619/1242/296 535/1231/296
f 535/1231/296 619/1242/296 620/1243/296
f 535/1231/296 620/1243/296 614/1235/296
f 536/1244/301 538/1245/301 566/1246/301
f 566/1246/301 565/1247/301 621/1248/301
f 622/1249/302 623/1250/245 624/1251/303
f 624/1251/303 623/1250/245 536/1244/301
f 624/1251/303 536/1244/301 625/1252/301
f 625/1252/301 536/1244/301 566/1246/301
f 625/1252/301 566/1246/301 626/1253/301
f 626/1253/301 566/1246/301 621/1248/301
f 586/1254/9 584/1255/9 627/1256/303
f 627/1256/303 584/1255/9 623/1250/245
f 627/1256/303 623/1250/245 628/1257/304
f 628/1257/304 623/1250/245 622/1249/302
f 629/1258/105 630/1259/105 631/1260/105
f 631/1260/105 630/1259/105 632/1261/105
f 633/1262/104 634/1263/104 635/1264/104
f 635/1264/104 634/1263/104 636/1265/104
f 637/1266/305 638/1267/305 639/1268/305
f 640/1269/306 641/1270/306 642/1271/306
f 589/1204/290 588/1203/289 643/1272/307
f 643/1272/308 588/1203/308 640/1269/308
f 643/1272/309 640/1269/309 644/1273/309
f 644/1273/310 640/1269/310 642/1271/310
f 644/1273/311 642/1271/311 645/1274/311
f 646/1275/312 637/1266/312 647/1276/312
f 647/1276/313 637/1266/313 639/1268/313
f 647/1276/314 639/1268/314 648/1277/314
f 648/1277/315 639/1268/315 649/1278/315
f 641/1270/316 649/1278/316 642/1271/316
f 642/1271/317 649/1278/317 639/1268/317
f 642/1271/318 639/1268/319 650/1279/320
f 650/1279/320 639/1268/319 651/1280/318
f 651/1281/321 639/1282/321 652/1283/321
f 652/1284/322 639/1285/323 653/1286/324
f 652/1284/322 653/1286/324 654/1287/325
f 655/1288/326 576/1191/285 574/1189/284
f 654/1289/327 656/1290/328 652/1283/329
f 652/1283/329 656/1290/328 655/1288/330
f 652/1283/329 655/1288/330 657/1291/331
f 657/1291/332 655/1288/326 574/1189/284
f 638/1292/333 658/1293/333 639/1282/333
f 639/1282/334 658/1293/334 659/1294/334
f 639/1282/335 659/1294/335 660/1295/335
f 656/1290/336 661/1296/336 662/1297/336
f 656/1290/337 662/1297/337 655/1288/337
f 655/1288/338 662/1297/338 575/1190/338
f 655/1288/326 575/1190/11 576/1191/285
f 660/1295/339 635/1298/339 639/1282/339
f 639/1282/340 635/1298/340 636/1299/340
f 639/1282/341 636/1299/341 653/1300/341
f 653/1300/342 636/1299/342 661/1296/342
f 653/1300/343 661/1296/343 654/1289/343
f 654/1289/344 661/1296/344 656/1290/344
f 650/1301/345 630/1302/345 642/1303/345
f 642/1303/346 630/1302/346 629/1304/346
f 642/1303/347 629/1304/347 663/1305/347
f 663/1305/348 664/1306/348 642/1303/348
f 642/1303/349 664/1306/349 665/1307/349
f 642/1303/350 665/1307/350 645/1308/350
f 650/1301/351 666/1309/351 630/1302/351
f 574/1189/284 573/1188/352 657/1291/332
f 657/1291/353 573/1188/353 667/1310/353
f 657/1291/354 667/1310/354 652/1283/354
f 652/1283/355 667/1310/355 666/1309/355
f 652/1283/356 666/1309/356 651/1281/356
f 651/1281/357 666/1309/357 650/1301/357
f 668/1311/358 532/1312/358 531/1313/358
f 669/1314/359 616/1237/359 670/1315/359
f 670/1315/360 616/1237/360 535/1231/360
f 670/1315/361 535/1231/361 534/1316/361
f 532/1312/362 668/1311/362 534/1317/362
f 534/1316/363 668/1318/364 671/1319/365
f 534/1316/363 671/1319/365 670/1315/366
f 672/1320/367 583/1239/367 616/1237/367
f 673/1321/368 672/1320/368 674/1322/368
f 674/1322/369 672/1320/369 616/1237/369
f 674/1322/370 616/1237/370 675/1323/370
f 675/1323/371 616/1237/371 669/1314/371
f 674/1322/372 676/1324/373 673/1321/374
f 673/1321/374 676/1324/373 677/1325/375
f 673/1321/376 677/1325/376 678/1326/376
f 571/1186/282 572/1187/283 679/1327/377
f 679/1327/378 572/1187/378 678/1328/378
f 679/1327/379 678/1328/380 680/1329/381
f 680/1329/381 678/1328/380 677/1330/382
f 584/1199/383 583/1198/384 672/1331/383
f 584/1199/383 672/1331/383 681/1332/385
f 681/1332/386 672/1331/387 673/1333/388
f 681/1332/386 673/1333/388 682/1334/386
f 682/1334/389 673/1333/390 678/1335/391
f 682/1334/389 678/1335/391 683/1336/389
f 683/1337/392 678/1328/393 572/1187/393
f 683/1337/392 572/1187/393 570/1185/392
f 684/1338/394 685/1339/394 623/1250/394
f 683/1337/395 570/1185/395 569/1184/395
f 569/1184/281 686/1340/396 683/1337/397
f 683/1337/398 686/1340/398 687/1341/398
f 683/1342/399 687/1285/399 682/1343/399
f 682/1344/400 687/1341/400 688/1345/400
f 688/1346/401 689/1347/402 682/1348/403
f 682/1348/403 689/1347/402 684/1338/402
f 682/1348/404 684/1338/404 681/1349/404
f 681/1349/405 684/1338/405 623/1250/405
f 681/1349/406 623/1250/406 584/1255/406
f 540/1350/407 539/1351/408 690/1352/409
f 623/1250/410 685/1339/410 691/1353/410
f 690/1352/409 539/1351/408 692/1354/411
f 692/1355/412 539/1356/412 537/1357/412
f 692/1355/413 537/1357/413 691/1353/413
f 691/1353/414 537/1357/414 536/1244/414
f 691/1353/415 536/1244/415 623/1250/415
f 693/1358/416 694/1359/416 695/1360/416
f 634/1263/417 633/1262/417 696/1361/417
f 697/1362/418 698/1363/419 696/1361/420
f 696/1361/420 698/1363/419 699/1364/421
f 696/1361/420 699/1364/421 634/1263/422
f 697/1362/418 700/1365/423 698/1363/419
f 698/1363/424 700/1365/424 701/1366/424
f 698/1363/425 701/1366/425 695/1360/425
f 695/1360/426 701/1366/426 702/1367/426
f 695/1360/426 702/1367/426 693/1358/426
f 703/1368/427 704/1369/427 705/1370/427
f 705/1370/428 704/1369/428 706/1371/428
f 704/1369/429 707/1372/429 706/1371/429
f 706/1371/429 707/1372/429 708/1373/429
f 706/1371/430 708/1373/430 709/1374/430
f 709/1374/431 708/1373/431 710/1375/431
f 709/1374/432 710/1375/433 711/1376/434
f 711/1376/434 710/1375/433 712/1377/435
f 711/1376/434 712/1377/435 632/1261/435
f 632/1261/435 712/1377/435 631/1260/435
f 694/1359/436 693/1358/436 713/1378/436
f 694/1359/436 713/1378/436 714/1379/436
f 714/1379/437 713/1378/437 715/1380/437
f 714/1379/437 715/1380/437 716/1381/437
f 716/1382/438 715/1383/438 717/1384/438
f 716/1382/438 717/1384/438 718/1385/438
f 719/1386/439 720/1387/439 721/1388/439
f 719/1386/439 721/1388/439 722/1389/439
f 722/1389/440 721/1388/440 723/1390/440
f 722/1389/440 723/1390/440 724/1391/440
f 724/1392/441 723/1393/441 703/1368/441
f 724/1392/441 703/1368/441 705/1370/441
f 597/1214/442 600/1217/442 725/1394/442
f 725/1394/443 600/1217/443 726/1395/443
f 725/1394/444 726/1395/445 727/1396/446
f 727/1396/446 726/1395/445 728/1397/444
f 728/1397/447 726/1395/448 729/1398/449
f 728/1399/447 729/1400/449 730/1401/450
f 720/1387/451 731/1402/451 721/1388/451
f 721/1388/452 731/1402/453 732/1403/454
f 721/1388/455 732/1403/455 729/1400/455
f 729/1400/456 732/1403/457 733/1404/457
f 729/1400/456 733/1404/457 730/1401/458
f 703/1368/459 723/1393/460 734/1405/461
f 734/1405/461 723/1393/460 735/1406/462
f 734/1405/463 735/1406/464 736/1407/463
f 736/1407/463 735/1406/464 737/1408/464
f 736/1409/465 737/1410/465 599/1216/465
f 599/1216/465 737/1410/465 601/1218/465
f 723/1393/466 721/1411/467 735/1406/468
f 735/1406/468 721/1411/467 729/1412/469
f 735/1413/470 729/1398/470 737/1410/470
f 737/1410/470 729/1398/470 726/1395/470
f 737/1410/471 726/1395/472 601/1218/471
f 601/1218/471 726/1395/472 600/1217/472
f 703/1368/473 734/1405/473 738/1414/474
f 739/1415/475 631/1260/475 712/1377/475
f 740/1416/476 741/1417/477 739/1415/478
f 742/1418/479 743/1419/480 740/1416/480
f 743/1419/480 744/1420/481 740/1416/480
f 740/1416/476 744/1420/478 745/1421/476
f 740/1416/476 745/1421/476 741/1417/477
f 746/1422/482 747/1423/483 748/1424/484
f 748/1424/484 747/1423/483 749/1425/482
f 748/1424/484 749/1425/482 742/1426/482
f 590/1206/291 750/1427/485 595/1212/295
f 595/1212/486 750/1427/486 746/1422/486
f 739/1415/487 712/1377/487 740/1416/487
f 740/1416/488 712/1377/488 710/1375/489
f 740/1416/488 710/1375/489 751/1428/490
f 710/1375/489 708/1373/490 751/1428/490
f 751/1428/491 708/1373/492 707/1372/493
f 751/1428/491 707/1372/493 738/1414/494
f 738/1414/494 707/1372/493 704/1369/495
f 738/1414/474 704/1369/496 703/1368/473
f 742/1418/497 740/1416/497 748/1429/497
f 748/1429/498 740/1416/498 751/1428/499
f 748/1429/498 751/1428/499 752/1430/500
f 752/1430/501 751/1428/501 738/1414/502
f 752/1430/501 738/1414/502 753/1431/502
f 753/1431/503 738/1414/504 734/1405/505
f 753/1431/503 734/1405/505 736/1407/506
f 746/1422/507 748/1424/507 595/1212/507
f 595/1212/508 748/1424/508 752/1432/509
f 595/1212/508 752/1432/509 596/1213/510
f 596/1213/510 752/1432/509 753/1433/511
f 596/1213/510 753/1433/511 598/1215/512
f 598/1215/512 753/1433/511 736/1409/513
f 598/1215/512 736/1409/513 599/1216/513
f 665/1434/514 743/1419/514 742/1418/515
f 665/1435/516 742/1426/516 645/1274/516
f 645/1274/517 742/1426/517 749/1425/517
f 645/1274/518 749/1425/518 644/1273/518
f 590/1206/291 589/1204/290 750/1427/485
f 750/1427/485 589/1204/290 643/1272/307
f 750/1427/519 643/1272/519 746/1422/519
f 746/1422/520 643/1272/520 644/1273/520
f 746/1422/521 644/1273/522 747/1423/522
f 747/1423/522 644/1273/522 749/1425/523
f 743/1419/514 665/1434/514 744/1420/514
f 744/1420/524 665/1434/524 664/1436/524
f 744/1420/525 664/1436/525 745/1421/525
f 745/1421/525 664/1436/525 741/1417/526
f 741/1417/527 664/1436/527 663/1437/527
f 741/1417/528 663/1437/528 739/1415/528
f 739/1415/529 663/1437/529 629/1258/529
f 739/1415/530 629/1258/530 631/1260/530
f 646/1275/531 754/1438/531 637/1266/531
f 637/1266/532 754/1438/532 658/1439/532
f 637/1266/533 658/1439/533 638/1267/533
f 754/1438/534 755/1440/534 658/1439/534
f 658/1439/535 755/1440/535 756/1441/535
f 658/1442/536 756/1443/537 659/1444/538
f 633/1262/539 635/1264/539 757/1445/539
f 757/1445/540 635/1264/540 660/1446/540
f 757/1445/541 660/1446/541 758/1447/541
f 758/1447/542 660/1446/542 659/1448/542
f 758/1447/543 659/1448/543 759/1449/543
f 759/1450/544 659/1451/544 760/1452/544
f 760/1453/545 659/1444/538 756/1443/537
f 760/1452/546 756/1441/546 761/1454/546
f 761/1454/547 756/1441/547 762/1455/547
f 761/1454/548 762/1455/548 763/1456/548
f 593/1210/294 592/1208/293 764/1457/549
f 593/1210/550 764/1457/550 763/1456/550
f 763/1456/551 764/1457/551 765/1458/551
f 763/1456/552 765/1458/552 761/1454/552
f 760/1452/553 761/1454/553 766/1459/553
f 761/1454/554 765/1458/554 591/1207/554
f 591/1207/555 765/1458/555 764/1457/555
f 591/1207/292 764/1457/549 592/1208/293
f 767/1460/556 758/1447/557 759/1449/558
f 760/1452/559 766/1459/559 759/1450/559
f 696/1361/560 633/1262/561 767/1460/562
f 767/1460/563 633/1262/563 757/1445/563
f 767/1460/556 757/1445/564 758/1447/557
f 696/1361/560 767/1460/562 697/1362/565
f 697/1362/565 767/1460/562 768/1461/566
f 697/1362/565 768/1461/566 700/1365/567
f 700/1365/568 768/1461/569 769/1462/570
f 700/1365/568 769/1462/570 701/1366/570
f 761/1454/571 591/1207/571 766/1459/571
f 766/1459/572 591/1207/572 602/1219/573
f 766/1459/572 602/1219/573 770/1463/574
f 770/1463/574 602/1219/573 604/1221/575
f 770/1463/574 604/1221/575 771/1464/576
f 771/1464/576 604/1221/575 609/1226/577
f 771/1464/576 609/1226/577 772/1465/577
f 759/1449/578 766/1466/578 767/1460/578
f 767/1460/579 766/1466/579 770/1467/580
f 767/1460/579 770/1467/580 768/1461/580
f 768/1461/581 770/1467/581 771/1468/582
f 768/1461/581 771/1468/582 769/1462/582
f 769/1462/583 771/1468/584 772/1469/585
f 769/1462/583 772/1469/585 773/1470/585
f 773/1470/586 693/1358/587 769/1462/588
f 769/1462/588 693/1358/587 702/1367/589
f 769/1462/588 702/1367/589 701/1366/590
f 717/1384/591 715/1383/591 774/1471/591
f 774/1471/592 715/1383/592 775/1472/592
f 774/1471/593 775/1472/593 776/1473/593
f 776/1473/593 775/1472/593 777/1474/594
f 778/1475/595 610/1227/595 603/1220/595
f 603/1220/596 779/1476/596 778/1475/596
f 778/1475/597 779/1476/597 780/1477/597
f 778/1475/598 780/1477/598 775/1478/598
f 775/1478/599 780/1477/600 781/1479/601
f 775/1478/602 781/1479/602 777/1480/602
f 715/1380/603 713/1378/604 775/1481/605
f 775/1481/605 713/1378/604 782/1482/604
f 775/1478/606 782/1483/607 778/1475/607
f 778/1475/607 782/1483/607 783/1484/608
f 778/1475/609 783/1484/609 610/1227/609
f 610/1227/609 783/1484/609 611/1228/609
f 713/1378/610 693/1358/611 782/1482/612
f 782/1482/612 693/1358/611 773/1470/613
f 782/1482/614 773/1470/615 783/1485/615
f 783/1485/615 773/1470/615 772/1469/615
f 783/1484/616 772/1465/616 611/1228/616
f 611/1228/616 772/1465/616 609/1226/616
f 612/1232/617 613/1234/618 784/1486/618
f 784/1486/618 613/1234/618 785/1487/618
f 784/1486/619 785/1487/619 786/1488/619
f 786/1488/619 785/1487/619 787/1489/619
f 786/1490/620 787/1491/620 719/1386/620
f 719/1386/620 787/1491/620 720/1387/620
f 785/1487/621 613/1234/622 614/1235/621
f 787/1489/623 785/1487/624 788/1492/625
f 720/1387/626 789/1493/627 731/1402/628
f 731/1402/453 789/1493/629 790/1494/630
f 785/1487/621 614/1235/621 788/1492/621
f 788/1492/631 614/1235/632 620/1243/633
f 788/1492/631 620/1243/633 791/1495/634
f 791/1495/635 620/1243/636 619/1242/637
f 791/1495/635 619/1242/637 792/1496/638
f 720/1387/626 787/1491/639 789/1493/627
f 789/1497/640 787/1489/623 788/1492/625
f 789/1497/641 788/1492/642 790/1498/643
f 790/1498/643 788/1492/642 791/1495/644
f 790/1498/645 791/1495/645 793/1499/645
f 793/1499/646 791/1495/646 792/1496/646
f 793/1499/647 792/1496/648 794/1500/649
f 727/1396/650 728/1397/650 794/1501/650
f 794/1502/651 728/1399/651 730/1401/651
f 794/1503/652 730/1504/652 793/1505/652
f 793/1506/653 730/1401/653 733/1404/653
f 793/1506/654 733/1404/654 790/1494/654
f 790/1494/655 733/1404/655 732/1403/655
f 790/1494/630 732/1403/454 731/1402/453
f 618/1241/656 615/1236/657 795/1507/658
f 795/1507/658 615/1236/657 796/1508/659
f 795/1507/660 796/1508/660 797/1509/660
f 725/1394/661 727/1396/661 797/1510/661
f 797/1510/662 727/1396/662 794/1501/662
f 797/1509/663 794/1500/663 795/1507/663
f 795/1507/664 794/1500/649 792/1496/648
f 795/1507/665 792/1496/666 618/1241/667
f 618/1241/667 792/1496/666 619/1242/668
f 597/1214/669 725/1394/669 798/1511/669
f 798/1511/670 725/1394/670 797/1510/670
f 798/1512/671 797/1509/671 799/1513/671
f 799/1513/672 797/1509/672 796/1508/672
f 799/1513/673 796/1508/673 617/1238/673
f 617/1238/674 796/1508/674 615/1236/674
f 579/1205/378 597/1214/378 577/1514/378
f 577/1514/378 597/1214/378 798/1511/378
f 577/1515/675 798/1512/675 585/1516/675
f 585/1516/675 798/1512/675 799/1513/675
f 585/1516/676 799/1513/676 582/1240/676
f 582/1240/676 799/1513/676 617/1238/676
f 718/1385/677 717/1384/677 800/1517/677
f 800/1517/677 717/1384/677 801/1518/677
f 800/1519/678 801/1520/678 802/1521/678
f 802/1521/678 801/1520/678 803/1522/678
f 802/1521/679 803/1522/679 621/1248/679
f 621/1248/679 803/1522/679 626/1253/679
f 804/1523/680 805/1524/680 628/1257/680
f 628/1257/681 805/1524/681 627/1256/681
f 780/1477/682 779/1476/682 806/1525/682
f 806/1525/683 779/1476/683 603/1220/683
f 806/1525/684 603/1220/684 807/1526/684
f 781/1479/601 780/1477/600 808/1527/685
f 808/1527/686 780/1477/686 806/1525/686
f 808/1528/687 806/1529/687 804/1523/687
f 804/1523/688 806/1529/688 807/1530/688
f 804/1523/689 807/1530/689 805/1524/689
f 628/1257/690 622/1249/690 804/1523/690
f 804/1523/691 622/1249/691 809/1531/691
f 804/1523/692 809/1531/692 808/1528/692
f 808/1528/693 809/1531/693 810/1532/693
f 808/1527/694 810/1533/694 781/1479/694
f 774/1471/695 776/1473/696 810/1534/697
f 810/1534/697 776/1473/696 777/1474/698
f 810/1533/699 777/1480/699 781/1479/699
f 803/1522/700 811/1535/701 626/1253/702
f 626/1253/702 811/1535/701 625/1252/703
f 624/1251/704 625/1252/705 812/1536/706
f 812/1536/706 625/1252/705 811/1535/707
f 812/1536/708 811/1535/709 813/1537/710
f 813/1537/711 811/1535/712 803/1522/713
f 813/1537/711 803/1522/713 801/1520/714
f 622/1249/715 624/1251/716 809/1531/717
f 809/1531/717 624/1251/716 812/1536/718
f 809/1531/719 812/1536/719 810/1532/719
f 810/1532/720 812/1536/708 813/1537/710
f 810/1534/721 813/1538/721 774/1471/721
f 774/1471/722 813/1538/723 801/1518/724
f 774/1471/722 801/1518/724 717/1384/725
f 586/1254/726 627/1256/726 578/1539/726
f 578/1539/726 627/1256/726 805/1524/726
f 578/1539/727 805/1524/727 580/1540/727
f 580/1540/727 805/1524/727 807/1530/727
f 580/1541/728 807/1526/728 581/1209/728
f 581/1209/728 807/1526/728 603/1220/728
f 531/1313/729 533/1542/730 568/1178/731
f 566/1171/732 538/1543/733 540/1350/734
f 675/1544/735 669/1545/735 670/1546/735
f 689/1547/736 676/1548/737 674/1549/738
f 568/1178/731 566/1171/732 531/1313/729
f 531/1313/729 566/1171/732 540/1350/734
f 531/1313/739 540/1350/739 668/1311/739
f 668/1311/740 540/1350/740 690/1352/740
f 668/1311/741 690/1352/741 671/1550/741
f 671/1550/742 690/1352/742 692/1354/742
f 671/1550/743 692/1354/743 670/1551/743
f 670/1551/744 692/1354/745 691/1552/746
f 670/1551/744 691/1552/746 685/1553/747
f 674/1549/738 675/1554/748 689/1547/736
f 689/1555/749 675/1544/749 670/1546/749
f 689/1556/750 670/1557/751 684/1558/751
f 684/1558/751 670/1557/751 685/1559/750
f 569/1184/281 571/1186/282 686/1340/396
f 686/1340/396 571/1186/282 679/1327/377
f 686/1340/752 679/1327/753 687/1341/754
f 687/1341/754 679/1327/753 680/1329/755
f 687/1341/754 680/1329/755 688/1345/752
f 688/1345/756 680/1329/756 689/1547/756
f 689/1547/757 680/1329/757 677/1330/757
f 689/1547/736 677/1330/748 676/1548/737
f 754/1560/758 646/1561/758 814/1562/758
f 814/1562/759 646/1561/759 815/1563/759
f 816/1564/760 762/1565/760 817/1566/760
f 817/1566/761 762/1565/761 756/1567/761
f 817/1566/74 756/1567/74 814/1568/74
f 814/1568/762 756/1567/762 755/1569/762
f 814/1568/763 755/1569/763 754/1570/763
f 818/1571/764 593/1572/764 816/1564/764
f 816/1564/765 593/1572/765 763/1573/765
f 816/1564/766 763/1573/766 762/1565/766
f 641/1574/767 819/1575/767 649/1576/767
f 649/1576/101 819/1575/101 820/1577/101
f 649/1576/768 820/1577/768 648/1578/768
f 648/1578/769 820/1577/769 815/1563/769
f 648/1578/770 815/1563/770 647/1579/770
f 647/1579/771 815/1563/771 646/1561/771
f 641/1574/772 640/1580/773 819/1575/774
f 819/1575/774 640/1580/773 588/1581/775
f 819/1582/776 588/1583/776 821/1584/776
f 821/1584/777 588/1583/777 587/1585/777
f 821/1584/95 587/1585/69 822/1586/69
f 822/1586/69 587/1585/69 608/1587/69
f 822/1586/778 608/1587/80 823/1588/79
f 823/1588/79 608/1587/80 607/1589/79
f 823/1590/103 607/1591/103 824/1592/103
f 824/1592/103 607/1591/103 606/1593/103
f 824/1592/78 606/1593/78 825/1594/78
f 825/1594/78 606/1593/78 605/1595/78
f 825/1594/76 605/1595/76 818/1596/76
f 818/1596/76 605/1595/76 594/1597/76
f 818/1596/779 594/1597/779 593/1598/779
f 826/1599/2 819/1600/2 827/1601/2
f 827/1601/2 819/1600/2 821/1602/2
f 827/1601/2 821/1602/2 828/1603/2
f 828/1603/2 821/1602/2 822/1604/2
f 828/1603/2 822/1604/2 829/1605/2
f 829/1605/2 822/1604/2 823/1606/2
f 829/1605/2 823/1606/2 830/1607/2
f 830/1607/2 823/1606/2 824/1608/2
f 830/1607/2 824/1608/2 831/1609/2
f 831/1609/2 824/1608/2 825/1610/2
f 831/1609/2 825/1610/2 832/1611/2
f 832/1611/2 825/1610/2 818/1612/2
f 832/1611/2 818/1612/2 833/1613/2
f 833/1613/2 818/1612/2 816/1614/2
f 833/1613/2 816/1614/2 834/1615/2
f 834/1615/2 816/1614/2 817/1616/2
f 834/1615/2 817/1616/2 835/1617/2
f 835/1617/2 817/1616/2 814/1618/2
f 835/1617/2 814/1618/2 836/1619/2
f 836/1619/2 814/1618/2 815/1620/2
f 836/1619/2 815/1620/2 837/1621/2
f 837/1621/2 815/1620/2 820/1622/2
f 837/1621/2 820/1622/2 826/1599/2
f 826/1599/2 820/1622/2 819/1600/2
f 838/1623/780 831/1624/780 839/1625/239
f 839/1625/239 831/1624/780 832/1626/780
f 839/1627/96 832/1628/96 840/1629/96
f 840/1629/96 832/1628/96 833/1630/96
f 840/1629/75 833/1630/75 841/1631/75
f 841/1631/75 833/1630/75 834/1632/75
f 841/1631/74 834/1632/74 842/1633/74
f 842/1633/74 834/1632/74 835/1634/74
f 842/1635/38 835/1636/38 843/1637/38
f 843/1637/38 835/1636/38 836/1638/38
f 843/1637/781 836/1638/781 844/1639/237
f 844/1639/237 836/1638/781 837/1640/781
f 844/1639/71 837/1640/71 845/1641/71
f 845/1641/71 837/1640/71 826/1642/71
f 845/1643/50 826/1644/50 846/1645/50
f 846/1645/50 826/1644/50 827/1646/50
f 846/1645/69 827/1646/69 847/1647/69
f 847/1647/69 827/1646/69 828/1648/69
f 847/1647/80 828/1648/80 848/1649/80
f 848/1649/80 828/1648/80 829/1650/98
f 848/1651/99 829/1652/99 849/1653/99
f 849/1653/99 829/1652/99 830/1654/99
f 849/1653/78 830/1654/78 838/1623/78
f 838/1623/78 830/1654/78 831/1624/78
f 848/1655/2 849/1656/2 850/1657/2
f 850/1657/2 849/1656/2 838/1658/2
f 850/1657/2 838/1658/2 839/1659/2
f 845/1660/2 846/1661/2 850/1657/2
f 850/1657/2 846/1661/2 847/1662/2
f 850/1657/2 847/1662/2 848/1655/2
f 842/1663/2 843/1664/2 850/1657/2
f 850/1657/2 843/1664/2 844/1665/2
f 850/1657/2 844/1665/2 845/1660/2
f 839/1659/2 840/1666/2 850/1657/2
f 850/1657/2 840/1666/2 841/1667/2
f 850/1657/2 841/1667/2 842/1663/2
o psm_tool_suction_irrigator_body
v 0.001750 -0.003031 0.038202
v 0.002096 -0.003637 0.038202
v 0.000000 -0.004200 0.038202
v 0.000000 -0.004200 0.447000
v 0.000000 -0.004200 0.038202
v 0.002096 -0.003637 0.038202
v 0.000000 -0.003500 0.038202
v -0.002096 -0.003637 0.038202
v -0.001232 -0.004015 0.446503
v -0.002096 -0.003637 0.038202
v 0.000000 -0.004200 0.038202
v -0.000117 -0.004198 0.446976
v -0.000060 -0.004200 0.446994
v 0.000000 -0.004200 0.447000
v 0.003031 -0.001750 0.038202
v 0.003637 -0.002096 0.038202
v 0.002244 -0.003550 0.446073
v 0.003637 -0.002096 0.038202
v 0.000060 -0.004200 0.446994
v 0.000117 -0.004198 0.446976
v 0.001232 -0.004015 0.446503
v 0.003637 0.002096 0.038202
v 0.004200 -0.000000 0.038202
v 0.003699 -0.001989 0.445456
v 0.004200 -0.000000 0.038202
v 0.003500 -0.000000 0.038202
v 0.003700 0.001988 0.445456
v 0.003637 0.002096 0.038202
v 0.004200 -0.000001 0.445243
v 0.003031 0.001750 0.038202
v 0.002096 0.003637 0.038202
v 0.002244 0.003550 0.446073
v 0.002096 0.003637 0.038202
v 0.000000 0.003500 0.038202
v 0.000000 0.004200 0.038202
v 0.001232 0.004015 0.446503
v 0.000000 0.004200 0.038202
v 0.001750 0.003031 0.038202
v -0.001750 0.003031 0.038202
v -0.002096 0.003637 0.038202
v 0.000000 0.004200 0.447000
v 0.000000 0.004200 0.038202
v -0.002096 0.003637 0.038202
v 0.000060 0.004200 0.446994
v 0.000000 0.004200 0.447000
v 0.000117 0.004198 0.446976
v -0.003031 0.001750 0.038202
v -0.003637 0.002096 0.038202
v -0.002244 0.003550 0.446073
v -0.003637 0.002096 0.038202
v -0.001232 0.004015 0.446503
v -0.000117 0.004198 0.446976
v -0.000060 0.004200 0.446994
v -0.003637 -0.002096 0.038202
v -0.004200 -0.000000 0.038202
v -0.003699 0.001989 0.445456
v -0.004200 -0.000000 0.038202
v -0.003500 -0.000000 0.038202
v -0.003700 -0.001988 0.445456
v -0.003637 -0.002096 0.038202
v -0.004200 0.000001 0.445243
v -0.003031 -0.001750 0.038202
v -0.002244 -0.003550 0.446073
v -0.001750 -0.003031 0.038202
v -0.003500 -0.000000 0.445540
v -0.003500 -0.000000 0.038202
v -0.003031 0.001750 0.038202
v -0.003086 -0.001652 0.445716
v -0.003031 -0.001750 0.038202
v -0.003500 -0.000000 0.038202
v -0.003500 -0.000000 0.445540
v -0.001881 0.002952 0.446228
v -0.001750 0.003031 0.038202
v -0.003086 0.001652 0.445716
v -0.001042 0.003341 0.446583
v 0.000000 0.003500 0.038202
v 0.000000 0.003500 0.447000
v 0.001750 0.003031 0.038202
v -0.000117 0.003498 0.446976
v 0.001881 0.002952 0.446228
v 0.003031 0.001750 0.038202
v 0.001042 0.003341 0.446583
v 0.000117 0.003498 0.446976
v 0.003086 0.001652 0.445716
v 0.003500 -0.000000 0.038202
v 0.003500 -0.000000 0.445540
v 0.003500 -0.000000 0.038202
v 0.003031 -0.001750 0.038202
v 0.003500 -0.000000 0.445540
v 0.001881 -0.002952 0.446228
v 0.001750 -0.003031 0.038202
v 0.003086 -0.001652 0.445716
v 0.001043 -0.003341 0.446583
v 0.000000 -0.003500 0.038202
v -0.000117 -0.003498 0.446976
v -0.001750 -0.003031 0.038202
v 0.000000 -0.003500 0.447000
v 0.000117 -0.003498 0.446976
v -0.001881 -0.002952 0.446228
v -0.001042 -0.003341 0.446583
v -0.002244 0.003550 0.446073
v -0.000117 0.004198 0.446976
v -0.001232 0.004015 0.446503
v -0.000117 0.003498 0.446976
v 0.000000 0.003500 0.447000
v -0.000060 0.004200 0.446994
v -0.000117 0.004198 0.446976
v -0.000117 0.003498 0.446976
v -0.001881 0.002952 0.446228
v -0.003699 0.001989 0.445456
v -0.001042 0.003341 0.446583
v -0.003086 0.001652 0.445716
v -0.004200 0.000001 0.445243
v -0.003500 -0.000000 0.445540
v -0.003700 -0.001988 0.445456
v -0.001881 -0.002952 0.446228
v -0.002244 -0.003550 0.446073
v -0.003086 -0.001652 0.445716
v -0.000117 -0.003498 0.446976
v -0.001232 -0.004015 0.446503
v -0.001042 -0.003341 0.446583
v -0.000117 -0.004198 0.446976
v -0.000117 -0.003498 0.446976
v -0.000117 -0.004198 0.446976
v -0.000060 -0.004200 0.446994
v 0.000000 -0.004200 0.447000
v 0.000000 -0.003500 0.447000
v 0.000060 -0.004200 0.446994
v 0.000000 0.004200 0.447000
v 0.000060 0.004200 0.446994
v 0.000117 -0.004198 0.446976
v 0.002244 -0.003550 0.446073
v 0.000117 -0.004198 0.446976
v 0.001232 -0.004015 0.446503
v 0.000117 -0.003498 0.446976
v 0.000117 -0.003498 0.446976
v 0.001881 -0.002952 0.446228
v 0.003699 -0.001989 0.445456
v 0.001043 -0.003341 0.446583
v 0.003086 -0.001652 0.445716
v 0.004200 -0.000001 0.445243
v 0.003500 -0.000000 0.445540
v 0.003700 0.001988 0.445456
v 0.001881 0.002952 0.446228
v 0.002244 0.003550 0.446073
v 0.003086 0.001652 0.445716
v 0.000117 0.003498 0.446976
v 0.001232 0.004015 0.446503
v 0.001042 0.003341 0.446583
v 0.000117 0.004198 0.446976
v 0.000117 0.003498 0.446976
v 0.000117 0.004198 0.446976
vn -0.0000 -0.0000 -1.0000
vn -0.0000 -1.0000 -0.0000
vn 0.5002 -0.8659 -0.0001
vn -0.2932 -0.9561 -0.0000
vn -0.5003 -0.8658 -0.0002
vn -0.0279 -0.9996 -0.0000
vn -0.0142 -0.9999 -0.0000
vn 0.5344 -0.8452 -0.0000
vn 0.8659 -0.5003 -0.0001
vn 0.0142 -0.9999 -0.0000
vn 0.0279 -0.9996 -0.0000
vn 0.2932 -0.9561 -0.0000
vn 0.8808 -0.4735 -0.0000
vn 1.0000 -0.0000 -0.0001
vn 0.8808 0.4734 -0.0000
vn 0.8659 0.5003 -0.0001
vn 1.0000 -0.0003 -0.0000
vn 0.5344 0.8452 -0.0000
vn 0.5003 0.8658 -0.0002
vn 0.2932 0.9561 -0.0000
vn -0.0000 1.0000 -0.0000
vn -0.5002 0.8659 -0.0001
vn 0.0142 0.9999 -0.0000
vn 0.0279 0.9996 -0.0000
vn -0.5344 0.8452 -0.0000
vn -0.8659 0.5003 -0.0001
vn -0.2932 0.9561 -0.0000
vn -0.0279 0.9996 -0.0000
vn -0.0142 0.9999 -0.0000
vn -0.8808 0.4735 -0.0000
vn -1.0000 -0.0000 -0.0001
vn -0.8808 -0.4734 -0.0000
vn -0.8659 -0.5003 -0.0001
vn -1.0000 0.0003 -0.0000
vn -0.5344 -0.8452 -0.0000
vn 1.0000 -0.0001 -0.0000
vn 1.0000 -0.0002 -0.0000
vn 0.8660 -0.5000 -0.0000
vn 0.8816 0.4720 -0.0000
vn 0.8660 0.5000 0.0001
vn 1.0000 0.0002 -0.0000
vn 0.5375 -0.8433 -0.0000
vn 0.5001 -0.8660 0.0002
vn 0.8816 -0.4720 -0.0000
vn 0.2978 -0.9546 -0.0000
vn -0.0001 -1.0000 0.0001
vn -0.5000 -0.8660 -0.0000
vn 0.0335 -0.9994 -0.0000
vn -0.5375 -0.8433 -0.0000
vn -0.8660 -0.5000 0.0001
vn -0.2978 -0.9546 -0.0000
vn -0.0335 -0.9994 -0.0000
vn -0.8816 -0.4720 -0.0000
vn -1.0000 -0.0002 -0.0000
vn -1.0000 0.0001 -0.0000
vn -1.0000 0.0002 -0.0000
vn -0.8660 0.5000 -0.0000
vn -0.5375 0.8433 -0.0000
vn -0.5001 0.8660 0.0002
vn -0.8816 0.4720 -0.0000
vn -0.2978 0.9546 -0.0000
vn 0.0001 1.0000 0.0002
vn 0.0335 0.9994 -0.0000
vn 0.5000 0.8660 0.0001
vn -0.0335 0.9994 -0.0000
vn 0.5375 0.8433 -0.0000
vn 0.2978 0.9546 -0.0000
vn -0.3907 0.0002 0.9205
vn -0.3907 -0.0002 0.9205
vn -0.3907 -0.0000 0.9205
vn -0.3908 -0.0002 0.9205
vn -0.0000 -0.0000 1.0000
vn -0.1991 -0.0000 0.9800
vn -0.3907 0.0003 0.9205
vn -0.3907 -0.0001 0.9205
vn -0.3906 -0.0003 0.9206
vn -0.3906 0.0001 0.9206
vn -0.3905 0.0001 0.9206
vn -0.3907 -0.0003 0.9205
vn -0.3906 0.0001 0.9205
vn -0.3906 0.0003 0.9206
vn -0.3907 0.0006 0.9205
vn -0.3905 -0.0000 0.9206
vn 0.0007 0.0001 1.0000
vn 0.1992 -0.0000 0.9800
vn 0.1993 -0.0000 0.9799
vn 0.3907 -0.0000 0.9205
vn 0.3908 -0.0001 0.9205
vn 0.3907 0.0002 0.9205
vn 0.3907 -0.0001 0.9205
vn 0.3907 0.0001 0.9205
vn 0.3907 -0.0004 0.9205
vn 0.3906 0.0003 0.9206
vn 0.3906 -0.0001 0.9206
vn 0.3905 -0.0001 0.9206
vn 0.3907 0.0003 0.9205
vn 0.3906 -0.0001 0.9205
vn 0.3906 -0.0003 0.9206
vn 0.3907 -0.0006 0.9205
vn 0.3905 -0.0000 0.9206
vt 0.095531 0.496531
vt 0.095753 0.495720
vt 0.098016 0.497025
vt 0.085132 0.495720
vt 0.087346 0.987917
vt 0.085132 0.987927
vt 0.097420 0.497621
vt 0.099322 0.499289
vt 0.034014 0.496311
vt 0.035056 0.987915
vt 0.032842 0.987915
vt 0.032939 0.495742
vt 0.032890 0.495720
vt 0.099322 0.495720
vt 0.099371 0.495727
vt 0.099322 0.987922
vt 0.093350 0.496531
vt 0.093129 0.495720
vt 0.051864 0.496839
vt 0.054222 0.987919
vt 0.051600 0.987931
vt 0.099420 0.495727
vt 0.099469 0.495720
vt 0.099469 0.987923
vt 0.054174 0.495742
vt 0.054222 0.495720
vt 0.053101 0.496316
vt 0.089560 0.499289
vt 0.090865 0.497025
vt 0.049298 0.497594
vt 0.049290 0.987941
vt 0.091461 0.497621
vt 0.044971 0.497572
vt 0.047135 0.987915
vt 0.044825 0.987915
vt 0.047135 0.497860
vt 0.047135 0.497828
vt 0.090370 0.499510
vt 0.089560 0.501913
vt 0.042400 0.496829
vt 0.042202 0.987915
vt 0.091461 0.503581
vt 0.090865 0.504177
vt 0.041160 0.496311
vt 0.039988 0.987915
vt 0.090370 0.501692
vt 0.093350 0.504672
vt 0.093129 0.505482
vt 0.087346 0.495720
vt 0.089560 0.987917
vt 0.087346 0.987927
vt 0.099420 0.495727
vt 0.099371 0.987922
vt 0.099371 0.495720
vt 0.040085 0.495742
vt 0.040037 0.495720
vt 0.095531 0.504672
vt 0.095753 0.505482
vt 0.058952 0.496839
vt 0.061310 0.987919
vt 0.058687 0.987931
vt 0.060189 0.496316
vt 0.061261 0.495742
vt 0.061310 0.495720
vt 0.099469 0.495727
vt 0.099518 0.495720
vt 0.099518 0.987923
vt 0.099322 0.501913
vt 0.098016 0.504177
vt 0.056386 0.497594
vt 0.056377 0.987941
vt 0.097420 0.503581
vt 0.037824 0.497572
vt 0.037678 0.987915
vt 0.054222 0.497860
vt 0.039988 0.497828
vt 0.098511 0.501692
vt 0.035253 0.496829
vt 0.098511 0.499510
vt 0.067265 0.497478
vt 0.067265 0.987922
vt 0.065337 0.987922
vt 0.075017 0.497266
vt 0.075149 0.987922
vt 0.073221 0.987922
vt 0.073221 0.497478
vt 0.063334 0.496650
vt 0.063157 0.987922
vt 0.065468 0.497266
vt 0.062304 0.496222
vt 0.061310 0.987922
vt 0.085132 0.987922
vt 0.083284 0.987922
vt 0.061407 0.495749
vt 0.083107 0.496650
vt 0.081104 0.987922
vt 0.084138 0.496222
vt 0.085034 0.495749
vt 0.080973 0.497266
vt 0.079176 0.987922
vt 0.073221 0.497478
vt 0.071292 0.987922
vt 0.079176 0.497478
vt 0.069290 0.496650
vt 0.069113 0.987922
vt 0.071424 0.497266
vt 0.068260 0.496222
vt 0.079079 0.495749
vt 0.077329 0.987922
vt 0.079176 0.495720
vt 0.067363 0.495749
vt 0.067265 0.495720
vt 0.077152 0.496650
vt 0.078182 0.496222
vt 0.091915 0.524920
vt 0.094476 0.525700
vt 0.093133 0.525480
vt 0.094476 0.524857
vt 0.089701 0.525702
vt 0.089628 0.526545
vt 0.089560 0.526543
vt 0.089560 0.525700
vt 0.092352 0.524200
vt 0.090163 0.523040
vt 0.093362 0.524668
vt 0.090901 0.522635
vt 0.089560 0.520647
vt 0.090402 0.520645
vt 0.090162 0.518252
vt 0.092352 0.517091
vt 0.091915 0.516371
vt 0.090901 0.518656
vt 0.094476 0.516434
vt 0.093133 0.515811
vt 0.093362 0.516623
vt 0.094476 0.515591
vt 0.089560 0.527390
vt 0.089560 0.526548
vt 0.089701 0.526545
vt 0.089701 0.527388
vt 0.089773 0.526545
vt 0.089841 0.526548
vt 0.092121 0.506262
vt 0.089560 0.505482
vt 0.090902 0.505702
vt 0.089560 0.506325
vt 0.089841 0.527390
vt 0.091684 0.506982
vt 0.093872 0.508142
vt 0.090675 0.506514
vt 0.093134 0.508547
vt 0.094476 0.510535
vt 0.093633 0.510536
vt 0.093874 0.512930
vt 0.091684 0.514091
vt 0.092121 0.514811
vt 0.093134 0.512525
vt 0.089560 0.514748
vt 0.090902 0.515371
vt 0.090673 0.514559
vt 0.089560 0.515591
vt 0.089841 0.525700
vt 0.089841 0.526543
s 1
f 851/1668/782 852/1669/782 853/1670/782
f 854/1671/783 855/1672/783 856/1673/784
f 857/1674/782 853/1670/782 858/1675/782
f 859/1676/785 860/1677/786 861/1678/783
f 857/1674/782 851/1668/782 853/1670/782
f 862/1679/787 859/1676/785 861/1678/783
f 863/1680/788 862/1679/787 861/1678/783
f 864/1681/783 863/1682/788 861/1683/783
f 865/1684/782 866/1685/782 852/1669/782
f 867/1686/789 856/1687/784 868/1688/790
f 851/1668/782 865/1684/782 852/1669/782
f 869/1689/791 854/1690/783 856/1691/784
f 870/1692/792 869/1693/791 856/1687/784
f 871/1694/793 870/1692/792 856/1687/784
f 867/1686/789 871/1694/793 856/1687/784
f 872/1695/782 873/1696/782 866/1685/782
f 874/1697/794 868/1688/790 875/1698/795
f 876/1699/782 872/1695/782 866/1685/782
f 865/1684/782 876/1699/782 866/1685/782
f 874/1697/794 867/1686/789 868/1688/790
f 877/1700/796 875/1701/795 878/1702/797
f 879/1703/798 874/1697/794 875/1698/795
f 877/1700/796 879/1704/798 875/1701/795
f 880/1705/782 881/1706/782 872/1695/782
f 882/1707/799 878/1702/797 883/1708/800
f 876/1699/782 880/1705/782 872/1695/782
f 882/1707/799 877/1700/796 878/1702/797
f 884/1709/782 885/1710/782 881/1706/782
f 886/1711/801 883/1708/800 887/1712/802
f 888/1713/782 884/1709/782 881/1706/782
f 880/1705/782 888/1713/782 881/1706/782
f 886/1711/801 882/1707/799 883/1708/800
f 889/1714/782 890/1715/782 885/1710/782
f 891/1716/802 892/1717/802 893/1718/803
f 884/1709/782 889/1714/782 885/1710/782
f 894/1719/804 887/1720/802 895/1721/802
f 896/1722/805 886/1711/801 887/1712/802
f 894/1723/804 896/1722/805 887/1712/802
f 897/1724/782 898/1725/782 890/1715/782
f 899/1726/806 893/1727/803 900/1728/807
f 889/1714/782 897/1724/782 890/1715/782
f 901/1729/808 902/1730/809 893/1727/803
f 903/1731/810 893/1727/803 902/1730/809
f 899/1726/806 901/1729/808 893/1727/803
f 903/1732/810 891/1733/802 893/1734/803
f 904/1735/782 905/1736/782 898/1725/782
f 906/1737/811 900/1728/807 907/1738/812
f 908/1739/782 904/1735/782 898/1725/782
f 897/1724/782 908/1739/782 898/1725/782
f 906/1737/811 899/1726/806 900/1728/807
f 909/1740/813 907/1712/812 910/1741/814
f 911/1742/815 906/1737/811 907/1738/812
f 909/1740/813 911/1743/815 907/1712/812
f 912/1744/782 858/1675/782 904/1735/782
f 913/1745/816 910/1741/814 860/1677/786
f 912/1744/782 904/1735/782 908/1739/782
f 913/1745/816 909/1740/813 910/1741/814
f 914/1746/782 857/1674/782 858/1675/782
f 912/1744/782 914/1746/782 858/1675/782
f 859/1676/785 913/1745/816 860/1677/786
f 915/1747/817 916/1748/818 917/1749/819
f 918/1750/820 919/1751/821 920/1752/822
f 918/1750/820 920/1752/822 921/1753/822
f 922/1754/823 917/1749/819 923/1755/824
f 924/1756/825 915/1747/817 917/1749/819
f 924/1756/825 917/1749/819 922/1754/823
f 925/1757/826 923/1755/824 926/1758/827
f 922/1754/823 923/1755/824 925/1757/826
f 927/1671/783 926/1759/827 928/1760/828
f 925/1757/826 926/1758/827 929/1761/829
f 927/1731/783 929/1761/829 926/1758/827
f 930/1762/830 928/1760/828 931/1763/831
f 932/1764/832 933/1765/833 928/1760/828
f 927/1671/783 928/1760/828 933/1765/833
f 932/1764/832 928/1760/828 930/1762/830
f 934/1766/834 931/1763/831 935/1767/835
f 930/1762/830 931/1763/831 934/1766/834
f 936/1768/836 937/1752/837 938/1769/838
f 934/1766/834 935/1767/835 939/1770/835
f 940/1771/839 938/1769/838 941/1772/840
f 942/1773/841 938/1769/838 940/1771/839
f 936/1768/836 938/1769/838 942/1773/841
f 943/1774/842 941/1772/840 944/1748/843
f 940/1771/839 941/1772/840 943/1774/842
f 945/1775/844 944/1767/843 946/1776/845
f 947/1777/802 944/1767/843 945/1775/844
f 943/1774/842 944/1748/843 948/1778/846
f 947/1779/802 948/1778/846 944/1748/843
f 949/1780/847 946/1776/845 919/1751/821
f 950/1781/848 946/1776/845 949/1780/847
f 945/1775/844 946/1776/845 950/1781/848
f 949/1780/847 919/1751/821 918/1750/820
f 951/1782/849 952/1783/850 953/1784/851
f 954/1785/852 952/1783/850 951/1782/849
f 955/1786/853 956/1787/854 957/1788/851
f 955/1786/853 957/1788/851 958/1789/851
f 959/1790/855 951/1782/849 960/1791/856
f 961/1792/851 954/1785/852 951/1782/849
f 959/1790/855 961/1792/851 951/1782/849
f 962/1793/857 960/1791/856 963/1794/858
f 962/1793/857 959/1790/855 960/1791/856
f 964/1795/859 963/1794/858 965/1796/858
f 962/1793/857 963/1794/858 964/1795/859
f 966/1797/860 965/1796/858 967/1798/851
f 968/1799/861 964/1795/859 965/1796/858
f 966/1797/860 968/1799/861 965/1796/858
f 969/1800/862 967/1798/851 970/1801/863
f 971/1802/851 966/1797/860 967/1798/851
f 969/1800/862 971/1802/851 967/1798/851
f 969/1800/862 970/1801/863 972/1803/864
f 973/1804/851 974/1805/851 975/1787/854
f 973/1804/851 975/1787/854 976/1806/853
f 977/1807/865 976/1806/853 978/1808/866
f 977/1807/865 973/1804/851 976/1806/853
f 955/1786/853 979/1806/853 956/1787/854
f 955/1786/853 980/1808/867 979/1806/853
f 977/1807/865 978/1808/866 981/1809/868
f 982/1810/869 983/1811/870 984/1812/868
f 985/1813/869 983/1811/870 982/1810/869
f 977/1807/865 981/1809/868 986/1814/868
f 987/1815/871 982/1810/869 988/1816/872
f 989/1817/873 985/1813/869 982/1810/869
f 987/1815/871 989/1817/873 982/1810/869
f 990/1818/874 988/1816/872 991/1819/875
f 990/1818/874 987/1815/871 988/1816/872
f 992/1820/876 991/1819/875 993/1821/875
f 992/1820/876 990/1818/874 991/1819/875
f 994/1822/877 993/1821/875 995/1823/868
f 996/1824/878 992/1820/876 993/1821/875
f 994/1822/877 996/1824/878 993/1821/875
f 997/1825/879 995/1823/868 998/1826/880
f 999/1827/868 995/1823/868 997/1825/879
f 999/1827/868 994/1822/877 995/1823/868
f 997/1825/879 998/1826/880 1000/1828/881
f 1001/1829/868 1002/1830/868 980/1808/867
f 955/1786/853 1001/1829/868 980/1808/867
o Sphere
v 0.000000 0.003000 0.447000
v 0.000000 0.002494 0.445333
v 0.000000 0.001667 0.444506
v 0.000000 0.000585 0.444058
v 0.000000 0.000000 0.444000
v 0.000000 -0.000585 0.444058
v 0.000000 -0.001667 0.444506
v 0.000000 -0.003000 0.447000
v 0.000114 0.002942 0.446426
v 0.000224 0.002772 0.445874
v 0.000325 0.002494 0.445365
v 0.000414 0.002121 0.444919
v 0.000487 0.001667 0.444554
v 0.000541 0.001148 0.444282
v 0.000574 0.000585 0.444114
v 0.000585 0.000000 0.444058
v 0.000574 -0.000585 0.444114
v 0.000541 -0.001148 0.444282
v 0.000487 -0.001667 0.444554
v 0.000414 -0.002121 0.444919
v 0.000325 -0.002494 0.445365
v 0.000224 -0.002772 0.445874
v 0.000114 -0.002942 0.446426
v 0.000224 0.002942 0.446459
v 0.000439 0.002772 0.445939
v 0.000638 0.002494 0.445460
v 0.000812 0.002121 0.445040
v 0.000955 0.001667 0.444695
v 0.001061 0.001148 0.444439
v 0.001126 0.000585 0.444282
v 0.001148 0.000000 0.444228
v 0.001126 -0.000585 0.444282
v 0.001061 -0.001148 0.444439
v 0.000955 -0.001667 0.444695
v 0.000812 -0.002121 0.445040
v 0.000638 -0.002494 0.445460
v 0.000439 -0.002772 0.445939
v 0.000224 -0.002942 0.446459
v 0.000325 0.002942 0.446513
v 0.000638 0.002772 0.446045
v 0.000926 0.002494 0.445614
v 0.001179 0.002121 0.445236
v 0.001386 0.001667 0.444926
v 0.001540 0.001148 0.444695
v 0.001635 0.000585 0.444554
v 0.001667 0.000000 0.444506
v 0.001635 -0.000585 0.444554
v 0.001540 -0.001148 0.444695
v 0.001386 -0.001667 0.444926
v 0.001179 -0.002121 0.445236
v 0.000926 -0.002494 0.445614
v 0.000638 -0.002772 0.446045
v 0.000325 -0.002942 0.446513
v 0.000414 0.002942 0.446586
v 0.000812 0.002772 0.446188
v 0.001179 0.002494 0.445821
v 0.001500 0.002121 0.445500
v 0.001764 0.001667 0.445236
v 0.001960 0.001148 0.445040
v 0.002081 0.000585 0.444919
v 0.002121 0.000000 0.444879
v 0.002081 -0.000585 0.444919
v 0.001960 -0.001148 0.445040
v 0.001764 -0.001667 0.445236
v 0.001500 -0.002121 0.445500
v 0.001179 -0.002494 0.445821
v 0.000812 -0.002772 0.446188
v 0.000414 -0.002942 0.446586
v 0.000487 0.002942 0.446675
v 0.000955 0.002772 0.446362
v 0.001386 0.002494 0.446074
v 0.001764 0.002121 0.445821
v 0.002074 0.001667 0.445614
v 0.002305 0.001148 0.445460
v 0.002446 0.000585 0.445365
v 0.002494 0.000000 0.445333
v 0.002446 -0.000585 0.445365
v 0.002305 -0.001148 0.445460
v 0.002074 -0.001667 0.445614
v 0.001764 -0.002121 0.445821
v 0.001386 -0.002494 0.446074
v 0.000955 -0.002772 0.446362
v 0.000487 -0.002942 0.446675
v 0.000541 0.002942 0.446776
v 0.001061 0.002772 0.446561
v 0.001540 0.002494 0.446362
v 0.001960 0.002121 0.446188
v 0.002305 0.001667 0.446045
v 0.002561 0.001148 0.445939
v 0.002718 0.000585 0.445874
v 0.002772 0.000000 0.445852
v 0.002718 -0.000585 0.445874
v 0.002561 -0.001148 0.445939
v 0.002305 -0.001667 0.446045
v 0.001960 -0.002121 0.446188
v 0.001540 -0.002494 0.446362
v 0.001061 -0.002772 0.446561
v 0.000541 -0.002942 0.446776
v 0.000574 0.002942 0.446886
v 0.001126 0.002772 0.446776
v 0.001635 0.002494 0.446675
v 0.002081 0.002121 0.446586
v 0.002446 0.001667 0.446513
v 0.002718 0.001148 0.446459
v 0.002886 0.000585 0.446426
v 0.002942 0.000000 0.446415
v 0.002886 -0.000585 0.446426
v 0.002718 -0.001148 0.446459
v 0.002446 -0.001667 0.446513
v 0.002081 -0.002121 0.446586
v 0.001635 -0.002494 0.446675
v 0.001126 -0.002772 0.446776
v 0.000574 -0.002942 0.446886
v 0.000585 0.002942 0.447000
v 0.001148 0.002772 0.447000
v 0.001667 0.002494 0.447000
v 0.002121 0.002121 0.447000
v 0.002494 0.001667 0.447000
v 0.002772 0.001148 0.447000
v 0.002942 0.000585 0.447000
v 0.003000 0.000000 0.447000
v 0.002942 -0.000585 0.447000
v 0.002772 -0.001148 0.447000
v 0.002494 -0.001667 0.447000
v 0.002121 -0.002121 0.447000
v 0.001667 -0.002494 0.447000
v 0.001148 -0.002772 0.447000
v 0.000585 -0.002942 0.447000
v 0.000574 0.002942 0.447114
v 0.001126 0.002772 0.447224
v 0.001635 0.002494 0.447325
v 0.002081 0.002121 0.447414
v 0.002446 0.001667 0.447487
v 0.002718 0.001148 0.447541
v 0.002886 0.000585 0.447574
v 0.002942 0.000000 0.447585
v 0.002886 -0.000585 0.447574
v 0.002718 -0.001148 0.447541
v 0.002446 -0.001667 0.447487
v 0.002081 -0.002121 0.447414
v 0.001635 -0.002494 0.447325
v 0.001126 -0.002772 0.447224
v 0.000574 -0.002942 0.447114
v 0.000541 0.002942 0.447224
v 0.001061 0.002772 0.447439
v 0.001540 0.002494 0.447638
v 0.001960 0.002121 0.447812
v 0.002305 0.001667 0.447955
v 0.002561 0.001148 0.448061
v 0.002718 0.000585 0.448126
v 0.002772 0.000000 0.448148
v 0.002718 -0.000585 0.448126
v 0.002561 -0.001148 0.448061
v 0.002305 -0.001667 0.447955
v 0.001960 -0.002121 0.447812
v 0.001540 -0.002494 0.447638
v 0.001061 -0.002772 0.447439
v 0.000541 -0.002942 0.447224
v 0.000487 0.002942 0.447325
v 0.000955 0.002772 0.447638
v 0.001386 0.002494 0.447926
v 0.001764 0.002121 0.448179
v 0.002074 0.001667 0.448386
v 0.002305 0.001148 0.448540
v 0.002446 0.000585 0.448635
v 0.002494 0.000000 0.448667
v 0.002446 -0.000585 0.448635
v 0.002305 -0.001148 0.448540
v 0.002074 -0.001667 0.448386
v 0.001764 -0.002121 0.448179
v 0.001386 -0.002494 0.447926
v 0.000955 -0.002772 0.447638
v 0.000487 -0.002942 0.447325
v 0.000414 0.002942 0.447414
v 0.000812 0.002772 0.447812
v 0.001179 0.002494 0.448179
v 0.001500 0.002121 0.448500
v 0.001764 0.001667 0.448764
v 0.001960 0.001148 0.448960
v 0.002081 0.000585 0.449081
v 0.002121 0.000000 0.449121
v 0.002081 -0.000585 0.449081
v 0.001960 -0.001148 0.448960
v 0.001764 -0.001667 0.448764
v 0.001500 -0.002121 0.448500
v 0.001179 -0.002494 0.448179
v 0.000812 -0.002772 0.447812
v 0.000414 -0.002942 0.447414
v 0.000325 0.002942 0.447487
v 0.000638 0.002772 0.447955
v 0.000926 0.002494 0.448386
v 0.001179 0.002121 0.448764
v 0.001386 0.001667 0.449074
v 0.001540 0.001148 0.449305
v 0.001635 0.000585 0.449446
v 0.001667 0.000000 0.449494
v 0.001635 -0.000585 0.449446
v 0.001540 -0.001148 0.449305
v 0.001386 -0.001667 0.449074
v 0.001179 -0.002121 0.448764
v 0.000926 -0.002494 0.448386
v 0.000638 -0.002772 0.447955
v 0.000325 -0.002942 0.447487
v 0.000224 0.002942 0.447541
v 0.000439 0.002772 0.448061
v 0.000638 0.002494 0.448540
v 0.000812 0.002121 0.448960
v 0.000955 0.001667 0.449305
v 0.001061 0.001148 0.449561
v 0.001126 0.000585 0.449718
v 0.001148 0.000000 0.449772
v 0.001126 -0.000585 0.449718
v 0.001061 -0.001148 0.449561
v 0.000955 -0.001667 0.449305
v 0.000812 -0.002121 0.448960
v 0.000638 -0.002494 0.448540
v 0.000439 -0.002772 0.448061
v 0.000224 -0.002942 0.447541
v 0.000114 0.002942 0.447574
v 0.000224 0.002772 0.448126
v 0.000325 0.002494 0.448635
v 0.000414 0.002121 0.449081
v 0.000487 0.001667 0.449446
v 0.000541 0.001148 0.449718
v 0.000574 0.000585 0.449886
v 0.000585 0.000000 0.449942
v 0.000574 -0.000585 0.449886
v 0.000541 -0.001148 0.449718
v 0.000487 -0.001667 0.449446
v 0.000414 -0.002121 0.449081
v 0.000325 -0.002494 0.448635
v 0.000224 -0.002772 0.448126
v 0.000114 -0.002942 0.447574
v -0.000000 0.002942 0.447585
v -0.000000 0.002772 0.448148
v -0.000000 0.002494 0.448667
v -0.000000 0.002121 0.449121
v -0.000000 0.001667 0.449494
v 0.000000 0.001148 0.449772
v -0.000000 0.000585 0.449942
v -0.000000 0.000000 0.450000
v -0.000000 -0.000585 0.449942
v 0.000000 -0.001148 0.449772
v -0.000000 -0.001667 0.449494
v -0.000000 -0.002121 0.449121
v -0.000000 -0.002494 0.448667
v -0.000000 -0.002772 0.448148
v -0.000000 -0.002942 0.447585
v -0.000114 0.002942 0.447574
v -0.000224 0.002772 0.448126
v -0.000325 0.002494 0.448635
v -0.000414 0.002121 0.449081
v -0.000487 0.001667 0.449446
v -0.000541 0.001148 0.449718
v -0.000574 0.000585 0.449886
v -0.000585 0.000000 0.449942
v -0.000574 -0.000585 0.449886
v -0.000541 -0.001148 0.449718
v -0.000487 -0.001667 0.449446
v -0.000414 -0.002121 0.449081
v -0.000325 -0.002494 0.448635
v -0.000224 -0.002772 0.448126
v -0.000114 -0.002942 0.447574
v -0.000224 0.002942 0.447541
v -0.000439 0.002772 0.448061
v -0.000638 0.002494 0.448540
v -0.000812 0.002121 0.448960
v -0.000955 0.001667 0.449305
v -0.001061 0.001148 0.449561
v -0.001126 0.000585 0.449718
v -0.001148 0.000000 0.449772
v -0.001126 -0.000585 0.449718
v -0.001061 -0.001148 0.449561
v -0.000955 -0.001667 0.449305
v -0.000812 -0.002121 0.448960
v -0.000638 -0.002494 0.448540
v -0.000439 -0.002772 0.448061
v -0.000224 -0.002942 0.447541
v -0.000325 0.002942 0.447487
v -0.000638 0.002772 0.447955
v -0.000926 0.002494 0.448386
v -0.001179 0.002121 0.448764
v -0.001386 0.001667 0.449074
v -0.001540 0.001148 0.449305
v -0.001635 0.000585 0.449446
v -0.001667 0.000000 0.449494
v -0.001635 -0.000585 0.449446
v -0.001540 -0.001148 0.449305
v -0.001386 -0.001667 0.449074
v -0.001179 -0.002121 0.448764
v -0.000926 -0.002494 0.448386
v -0.000638 -0.002772 0.447955
v -0.000325 -0.002942 0.447487
v -0.000414 0.002942 0.447414
v -0.000812 0.002772 0.447812
v -0.001179 0.002494 0.448179
v -0.001500 0.002121 0.448500
v -0.001764 0.001667 0.448764
v -0.001960 0.001148 0.448960
v -0.002081 0.000585 0.449081
v -0.002121 0.000000 0.449121
v -0.002081 -0.000585 0.449081
v -0.001960 -0.001148 0.448960
v -0.001764 -0.001667 0.448764
v -0.001500 -0.002121 0.448500
v -0.001179 -0.002494 0.448179
v -0.000812 -0.002772 0.447812
v -0.000414 -0.002942 0.447414
v -0.000487 0.002942 0.447325
v -0.000955 0.002772 0.447638
v -0.001386 0.002494 0.447926
v -0.001764 0.002121 0.448179
v -0.002074 0.001667 0.448386
v -0.002305 0.001148 0.448540
v -0.002446 0.000585 0.448635
v -0.002494 0.000000 0.448667
v -0.002446 -0.000585 0.448635
v -0.002305 -0.001148 0.448540
v -0.002074 -0.001667 0.448386
v -0.001764 -0.002121 0.448179
v -0.001386 -0.002494 0.447926
v -0.000955 -0.002772 0.447638
v -0.000487 -0.002942 0.447325
v -0.000541 0.002942 0.447224
v -0.001061 0.002772 0.447439
v -0.001540 0.002494 0.447638
v -0.001960 0.002121 0.447812
v -0.002305 0.001667 0.447955
v -0.002561 0.001148 0.448061
v -0.002718 0.000585 0.448126
v -0.002772 0.000000 0.448148
v -0.002718 -0.000585 0.448126
v -0.002561 -0.001148 0.448061
v -0.002305 -0.001667 0.447955
v -0.001960 -0.002121 0.447812
v -0.001540 -0.002494 0.447638
v -0.001061 -0.002772 0.447439
v -0.000541 -0.002942 0.447224
v -0.000574 0.002942 0.447114
v -0.001126 0.002772 0.447224
v -0.001635 0.002494 0.447325
v -0.002081 0.002121 0.447414
v -0.002446 0.001667 0.447487
v -0.002718 0.001148 0.447541
v -0.002886 0.000585 0.447574
v -0.002942 0.000000 0.447585
v -0.002886 -0.000585 0.447574
v -0.002718 -0.001148 0.447541
v -0.002446 -0.001667 0.447487
v -0.002081 -0.002121 0.447414
v -0.001635 -0.002494 0.447325
v -0.001126 -0.002772 0.447224
v -0.000574 -0.002942 0.447114
v -0.000585 0.002942 0.447000
v -0.001148 0.002772 0.447000
v -0.001667 0.002494 0.447000
v -0.002121 0.002121 0.447000
v -0.002494 0.001667 0.447000
v -0.002772 0.001148 0.447000
v -0.002942 0.000585 0.447000
v -0.003000 0.000000 0.447000
v -0.002942 -0.000585 0.447000
v -0.002772 -0.001148 0.447000
v -0.002494 -0.001667 0.447000
v -0.002121 -0.002121 0.447000
v -0.001667 -0.002494 0.447000
v -0.001148 -0.002772 0.447000
v -0.000585 -0.002942 0.447000
v -0.000574 0.002942 0.446886
v -0.001126 0.002772 0.446776
v -0.001635 0.002494 0.446675
v -0.002081 0.002121 0.446586
v -0.002446 0.001667 0.446513
v -0.002718 0.001148 0.446459
v -0.002886 0.000585 0.446426
v -0.002942 0.000000 0.446415
v -0.002886 -0.000585 0.446426
v -0.002718 -0.001148 0.446459
v -0.002446 -0.001667 0.446513
v -0.002081 -0.002121 0.446586
v -0.001635 -0.002494 0.446675
v -0.001126 -0.002772 0.446776
v -0.000574 -0.002942 0.446886
v -0.000541 0.002942 0.446776
v -0.001061 0.002772 0.446561
v -0.001540 0.002494 0.446362
v -0.001960 0.002121 0.446188
v -0.002305 0.001667 0.446045
v -0.002561 0.001148 0.445939
v -0.002718 0.000585 0.445874
v -0.002772 0.000000 0.445852
v -0.002718 -0.000585 0.445874
v -0.002561 -0.001148 0.445939
v -0.002305 -0.001667 0.446045
v -0.001960 -0.002121 0.446188
v -0.001540 -0.002494 0.446362
v -0.001061 -0.002772 0.446561
v -0.000541 -0.002942 0.446776
v -0.000487 0.002942 0.446675
v -0.000955 0.002772 0.446362
v -0.001386 0.002494 0.446074
v -0.001764 0.002121 0.445821
v -0.002074 0.001667 0.445614
v -0.002305 0.001148 0.445460
v -0.002446 0.000585 0.445365
v -0.002494 0.000000 0.445333
v -0.002446 -0.000585 0.445365
v -0.002305 -0.001148 0.445460
v -0.002074 -0.001667 0.445614
v -0.001764 -0.002121 0.445821
v -0.001386 -0.002494 0.446074
v -0.000955 -0.002772 0.446362
v -0.000487 -0.002942 0.446675
v -0.000414 0.002942 0.446586
v -0.000812 0.002772 0.446188
v -0.001179 0.002494 0.445821
v -0.001500 0.002121 0.445500
v -0.001764 0.001667 0.445236
v -0.001960 0.001148 0.445040
v -0.002081 0.000585 0.444919
v -0.002121 0.000000 0.444879
v -0.002081 -0.000585 0.444919
v -0.001960 -0.001148 0.445040
v -0.001764 -0.001667 0.445236
v -0.001500 -0.002121 0.445500
v -0.001179 -0.002494 0.445821
v -0.000812 -0.002772 0.446188
v -0.000414 -0.002942 0.446586
v -0.000325 0.002942 0.446513
v -0.000638 0.002772 0.446045
v -0.000926 0.002494 0.445614
v -0.001179 0.002121 0.445236
v -0.001386 0.001667 0.444926
v -0.001540 0.001148 0.444695
v -0.001635 0.000585 0.444554
v -0.001667 0.000000 0.444506
v -0.001635 -0.000585 0.444554
v -0.001540 -0.001148 0.444695
v -0.001386 -0.001667 0.444926
v -0.001179 -0.002121 0.445236
v -0.000926 -0.002494 0.445614
v -0.000638 -0.002772 0.446045
v -0.000325 -0.002942 0.446513
v -0.000224 0.002942 0.446459
v -0.000439 0.002772 0.445939
v -0.000638 0.002494 0.445460
v -0.000812 0.002121 0.445040
v -0.000955 0.001667 0.444695
v -0.001061 0.001148 0.444439
v -0.001126 0.000585 0.444282
v -0.001148 0.000000 0.444228
v -0.001126 -0.000585 0.444282
v -0.001061 -0.001148 0.444439
v -0.000955 -0.001667 0.444695
v -0.000812 -0.002121 0.445040
v -0.000638 -0.002494 0.445460
v -0.000439 -0.002772 0.445939
v -0.000224 -0.002942 0.446459
v -0.000114 0.002942 0.446426
v -0.000224 0.002772 0.445874
v -0.000325 0.002494 0.445365
v -0.000414 0.002121 0.444919
v -0.000487 0.001667 0.444554
v -0.000541 0.001148 0.444282
v -0.000574 0.000585 0.444114
v -0.000585 0.000000 0.444058
v -0.000574 -0.000585 0.444114
v -0.000541 -0.001148 0.444282
v -0.000487 -0.001667 0.444554
v -0.000414 -0.002121 0.444919
v -0.000325 -0.002494 0.445365
v -0.000224 -0.002772 0.445874
v -0.000114 -0.002942 0.446426
v 0.000000 0.002942 0.446415
v 0.000000 0.002772 0.445852
v 0.000000 0.002121 0.444879
v 0.000000 0.001148 0.444228
v 0.000000 -0.001148 0.444228
v 0.000000 -0.002121 0.444879
v 0.000000 -0.002494 0.445333
v 0.000000 -0.002772 0.445852
v 0.000000 -0.002942 0.446415
vn 0.0464 0.8810 -0.4709
vn 0.0865 -0.4696 -0.8786
vn 0.0624 0.7715 -0.6332
vn 0.0759 -0.6326 -0.7708
vn 0.0759 0.6326 -0.7708
vn 0.0624 -0.7715 -0.6332
vn 0.0865 0.4696 -0.8786
vn 0.0464 -0.8810 -0.4709
vn 0.0938 0.2890 -0.9527
vn 0.0286 -0.9565 -0.2902
vn 0.0975 0.0975 -0.9904
vn 0.0097 0.9951 -0.0980
vn 0.0097 -0.9951 -0.0980
vn 0.0975 -0.0975 -0.9904
vn 0.0286 0.9565 -0.2902
vn 0.0938 -0.2890 -0.9527
vn 0.0846 0.9565 -0.2790
vn 0.2779 -0.2890 -0.9161
vn 0.1374 0.8810 -0.4528
vn 0.2563 -0.4696 -0.8448
vn 0.1847 0.7715 -0.6088
vn 0.2248 -0.6326 -0.7412
vn 0.2248 0.6326 -0.7412
vn 0.1847 -0.7715 -0.6088
vn 0.2563 0.4696 -0.8448
vn 0.1374 -0.8810 -0.4528
vn 0.2779 0.2890 -0.9161
vn 0.0846 -0.9565 -0.2790
vn 0.2889 0.0976 -0.9524
vn 0.0286 0.9951 -0.0942
vn 0.0286 -0.9951 -0.0942
vn 0.2889 -0.0976 -0.9524
vn 0.4162 0.4696 -0.7786
vn 0.2230 -0.8810 -0.4173
vn 0.4513 0.2890 -0.8443
vn 0.1374 -0.9565 -0.2571
vn 0.4691 0.0975 -0.8777
vn 0.0464 0.9951 -0.0869
vn 0.0464 -0.9951 -0.0869
vn 0.4691 -0.0975 -0.8777
vn 0.1374 0.9565 -0.2571
vn 0.4513 -0.2890 -0.8443
vn 0.2230 0.8810 -0.4173
vn 0.4162 -0.4696 -0.7786
vn 0.2999 0.7715 -0.5611
vn 0.3651 -0.6326 -0.6831
vn 0.3651 0.6326 -0.6831
vn 0.2999 -0.7715 -0.5611
vn 0.6073 -0.2890 -0.7400
vn 0.3002 0.8810 -0.3658
vn 0.5601 -0.4696 -0.6825
vn 0.4036 0.7715 -0.4918
vn 0.4913 -0.6326 -0.5987
vn 0.4913 0.6326 -0.5987
vn 0.4036 -0.7715 -0.4918
vn 0.5601 0.4696 -0.6825
vn 0.3002 -0.8810 -0.3658
vn 0.6073 0.2890 -0.7400
vn 0.1850 -0.9565 -0.2254
vn 0.6314 0.0975 -0.7693
vn 0.0625 0.9951 -0.0761
vn 0.0625 -0.9951 -0.0761
vn 0.6314 -0.0975 -0.7693
vn 0.1850 0.9565 -0.2254
vn 0.3658 -0.8810 -0.3002
vn 0.7400 0.2890 -0.6073
vn 0.2254 -0.9565 -0.1850
vn 0.7693 0.0975 -0.6314
vn 0.0761 0.9951 -0.0625
vn 0.0761 -0.9951 -0.0625
vn 0.7693 -0.0975 -0.6314
vn 0.2254 0.9565 -0.1850
vn 0.7400 -0.2890 -0.6073
vn 0.3658 0.8810 -0.3002
vn 0.6825 -0.4696 -0.5601
vn 0.4918 0.7715 -0.4036
vn 0.5987 -0.6326 -0.4913
vn 0.5987 0.6326 -0.4913
vn 0.4918 -0.7715 -0.4036
vn 0.6825 0.4696 -0.5601
vn 0.4173 0.8810 -0.2230
vn 0.7786 -0.4696 -0.4162
vn 0.5611 0.7715 -0.2999
vn 0.6831 -0.6326 -0.3651
vn 0.6831 0.6326 -0.3651
vn 0.5611 -0.7715 -0.2999
vn 0.7786 0.4696 -0.4162
vn 0.4173 -0.8810 -0.2230
vn 0.8443 0.2890 -0.4513
vn 0.2571 -0.9565 -0.1374
vn 0.8777 0.0975 -0.4691
vn 0.0869 0.9951 -0.0464
vn 0.0869 -0.9951 -0.0464
vn 0.8777 -0.0975 -0.4691
vn 0.2571 0.9565 -0.1374
vn 0.8443 -0.2890 -0.4513
vn 0.9161 0.2890 -0.2779
vn 0.2790 -0.9565 -0.0846
vn 0.9524 0.0975 -0.2889
vn 0.0942 0.9951 -0.0286
vn 0.0942 -0.9951 -0.0286
vn 0.9524 -0.0975 -0.2889
vn 0.2790 0.9565 -0.0846
vn 0.9161 -0.2890 -0.2779
vn 0.4528 0.8810 -0.1374
vn 0.8448 -0.4696 -0.2563
vn 0.6088 0.7715 -0.1847
vn 0.7412 -0.6326 -0.2248
vn 0.7412 0.6326 -0.2248
vn 0.6088 -0.7715 -0.1847
vn 0.8448 0.4696 -0.2563
vn 0.4528 -0.8810 -0.1374
vn 0.8786 -0.4696 -0.0865
vn 0.6332 0.7715 -0.0624
vn 0.7708 -0.6326 -0.0759
vn 0.7708 0.6326 -0.0759
vn 0.6332 -0.7715 -0.0624
vn 0.8786 0.4696 -0.0865
vn 0.4709 -0.8810 -0.0464
vn 0.9527 0.2890 -0.0938
vn 0.2902 -0.9565 -0.0286
vn 0.9904 0.0975 -0.0975
vn 0.0980 0.9951 -0.0097
vn 0.0980 -0.9951 -0.0097
vn 0.9904 -0.0975 -0.0975
vn 0.2902 0.9565 -0.0286
vn 0.9527 -0.2890 -0.0938
vn 0.4709 0.8810 -0.0464
vn 0.2902 -0.9565 0.0286
vn 0.9904 0.0975 0.0976
vn 0.0980 0.9951 0.0097
vn 0.0980 -0.9951 0.0097
vn 0.9904 -0.0975 0.0976
vn 0.2902 0.9565 0.0286
vn 0.9527 -0.2890 0.0938
vn 0.4709 0.8810 0.0464
vn 0.8786 -0.4696 0.0865
vn 0.6332 0.7715 0.0624
vn 0.7708 -0.6326 0.0759
vn 0.7708 0.6326 0.0759
vn 0.6332 -0.7715 0.0624
vn 0.8786 0.4696 0.0865
vn 0.4709 -0.8810 0.0464
vn 0.9527 0.2890 0.0938
vn 0.7412 -0.6326 0.2248
vn 0.7412 0.6326 0.2248
vn 0.6088 -0.7715 0.1847
vn 0.8448 0.4696 0.2563
vn 0.4528 -0.8810 0.1374
vn 0.9161 0.2890 0.2779
vn 0.2790 -0.9565 0.0846
vn 0.9524 0.0975 0.2889
vn 0.0942 0.9951 0.0286
vn 0.0942 -0.9951 0.0286
vn 0.9524 -0.0975 0.2889
vn 0.2790 0.9565 0.0846
vn 0.9161 -0.2890 0.2779
vn 0.4528 0.8810 0.1374
vn 0.8448 -0.4696 0.2563
vn 0.6088 0.7715 0.1847
vn 0.0869 0.9951 0.0464
vn 0.0869 -0.9951 0.0464
vn 0.8777 -0.0975 0.4691
vn 0.2571 0.9565 0.1374
vn 0.8443 -0.2890 0.4513
vn 0.4173 0.8810 0.2230
vn 0.7786 -0.4696 0.4162
vn 0.5611 0.7715 0.2999
vn 0.6831 -0.6326 0.3651
vn 0.6831 0.6326 0.3651
vn 0.5611 -0.7715 0.2999
vn 0.7786 0.4696 0.4162
vn 0.4173 -0.8810 0.2230
vn 0.8443 0.2890 0.4513
vn 0.2571 -0.9565 0.1374
vn 0.8777 0.0975 0.4691
vn 0.5987 0.6326 0.4913
vn 0.4918 -0.7715 0.4036
vn 0.6825 0.4696 0.5601
vn 0.3658 -0.8810 0.3002
vn 0.7400 0.2890 0.6073
vn 0.2254 -0.9565 0.1850
vn 0.7693 0.0975 0.6314
vn 0.0761 0.9951 0.0625
vn 0.0761 -0.9951 0.0625
vn 0.7693 -0.0975 0.6314
vn 0.2254 0.9565 0.1850
vn 0.7400 -0.2890 0.6073
vn 0.3658 0.8810 0.3002
vn 0.6825 -0.4696 0.5601
vn 0.4918 0.7715 0.4036
vn 0.5987 -0.6326 0.4913
vn 0.6314 -0.0975 0.7693
vn 0.1850 0.9565 0.2254
vn 0.6073 -0.2890 0.7400
vn 0.3002 0.8810 0.3658
vn 0.5601 -0.4696 0.6825
vn 0.4036 0.7715 0.4918
vn 0.4913 -0.6326 0.5987
vn 0.4913 0.6326 0.5987
vn 0.4036 -0.7715 0.4918
vn 0.5601 0.4696 0.6825
vn 0.3002 -0.8810 0.3658
vn 0.6073 0.2890 0.7400
vn 0.1850 -0.9565 0.2254
vn 0.6314 0.0975 0.7693
vn 0.0625 0.9951 0.0761
vn 0.0625 -0.9951 0.0761
vn 0.2999 -0.7715 0.5611
vn 0.4162 0.4696 0.7786
vn 0.2230 -0.8810 0.4173
vn 0.4513 0.2890 0.8443
vn 0.1374 -0.9565 0.2571
vn 0.4691 0.0975 0.8777
vn 0.0464 0.9951 0.0869
vn 0.0464 -0.9951 0.0869
vn 0.4691 -0.0975 0.8777
vn 0.1374 0.9565 0.2571
vn 0.4513 -0.2890 0.8443
vn 0.2230 0.8810 0.4173
vn 0.4162 -0.4696 0.7786
vn 0.2999 0.7715 0.5611
vn 0.3651 -0.6326 0.6831
vn 0.3651 0.6326 0.6831
vn 0.0846 0.9565 0.2790
vn 0.2779 -0.2890 0.9161
vn 0.1374 0.8810 0.4528
vn 0.2563 -0.4696 0.8448
vn 0.1847 0.7715 0.6088
vn 0.2248 -0.6326 0.7412
vn 0.2248 0.6326 0.7412
vn 0.1847 -0.7715 0.6088
vn 0.2563 0.4696 0.8448
vn 0.1374 -0.8810 0.4528
vn 0.2779 0.2890 0.9161
vn 0.0846 -0.9565 0.2790
vn 0.2889 0.0975 0.9524
vn 0.0286 0.9951 0.0942
vn 0.0286 -0.9951 0.0942
vn 0.2889 -0.0975 0.9524
vn 0.0865 0.4696 0.8786
vn 0.0464 -0.8810 0.4709
vn 0.0938 0.2890 0.9527
vn 0.0286 -0.9565 0.2902
vn 0.0975 0.0975 0.9904
vn 0.0097 0.9951 0.0980
vn 0.0097 -0.9951 0.0980
vn 0.0975 -0.0975 0.9904
vn 0.0286 0.9565 0.2902
vn 0.0938 -0.2890 0.9527
vn 0.0464 0.8810 0.4709
vn 0.0865 -0.4696 0.8786
vn 0.0624 0.7715 0.6332
vn 0.0759 -0.6326 0.7708
vn 0.0759 0.6326 0.7708
vn 0.0624 -0.7715 0.6332
vn -0.0938 -0.2890 0.9527
vn -0.0464 0.8810 0.4709
vn -0.0865 -0.4696 0.8786
vn -0.0624 0.7715 0.6332
vn -0.0759 -0.6326 0.7708
vn -0.0759 0.6326 0.7708
vn -0.0624 -0.7715 0.6332
vn -0.0865 0.4696 0.8786
vn -0.0464 -0.8810 0.4709
vn -0.0938 0.2890 0.9527
vn -0.0286 -0.9565 0.2902
vn -0.0976 0.0975 0.9904
vn -0.0097 0.9951 0.0980
vn -0.0097 -0.9951 0.0980
vn -0.0976 -0.0975 0.9904
vn -0.0286 0.9565 0.2902
vn -0.1374 -0.8810 0.4528
vn -0.2779 0.2890 0.9161
vn -0.0846 -0.9565 0.2790
vn -0.2889 0.0975 0.9524
vn -0.0286 0.9951 0.0942
vn -0.0286 -0.9951 0.0942
vn -0.2889 -0.0975 0.9524
vn -0.0846 0.9565 0.2790
vn -0.2779 -0.2890 0.9161
vn -0.1374 0.8810 0.4528
vn -0.2563 -0.4696 0.8448
vn -0.1847 0.7715 0.6088
vn -0.2248 -0.6326 0.7412
vn -0.2248 0.6326 0.7412
vn -0.1847 -0.7715 0.6088
vn -0.2563 0.4696 0.8448
vn -0.4162 -0.4696 0.7786
vn -0.2999 0.7715 0.5611
vn -0.3651 -0.6326 0.6831
vn -0.3651 0.6326 0.6831
vn -0.2999 -0.7715 0.5611
vn -0.4162 0.4696 0.7786
vn -0.2230 -0.8810 0.4173
vn -0.4513 0.2890 0.8443
vn -0.1374 -0.9565 0.2571
vn -0.4691 0.0975 0.8777
vn -0.0464 0.9951 0.0869
vn -0.0464 -0.9951 0.0869
vn -0.4691 -0.0975 0.8777
vn -0.1374 0.9565 0.2571
vn -0.4513 -0.2890 0.8443
vn -0.2230 0.8810 0.4173
vn -0.1850 -0.9565 0.2254
vn -0.6314 0.0975 0.7693
vn -0.0625 0.9951 0.0761
vn -0.0625 -0.9951 0.0761
vn -0.6314 -0.0975 0.7693
vn -0.1850 0.9565 0.2254
vn -0.6073 -0.2890 0.7400
vn -0.3002 0.8810 0.3658
vn -0.5601 -0.4696 0.6825
vn -0.4036 0.7715 0.4918
vn -0.4913 -0.6326 0.5987
vn -0.4913 0.6326 0.5987
vn -0.4036 -0.7715 0.4918
vn -0.5601 0.4696 0.6825
vn -0.3002 -0.8810 0.3658
vn -0.6073 0.2890 0.7400
vn -0.4918 0.7715 0.4036
vn -0.5987 -0.6326 0.4913
vn -0.5987 0.6326 0.4913
vn -0.4918 -0.7715 0.4036
vn -0.6825 0.4696 0.5601
vn -0.3658 -0.8810 0.3002
vn -0.7400 0.2890 0.6073
vn -0.2254 -0.9565 0.1850
vn -0.7693 0.0975 0.6314
vn -0.0761 0.9951 0.0625
vn -0.0761 -0.9951 0.0625
vn -0.7693 -0.0975 0.6314
vn -0.2254 0.9565 0.1850
vn -0.7400 -0.2890 0.6073
vn -0.3658 0.8810 0.3002
vn -0.6825 -0.4696 0.5601
vn -0.8777 0.0975 0.4691
vn -0.0869 0.9951 0.0464
vn -0.0869 -0.9951 0.0464
vn -0.8777 -0.0975 0.4691
vn -0.2571 0.9565 0.1374
vn -0.8443 -0.2890 0.4513
vn -0.4173 0.8810 0.2230
vn -0.7786 -0.4696 0.4162
vn -0.5611 0.7715 0.2999
vn -0.6831 -0.6326 0.3651
vn -0.6831 0.6326 0.3651
vn -0.5611 -0.7715 0.2999
vn -0.7786 0.4696 0.4162
vn -0.4173 -0.8810 0.2230
vn -0.8443 0.2890 0.4513
vn -0.2571 -0.9565 0.1374
vn -0.7412 -0.6326 0.2248
vn -0.7412 0.6326 0.2248
vn -0.6088 -0.7715 0.1847
vn -0.8448 0.4696 0.2563
vn -0.4528 -0.8810 0.1374
vn -0.9161 0.2890 0.2779
vn -0.2790 -0.9565 0.0846
vn -0.9524 0.0975 0.2889
vn -0.0942 0.9951 0.0286
vn -0.0942 -0.9951 0.0286
vn -0.9524 -0.0975 0.2889
vn -0.2790 0.9565 0.0846
vn -0.9161 -0.2890 0.2779
vn -0.4528 0.8810 0.1374
vn -0.8448 -0.4696 0.2563
vn -0.6088 0.7715 0.1847
vn -0.0980 0.9951 0.0097
vn -0.0980 -0.9951 0.0097
vn -0.9904 -0.0975 0.0975
vn -0.2902 0.9565 0.0286
vn -0.9527 -0.2890 0.0938
vn -0.4709 0.8810 0.0464
vn -0.8786 -0.4696 0.0865
vn -0.6332 0.7715 0.0624
vn -0.7708 -0.6326 0.0759
vn -0.7708 0.6326 0.0759
vn -0.6332 -0.7715 0.0624
vn -0.8786 0.4696 0.0865
vn -0.4709 -0.8810 0.0464
vn -0.9527 0.2890 0.0938
vn -0.2902 -0.9565 0.0286
vn -0.9904 0.0975 0.0975
vn -0.7708 0.6326 -0.0759
vn -0.6332 -0.7715 -0.0624
vn -0.8786 0.4696 -0.0865
vn -0.4709 -0.8810 -0.0464
vn -0.9527 0.2890 -0.0938
vn -0.2902 -0.9565 -0.0286
vn -0.9904 0.0975 -0.0976
vn -0.0980 0.9951 -0.0097
vn -0.0980 -0.9951 -0.0097
vn -0.9904 -0.0975 -0.0976
vn -0.2902 0.9565 -0.0286
vn -0.9527 -0.2890 -0.0938
vn -0.4709 0.8810 -0.0464
vn -0.8786 -0.4696 -0.0865
vn -0.6332 0.7715 -0.0624
vn -0.7708 -0.6326 -0.0759
vn -0.9524 -0.0975 -0.2889
vn -0.2790 0.9565 -0.0846
vn -0.9161 -0.2890 -0.2779
vn -0.4528 0.8810 -0.1374
vn -0.8448 -0.4696 -0.2563
vn -0.6088 0.7715 -0.1847
vn -0.7412 -0.6326 -0.2248
vn -0.7412 0.6326 -0.2248
vn -0.6088 -0.7715 -0.1847
vn -0.8448 0.4696 -0.2563
vn -0.4528 -0.8810 -0.1374
vn -0.9161 0.2890 -0.2779
vn -0.2790 -0.9565 -0.0846
vn -0.9524 0.0975 -0.2889
vn -0.0942 0.9951 -0.0286
vn -0.0942 -0.9951 -0.0286
vn -0.5611 -0.7715 -0.2999
vn -0.7786 0.4696 -0.4162
vn -0.4173 -0.8810 -0.2231
vn -0.8443 0.2890 -0.4513
vn -0.2571 -0.9565 -0.1374
vn -0.8777 0.0975 -0.4691
vn -0.0869 0.9951 -0.0464
vn -0.0869 -0.9951 -0.0464
vn -0.8777 -0.0975 -0.4691
vn -0.2571 0.9565 -0.1374
vn -0.8443 -0.2890 -0.4513
vn -0.4173 0.8810 -0.2231
vn -0.7786 -0.4696 -0.4162
vn -0.5611 0.7715 -0.2999
vn -0.6831 -0.6326 -0.3651
vn -0.6831 0.6326 -0.3651
vn -0.7400 -0.2890 -0.6073
vn -0.3658 0.8810 -0.3002
vn -0.6825 -0.4696 -0.5601
vn -0.4918 0.7715 -0.4036
vn -0.5987 -0.6326 -0.4913
vn -0.5987 0.6326 -0.4913
vn -0.4918 -0.7715 -0.4036
vn -0.6825 0.4696 -0.5601
vn -0.3658 -0.8810 -0.3002
vn -0.7400 0.2890 -0.6073
vn -0.2254 -0.9565 -0.1850
vn -0.7693 0.0975 -0.6314
vn -0.0761 0.9951 -0.0625
vn -0.0761 -0.9951 -0.0625
vn -0.7693 -0.0975 -0.6314
vn -0.2254 0.9565 -0.1850
vn -0.3002 -0.8810 -0.3658
vn -0.6073 0.2890 -0.7400
vn -0.1850 -0.9565 -0.2254
vn -0.6314 0.0975 -0.7693
vn -0.0625 0.9951 -0.0761
vn -0.0625 -0.9951 -0.0761
vn -0.6314 -0.0975 -0.7693
vn -0.1850 0.9565 -0.2254
vn -0.6073 -0.2890 -0.7400
vn -0.3002 0.8810 -0.3658
vn -0.5601 -0.4696 -0.6825
vn -0.4036 0.7715 -0.4918
vn -0.4913 -0.6326 -0.5987
vn -0.4913 0.6326 -0.5987
vn -0.4036 -0.7715 -0.4918
vn -0.5601 0.4696 -0.6825
vn -0.2230 0.8810 -0.4173
vn -0.4162 -0.4696 -0.7786
vn -0.2999 0.7715 -0.5611
vn -0.3651 -0.6326 -0.6831
vn -0.3651 0.6326 -0.6831
vn -0.2999 -0.7715 -0.5611
vn -0.4162 0.4696 -0.7786
vn -0.2230 -0.8810 -0.4173
vn -0.4513 0.2890 -0.8443
vn -0.1374 -0.9565 -0.2571
vn -0.4691 0.0975 -0.8777
vn -0.0464 0.9951 -0.0869
vn -0.0464 -0.9951 -0.0869
vn -0.4691 -0.0975 -0.8777
vn -0.1374 0.9565 -0.2571
vn -0.4513 -0.2890 -0.8443
vn -0.2779 0.2890 -0.9161
vn -0.0846 -0.9565 -0.2790
vn -0.2889 0.0975 -0.9524
vn -0.0286 0.9951 -0.0942
vn -0.0286 -0.9951 -0.0942
vn -0.2889 -0.0975 -0.9524
vn -0.0846 0.9565 -0.2790
vn -0.2779 -0.2890 -0.9161
vn -0.1374 0.8810 -0.4528
vn -0.2563 -0.4696 -0.8448
vn -0.1847 0.7715 -0.6088
vn -0.2248 -0.6326 -0.7412
vn -0.2248 0.6326 -0.7412
vn -0.1847 -0.7715 -0.6088
vn -0.2563 0.4696 -0.8448
vn -0.1374 -0.8810 -0.4528
vn -0.0865 -0.4696 -0.8786
vn -0.0624 0.7715 -0.6332
vn -0.0759 -0.6326 -0.7708
vn -0.0759 0.6326 -0.7708
vn -0.0624 -0.7715 -0.6332
vn -0.0865 0.4696 -0.8786
vn -0.0464 -0.8810 -0.4709
vn -0.0938 0.2890 -0.9527
vn -0.0286 -0.9565 -0.2902
vn -0.0976 0.0975 -0.9904
vn -0.0097 0.9951 -0.0980
vn -0.0097 -0.9951 -0.0980
vn -0.0976 -0.0975 -0.9904
vn -0.0286 0.9565 -0.2902
vn -0.0938 -0.2890 -0.9527
vn -0.0464 0.8810 -0.4709
vt 0.619926 0.657271
vt 0.619926 0.663612
vt 0.616756 0.663612
vt 0.616756 0.657271
vt 0.619926 0.606543
vt 0.619926 0.612884
vt 0.616756 0.612884
vt 0.616756 0.606542
vt 0.619926 0.650930
vt 0.616756 0.650930
vt 0.619926 0.600201
vt 0.616756 0.600201
vt 0.619926 0.644589
vt 0.616756 0.644589
vt 0.619926 0.593860
vt 0.616756 0.593860
vt 0.619926 0.638248
vt 0.616756 0.638248
vt 0.619926 0.587519
vt 0.616756 0.587519
vt 0.619926 0.631907
vt 0.616756 0.631907
vt 0.619926 0.581178
vt 0.616756 0.581178
vt 0.619926 0.625566
vt 0.616756 0.625566
vt 0.619926 0.669954
vt 0.618341 0.676295
vt 0.616756 0.669954
vt 0.618341 0.574837
vt 0.619926 0.619225
vt 0.616756 0.619225
vt 0.613585 0.669954
vt 0.613585 0.663612
vt 0.613585 0.619225
vt 0.613585 0.612884
vt 0.613585 0.657271
vt 0.613585 0.606542
vt 0.613585 0.650930
vt 0.613585 0.600201
vt 0.613585 0.644589
vt 0.613585 0.593860
vt 0.613585 0.638248
vt 0.613585 0.587519
vt 0.613585 0.631907
vt 0.613585 0.581178
vt 0.613585 0.625566
vt 0.615171 0.676295
vt 0.615171 0.574837
vt 0.610415 0.644589
vt 0.610415 0.638248
vt 0.610415 0.593860
vt 0.610415 0.587519
vt 0.610415 0.631907
vt 0.610415 0.581178
vt 0.610415 0.625566
vt 0.612000 0.676295
vt 0.610415 0.669954
vt 0.612000 0.574837
vt 0.610415 0.619225
vt 0.610415 0.663612
vt 0.610415 0.612884
vt 0.610415 0.657271
vt 0.610415 0.606542
vt 0.610415 0.650930
vt 0.610415 0.600201
vt 0.607244 0.619225
vt 0.607244 0.612884
vt 0.607244 0.663612
vt 0.607244 0.657271
vt 0.607244 0.606542
vt 0.607244 0.650930
vt 0.607244 0.600201
vt 0.607244 0.644589
vt 0.607244 0.593860
vt 0.607244 0.638248
vt 0.607244 0.587519
vt 0.607244 0.631907
vt 0.607244 0.581178
vt 0.607244 0.625566
vt 0.608829 0.676295
vt 0.607244 0.669954
vt 0.608829 0.574837
vt 0.604074 0.593860
vt 0.604074 0.587519
vt 0.604074 0.638248
vt 0.604074 0.631907
vt 0.604074 0.581178
vt 0.604074 0.625566
vt 0.605659 0.676295
vt 0.604074 0.669954
vt 0.605659 0.574837
vt 0.604074 0.619225
vt 0.604074 0.663612
vt 0.604074 0.612884
vt 0.604074 0.657271
vt 0.604074 0.606542
vt 0.604074 0.650930
vt 0.604074 0.600201
vt 0.604074 0.644589
vt 0.600903 0.663612
vt 0.600903 0.657271
vt 0.600903 0.612884
vt 0.600903 0.606542
vt 0.600903 0.650930
vt 0.600903 0.600201
vt 0.600903 0.644589
vt 0.600903 0.593860
vt 0.600903 0.638248
vt 0.600903 0.587519
vt 0.600903 0.631907
vt 0.600903 0.581178
vt 0.600903 0.625566
vt 0.602488 0.676295
vt 0.600903 0.669954
vt 0.602488 0.574837
vt 0.600903 0.619225
vt 0.597733 0.638248
vt 0.597733 0.631907
vt 0.597733 0.587519
vt 0.597733 0.581178
vt 0.597733 0.625566
vt 0.599318 0.676295
vt 0.597733 0.669954
vt 0.599318 0.574837
vt 0.597733 0.619225
vt 0.597733 0.663612
vt 0.597733 0.612884
vt 0.597733 0.657271
vt 0.597733 0.606542
vt 0.597733 0.650930
vt 0.597733 0.600201
vt 0.597733 0.644589
vt 0.597733 0.593860
vt 0.594562 0.612884
vt 0.594562 0.606542
vt 0.594562 0.657271
vt 0.594562 0.650930
vt 0.594562 0.600201
vt 0.594562 0.644589
vt 0.594562 0.593860
vt 0.594562 0.638248
vt 0.594562 0.587519
vt 0.594562 0.631907
vt 0.594562 0.581178
vt 0.594562 0.625566
vt 0.596147 0.676295
vt 0.594562 0.669954
vt 0.596147 0.574837
vt 0.594562 0.619225
vt 0.594562 0.663612
vt 0.591391 0.587519
vt 0.591391 0.581178
vt 0.591391 0.631907
vt 0.591391 0.625566
vt 0.592977 0.676295
vt 0.591391 0.669954
vt 0.592977 0.574837
vt 0.591391 0.619225
vt 0.591391 0.663612
vt 0.591391 0.612884
vt 0.591391 0.657271
vt 0.591391 0.606542
vt 0.591391 0.650930
vt 0.591391 0.600201
vt 0.591391 0.644589
vt 0.591391 0.593860
vt 0.591391 0.638248
vt 0.588221 0.606542
vt 0.588221 0.600201
vt 0.588221 0.650930
vt 0.588221 0.644589
vt 0.588221 0.593860
vt 0.588221 0.638248
vt 0.588221 0.587519
vt 0.588221 0.631907
vt 0.588221 0.581178
vt 0.588221 0.625566
vt 0.589806 0.676295
vt 0.588221 0.669954
vt 0.589806 0.574837
vt 0.588221 0.619225
vt 0.588221 0.663612
vt 0.588221 0.612884
vt 0.588221 0.657271
vt 0.586636 0.676295
vt 0.585050 0.669954
vt 0.586636 0.574837
vt 0.585050 0.581178
vt 0.585050 0.625566
vt 0.585050 0.619225
vt 0.585050 0.663612
vt 0.585050 0.612884
vt 0.585050 0.657271
vt 0.585050 0.606542
vt 0.585050 0.650930
vt 0.585050 0.600201
vt 0.585050 0.644589
vt 0.585050 0.593860
vt 0.585050 0.638248
vt 0.585050 0.587519
vt 0.585050 0.631907
vt 0.581880 0.650930
vt 0.581880 0.644589
vt 0.581880 0.600201
vt 0.581880 0.593860
vt 0.581880 0.638248
vt 0.581880 0.587519
vt 0.581880 0.631907
vt 0.581880 0.581178
vt 0.581880 0.625566
vt 0.583465 0.676295
vt 0.581880 0.669954
vt 0.583465 0.574837
vt 0.581880 0.619225
vt 0.581880 0.663612
vt 0.581880 0.612884
vt 0.581880 0.657271
vt 0.581880 0.606542
vt 0.578709 0.625566
vt 0.578709 0.619225
vt 0.578709 0.669954
vt 0.578709 0.663612
vt 0.578709 0.612884
vt 0.578709 0.657271
vt 0.578709 0.606542
vt 0.578709 0.650930
vt 0.578709 0.600201
vt 0.578709 0.644589
vt 0.578709 0.593860
vt 0.578709 0.638248
vt 0.578709 0.587519
vt 0.578709 0.631907
vt 0.578709 0.581178
vt 0.580294 0.676295
vt 0.580294 0.574837
vt 0.575539 0.600201
vt 0.575539 0.593860
vt 0.575539 0.644589
vt 0.575539 0.638248
vt 0.575539 0.587519
vt 0.575539 0.631907
vt 0.575539 0.581178
vt 0.575539 0.625566
vt 0.577124 0.676295
vt 0.575539 0.669954
vt 0.577124 0.574837
vt 0.575539 0.619225
vt 0.575539 0.663612
vt 0.575539 0.612884
vt 0.575539 0.657271
vt 0.575539 0.606542
vt 0.575539 0.650930
vt 0.572368 0.669954
vt 0.572368 0.663612
vt 0.572368 0.619225
vt 0.572368 0.612884
vt 0.572368 0.657271
vt 0.572368 0.606542
vt 0.572368 0.650930
vt 0.572368 0.600201
vt 0.572368 0.644589
vt 0.572368 0.593860
vt 0.572368 0.638248
vt 0.572368 0.587519
vt 0.572368 0.631907
vt 0.572368 0.581178
vt 0.572368 0.625566
vt 0.573953 0.676295
vt 0.573953 0.574837
vt 0.569198 0.644589
vt 0.569198 0.638248
vt 0.569198 0.593860
vt 0.569198 0.587519
vt 0.569198 0.631907
vt 0.569198 0.581178
vt 0.569198 0.625566
vt 0.570783 0.676295
vt 0.569198 0.669954
vt 0.570783 0.574837
vt 0.569198 0.619225
vt 0.569198 0.663612
vt 0.569198 0.612884
vt 0.569198 0.657271
vt 0.569198 0.606542
vt 0.569198 0.650930
vt 0.569198 0.600201
vt 0.566027 0.619225
vt 0.566027 0.612884
vt 0.566027 0.663612
vt 0.566027 0.657271
vt 0.566027 0.606542
vt 0.566027 0.650930
vt 0.566027 0.600201
vt 0.566027 0.644589
vt 0.566027 0.593860
vt 0.566027 0.638248
vt 0.566027 0.587519
vt 0.566027 0.631907
vt 0.566027 0.581178
vt 0.566027 0.625566
vt 0.567612 0.676295
vt 0.566027 0.669954
vt 0.567612 0.574837
vt 0.562856 0.593860
vt 0.562856 0.587519
vt 0.562856 0.638248
vt 0.562856 0.631907
vt 0.562856 0.581178
vt 0.562856 0.625566
vt 0.564442 0.676295
vt 0.562856 0.669954
vt 0.564442 0.574837
vt 0.562856 0.619225
vt 0.562856 0.663612
vt 0.562856 0.612884
vt 0.562856 0.657271
vt 0.562856 0.606542
vt 0.562856 0.650930
vt 0.562856 0.600201
vt 0.562856 0.644589
vt 0.559686 0.612884
vt 0.559686 0.606542
vt 0.559686 0.657271
vt 0.559686 0.650930
vt 0.559686 0.600201
vt 0.559686 0.644589
vt 0.559686 0.593860
vt 0.559686 0.638248
vt 0.559686 0.587519
vt 0.559686 0.631907
vt 0.559686 0.581178
vt 0.559686 0.625566
vt 0.561271 0.676295
vt 0.559686 0.669954
vt 0.561271 0.574837
vt 0.559686 0.619225
vt 0.559686 0.663612
vt 0.556515 0.587519
vt 0.556515 0.581178
vt 0.556515 0.631907
vt 0.556515 0.625566
vt 0.558101 0.676295
vt 0.556515 0.669954
vt 0.558101 0.574837
vt 0.556515 0.619225
vt 0.556515 0.663612
vt 0.556515 0.612884
vt 0.556515 0.657271
vt 0.556515 0.606542
vt 0.556515 0.650930
vt 0.556515 0.600201
vt 0.556515 0.644589
vt 0.556515 0.593860
vt 0.556515 0.638248
vt 0.553345 0.657271
vt 0.553345 0.650930
vt 0.553345 0.606542
vt 0.553345 0.600201
vt 0.553345 0.644589
vt 0.553345 0.593860
vt 0.553345 0.638248
vt 0.553345 0.587519
vt 0.553345 0.631907
vt 0.553345 0.581178
vt 0.553345 0.625566
vt 0.554930 0.676295
vt 0.553345 0.669954
vt 0.554930 0.574837
vt 0.553345 0.619225
vt 0.553345 0.663612
vt 0.553345 0.612884
vt 0.550174 0.631907
vt 0.550174 0.625566
vt 0.551760 0.676295
vt 0.550174 0.669954
vt 0.551760 0.574837
vt 0.550174 0.581178
vt 0.550174 0.619225
vt 0.550174 0.663612
vt 0.550174 0.612884
vt 0.550174 0.657271
vt 0.550174 0.606542
vt 0.550174 0.650930
vt 0.550174 0.600201
vt 0.550174 0.644589
vt 0.550174 0.593860
vt 0.550174 0.638248
vt 0.550174 0.587519
vt 0.547004 0.606542
vt 0.547004 0.600201
vt 0.547004 0.650930
vt 0.547004 0.644589
vt 0.547004 0.593860
vt 0.547004 0.638248
vt 0.547004 0.587519
vt 0.547004 0.631907
vt 0.547004 0.581178
vt 0.547004 0.625566
vt 0.548589 0.676295
vt 0.547004 0.669954
vt 0.548589 0.574837
vt 0.547004 0.619225
vt 0.547004 0.663612
vt 0.547004 0.612884
vt 0.547004 0.657271
vt 0.545418 0.676295
vt 0.543833 0.669954
vt 0.545418 0.574837
vt 0.543833 0.581178
vt 0.543833 0.625566
vt 0.543833 0.619225
vt 0.543833 0.663612
vt 0.543833 0.612884
vt 0.543833 0.657271
vt 0.543833 0.606542
vt 0.543833 0.650930
vt 0.543833 0.600201
vt 0.543833 0.644589
vt 0.543833 0.593860
vt 0.543833 0.638248
vt 0.543833 0.587519
vt 0.543833 0.631907
vt 0.645291 0.644589
vt 0.645291 0.650930
vt 0.642120 0.650930
vt 0.642120 0.644589
vt 0.645291 0.593860
vt 0.645291 0.600201
vt 0.642120 0.600201
vt 0.642120 0.593860
vt 0.645291 0.638248
vt 0.642120 0.638248
vt 0.645291 0.587519
vt 0.642120 0.587519
vt 0.645291 0.631907
vt 0.642120 0.631907
vt 0.645291 0.581178
vt 0.642120 0.581178
vt 0.645291 0.625566
vt 0.642120 0.625566
vt 0.645291 0.669954
vt 0.643706 0.676295
vt 0.642120 0.669954
vt 0.643706 0.574837
vt 0.645291 0.619225
vt 0.642120 0.619225
vt 0.645291 0.663612
vt 0.642120 0.663612
vt 0.645291 0.612884
vt 0.642120 0.612884
vt 0.645291 0.657271
vt 0.642120 0.657271
vt 0.645291 0.606542
vt 0.642120 0.606542
vt 0.638950 0.625566
vt 0.638950 0.619225
vt 0.638950 0.669954
vt 0.638950 0.663612
vt 0.638950 0.612884
vt 0.638950 0.657271
vt 0.638950 0.606542
vt 0.638950 0.650930
vt 0.638950 0.600201
vt 0.638950 0.644589
vt 0.638950 0.593860
vt 0.638950 0.638248
vt 0.638950 0.587519
vt 0.638950 0.631907
vt 0.638950 0.581178
vt 0.640535 0.676295
vt 0.640535 0.574837
vt 0.635779 0.600201
vt 0.635779 0.593860
vt 0.635779 0.644589
vt 0.635779 0.638248
vt 0.635779 0.587519
vt 0.635779 0.631907
vt 0.635779 0.581178
vt 0.635779 0.625566
vt 0.637364 0.676295
vt 0.635779 0.669954
vt 0.637364 0.574837
vt 0.635779 0.619225
vt 0.635779 0.663612
vt 0.635779 0.612884
vt 0.635779 0.657271
vt 0.635779 0.606542
vt 0.635779 0.650930
vt 0.632609 0.619225
vt 0.632609 0.612884
vt 0.632609 0.663612
vt 0.632609 0.657271
vt 0.632609 0.606542
vt 0.632609 0.650930
vt 0.632609 0.600201
vt 0.632609 0.644589
vt 0.632609 0.593860
vt 0.632609 0.638248
vt 0.632609 0.587519
vt 0.632609 0.631907
vt 0.632609 0.581178
vt 0.632609 0.625566
vt 0.634194 0.676295
vt 0.632609 0.669954
vt 0.634194 0.574837
vt 0.629438 0.593860
vt 0.629438 0.587519
vt 0.629438 0.638248
vt 0.629438 0.631907
vt 0.629438 0.581178
vt 0.629438 0.625566
vt 0.631023 0.676295
vt 0.629438 0.669954
vt 0.631023 0.574837
vt 0.629438 0.619225
vt 0.629438 0.663612
vt 0.629438 0.612884
vt 0.629438 0.657271
vt 0.629438 0.606542
vt 0.629438 0.650930
vt 0.629438 0.600201
vt 0.629438 0.644589
vt 0.626267 0.663612
vt 0.626267 0.657271
vt 0.626267 0.612884
vt 0.626267 0.606542
vt 0.626267 0.650930
vt 0.626267 0.600201
vt 0.626267 0.644589
vt 0.626267 0.593860
vt 0.626267 0.638248
vt 0.626267 0.587519
vt 0.626267 0.631907
vt 0.626267 0.581178
vt 0.626267 0.625566
vt 0.627853 0.676295
vt 0.626267 0.669954
vt 0.627853 0.574837
vt 0.626267 0.619225
vt 0.623097 0.638248
vt 0.623097 0.631907
vt 0.623097 0.587519
vt 0.623097 0.581178
vt 0.623097 0.625566
vt 0.624682 0.676295
vt 0.623097 0.669954
vt 0.624682 0.574837
vt 0.623097 0.619225
vt 0.623097 0.663612
vt 0.623097 0.612884
vt 0.623097 0.657271
vt 0.623097 0.606542
vt 0.623097 0.650930
vt 0.623097 0.600201
vt 0.623097 0.644589
vt 0.623097 0.593860
vt 0.621512 0.676295
vt 0.621512 0.574837
s 0
f 1004/1831/882 1477/1832/882 1012/1833/882 1013/1834/882
f 1009/1835/883 1480/1836/883 1020/1837/883 1021/1838/883
f 1478/1839/884 1004/1831/884 1013/1834/884 1014/1840/884
f 1481/1841/885 1009/1835/885 1021/1838/885 1022/1842/885
f 1005/1843/886 1478/1839/886 1014/1840/886 1015/1844/886
f 1482/1845/887 1481/1841/887 1022/1842/887 1023/1846/887
f 1479/1847/888 1005/1843/888 1015/1844/888 1016/1848/888
f 1483/1849/889 1482/1845/889 1023/1846/889 1024/1850/889
f 1006/1851/890 1479/1847/890 1016/1848/890 1017/1852/890
f 1484/1853/891 1483/1849/891 1024/1850/891 1025/1854/891
f 1007/1855/892 1006/1851/892 1017/1852/892 1018/1856/892
f 1476/1857/893 1003/1858/893 1011/1859/893
f 1010/1860/894 1484/1853/894 1025/1854/894
f 1008/1861/895 1007/1855/895 1018/1856/895 1019/1862/895
f 1477/1832/896 1476/1857/896 1011/1859/896 1012/1833/896
f 1480/1836/897 1008/1861/897 1019/1862/897 1020/1837/897
f 1012/1833/898 1011/1859/898 1026/1863/898 1027/1864/898
f 1020/1837/899 1019/1862/899 1034/1865/899 1035/1866/899
f 1013/1834/900 1012/1833/900 1027/1864/900 1028/1867/900
f 1021/1838/901 1020/1837/901 1035/1866/901 1036/1868/901
f 1014/1840/902 1013/1834/902 1028/1867/902 1029/1869/902
f 1022/1842/903 1021/1838/903 1036/1868/903 1037/1870/903
f 1015/1844/904 1014/1840/904 1029/1869/904 1030/1871/904
f 1023/1846/905 1022/1842/905 1037/1870/905 1038/1872/905
f 1016/1848/906 1015/1844/906 1030/1871/906 1031/1873/906
f 1024/1850/907 1023/1846/907 1038/1872/907 1039/1874/907
f 1017/1852/908 1016/1848/908 1031/1873/908 1032/1875/908
f 1025/1854/909 1024/1850/909 1039/1874/909 1040/1876/909
f 1018/1856/910 1017/1852/910 1032/1875/910 1033/1877/910
f 1011/1859/911 1003/1878/911 1026/1863/911
f 1010/1879/912 1025/1854/912 1040/1876/912
f 1019/1862/913 1018/1856/913 1033/1877/913 1034/1865/913
f 1031/1873/914 1030/1871/914 1045/1880/914 1046/1881/914
f 1039/1874/915 1038/1872/915 1053/1882/915 1054/1883/915
f 1032/1875/916 1031/1873/916 1046/1881/916 1047/1884/916
f 1040/1876/917 1039/1874/917 1054/1883/917 1055/1885/917
f 1033/1877/918 1032/1875/918 1047/1884/918 1048/1886/918
f 1026/1863/919 1003/1887/919 1041/1888/919
f 1010/1889/920 1040/1876/920 1055/1885/920
f 1034/1865/921 1033/1877/921 1048/1886/921 1049/1890/921
f 1027/1864/922 1026/1863/922 1041/1888/922 1042/1891/922
f 1035/1866/923 1034/1865/923 1049/1890/923 1050/1892/923
f 1028/1867/924 1027/1864/924 1042/1891/924 1043/1893/924
f 1036/1868/925 1035/1866/925 1050/1892/925 1051/1894/925
f 1029/1869/926 1028/1867/926 1043/1893/926 1044/1895/926
f 1037/1870/927 1036/1868/927 1051/1894/927 1052/1896/927
f 1030/1871/928 1029/1869/928 1044/1895/928 1045/1880/928
f 1038/1872/929 1037/1870/929 1052/1896/929 1053/1882/929
f 1050/1892/930 1049/1890/930 1064/1897/930 1065/1898/930
f 1043/1893/931 1042/1891/931 1057/1899/931 1058/1900/931
f 1051/1894/932 1050/1892/932 1065/1898/932 1066/1901/932
f 1044/1895/933 1043/1893/933 1058/1900/933 1059/1902/933
f 1052/1896/934 1051/1894/934 1066/1901/934 1067/1903/934
f 1045/1880/935 1044/1895/935 1059/1902/935 1060/1904/935
f 1053/1882/936 1052/1896/936 1067/1903/936 1068/1905/936
f 1046/1881/937 1045/1880/937 1060/1904/937 1061/1906/937
f 1054/1883/938 1053/1882/938 1068/1905/938 1069/1907/938
f 1047/1884/939 1046/1881/939 1061/1906/939 1062/1908/939
f 1055/1885/940 1054/1883/940 1069/1907/940 1070/1909/940
f 1048/1886/941 1047/1884/941 1062/1908/941 1063/1910/941
f 1041/1888/942 1003/1911/942 1056/1912/942
f 1010/1913/943 1055/1885/943 1070/1909/943
f 1049/1890/944 1048/1886/944 1063/1910/944 1064/1897/944
f 1042/1891/945 1041/1888/945 1056/1912/945 1057/1899/945
f 1069/1907/946 1068/1905/946 1083/1914/946 1084/1915/946
f 1062/1908/947 1061/1906/947 1076/1916/947 1077/1917/947
f 1070/1909/948 1069/1907/948 1084/1915/948 1085/1918/948
f 1063/1910/949 1062/1908/949 1077/1917/949 1078/1919/949
f 1056/1912/950 1003/1920/950 1071/1921/950
f 1010/1922/951 1070/1909/951 1085/1918/951
f 1064/1897/952 1063/1910/952 1078/1919/952 1079/1923/952
f 1057/1899/953 1056/1912/953 1071/1921/953 1072/1924/953
f 1065/1898/954 1064/1897/954 1079/1923/954 1080/1925/954
f 1058/1900/955 1057/1899/955 1072/1924/955 1073/1926/955
f 1066/1901/956 1065/1898/956 1080/1925/956 1081/1927/956
f 1059/1902/957 1058/1900/957 1073/1926/957 1074/1928/957
f 1067/1903/958 1066/1901/958 1081/1927/958 1082/1929/958
f 1060/1904/959 1059/1902/959 1074/1928/959 1075/1930/959
f 1068/1905/960 1067/1903/960 1082/1929/960 1083/1914/960
f 1061/1906/961 1060/1904/961 1075/1930/961 1076/1916/961
f 1073/1926/962 1072/1924/962 1087/1931/962 1088/1932/962
f 1081/1927/963 1080/1925/963 1095/1933/963 1096/1934/963
f 1074/1928/964 1073/1926/964 1088/1932/964 1089/1935/964
f 1082/1929/965 1081/1927/965 1096/1934/965 1097/1936/965
f 1075/1930/966 1074/1928/966 1089/1935/966 1090/1937/966
f 1083/1914/967 1082/1929/967 1097/1936/967 1098/1938/967
f 1076/1916/968 1075/1930/968 1090/1937/968 1091/1939/968
f 1084/1915/969 1083/1914/969 1098/1938/969 1099/1940/969
f 1077/1917/970 1076/1916/970 1091/1939/970 1092/1941/970
f 1085/1918/971 1084/1915/971 1099/1940/971 1100/1942/971
f 1078/1919/972 1077/1917/972 1092/1941/972 1093/1943/972
f 1071/1921/973 1003/1944/973 1086/1945/973
f 1010/1946/974 1085/1918/974 1100/1942/974
f 1079/1923/975 1078/1919/975 1093/1943/975 1094/1947/975
f 1072/1924/976 1071/1921/976 1086/1945/976 1087/1931/976
f 1080/1925/977 1079/1923/977 1094/1947/977 1095/1933/977
f 1092/1941/978 1091/1939/978 1106/1948/978 1107/1949/978
f 1100/1942/979 1099/1940/979 1114/1950/979 1115/1951/979
f 1093/1943/980 1092/1941/980 1107/1949/980 1108/1952/980
f 1086/1945/981 1003/1953/981 1101/1954/981
f 1010/1955/982 1100/1942/982 1115/1951/982
f 1094/1947/983 1093/1943/983 1108/1952/983 1109/1956/983
f 1087/1931/984 1086/1945/984 1101/1954/984 1102/1957/984
f 1095/1933/985 1094/1947/985 1109/1956/985 1110/1958/985
f 1088/1932/986 1087/1931/986 1102/1957/986 1103/1959/986
f 1096/1934/987 1095/1933/987 1110/1958/987 1111/1960/987
f 1089/1935/988 1088/1932/988 1103/1959/988 1104/1961/988
f 1097/1936/989 1096/1934/989 1111/1960/989 1112/1962/989
f 1090/1937/990 1089/1935/990 1104/1961/990 1105/1963/990
f 1098/1938/991 1097/1936/991 1112/1962/991 1113/1964/991
f 1091/1939/992 1090/1937/992 1105/1963/992 1106/1948/992
f 1099/1940/993 1098/1938/993 1113/1964/993 1114/1950/993
f 1111/1960/994 1110/1958/994 1125/1965/994 1126/1966/994
f 1104/1961/995 1103/1959/995 1118/1967/995 1119/1968/995
f 1112/1962/996 1111/1960/996 1126/1966/996 1127/1969/996
f 1105/1963/997 1104/1961/997 1119/1968/997 1120/1970/997
f 1113/1964/998 1112/1962/998 1127/1969/998 1128/1971/998
f 1106/1948/999 1105/1963/999 1120/1970/999 1121/1972/999
f 1114/1950/1000 1113/1964/1000 1128/1971/1000 1129/1973/1000
f 1107/1949/1001 1106/1948/1001 1121/1972/1001 1122/1974/1001
f 1115/1951/1002 1114/1950/1002 1129/1973/1002 1130/1975/1002
f 1108/1952/1003 1107/1949/1003 1122/1974/1003 1123/1976/1003
f 1101/1954/1004 1003/1977/1004 1116/1978/1004
f 1010/1979/1005 1115/1951/1005 1130/1975/1005
f 1109/1956/1006 1108/1952/1006 1123/1976/1006 1124/1980/1006
f 1102/1957/1007 1101/1954/1007 1116/1978/1007 1117/1981/1007
f 1110/1958/1008 1109/1956/1008 1124/1980/1008 1125/1965/1008
f 1103/1959/1009 1102/1957/1009 1117/1981/1009 1118/1967/1009
f 1130/1975/1010 1129/1973/1010 1144/1982/1010 1145/1983/1010
f 1123/1976/1011 1122/1974/1011 1137/1984/1011 1138/1985/1011
f 1116/1978/1012 1003/1986/1012 1131/1987/1012
f 1010/1988/1013 1130/1975/1013 1145/1983/1013
f 1124/1980/1014 1123/1976/1014 1138/1985/1014 1139/1989/1014
f 1117/1981/1015 1116/1978/1015 1131/1987/1015 1132/1990/1015
f 1125/1965/1016 1124/1980/1016 1139/1989/1016 1140/1991/1016
f 1118/1967/1017 1117/1981/1017 1132/1990/1017 1133/1992/1017
f 1126/1966/1018 1125/1965/1018 1140/1991/1018 1141/1993/1018
f 1119/1968/1019 1118/1967/1019 1133/1992/1019 1134/1994/1019
f 1127/1969/1020 1126/1966/1020 1141/1993/1020 1142/1995/1020
f 1120/1970/1021 1119/1968/1021 1134/1994/1021 1135/1996/1021
f 1128/1971/1022 1127/1969/1022 1142/1995/1022 1143/1997/1022
f 1121/1972/1023 1120/1970/1023 1135/1996/1023 1136/1998/1023
f 1129/1973/1024 1128/1971/1024 1143/1997/1024 1144/1982/1024
f 1122/1974/1025 1121/1972/1025 1136/1998/1025 1137/1984/1025
f 1142/1995/1026 1141/1993/1026 1156/1999/1026 1157/2000/1026
f 1135/1996/1027 1134/1994/1027 1149/2001/1027 1150/2002/1027
f 1143/1997/1028 1142/1995/1028 1157/2000/1028 1158/2003/1028
f 1136/1998/1029 1135/1996/1029 1150/2002/1029 1151/2004/1029
f 1144/1982/1030 1143/1997/1030 1158/2003/1030 1159/2005/1030
f 1137/1984/1031 1136/1998/1031 1151/2004/1031 1152/2006/1031
f 1145/1983/1032 1144/1982/1032 1159/2005/1032 1160/2007/1032
f 1138/1985/1033 1137/1984/1033 1152/2006/1033 1153/2008/1033
f 1131/1987/1034 1003/2009/1034 1146/2010/1034
f 1010/2011/1035 1145/1983/1035 1160/2007/1035
f 1139/1989/1036 1138/1985/1036 1153/2008/1036 1154/2012/1036
f 1132/1990/1037 1131/1987/1037 1146/2010/1037 1147/2013/1037
f 1140/1991/1038 1139/1989/1038 1154/2012/1038 1155/2014/1038
f 1133/1992/1039 1132/1990/1039 1147/2013/1039 1148/2015/1039
f 1141/1993/1040 1140/1991/1040 1155/2014/1040 1156/1999/1040
f 1134/1994/1041 1133/1992/1041 1148/2015/1041 1149/2001/1041
f 1146/2010/1042 1003/2016/1042 1161/2017/1042
f 1010/2018/1043 1160/2007/1043 1175/2019/1043
f 1154/2012/1044 1153/2008/1044 1168/2020/1044 1169/2021/1044
f 1147/2013/1045 1146/2010/1045 1161/2017/1045 1162/2022/1045
f 1155/2014/1046 1154/2012/1046 1169/2021/1046 1170/2023/1046
f 1148/2015/1047 1147/2013/1047 1162/2022/1047 1163/2024/1047
f 1156/1999/1048 1155/2014/1048 1170/2023/1048 1171/2025/1048
f 1149/2001/1049 1148/2015/1049 1163/2024/1049 1164/2026/1049
f 1157/2000/1050 1156/1999/1050 1171/2025/1050 1172/2027/1050
f 1150/2002/1051 1149/2001/1051 1164/2026/1051 1165/2028/1051
f 1158/2003/1052 1157/2000/1052 1172/2027/1052 1173/2029/1052
f 1151/2004/1053 1150/2002/1053 1165/2028/1053 1166/2030/1053
f 1159/2005/1054 1158/2003/1054 1173/2029/1054 1174/2031/1054
f 1152/2006/1055 1151/2004/1055 1166/2030/1055 1167/2032/1055
f 1160/2007/1056 1159/2005/1056 1174/2031/1056 1175/2019/1056
f 1153/2008/1057 1152/2006/1057 1167/2032/1057 1168/2020/1057
f 1165/2028/1058 1164/2026/1058 1179/2033/1058 1180/2034/1058
f 1173/2029/1059 1172/2027/1059 1187/2035/1059 1188/2036/1059
f 1166/2030/1060 1165/2028/1060 1180/2034/1060 1181/2037/1060
f 1174/2031/1061 1173/2029/1061 1188/2036/1061 1189/2038/1061
f 1167/2032/1062 1166/2030/1062 1181/2037/1062 1182/2039/1062
f 1175/2019/1063 1174/2031/1063 1189/2038/1063 1190/2040/1063
f 1168/2020/1064 1167/2032/1064 1182/2039/1064 1183/2041/1064
f 1161/2017/1065 1003/2042/1065 1176/2043/1065
f 1010/2044/1066 1175/2019/1066 1190/2040/1066
f 1169/2021/1067 1168/2020/1067 1183/2041/1067 1184/2045/1067
f 1162/2022/1068 1161/2017/1068 1176/2043/1068 1177/2046/1068
f 1170/2023/1069 1169/2021/1069 1184/2045/1069 1185/2047/1069
f 1163/2024/1070 1162/2022/1070 1177/2046/1070 1178/2048/1070
f 1171/2025/1071 1170/2023/1071 1185/2047/1071 1186/2049/1071
f 1164/2026/1072 1163/2024/1072 1178/2048/1072 1179/2033/1072
f 1172/2027/1073 1171/2025/1073 1186/2049/1073 1187/2035/1073
f 1184/2045/1074 1183/2041/1074 1198/2050/1074 1199/2051/1074
f 1177/2046/1075 1176/2043/1075 1191/2052/1075 1192/2053/1075
f 1185/2047/1076 1184/2045/1076 1199/2051/1076 1200/2054/1076
f 1178/2048/1077 1177/2046/1077 1192/2053/1077 1193/2055/1077
f 1186/2049/1078 1185/2047/1078 1200/2054/1078 1201/2056/1078
f 1179/2033/1079 1178/2048/1079 1193/2055/1079 1194/2057/1079
f 1187/2035/1080 1186/2049/1080 1201/2056/1080 1202/2058/1080
f 1180/2034/1081 1179/2033/1081 1194/2057/1081 1195/2059/1081
f 1188/2036/1082 1187/2035/1082 1202/2058/1082 1203/2060/1082
f 1181/2037/1083 1180/2034/1083 1195/2059/1083 1196/2061/1083
f 1189/2038/1084 1188/2036/1084 1203/2060/1084 1204/2062/1084
f 1182/2039/1085 1181/2037/1085 1196/2061/1085 1197/2063/1085
f 1190/2040/1086 1189/2038/1086 1204/2062/1086 1205/2064/1086
f 1183/2041/1087 1182/2039/1087 1197/2063/1087 1198/2050/1087
f 1176/2043/1088 1003/2065/1088 1191/2052/1088
f 1010/2066/1089 1190/2040/1089 1205/2064/1089
f 1203/2060/1090 1202/2058/1090 1217/2067/1090 1218/2068/1090
f 1196/2061/1091 1195/2059/1091 1210/2069/1091 1211/2070/1091
f 1204/2062/1092 1203/2060/1092 1218/2068/1092 1219/2071/1092
f 1197/2063/1093 1196/2061/1093 1211/2070/1093 1212/2072/1093
f 1205/2064/1094 1204/2062/1094 1219/2071/1094 1220/2073/1094
f 1198/2050/1095 1197/2063/1095 1212/2072/1095 1213/2074/1095
f 1191/2052/1096 1003/2075/1096 1206/2076/1096
f 1010/2077/1097 1205/2064/1097 1220/2073/1097
f 1199/2051/1098 1198/2050/1098 1213/2074/1098 1214/2078/1098
f 1192/2053/1099 1191/2052/1099 1206/2076/1099 1207/2079/1099
f 1200/2054/1100 1199/2051/1100 1214/2078/1100 1215/2080/1100
f 1193/2055/1101 1192/2053/1101 1207/2079/1101 1208/2081/1101
f 1201/2056/1102 1200/2054/1102 1215/2080/1102 1216/2082/1102
f 1194/2057/1103 1193/2055/1103 1208/2081/1103 1209/2083/1103
f 1202/2058/1104 1201/2056/1104 1216/2082/1104 1217/2067/1104
f 1195/2059/1105 1194/2057/1105 1209/2083/1105 1210/2069/1105
f 1207/2079/1106 1206/2076/1106 1221/2084/1106 1222/2085/1106
f 1215/2080/1107 1214/2078/1107 1229/2086/1107 1230/2087/1107
f 1208/2081/1108 1207/2079/1108 1222/2085/1108 1223/2088/1108
f 1216/2082/1109 1215/2080/1109 1230/2087/1109 1231/2089/1109
f 1209/2083/1110 1208/2081/1110 1223/2088/1110 1224/2090/1110
f 1217/2067/1111 1216/2082/1111 1231/2089/1111 1232/2091/1111
f 1210/2069/1112 1209/2083/1112 1224/2090/1112 1225/2092/1112
f 1218/2068/1113 1217/2067/1113 1232/2091/1113 1233/2093/1113
f 1211/2070/1114 1210/2069/1114 1225/2092/1114 1226/2094/1114
f 1219/2071/1115 1218/2068/1115 1233/2093/1115 1234/2095/1115
f 1212/2072/1116 1211/2070/1116 1226/2094/1116 1227/2096/1116
f 1220/2073/1117 1219/2071/1117 1234/2095/1117 1235/2097/1117
f 1213/2074/1118 1212/2072/1118 1227/2096/1118 1228/2098/1118
f 1206/2076/1119 1003/2099/1119 1221/2084/1119
f 1010/2100/1120 1220/2073/1120 1235/2097/1120
f 1214/2078/1121 1213/2074/1121 1228/2098/1121 1229/2086/1121
f 1226/2094/1122 1225/2092/1122 1240/2101/1122 1241/2102/1122
f 1234/2095/1123 1233/2093/1123 1248/2103/1123 1249/2104/1123
f 1227/2096/1124 1226/2094/1124 1241/2102/1124 1242/2105/1124
f 1235/2097/1125 1234/2095/1125 1249/2104/1125 1250/2106/1125
f 1228/2098/1126 1227/2096/1126 1242/2105/1126 1243/2107/1126
f 1221/2084/1127 1003/2108/1127 1236/2109/1127
f 1010/2110/1128 1235/2097/1128 1250/2106/1128
f 1229/2086/1129 1228/2098/1129 1243/2107/1129 1244/2111/1129
f 1222/2085/1130 1221/2084/1130 1236/2109/1130 1237/2112/1130
f 1230/2087/1131 1229/2086/1131 1244/2111/1131 1245/2113/1131
f 1223/2088/1132 1222/2085/1132 1237/2112/1132 1238/2114/1132
f 1231/2089/1133 1230/2087/1133 1245/2113/1133 1246/2115/1133
f 1224/2090/1134 1223/2088/1134 1238/2114/1134 1239/2116/1134
f 1232/2091/1135 1231/2089/1135 1246/2115/1135 1247/2117/1135
f 1225/2092/1136 1224/2090/1136 1239/2116/1136 1240/2101/1136
f 1233/2093/1137 1232/2091/1137 1247/2117/1137 1248/2103/1137
f 1245/2113/1138 1244/2111/1138 1259/2118/1138 1260/2119/1138
f 1238/2114/1139 1237/2112/1139 1252/2120/1139 1253/2121/1139
f 1246/2115/1140 1245/2113/1140 1260/2119/1140 1261/2122/1140
f 1239/2116/1141 1238/2114/1141 1253/2121/1141 1254/2123/1141
f 1247/2117/1142 1246/2115/1142 1261/2122/1142 1262/2124/1142
f 1240/2101/1143 1239/2116/1143 1254/2123/1143 1255/2125/1143
f 1248/2103/1144 1247/2117/1144 1262/2124/1144 1263/2126/1144
f 1241/2102/1145 1240/2101/1145 1255/2125/1145 1256/2127/1145
f 1249/2104/1146 1248/2103/1146 1263/2126/1146 1264/2128/1146
f 1242/2105/1147 1241/2102/1147 1256/2127/1147 1257/2129/1147
f 1250/2106/1148 1249/2104/1148 1264/2128/1148 1265/2130/1148
f 1243/2107/1149 1242/2105/1149 1257/2129/1149 1258/2131/1149
f 1236/2109/1150 1003/2132/1150 1251/2133/1150
f 1010/2134/1151 1250/2106/1151 1265/2130/1151
f 1244/2111/1152 1243/2107/1152 1258/2131/1152 1259/2118/1152
f 1237/2112/1153 1236/2109/1153 1251/2133/1153 1252/2120/1153
f 1264/2128/1154 1263/2126/1154 1278/2135/1154 1279/2136/1154
f 1257/2129/1155 1256/2127/1155 1271/2137/1155 1272/2138/1155
f 1265/2130/1156 1264/2128/1156 1279/2136/1156 1280/2139/1156
f 1258/2131/1157 1257/2129/1157 1272/2138/1157 1273/2140/1157
f 1251/2133/1158 1003/2141/1158 1266/2142/1158
f 1010/2143/1159 1265/2130/1159 1280/2139/1159
f 1259/2118/1160 1258/2131/1160 1273/2140/1160 1274/2144/1160
f 1252/2120/1161 1251/2133/1161 1266/2142/1161 1267/2145/1161
f 1260/2119/1162 1259/2118/1162 1274/2144/1162 1275/2146/1162
f 1253/2121/1163 1252/2120/1163 1267/2145/1163 1268/2147/1163
f 1261/2122/1164 1260/2119/1164 1275/2146/1164 1276/2148/1164
f 1254/2123/1165 1253/2121/1165 1268/2147/1165 1269/2149/1165
f 1262/2124/1166 1261/2122/1166 1276/2148/1166 1277/2150/1166
f 1255/2125/1167 1254/2123/1167 1269/2149/1167 1270/2151/1167
f 1263/2126/1168 1262/2124/1168 1277/2150/1168 1278/2135/1168
f 1256/2127/1169 1255/2125/1169 1270/2151/1169 1271/2137/1169
f 1276/2148/1170 1275/2146/1170 1290/2152/1170 1291/2153/1170
f 1269/2149/1171 1268/2147/1171 1283/2154/1171 1284/2155/1171
f 1277/2150/1172 1276/2148/1172 1291/2153/1172 1292/2156/1172
f 1270/2151/1173 1269/2149/1173 1284/2155/1173 1285/2157/1173
f 1278/2135/1174 1277/2150/1174 1292/2156/1174 1293/2158/1174
f 1271/2137/1175 1270/2151/1175 1285/2157/1175 1286/2159/1175
f 1279/2136/1176 1278/2135/1176 1293/2158/1176 1294/2160/1176
f 1272/2138/1177 1271/2137/1177 1286/2159/1177 1287/2161/1177
f 1280/2139/1178 1279/2136/1178 1294/2160/1178 1295/2162/1178
f 1273/2140/1179 1272/2138/1179 1287/2161/1179 1288/2163/1179
f 1266/2142/1180 1003/2164/1180 1281/2165/1180
f 1010/2166/1181 1280/2139/1181 1295/2162/1181
f 1274/2144/1182 1273/2140/1182 1288/2163/1182 1289/2167/1182
f 1267/2145/1183 1266/2142/1183 1281/2165/1183 1282/2168/1183
f 1275/2146/1184 1274/2144/1184 1289/2167/1184 1290/2152/1184
f 1268/2147/1185 1267/2145/1185 1282/2168/1185 1283/2154/1185
f 1295/2162/1186 1294/2160/1186 1309/2169/1186 1310/2170/1186
f 1288/2163/1187 1287/2161/1187 1302/2171/1187 1303/2172/1187
f 1281/2165/1188 1003/2173/1188 1296/2174/1188
f 1010/2175/1189 1295/2162/1189 1310/2170/1189
f 1289/2167/1190 1288/2163/1190 1303/2172/1190 1304/2176/1190
f 1282/2168/1191 1281/2165/1191 1296/2174/1191 1297/2177/1191
f 1290/2152/1192 1289/2167/1192 1304/2176/1192 1305/2178/1192
f 1283/2154/1193 1282/2168/1193 1297/2177/1193 1298/2179/1193
f 1291/2153/1194 1290/2152/1194 1305/2178/1194 1306/2180/1194
f 1284/2155/1195 1283/2154/1195 1298/2179/1195 1299/2181/1195
f 1292/2156/1196 1291/2153/1196 1306/2180/1196 1307/2182/1196
f 1285/2157/1197 1284/2155/1197 1299/2181/1197 1300/2183/1197
f 1293/2158/1198 1292/2156/1198 1307/2182/1198 1308/2184/1198
f 1286/2159/1199 1285/2157/1199 1300/2183/1199 1301/2185/1199
f 1294/2160/1200 1293/2158/1200 1308/2184/1200 1309/2169/1200
f 1287/2161/1201 1286/2159/1201 1301/2185/1201 1302/2171/1201
f 1299/2181/1202 1298/2179/1202 1313/2186/1202 1314/2187/1202
f 1307/2182/1203 1306/2180/1203 1321/2188/1203 1322/2189/1203
f 1300/2183/1204 1299/2181/1204 1314/2187/1204 1315/2190/1204
f 1308/2184/1205 1307/2182/1205 1322/2189/1205 1323/2191/1205
f 1301/2185/1206 1300/2183/1206 1315/2190/1206 1316/2192/1206
f 1309/2169/1207 1308/2184/1207 1323/2191/1207 1324/2193/1207
f 1302/2171/1208 1301/2185/1208 1316/2192/1208 1317/2194/1208
f 1310/2170/1209 1309/2169/1209 1324/2193/1209 1325/2195/1209
f 1303/2172/1210 1302/2171/1210 1317/2194/1210 1318/2196/1210
f 1296/2174/1211 1003/2197/1211 1311/2198/1211
f 1010/2199/1212 1310/2170/1212 1325/2195/1212
f 1304/2176/1213 1303/2172/1213 1318/2196/1213 1319/2200/1213
f 1297/2177/1214 1296/2174/1214 1311/2198/1214 1312/2201/1214
f 1305/2178/1215 1304/2176/1215 1319/2200/1215 1320/2202/1215
f 1298/2179/1216 1297/2177/1216 1312/2201/1216 1313/2186/1216
f 1306/2180/1217 1305/2178/1217 1320/2202/1217 1321/2188/1217
f 1318/2196/1218 1317/2194/1218 1332/2203/1218 1333/2204/1218
f 1311/2198/1219 1003/2205/1219 1326/2206/1219
f 1010/2207/1220 1325/2195/1220 1340/2208/1220
f 1319/2200/1221 1318/2196/1221 1333/2204/1221 1334/2209/1221
f 1312/2201/1222 1311/2198/1222 1326/2206/1222 1327/2210/1222
f 1320/2202/1223 1319/2200/1223 1334/2209/1223 1335/2211/1223
f 1313/2186/1224 1312/2201/1224 1327/2210/1224 1328/2212/1224
f 1321/2188/1225 1320/2202/1225 1335/2211/1225 1336/2213/1225
f 1314/2187/1226 1313/2186/1226 1328/2212/1226 1329/2214/1226
f 1322/2189/1227 1321/2188/1227 1336/2213/1227 1337/2215/1227
f 1315/2190/1228 1314/2187/1228 1329/2214/1228 1330/2216/1228
f 1323/2191/1229 1322/2189/1229 1337/2215/1229 1338/2217/1229
f 1316/2192/1230 1315/2190/1230 1330/2216/1230 1331/2218/1230
f 1324/2193/1231 1323/2191/1231 1338/2217/1231 1339/2219/1231
f 1317/2194/1232 1316/2192/1232 1331/2218/1232 1332/2203/1232
f 1325/2195/1233 1324/2193/1233 1339/2219/1233 1340/2208/1233
f 1337/2215/1234 1336/2213/1234 1351/2220/1234 1352/2221/1234
f 1330/2216/1235 1329/2214/1235 1344/2222/1235 1345/2223/1235
f 1338/2217/1236 1337/2215/1236 1352/2221/1236 1353/2224/1236
f 1331/2218/1237 1330/2216/1237 1345/2223/1237 1346/2225/1237
f 1339/2219/1238 1338/2217/1238 1353/2224/1238 1354/2226/1238
f 1332/2203/1239 1331/2218/1239 1346/2225/1239 1347/2227/1239
f 1340/2208/1240 1339/2219/1240 1354/2226/1240 1355/2228/1240
f 1333/2204/1241 1332/2203/1241 1347/2227/1241 1348/2229/1241
f 1326/2206/1242 1003/2230/1242 1341/2231/1242
f 1010/2232/1243 1340/2208/1243 1355/2228/1243
f 1334/2209/1244 1333/2204/1244 1348/2229/1244 1349/2233/1244
f 1327/2210/1245 1326/2206/1245 1341/2231/1245 1342/2234/1245
f 1335/2211/1246 1334/2209/1246 1349/2233/1246 1350/2235/1246
f 1328/2212/1247 1327/2210/1247 1342/2234/1247 1343/2236/1247
f 1336/2213/1248 1335/2211/1248 1350/2235/1248 1351/2220/1248
f 1329/2214/1249 1328/2212/1249 1343/2236/1249 1344/2222/1249
f 1341/2231/1250 1003/2237/1250 1356/2238/1250
f 1010/2239/1251 1355/2228/1251 1370/2240/1251
f 1349/2233/1252 1348/2229/1252 1363/2241/1252 1364/2242/1252
f 1342/2234/1253 1341/2231/1253 1356/2238/1253 1357/2243/1253
f 1350/2235/1254 1349/2233/1254 1364/2242/1254 1365/2244/1254
f 1343/2236/1255 1342/2234/1255 1357/2243/1255 1358/2245/1255
f 1351/2220/1256 1350/2235/1256 1365/2244/1256 1366/2246/1256
f 1344/2222/1257 1343/2236/1257 1358/2245/1257 1359/2247/1257
f 1352/2221/1258 1351/2220/1258 1366/2246/1258 1367/2248/1258
f 1345/2223/1259 1344/2222/1259 1359/2247/1259 1360/2249/1259
f 1353/2224/1260 1352/2221/1260 1367/2248/1260 1368/2250/1260
f 1346/2225/1261 1345/2223/1261 1360/2249/1261 1361/2251/1261
f 1354/2226/1262 1353/2224/1262 1368/2250/1262 1369/2252/1262
f 1347/2227/1263 1346/2225/1263 1361/2251/1263 1362/2253/1263
f 1355/2228/1264 1354/2226/1264 1369/2252/1264 1370/2240/1264
f 1348/2229/1265 1347/2227/1265 1362/2253/1265 1363/2241/1265
f 1360/2254/1266 1359/2255/1266 1374/2256/1266 1375/2257/1266
f 1368/2258/1267 1367/2259/1267 1382/2260/1267 1383/2261/1267
f 1361/2262/1268 1360/2254/1268 1375/2257/1268 1376/2263/1268
f 1369/2264/1269 1368/2258/1269 1383/2261/1269 1384/2265/1269
f 1362/2266/1270 1361/2262/1270 1376/2263/1270 1377/2267/1270
f 1370/2268/1271 1369/2264/1271 1384/2265/1271 1385/2269/1271
f 1363/2270/1272 1362/2266/1272 1377/2267/1272 1378/2271/1272
f 1356/2272/1273 1003/2273/1273 1371/2274/1273
f 1010/2275/1274 1370/2268/1274 1385/2269/1274
f 1364/2276/1275 1363/2270/1275 1378/2271/1275 1379/2277/1275
f 1357/2278/1276 1356/2272/1276 1371/2274/1276 1372/2279/1276
f 1365/2280/1277 1364/2276/1277 1379/2277/1277 1380/2281/1277
f 1358/2282/1278 1357/2278/1278 1372/2279/1278 1373/2283/1278
f 1366/2284/1279 1365/2280/1279 1380/2281/1279 1381/2285/1279
f 1359/2255/1280 1358/2282/1280 1373/2283/1280 1374/2256/1280
f 1367/2259/1281 1366/2284/1281 1381/2285/1281 1382/2260/1281
f 1379/2277/1282 1378/2271/1282 1393/2286/1282 1394/2287/1282
f 1372/2279/1283 1371/2274/1283 1386/2288/1283 1387/2289/1283
f 1380/2281/1284 1379/2277/1284 1394/2287/1284 1395/2290/1284
f 1373/2283/1285 1372/2279/1285 1387/2289/1285 1388/2291/1285
f 1381/2285/1286 1380/2281/1286 1395/2290/1286 1396/2292/1286
f 1374/2256/1287 1373/2283/1287 1388/2291/1287 1389/2293/1287
f 1382/2260/1288 1381/2285/1288 1396/2292/1288 1397/2294/1288
f 1375/2257/1289 1374/2256/1289 1389/2293/1289 1390/2295/1289
f 1383/2261/1290 1382/2260/1290 1397/2294/1290 1398/2296/1290
f 1376/2263/1291 1375/2257/1291 1390/2295/1291 1391/2297/1291
f 1384/2265/1292 1383/2261/1292 1398/2296/1292 1399/2298/1292
f 1377/2267/1293 1376/2263/1293 1391/2297/1293 1392/2299/1293
f 1385/2269/1294 1384/2265/1294 1399/2298/1294 1400/2300/1294
f 1378/2271/1295 1377/2267/1295 1392/2299/1295 1393/2286/1295
f 1371/2274/1296 1003/2301/1296 1386/2288/1296
f 1010/2302/1297 1385/2269/1297 1400/2300/1297
f 1398/2296/1298 1397/2294/1298 1412/2303/1298 1413/2304/1298
f 1391/2297/1299 1390/2295/1299 1405/2305/1299 1406/2306/1299
f 1399/2298/1300 1398/2296/1300 1413/2304/1300 1414/2307/1300
f 1392/2299/1301 1391/2297/1301 1406/2306/1301 1407/2308/1301
f 1400/2300/1302 1399/2298/1302 1414/2307/1302 1415/2309/1302
f 1393/2286/1303 1392/2299/1303 1407/2308/1303 1408/2310/1303
f 1386/2288/1304 1003/2311/1304 1401/2312/1304
f 1010/2313/1305 1400/2300/1305 1415/2309/1305
f 1394/2287/1306 1393/2286/1306 1408/2310/1306 1409/2314/1306
f 1387/2289/1307 1386/2288/1307 1401/2312/1307 1402/2315/1307
f 1395/2290/1308 1394/2287/1308 1409/2314/1308 1410/2316/1308
f 1388/2291/1309 1387/2289/1309 1402/2315/1309 1403/2317/1309
f 1396/2292/1310 1395/2290/1310 1410/2316/1310 1411/2318/1310
f 1389/2293/1311 1388/2291/1311 1403/2317/1311 1404/2319/1311
f 1397/2294/1312 1396/2292/1312 1411/2318/1312 1412/2303/1312
f 1390/2295/1313 1389/2293/1313 1404/2319/1313 1405/2305/1313
f 1410/2316/1314 1409/2314/1314 1424/2320/1314 1425/2321/1314
f 1403/2317/1315 1402/2315/1315 1417/2322/1315 1418/2323/1315
f 1411/2318/1316 1410/2316/1316 1425/2321/1316 1426/2324/1316
f 1404/2319/1317 1403/2317/1317 1418/2323/1317 1419/2325/1317
f 1412/2303/1318 1411/2318/1318 1426/2324/1318 1427/2326/1318
f 1405/2305/1319 1404/2319/1319 1419/2325/1319 1420/2327/1319
f 1413/2304/1320 1412/2303/1320 1427/2326/1320 1428/2328/1320
f 1406/2306/1321 1405/2305/1321 1420/2327/1321 1421/2329/1321
f 1414/2307/1322 1413/2304/1322 1428/2328/1322 1429/2330/1322
f 1407/2308/1323 1406/2306/1323 1421/2329/1323 1422/2331/1323
f 1415/2309/1324 1414/2307/1324 1429/2330/1324 1430/2332/1324
f 1408/2310/1325 1407/2308/1325 1422/2331/1325 1423/2333/1325
f 1401/2312/1326 1003/2334/1326 1416/2335/1326
f 1010/2336/1327 1415/2309/1327 1430/2332/1327
f 1409/2314/1328 1408/2310/1328 1423/2333/1328 1424/2320/1328
f 1402/2315/1329 1401/2312/1329 1416/2335/1329 1417/2322/1329
f 1429/2330/1330 1428/2328/1330 1443/2337/1330 1444/2338/1330
f 1422/2331/1331 1421/2329/1331 1436/2339/1331 1437/2340/1331
f 1430/2332/1332 1429/2330/1332 1444/2338/1332 1445/2341/1332
f 1423/2333/1333 1422/2331/1333 1437/2340/1333 1438/2342/1333
f 1416/2335/1334 1003/2343/1334 1431/2344/1334
f 1010/2345/1335 1430/2332/1335 1445/2341/1335
f 1424/2320/1336 1423/2333/1336 1438/2342/1336 1439/2346/1336
f 1417/2322/1337 1416/2335/1337 1431/2344/1337 1432/2347/1337
f 1425/2321/1338 1424/2320/1338 1439/2346/1338 1440/2348/1338
f 1418/2323/1339 1417/2322/1339 1432/2347/1339 1433/2349/1339
f 1426/2324/1340 1425/2321/1340 1440/2348/1340 1441/2350/1340
f 1419/2325/1341 1418/2323/1341 1433/2349/1341 1434/2351/1341
f 1427/2326/1342 1426/2324/1342 1441/2350/1342 1442/2352/1342
f 1420/2327/1343 1419/2325/1343 1434/2351/1343 1435/2353/1343
f 1428/2328/1344 1427/2326/1344 1442/2352/1344 1443/2337/1344
f 1421/2329/1345 1420/2327/1345 1435/2353/1345 1436/2339/1345
f 1433/2349/1346 1432/2347/1346 1447/2354/1346 1448/2355/1346
f 1441/2350/1347 1440/2348/1347 1455/2356/1347 1456/2357/1347
f 1434/2351/1348 1433/2349/1348 1448/2355/1348 1449/2358/1348
f 1442/2352/1349 1441/2350/1349 1456/2357/1349 1457/2359/1349
f 1435/2353/1350 1434/2351/1350 1449/2358/1350 1450/2360/1350
f 1443/2337/1351 1442/2352/1351 1457/2359/1351 1458/2361/1351
f 1436/2339/1352 1435/2353/1352 1450/2360/1352 1451/2362/1352
f 1444/2338/1353 1443/2337/1353 1458/2361/1353 1459/2363/1353
f 1437/2340/1354 1436/2339/1354 1451/2362/1354 1452/2364/1354
f 1445/2341/1355 1444/2338/1355 1459/2363/1355 1460/2365/1355
f 1438/2342/1356 1437/2340/1356 1452/2364/1356 1453/2366/1356
f 1431/2344/1357 1003/2367/1357 1446/2368/1357
f 1010/2369/1358 1445/2341/1358 1460/2365/1358
f 1439/2346/1359 1438/2342/1359 1453/2366/1359 1454/2370/1359
f 1432/2347/1360 1431/2344/1360 1446/2368/1360 1447/2354/1360
f 1440/2348/1361 1439/2346/1361 1454/2370/1361 1455/2356/1361
f 1452/2364/1362 1451/2362/1362 1466/2371/1362 1467/2372/1362
f 1460/2365/1363 1459/2363/1363 1474/2373/1363 1475/2374/1363
f 1453/2366/1364 1452/2364/1364 1467/2372/1364 1468/2375/1364
f 1446/2368/1365 1003/2376/1365 1461/2377/1365
f 1010/2378/1366 1460/2365/1366 1475/2374/1366
f 1454/2370/1367 1453/2366/1367 1468/2375/1367 1469/2379/1367
f 1447/2354/1368 1446/2368/1368 1461/2377/1368 1462/2380/1368
f 1455/2356/1369 1454/2370/1369 1469/2379/1369 1470/2381/1369
f 1448/2355/1370 1447/2354/1370 1462/2380/1370 1463/2382/1370
f 1456/2357/1371 1455/2356/1371 1470/2381/1371 1471/2383/1371
f 1449/2358/1372 1448/2355/1372 1463/2382/1372 1464/2384/1372
f 1457/2359/1373 1456/2357/1373 1471/2383/1373 1472/2385/1373
f 1450/2360/1374 1449/2358/1374 1464/2384/1374 1465/2386/1374
f 1458/2361/1375 1457/2359/1375 1472/2385/1375 1473/2387/1375
f 1451/2362/1376 1450/2360/1376 1465/2386/1376 1466/2371/1376
f 1459/2363/1377 1458/2361/1377 1473/2387/1377 1474/2373/1377
f 1471/2383/1378 1470/2381/1378 1480/1836/1378 1009/1835/1378
f 1464/2384/1379 1463/2382/1379 1004/1831/1379 1478/1839/1379
f 1472/2385/1380 1471/2383/1380 1009/1835/1380 1481/1841/1380
f 1465/2386/1381 1464/2384/1381 1478/1839/1381 1005/1843/1381
f 1473/2387/1382 1472/2385/1382 1481/1841/1382 1482/1845/1382
f 1466/2371/1383 1465/2386/1383 1005/1843/1383 1479/1847/1383
f 1474/2373/1384 1473/2387/1384 1482/1845/1384 1483/1849/1384
f 1467/2372/1385 1466/2371/1385 1479/1847/1385 1006/1851/1385
f 1475/2374/1386 1474/2373/1386 1483/1849/1386 1484/1853/1386
f 1468/2375/1387 1467/2372/1387 1006/1851/1387 1007/1855/1387
f 1461/2377/1388 1003/2388/1388 1476/1857/1388
f 1010/2389/1389 1475/2374/1389 1484/1853/1389
f 1469/2379/1390 1468/2375/1390 1007/1855/1390 1008/1861/1390
f 1462/2380/1391 1461/2377/1391 1476/1857/1391 1477/1832/1391
f 1470/2381/1392 1469/2379/1392 1008/1861/1392 1480/1836/1392
f 1463/2382/1393 1462/2380/1393 1477/1832/1393 1004/1831/1393
