# This file was created by meshio v5.3.5
11630 4 0
0 527 767 1793 1615
1 2432 405 2399 2467
2 2416 2328 903 2399
3 1249 1511 2007 2140
4 2195 1735 1429 1393
5 596 1044 1224 1607
6 1235 1272 1456 1513
7 1454 1051 1703 2151
8 604 1316 1352 1562
9 856 984 1697 1825
10 1974 626 2084 2214
11 395 1465 1602 1800
12 1306 391 1622 1975
13 415 625 979 1189
14 1950 1949 1963 2257
15 1013 1931 2077 2159
16 636 1424 386 1775
17 940 768 943 1356
18 400 818 875 1040
19 1919 977 1947 2010
20 171 922 1074 2085
21 2291 2305 1282 2293
22 1119 1004 1253 1569
23 13 993 1502 1675
24 215 591 965 1443
25 492 356 1514 1618
26 485 737 1228 1461
27 82 1713 2090 2176
28 1059 348 1433 1748
29 1943 2351 1055 747
30 2415 2404 2419 2395
31 2220 1122 2236 2239
32 1167 328 1360 1956
33 65 1161 1366 1391
34 410 473 892 1558
35 424 687 883 947
36 550 1254 465 661
37 631 1623 1705 1876
38 1952 1860 2056 2102
39 1653 1351 1373 1419
40 291 1606 422 1422
41 634 490 749 755
42 529 1419 1653 1799
43 789 70 1094 1444
44 1508 1374 1512 1791
45 1021 1333 1935 1954
46 832 399 836 931
47 176 722 807 1656
48 427 713 860 1580
49 663 1378 2381 2382
50 419 180 478 946
51 328 762 1724 1956
52 1067 892 1416 507
53 1899 1868 1933 2232
54 812 959 1306 2089
55 67 689 937 1805
56 2475 2115 516 939
57 646 205 1478 2315
58 640 786 2243 2255
59 401 945 1142 1483
60 534 96 849 1462
61 233 163 576 964
62 164 161 533 1261
63 703 1243 788 978
64 40 42 1148 1746
65 1164 1474 2339 2343
66 713 427 956 1580
67 267 513 661 1159
68 80 447 522 544
69 626 2360 2364 2374
70 678 865 883 1651
71 739 809 1473 1557
72 1011 2361 2390 2393
73 668 399 931 1014
74 1200 458 1720 1984
75 765 501 1171 1992
76 519 1131 796 836
77 104 96 1318 1467
78 1758 839 1688 1508
79 1559 641 1760 1890
80 562 797 1424 1563
81 792 834 1650 2082
82 1851 1822 1854 1857
83 783 1830 2010 2177
84 564 947 1530 1788
85 389 600 1174 2063
86 438 786 1438 1704
87 2271 2275 1054 1970
88 2056 1860 2069 2102
89 839 1685 2115 2215
90 387 379 533 1238
91 2329 2090 2248 1121
92 960 1401 1895 1928
93 1200 1704 1720 2190
94 839 208 1440 1494
95 374 410 1411 1416
96 2350 1701 2363 2396
97 38 56 375 523
98 1511 1415 2072 2148
99 876 751 1592 1648
100 52 62 50 504
101 1234 542 1752 2026
102 374 708 892 1067
103 1487 1558 1539 1569
104 1489 1045 1847 1773
105 624 2004 1807 401
106 1079 1719 1880 2169
107 1670 1708 1905 2046
108 1475 2359 2389 366
109 715 336 1598 1600
110 1477 1360 1591 1753
111 122 543 1132 1628
112 1724 2044 1075 2016
113 2036 2439 2440 2493
114 845 115 885 1317
115 809 774 1702 1713
116 523 56 1809 2049
117 564 353 1152 1649
118 1683 1923 2053 603
119 1111 856 1485 1793
120 1328 1899 1933 2029
121 531 1526 1962 2093
122 680 424 1213 1322
123 544 89 948 1349
124 623 680 1332 1452
125 1044 1254 1292 2031
126 919 154 1082 1471
127 1424 600 1472 1775
128 679 684 1126 1696
129 1337 798 1341 1994
130 576 417 1146 1885
131 717 710 1110 1327
132 351 517 662 1279
133 566 2395 2406 2426
134 871 1952 2092 2102
135 1305 1268 1900 1908
136 2195 1326 431 881
137 1416 507 2236 2239
138 985 1199 1305 1346
139 515 1002 525 63
140 925 2008 2036 2439
141 729 746 978 1243
142 1421 403 1659 2022
143 892 1067 1416 374
144 680 933 1322 1754
145 1033 107 1378 1570
146 476 1497 1564 2088
147 481 246 692 860
148 1271 1281 1856 1860
149 959 400 1040 2089
150 425 797 880 904
151 484 578 876 1494
152 549 236 592 2360
153 1030 276 1059 1409
154 649 934 1307 1580
155 667 622 671 1849
156 313 314 442 688
157 461 670 890 1338
158 1959 985 2020 2099
159 1255 1029 2249 2253
160 288 396 1810 1960
161 1503 1162 46 1008
162 960 424 1041 1381
163 509 845 885 1317
164 1111 712 2438 2101
165 2291 2305 2293 1945
166 1432 415 1437 2118
167 833 505 1133 1205
168 2113 1454 1329 987
169 875 473 1149 1606
170 549 1821 1850 2048
171 943 908 992 1185
172 2069 2309 1138 2056
173 1493 2249 2253 2262
174 169 753 1014 1970
175 1028 535 2337 2356
176 771 92 904 1342
177 393 579 417 1180
178 245 548 1368 2198
179 29 726 776 802
180 925 2194 2238 2466
181 564 424 947 1152
182 2340 1225 2352 2353
183 31 691 912 1188
184 260 1182 917 1961
185 1122 496 1290 1448
186 189 464 1953 1959
187 139 898 1087 1166
188 592 626 1850 2360
189 462 1617 230 1072
190 268 620 1226 1254
191 91 809 904 1390
192 726 27 776 802
193 307 1481 1812 2033
194 1594 1535 1848 1879
195 642 1620 2014 1278
196 730 270 1258 1815
197 703 1243 1506 788
198 400 1577 1598 1659
199 496 1040 1306 1448
200 558 401 934 1307
201 511 374 574 1687
202 406 295 1080 1096
203 594 267 1030 1754
204 1781 1303 1889 2077
205 368 577 1151 1678
206 658 1489 1893 1932
207 862 439 872 1469
208 52 51 1361 1827
209 1686 2448 2473 2490
210 216 685 811 1156
211 1949 482 1990 2257
212 731 805 583 226
213 773 319 1158 1637
214 530 97 927 1009
215 1526 560 2344 2354
216 380 832 1187 519
217 909 1714 1112 1059
218 796 836 1131 1348
219 1217 869 1242 1699
220 450 1286 1502 1844
221 365 1025 1124 1732
222 1906 628 1304 362
223 601 668 858 1054
224 380 500 1105 1350
225 1361 318 1684 2386
226 1737 1144 1741 1893
227 805 583 1298 1456
228 2349 2347 2382 398
229 473 507 892 1088
230 1954 1841 1333 1935
231 52 1169 1202 1827
232 1164 980 1713 2090
233 1008 45 879 1872
234 2007 1400 2122 2189
235 251 670 1050 1208
236 312 1710 1784 2033
237 2286 1140 2287 2342
238 620 268 778 1154
239 1625 1353 2302 2304
240 99 637 821 1912
241 140 467 485 1228
242 960 469 1060 1401
243 535 895 1013 1736
244 47 324 1163 1872
245 663 499 1378 1907
246 899 13 1502 1675
247 895 1931 2034 367
248 2103 1015 760 221
249 1914 1883 961 423
250 1509 1466 1524 1675
251 696 71 1205 1263
252 63 525 915 2338
253 455 1954 2288 2304
254 591 215 646 1443
255 400 523 971 1598
256 869 995 1271 1962
257 1129 61 1250 1680
258 1946 2135 2247 2154
259 2089 496 2132 2236
260 948 89 1217 1604
261 396 1252 287 911
262 1757 1513 1916 2502
263 717 416 1053 1794
264 64 1948 2018 1406
265 585 1542 1981 2160
266 693 411 750 793
267 686 652 1362 1383
268 1734 1504 2045 2265
269 295 1078 1080 1096
270 746 729 978 1026
271 612 67 928 1335
272 474 580 1470 1553
273 1090 1757 2496 2499
274 1176 88 1632 2108
275 1052 1096 1236 1867
276 1946 2107 2154 2247
277 617 256 860 896
278 569 409 1171 1873
279 1414 250 1643 1658
280 1643 996 1654 1658
281 439 974 1287 1496
282 222 664 750 1573
283 800 651 1696 2227
284 2024 2072 2136 2148
285 768 943 944 2079
286 1701 405 2422 2433
287 1316 702 1367 2166
288 1016 532 1478 2265
289 937 1559 1760 1808
290 1260 15 1457 1548
291 778 1224 1044 258
292 399 601 1479 1783
293 857 509 914 963
294 993 1466 1675 1818
295 1014 677 1591 1989
296 2369 1516 475 915
297 1084 1120 1644 1784
298 526 772 1210 2404
299 340 339 383 410
300 1209 43 1231 1769
301 611 794 2134 547
302 1061 2026 2062 2064
303 215 731 965 1115
304 668 399 1014 1054
305 445 746 948 1604
306 1879 2060 929 2165
307 1297 300 1331 2327
308 505 387 1133 1205
309 677 1591 1693 1882
310 1504 532 2036 2045
311 716 604 1316 1869
312 926 716 937 1193
313 758 921 1357 1905
314 2475 2115 1911 516
315 491 2317 2318 2345
316 563 1346 1491 1894
317 482 1949 2112 2118
318 967 857 997 2116
319 570 1770 2501 2502
320 245 1368 2098 2198
321 432 452 501 515
322 602 484 660 780
323 919 1329 1454 1505
324 956 556 1313 1638
325 852 2172 1184 420
326 937 1319 1559 1808
327 386 437 1120 1824
328 739 774 809 1861
329 478 297 851 946
330 175 176 722 1388
331 558 552 624 626
332 520 25 606 1476
333 1726 438 2199 2243
334 660 397 780 876
335 2268 1519 2332 2341
336 1757 570 2496 2501
337 247 617 860 934
338 1720 1929 1984 919
339 1647 1652 1974 2362
340 1734 206 2265 2276
341 389 1174 2057 2063
342 1163 387 1427 1661
343 634 749 1733 1806
344 734 793 1263 1340
345 658 1114 1270 1737
346 625 313 1694 2178
347 668 399 832 931
348 629 608 1048 1711
349 348 1070 1325 1334
350 2279 2330 2323 238
351 665 749 816 1768
352 1907 1954 1542 585
353 1272 551 1513 2501
354 1004 1270 1569 1624
355 2035 539 2432 2463
356 1311 1897 420 852
357 574 511 1687 2042
358 2294 508 2301 2350
359 1386 1313 997 956
360 1521 1196 1554 2108
361 1021 407 1542 2160
362 1144 820 1741 1893
363 525 501 915 2013
364 1769 1918 327 1909
365 1102 547 1397 1840
366 10 1295 1337 1383
367 1200 1896 1923 1998
368 1347 989 1700 1822
369 918 1664 1237 1707
370 252 1017 1541 2043
371 993 1274 529 1502
372 173 489 1074 1642
373 99 90 699 1568
374 293 899 1544 1552
375 140 485 737 1228
376 1148 936 1540 1746
377 929 1802 1879 2086
378 1830 1086 2017 2081
379 498 684 814 1073
380 106 1009 1196 2026
381 553 365 611 2015
382 1042 560 1483 1526
383 606 1084 1120 1644
384 2301 2350 2396 2429
385 90 1864 1264 699
386 1292 1574 1626 1762
387 978 932 220 729
388 222 763 1573 1613
389 2092 1328 2029 552
390 2067 1581 761 1596
391 148 359 1178 1534
392 191 512 1046 1056
393 1264 1247 1568 1604
394 2400 2402 2420 2431
395 596 1192 1939 1976
396 432 452 789 1673
397 326 836 1218 1315
398 693 222 1573 1613
399 683 1312 1597 2037
400 265 564 1041 1530
401 1125 862 1338 439
402 1919 2024 2072 2136
403 945 1142 1483 1797
404 397 2462 867 1174
405 452 408 1164 1379
406 473 875 1149 1150
407 1493 1595 452 1029
408 297 295 527 1615
409 578 1347 1616 2313
410 1012 455 1954 2288
411 1356 1070 1696 1913
412 1669 2132 1366 1212
413 395 837 1465 1800
414 399 601 668 1187
415 774 81 1473 1702
416 1638 1060 629 427
417 915 1085 1965 2369
418 1203 1150 337 2000
419 172 328 1360 1593
420 660 397 876 1648
421 922 171 1278 1537
422 329 323 796 1218
423 1258 702 1352 1666
424 1416 1241 2002 2132
425 1014 753 1054 1970
426 523 907 959 971
427 2238 2307 2324 2434
428 2110 2133 2150 2333
429 379 387 1205 1238
430 351 123 662 1294
431 1250 1129 1680 1717
432 241 240 1116 1208
433 432 411 1032 1573
434 647 1131 1479 1619
435 1740 2474 635 1685
436 1290 641 1448 1583
437 1276 1742 533 656
438 1136 1086 1830 2081
439 670 78 1116 1338
440 942 841 1398 1551
441 597 556 1313 1386
442 1213 424 1364 1761
443 403 330 936 1075
444 577 382 1787 2418
445 2145 2177 2170 916
446 45 1503 1008 879
447 1735 2195 1033 1393
448 553 611 1124 2134
449 876 627 1507 1610
450 105 958 967 1214
451 987 1051 1454 1663
452 739 1026 1264 1864
453 1115 215 2371 591
454 47 1283 48 1163
455 882 1394 2141 2177
456 68 69 683 1024
457 562 797 877 1424
458 517 595 662 972
459 486 51 1361 1599
460 530 791 1042 1483
461 199 627 1491 1610
462 411 750 833 1363
463 445 948 1217 1604
464 1829 1138 1868 2272
465 1131 43 44 1619
466 1225 237 2352 2353
467 1169 52 1361 1827
468 379 505 533 1097
469 842 110 880 906
470 495 658 730 1053
471 2373 554 2377 2383
472 665 536 749 1790
473 1606 1107 1490 1149
474 1977 675 2495 363
475 421 2185 2188 2233
476 468 750 232 664
477 604 716 1451 1869
478 2388 1331 317 538
479 885 125 1095 1651
480 1751 2028 2059 2073
481 1803 903 1823 1935
482 533 656 1261 1276
483 386 606 880 1084
484 1033 107 1523 1735
485 562 470 719 877
486 502 1338 1143 78
487 1564 891 2143 2334
488 1297 538 1331 2383
489 537 2228 2289 1297
490 629 509 914 1819
491 232 417 468 1287
492 411 432 789 966
493 313 688 1237 1611
494 839 208 1494 2115
495 493 665 1495 1501
496 709 591 1115 2371
497 849 1110 1319 1451
498 2098 1511 2140 2007
499 676 90 739 821
500 461 1143 1338 1469
501 386 606 742 880
502 1751 868 1949 1963
503 416 1482 1640 1641
504 448 637 660 821
505 214 591 1091 1385
506 520 606 880 1321
507 106 1196 1521 2062
508 2321 1492 643 1522
509 1615 851 735 2075
510 856 767 1137 1825
511 1069 1110 1451 1562
512 579 242 974 1469
513 1270 342 1487 1624
514 1125 1723 1143 704
515 1314 1170 1990 2257
516 636 657 1812 1878
517 1640 416 1641 1794
518 1329 919 1454 1720
519 812 1139 1212 1290
520 5 993 1502 1844
521 1270 658 1737 1741
522 1963 621 2073 2076
523 1703 458 1720 2167
524 2011 2064 871 1952
525 1561 507 2201 2221
526 325 836 1209 1315
527 573 454 638 751
528 386 742 797 880
529 52 62 1202 1436
530 665 568 684 1495
531 806 159 1128 1756
532 1147 1139 1290 1335
533 633 1772 1470 580
534 1715 1767 1349 1191
535 1070 347 1325 1334
536 713 469 860 1446
537 997 857 1183 2116
538 959 812 1212 2089
539 1360 328 1698 1724
540 213 828 1032 1240
541 429 1293 1308 1898
542 682 58 1147 1453
543 1757 854 2498 2499
544 1561 1088 507 875
545 1005 706 1259 1566
546 1480 1530 1788 1901
547 715 971 1598 1659
548 628 2501 1906 1272
549 1046 2028 2241 2245
550 1596 1687 2042 2067
551 1508 1374 2405 1512
552 2350 1701 2416 2417
553 604 1110 1316 1562
554 671 451 1015 1191
555 598 1538 418 1085
556 1153 2456 2457 2481
557 1364 556 1401 1638
558 1400 360 2060 2095
559 1205 387 1215 1238
560 359 846 920 986
561 2400 1766 2412 2414
562 135 1064 1371 1549
563 605 442 314 2178
564 1032 828 1097 1240
565 651 679 1077 1126
566 218 1700 1839 2292
567 130 485 2088 2143
568 1193 1245 1584 1805
569 324 1008 1163 1872
570 246 481 692 740
571 505 411 696 1263
572 392 100 470 1390
573 708 1114 658 1155
574 1493 1595 1164 452
575 753 1198 167 668
576 677 1014 1591 399
577 724 2237 2252 2282
578 1131 519 796 1162
579 2406 2408 2436 2444
580 483 1098 1747 1817
581 576 402 1730 1885
582 891 747 2334 2349
583 1965 2013 2027 2126
584 522 80 544 1405
585 670 414 1050 1208
586 845 509 857 2196
587 733 2055 2058 2080
588 1860 1967 2061 2069
589 117 105 958 967
590 672 75 1219 1395
591 2144 463 2161 2163
592 313 442 918 1237
593 573 454 631 638
594 309 308 725 952
595 369 1013 1931 2077
596 1170 415 1189 1314
597 1366 1241 1391 1411
598 634 495 717 1053
599 494 1973 1981 2160
600 1172 1579 1623 1876
601 379 1205 1215 1238
602 2168 2156 2083 1760
603 752 1003 1074 1194
604 2153 1965 418 1765
605 928 67 1290 1335
606 800 1356 1696 1913
607 1898 1188 2406 2436
608 989 1248 1700 1743
609 592 1311 2030 824
610 786 775 1639 2246
611 1913 795 1482 800
612 711 103 764 1214
613 1114 892 410 374
614 786 1639 2243 2255
615 952 1432 1437 2118
616 102 112 969 1185
617 620 1044 1254 1292
618 1371 135 1549 1884
619 750 417 833 1363
620 388 570 737 1123
621 1029 803 2223 1037
622 772 2415 566 526
623 1195 1562 1069 917
624 993 1274 450 529
625 957 657 1650 1681
626 442 512 2206 1982
627 380 1187 1300 519
628 1019 1145 1368 1404
629 2074 453 2135 2457
630 235 1235 2006 2189
631 435 1787 1845 1865
632 511 490 634 755
633 87 2207 996 1069
634 318 1158 1169 1684
635 338 473 1150 1413
636 931 326 1167 1315
637 1796 55 1834 1948
638 64 1391 2018 1657
639 1122 641 1559 1890
640 447 414 1116 1176
641 649 427 956 963
642 1503 1250 1162 1008
643 269 259 953 994
644 326 1071 1167 1315
645 509 629 914 963
646 934 401 945 1142
647 1970 263 2290 1518
648 1562 917 1938 2207
649 310 21 902 1244
650 1172 622 1553 1623
651 1052 1137 35 1236
652 411 505 696 1032
653 387 1205 1215 1717
654 452 408 789 1673
655 343 84 816 2147
656 781 1898 2455 2472
657 1224 596 1499 1192
658 1042 401 1142 1483
659 814 1640 2109 2179
660 1209 325 1315 1769
661 777 715 1057 1994
662 651 653 913 1382
663 897 314 1982 2066
664 1795 669 1553 1849
665 636 386 1084 1120
666 640 688 1237 1438
667 766 653 1382 1939
668 844 792 183 733
669 680 623 1041 1530
670 371 1101 1111 1601
671 2062 1962 2093 2108
672 1370 900 2043 2168
673 596 791 1483 1499
674 637 99 1782 1912
675 947 933 972 1322
676 505 411 833 1363
677 832 829 884 1105
678 1261 1742 533 650
679 1477 1909 1910 1918
680 710 1258 1666 1815
681 349 785 992 1294
682 836 1131 1209 1479
683 920 359 986 1178
684 1226 1482 921 498
685 1380 166 1498 1655
686 353 564 1152 1381
687 298 2155 2263 2327
688 883 645 1095 1651
689 474 189 868 1470
690 808 1727 1695 113
691 531 995 1962 2105
692 1591 677 1833 1989
693 647 519 1131 1162
694 1529 1122 2225 2239
695 1350 1276 1133 576
696 1360 172 1642 1698
697 569 955 1329 1984
698 400 922 1838 2085
699 136 743 883 1064
700 91 809 1390 1557
701 517 292 941 1279
702 766 717 1641 1733
703 440 674 952 1589
704 1719 1534 2039 2182
705 1003 752 759 1891
706 2232 1933 2320 1138
707 2297 2398 2400 2413
708 610 958 1326 1993
709 1141 235 1235 1456
710 2076 1439 2210 2219
711 608 934 945 1711
712 956 857 963 1638
713 994 710 1195 1961
714 1939 1382 994 620
715 478 297 946 1078
716 1916 420 2001 2096
717 834 1034 1681 1875
718 1305 1589 1824 1908
719 1221 238 1328 2344
720 2064 2011 871 1962
721 615 705 957 1908
722 452 501 525 1171
723 710 1110 1327 1562
724 674 312 1120 1589
725 621 1873 2059 2076
726 59 60 519 647
727 636 27 776 2047
728 2324 2008 2439 2440
729 446 1316 1458 1808
730 2148 2007 1511 1415
731 354 353 1152 1230
732 622 408 815 874
733 1313 997 956 857
734 857 956 1313 1638
735 604 1069 1451 1562
736 1415 2006 2017 2019
737 810 136 1371 1590
738 529 450 595 1274
739 668 500 832 1187
740 223 763 1032 1573
741 1210 1852 2407 2411
742 376 284 1262 1373
743 1069 1195 1318 1327
744 105 530 927 1009
745 642 2200 1007 2012
746 448 638 739 821
747 1193 1370 2043 2168
748 1179 183 1556 1744
749 462 390 703 1617
750 1374 216 1512 1791
751 414 447 1116 1572
752 1442 1113 1128 773
753 1738 1547 2277 2308
754 469 713 1401 1446
755 208 939 1494 2115
756 796 323 830 1105
757 1196 97 1521 1554
758 2235 1190 2278 2282
759 767 527 1793 856
760 2301 2350 2363 2396
761 380 500 832 1105
762 527 295 767 1615
763 1132 499 1265 1333
764 60 1187 1024 519
765 2346 508 2350 2417
766 1335 1212 1290 1669
767 601 519 1024 1187
768 659 209 751 1616
769 501 765 806 987
770 1751 471 2076 2218
771 523 798 907 971
772 1261 1742 656 533
773 1034 572 1681 1843
774 397 780 876 939
775 439 862 1338 1469
776 1282 1652 2259 2355
777 1010 252 1312 1541
778 1990 1949 2028 2112
779 628 360 1272 1304
780 1257 1627 1857 2291
781 329 796 1008 1131
782 2329 2090 2125 2248
783 406 295 1096 1137
784 56 1366 1809 2049
785 971 400 1659 2025
786 451 1093 1191 1864
787 2257 2073 1949 1963
788 0 1785 2 1135
789 970 321 1238 1742
790 862 479 1617 2186
791 177 195 577 618
792 1128 1505 1565 1663
793 756 773 1113 1442
794 1071 1315 1769 1909
795 133 2454 2477 2487
796 59 1455 1479 1783
797 2297 925 2437 2452
798 1575 1848 1879 1999
799 1284 1065 1485 2101
800 13 529 1274 1502
801 2098 1511 2007 1368
802 311 512 897 1056
803 1155 1067 374 511
804 723 199 1491 1610
805 492 999 1145 1511
806 808 885 1299 1835
807 4 1646 1672 2023
808 227 549 2091 2357
809 1276 1742 387 533
810 1209 1344 1769 1789
811 2314 1121 2326 2329
812 236 592 692 1298
813 1915 1153 2480 2484
814 517 351 1157 1279
815 864 1814 1986 2092
816 1319 446 1559 1808
817 749 85 1488 1806
818 713 481 860 1580
819 195 618 648 1036
820 92 91 904 1108
821 575 164 650 1261
822 165 829 832 1105
823 670 251 1050 1869
824 1991 1002 525 515
825 434 700 823 1204
826 309 440 952 1589
827 798 1337 1383 1994
828 257 1862 1792 1626
829 54 598 915 1085
830 858 683 1312 1597
831 0 371 1135 1465
832 1848 1272 2498 2500
833 1995 999 2024 2148
834 77 87 1572 1632
835 445 703 948 978
836 332 1057 1786 2003
837 568 416 665 684
838 1746 1789 1918 2021
839 77 502 670 926
840 110 562 877 906
841 882 1919 1947 2010
842 683 69 1143 1180
843 515 452 525 1991
844 1965 1085 2367 2369
845 411 432 696 789
846 1079 1719 1842 1880
847 396 1957 1810 1960
848 527 856 1137 1308
849 1160 37 1320 1337
850 317 942 1331 2370
851 1984 1200 2206 2226
852 613 789 966 1340
853 648 195 673 1686
854 137 738 920 1618
855 56 1104 1366 2049
856 452 1171 1595 1673
857 2000 1834 1406 1948
858 1034 834 2055 389
859 2316 1184 2319 2322
860 1578 425 1579 1876
861 600 586 705 834
862 416 1126 1482 1641
863 1030 267 1159 1754
864 530 524 1043 1142
865 600 586 834 1174
866 2397 2395 2404 2411
867 314 442 1438 1982
868 2185 421 2187 2233
869 624 558 626 824
870 87 787 996 1554
871 46 647 1131 1162
872 631 580 1623 1876
873 1386 1880 138 1560
874 570 363 675 2497
875 2071 925 2164 2297
876 1007 875 1040 1278
877 729 989 1247 1243
878 576 964 1276 1363
879 1552 1844 1502 1286
880 646 205 1443 1478
881 574 75 1219 1768
882 380 1146 1250 1300
883 869 703 995 1176
884 1137 856 1293 1308
885 500 1350 165 1105
886 254 593 1339 1434
887 961 1360 1642 1724
888 475 2370 2373 2377
889 694 114 940 1464
890 92 520 880 1321
891 2358 2361 2429 2437
892 85 536 749 1488
893 2005 2146 2216 873
894 1191 1093 1349 1864
895 79 541 734 951
896 651 95 744 1077
897 26 1547 1738 2308
898 1226 277 1409 1433
899 413 742 1321 1578
900 98 1492 1570 1778
901 130 891 1837 1840
902 815 622 874 1579
903 2321 2309 2061 1945
904 1049 1128 1113 1690
905 809 425 815 1342
906 1048 524 1711 1797
907 1526 531 1962 2051
908 569 460 1046 2213
909 551 1906 1972 2501
910 807 722 1388 1656
911 1193 1245 1370 1584
912 1296 1079 1880 2169
913 1271 871 1962 2051
914 784 515 1202 1779
915 903 1740 1803 2215
916 1110 604 1316 1451
917 501 409 525 1171
918 933 680 947 1530
919 938 757 691 817
920 1005 957 792 1259
921 465 550 661 944
922 388 611 1977 2015
923 504 515 1444 1779
924 2365 646 1729 1023
925 202 460 2213 2244
926 328 762 1698 1724
927 1359 1003 1457 1577
928 1639 158 841 300
929 348 1070 1334 1433
930 505 576 1133 1276
931 910 2193 2203 2251
932 1138 1851 1967 2061
933 209 578 876 1616
934 236 246 692 740
935 1553 868 2210 2219
936 425 573 631 638
937 1159 513 1213 1322
938 551 583 1934 1943
939 722 712 1388 1656
940 31 912 1635 1888
941 1604 1349 1864 746
942 597 148 920 1376
943 1311 1897 1086 420
944 1257 1627 1854 1857
945 747 388 823 1461
946 753 1054 1970 2271
947 755 1407 1768 1790
948 1500 585 2038 2160
949 474 580 1384 1470
950 2120 2079 944 1819
951 1379 1094 1474 789
952 365 553 611 1124
953 443 338 1149 1150
954 1693 391 1753 1833
955 719 109 757 2174
956 999 357 1511 2148
957 846 147 920 986
958 604 1562 1938 2207
959 913 764 1464 2181
960 1952 2299 864 2092
961 1932 1804 1252 567
962 609 332 1786 2003
963 971 798 1383 1421
964 418 915 1965 2013
965 905 1734 2045 2276
966 1489 658 1737 1813
967 513 256 1060 1332
968 50 1211 1215 1283
969 731 216 1092 1156
970 866 50 1202 1215
971 1674 1100 2091 2214
972 1691 765 1722 1992
973 360 1235 1272 1304
974 591 214 965 1443
975 937 641 1559 1805
976 1133 380 1250 1427
977 1368 1415 2006 2104
978 858 668 1187 1774
979 1328 2092 2102 2354
980 424 564 680 1041
981 1653 352 1351 529
982 645 1095 1299 1418
983 1139 58 2184 2208
984 379 696 1032 1240
985 452 501 515 525
986 2280 2276 206 1022
987 394 395 837 1697
988 496 812 1306 2089
989 1090 1719 2039 2182
990 555 1887 2015 2040
991 1428 2005 2146 2238
992 43 44 1209 1231
993 797 386 880 1424
994 543 1021 1132 1333
995 613 774 893 1093
996 835 792 1874 1005
997 472 1764 2052 2103
998 798 1160 1295 1320
999 9 777 1057 1994
1000 2146 2005 2216 2238
1001 758 268 795 1226
1002 1037 459 1314 1738
1003 67 1319 928 1559
1004 918 20 1099 1220
1005 2194 2146 2238 2466
1006 1975 1753 1883 391
1007 591 551 709 1115
1008 631 580 1603 1623
1009 391 1622 1693 2173
1010 836 519 1131 1479
1011 488 858 1370 1630
1012 928 1596 1669 2002
1013 51 486 1361 1677
1014 2352 237 2360 2364
1015 433 1170 1189 1314
1016 696 789 515 1444
1017 516 867 1823 2451
1018 1077 749 1488 1806
1019 1017 670 716 890
1020 707 117 997 2116
1021 2008 532 2036 2440
1022 684 498 814 1640
1023 235 1235 1298 2006
1024 210 573 671 760
1025 1265 1257 1612 1782
1026 451 1767 613 1015
1027 527 384 856 1308
1028 614 100 877 1628
1029 2368 1516 1085 1361
1030 2416 2346 2417 2422
1031 1006 276 1059 1426
1032 1101 577 1151 1251
1033 169 1014 1759 1970
1034 2046 1708 2119 2138
1035 1851 950 1856 1967
1036 120 129 476 494
1037 165 500 832 1198
1038 671 1861 1903 451
1039 2362 2347 2372 954
1040 387 1211 1215 1238
1041 1169 50 1211 1215
1042 655 285 1426 1714
1043 475 2369 1051 2373
1044 340 339 410 1413
1045 877 880 906 1424
1046 892 507 1067 2175
1047 710 717 766 1327
1048 848 2083 2193 2203
1049 113 808 1299 1835
1050 858 488 1054 1630
1051 587 246 889 2198
1052 354 769 810 1152
1053 524 649 958 997
1054 128 140 467 485
1055 1929 1896 1984 1998
1056 345 568 1045 1501
1057 57 40 1139 1148
1058 271 270 702 1258
1059 557 498 1070 1325
1060 869 88 1176 2108
1061 2306 1479 1209 1455
1062 589 1184 2172 2316
1063 1564 976 2195 2233
1064 972 662 1095 1418
1065 425 573 638 739
1066 1091 591 1904 1968
1067 233 417 750 1363
1068 1070 557 1696 1913
1069 386 633 1472 1997
1070 1935 2304 1954 455
1071 1943 2351 747 434
1072 1084 27 842 906
1073 871 1526 2051 2344
1074 379 1032 1097 1240
1075 481 1136 1311 2144
1076 207 839 1440 1441
1077 1433 1708 1739 1748
1078 495 1110 1258 1367
1079 1349 1604 1864 699
1080 1314 433 1892 2065
1081 1290 2254 1583 1448
1082 2028 464 1949 1751
1083 17 537 1576 1707
1084 1834 2000 1406 337
1085 540 944 1299 1336
1086 798 1160 1320 1337
1087 80 479 1349 1405
1088 2478 2471 2481 2480
1089 175 178 630 735
1090 620 653 913 1044
1091 964 505 1097 1276
1092 945 1797 1607 1574
1093 479 1191 1715 1764
1094 622 1439 1553 1795
1095 653 1464 651 913
1096 834 389 1174 1979
1097 1338 78 1125 1143
1098 71 991 1205 1263
1099 342 1270 1487 1539
1100 713 1136 2157 2170
1101 2337 1023 2359 2356
1102 861 87 1069 1106
1103 634 717 1327 1733
1104 1933 1138 1967 2069
1105 705 185 957 2082
1106 921 1641 1667 1794
1107 874 1172 1578 1579
1108 729 659 1592 1616
1109 1170 621 1990 2257
1110 1011 2346 2358 2350
1111 964 505 1276 1363
1112 766 1195 1318 1939
1113 854 1298 2006 2017
1114 64 1391 1406 2018
1115 974 232 1287 1496
1116 871 1526 2344 2354
1117 2454 2446 2455 2470
1118 97 530 927 1866
1119 183 792 1005 1874
1120 668 601 858 1187
1121 662 1095 1418 1727
1122 505 387 533 1276
1123 915 598 63 2338
1124 724 1508 1674 1758
1125 523 400 1150 1598
1126 738 920 986 1178
1127 440 308 674 1020
1128 1015 760 211 671
1129 519 399 832 1187
1130 197 635 1412 1445
1131 106 98 1061 1242
1132 552 624 864 1814
1133 227 1100 1354 2378
1134 435 1781 1785 2379
1135 615 185 1491 1894
1136 557 1356 940 1070
1137 746 445 978 1243
1138 303 825 1034 1047
1139 747 434 823 1943
1140 371 1111 1135 1485
1141 79 599 734 793
1142 2079 2120 944 768
1143 662 992 1294 1695
1144 460 1046 2213 2244
1145 682 58 1531 2212
1146 633 1472 1491 1763
1147 888 393 1146 1180
1148 463 1365 1993 2163
1149 1441 217 1508 1758
1150 868 1963 2210 2219
1151 2010 882 2141 2177
1152 464 2112 2118 2142
1153 1400 1117 2007 2122
1154 249 1109 1499 1709
1155 1112 909 1262 1426
1156 808 125 885 1317
1157 1780 950 1851 1854
1158 268 267 661 714
1159 1393 881 119 2195
1160 477 27 802 906
1161 586 840 1491 2082
1162 399 1167 1591 1882
1163 825 1843 1634 303
1164 2050 2012 2083 2156
1165 1046 1873 2059 2245
1166 509 1213 1336 1819
1167 1111 371 1135 1718
1168 937 926 1193 1805
1169 1167 1014 1759 1593
1170 882 2010 2017 2081
1171 550 268 661 714
1172 375 38 523 798
1173 21 385 902 1244
1174 892 818 507 473
1175 996 414 1572 1632
1176 733 389 834 1979
1177 636 657 1120 2033
1178 969 557 1185 1588
1179 2070 234 2122 2189
1180 1727 808 1695 1095
1181 939 208 1855 2115
1182 1237 313 1611 1664
1183 518 1395 1517 1657
1184 31 691 938 1635
1185 1026 1861 573 451
1186 165 1105 1350 1380
1187 674 312 1020 1644
1188 530 1042 1142 1483
1189 122 543 721 1021
1190 606 413 1321 1476
1191 470 602 1628 1912
1192 2083 910 2193 2203
1193 798 36 1160 1341
1194 2420 2068 2431 2450
1195 536 93 665 679
1196 1726 640 1936 2243
1197 1613 1631 693 222
1198 661 550 1030 1159
1199 729 448 751 1026
1200 1051 1454 1703 2126
1201 1565 2151 942 1663
1202 1370 900 2050 2264
1203 311 1437 1731 1832
1204 384 1111 2418 2438
1205 1100 1647 2084 2214
1206 556 960 1401 1895
1207 647 46 1131 1619
1208 98 950 1061 1217
1209 602 484 637 660
1210 1973 130 2088 2143
1211 329 796 1131 1348
1212 1143 579 1469 2037
1213 2187 2316 589 954
1214 783 1090 1830 2169
1215 418 598 1085 2338
1216 1585 2071 2402 2413
1217 414 240 995 1658
1218 687 678 865 883
1219 1169 50 1202 1827
1220 473 338 1266 1413
1221 2318 1924 491 1092
1222 243 468 1885 2041
1223 766 994 1382 1641
1224 521 1123 1757 1897
1225 811 1508 1512 1791
1226 137 1376 920 738
1227 587 692 1136 1980
1228 1096 1137 1236 1867
1229 1030 594 1754 2211
1230 2423 2366 2425 2449
1231 685 811 1204 1512
1232 1471 1896 1929 1998
1233 358 1995 2024 2086
1234 388 570 1123 1770
1235 2181 103 632 764
1236 1370 900 2264 2266
1237 646 205 924 1443
1238 586 199 627 1491
1239 553 709 1614 2371
1240 505 576 833 1133
1241 90 1864 739 1264
1242 783 2010 2141 2177
1243 545 1162 1250 1300
1244 1088 1266 1606 444
1245 1323 918 20 1707
1246 1751 2076 2213 2218
1247 2148 2007 357 1511
1248 1836 1625 1871 2285
1249 2177 2170 916 2081
1250 377 700 1063 1204
1251 1940 1970 169 1759
1252 848 1067 1529 2201
1253 1085 1516 1599 1361
1254 321 533 773 1238
1255 922 171 961 1278
1256 1652 2300 2362 2372
1257 768 845 2120 2181
1258 606 413 742 1321
1259 2207 787 917 996
1260 2454 2447 2455 2477
1261 1822 1257 1854 1857
1262 1743 228 1839 1899
1263 469 713 860 1060
1264 1836 1871 2146 2285
1265 2328 2398 2409 2424
1266 105 530 958 1214
1267 40 1148 1520 1746
1268 254 1019 1145 1249
1269 311 725 1437 1832
1270 581 442 804 918
1271 803 408 815 1713
1272 1071 1167 1315 1909
1273 1670 1708 2046 2138
1274 540 1754 1322 933
1275 323 607 796 830
1276 912 825 1635 1888
1277 662 517 972 1095
1278 415 625 1189 1314
1279 178 630 735 851
1280 1489 567 1804 1932
1281 1138 1829 2269 2272
1282 447 77 1572 1632
1283 1057 1786 1994 715
1284 1188 901 2436 2472
1285 1828 288 1957 1960
1286 1318 787 1423 1866
1287 1193 926 1245 1805
1288 1328 1860 1933 1281
1289 658 730 1053 1932
1290 702 261 1316 1352
1291 1316 1039 1869 1938
1292 685 216 1512 2276
1293 1747 483 1817 1969
1294 2389 591 1385 364
1295 764 116 914 967
1296 648 195 1028 2315
1297 602 543 1132 1333
1298 757 562 719 2174
1299 268 620 778 795
1300 892 708 1114 1270
1301 494 129 1277 1355
1302 131 1625 1836 2133
1303 658 279 1932 1978
1304 591 215 965 1115
1305 1028 886 1678 2337
1306 47 1503 1008 48
1307 138 707 1296 1386
1308 2406 1188 2426 2444
1309 753 1198 668 253
1310 574 755 2067 1407
1311 666 454 751 1610
1312 1224 249 1499 1709
1313 50 52 504 866
1314 737 388 747 1461
1315 1337 11 1383 1994
1316 459 308 674 952
1317 956 713 1394 1401
1318 1296 783 2145 2161
1319 916 1086 1136 1311
1320 690 213 765 1722
1321 365 364 553 1025
1322 1969 2080 1817 181
1323 519 399 601 1479
1324 956 2170 2145 1394
1325 312 440 674 1020
1326 1298 592 1917 2048
1327 1493 1595 1029 1164
1328 1513 420 1916 1934
1329 653 913 1044 1048
1330 749 679 1077 1488
1331 568 416 684 1640
1332 858 1017 1245 1370
1333 597 1376 1386 1560
1334 611 365 1124 1732
1335 397 627 876 1648
1336 841 2199 1398 1639
1337 1293 894 2380 2384
1338 1316 604 1352 1938
1339 2262 1519 2268 2341
1340 2299 1952 2056 2092
1341 1386 1880 1296 138
1342 657 305 957 1908
1343 1041 1434 564 593
1344 16 759 1003 2085
1345 1050 996 1643 1658
1346 899 1463 1502 1552
1347 644 950 1247 1568
1348 444 1558 1988 1088
1349 1629 1820 1982 2054
1350 1299 540 1336 1418
1351 134 292 941 1544
1352 509 1313 1364 1638
1353 934 649 1142 1711
1354 490 495 634 1053
1355 2272 2232 2296 2320
1356 249 1182 1192 1654
1357 1016 377 1204 1729
1358 1232 257 1626 1762
1359 730 279 658 1229
1360 500 165 832 1105
1361 1401 556 1895 2141
1362 1003 1359 1457 1863
1363 602 543 719 1628
1364 461 858 1312 1017
1365 1257 1627 1782 1854
1366 1142 945 1711 1797
1367 416 634 749 1733
1368 399 601 677 1054
1369 775 155 847 2246
1370 1344 1177 1769 2021
1371 1122 641 1890 2156
1372 374 410 518 1581
1373 541 693 750 793
1374 1172 742 1578 1876
1375 2191 2397 2404 2407
1376 633 437 1346 1470
1377 284 1653 1262 1373
1378 1200 1720 1896 1984
1379 634 717 1110 1327
1380 629 513 1060 1213
1381 319 1049 1128 1442
1382 453 2135 1946 2074
1383 713 1394 2081 2170
1384 380 576 1133 1146
1385 2154 2333 2110 2150
1386 1316 1367 1458 2166
1387 289 1569 1004 1119
1388 402 1198 243 500
1389 536 95 679 1488
1390 2318 434 2351 1055
1391 2037 2041 1597 579
1392 550 1030 1159 1555
1393 1396 607 1427 1925
1394 346 1073 345 1081
1395 1434 1041 1145 593
1396 1163 1181 1211 1324
1397 69 393 1180 683
1398 1177 43 1209 1769
1399 1807 624 401 1814
1400 274 529 1788 1799
1401 1807 2004 1142 401
1402 1145 355 1381 1434
1403 942 2199 2121 1082
1404 310 725 1432 1437
1405 844 792 1034 1556
1406 945 248 1232 1369
1407 240 390 414 1176
1408 464 189 868 1751
1409 719 757 2057 2063
1410 1120 312 1481 1589
1411 83 2183 2248 2284
1412 2191 2361 2390 2392
1413 780 397 867 939
1414 742 425 880 1342
1415 356 492 1381 1618
1416 910 2083 2014 2203
1417 424 960 1041 1332
1418 110 877 880 906
1419 1111 1251 1718 1787
1420 1019 245 1368 2140
1421 529 595 1157 1274
1422 2035 389 2057 2130
1423 945 1369 1574 1607
1424 809 774 815 1861
1425 289 1569 1624 1004
1426 481 692 713 860
1427 1453 1290 682 1583
1428 1515 1153 1836 1915
1429 211 667 671 1849
1430 724 1688 2237 2282
1431 2187 2316 954 2322
1432 1520 1148 1540 1746
1433 869 948 1176 1699
1434 323 1105 884 1801
1435 102 112 1185 1449
1436 791 596 1483 1996
1437 190 311 1056 1731
1438 1781 435 1845 2379
1439 1620 642 2014 2275
1440 1021 584 1132 1542
1441 1070 1059 1334 1433
1442 708 374 1114 1155
1443 1644 1745 863 1020
1444 2137 1538 2228 2367
1445 1562 1195 710 917
1446 1007 642 1040 1448
1447 505 387 379 533
1448 1046 2028 2123 2241
1449 517 1157 292 1279
1450 1508 724 1688 1758
1451 943 908 1070 1555
1452 773 159 806 1097
1453 74 341 1395 2147
1454 406 1308 1898 2406
1455 2235 2269 2272 2320
1456 587 1922 235 2006
1457 955 919 1329 1984
1458 406 527 1137 1308
1459 2098 1415 2006 1368
1460 1437 415 2112 2118
1461 829 167 832 931
1462 963 997 857 956
1463 636 1120 1784 2033
1464 1031 25 1476 1644
1465 1082 1704 786 438
1466 556 956 1386 1394
1467 1483 596 1499 1607
1468 1681 1034 1843 1875
1469 163 402 576 1350
1470 658 495 1229 708
1471 1008 324 1163 1427
1472 651 679 1126 1696
1473 273 875 1007 1278
1474 1755 298 2228 2263
1475 818 1411 1416 2132
1476 665 536 679 749
1477 1196 1009 1752 2026
1478 1282 1652 2295 2305
1479 391 1724 1753 961
1480 1550 1090 2496 2499
1481 586 1174 1223 1979
1482 460 202 569 690
1483 482 459 952 1432
1484 290 1558 1487 1569
1485 656 322 1661 1742
1486 587 246 692 889
1487 725 309 952 1832
1488 1909 327 1910 1918
1489 486 1599 1677 1706
1490 937 689 1435 1805
1491 848 272 2201 2203
1492 1289 1302 1781 1889
1493 659 220 729 1026
1494 620 653 1044 1939
1495 379 505 696 1205
1496 1424 1084 636 386
1497 1527 286 1739 1748
1498 1416 818 2132 2236
1499 527 384 851 2075
1500 450 529 933 1788
1501 917 260 1938 1944
1502 754 1639 775 847
1503 62 515 1002 1991
1504 120 129 494 1355
1505 27 636 776 906
1506 1906 2501 1301 1972
1507 179 630 851 1076
1508 809 425 904 1390
1509 1990 621 2059 2073
1510 1017 1370 1630 2043
1511 93 493 665 1495
1512 586 705 1763 1775
1513 995 239 1271 2051
1514 29 691 802 825
1515 729 448 1347 1592
1516 1099 433 2065 2262
1517 434 1092 1156 1924
1518 907 40 1148 1540
1519 418 581 804 918
1520 1059 550 1433 1555
1521 945 608 1574 1626
1522 1466 745 1509 1524
1523 519 796 832 836
1524 999 1249 1145 1511
1525 1448 1583 2197 2254
1526 1719 139 1842 1880
1527 1014 546 931 167
1528 280 1253 1270 1586
1529 390 240 462 703
1530 542 1326 1752 1807
1531 124 123 662 1256
1532 1224 1044 258 1369
1533 289 1569 1119 1624
1534 483 635 1210 2476
1535 1155 490 1219 1813
1536 948 746 978 1715
1537 2211 266 1530 1480
1538 122 109 543 614
1539 92 771 1321 1342
1540 38 56 523 822
1541 613 693 966 1015
1542 830 656 1380 1655
1543 749 755 1768 1790
1544 1550 361 1728 1802
1545 1184 2316 2319 2331
1546 400 1149 1577 1838
1547 845 1819 2079 2120
1548 762 331 1698 1724
1549 1310 294 1463 1552
1550 540 1030 1754 2211
1551 1284 428 1793 1886
1552 1216 810 1590 1605
1553 1073 346 1045 814
1554 705 615 1491 1763
1555 2114 1558 892 1088
1556 1489 1750 1773 1847
1557 1361 486 1599 1677
1558 2347 2316 2345 2318
1559 765 213 1032 1240
1560 695 271 1367 2229
1561 1096 301 1867 1888
1562 89 948 1349 1604
1563 1464 913 2181 2227
1564 13 529 1157 1274
1565 2010 1830 2017 2081
1566 380 830 1133 1350
1567 793 1146 599 833
1568 1546 1529 1692 1890
1569 1061 1952 1986 2064
1570 1083 284 1373 1419
1571 447 78 522 1125
1572 522 78 704 1125
1573 1241 1391 1411 1581
1574 692 481 713 1136
1575 188 456 1771 2020
1576 478 302 946 1587
1577 1168 535 1736 2008
1578 708 280 1270 1586
1579 563 633 1346 1384
1580 637 1347 1822 1854
1581 1024 393 1187 1300
1582 1307 589 1365 2144
1583 1080 406 1096 1867
1584 978 472 1072 1764
1585 481 1136 2144 2157
1586 521 1079 1166 1721
1587 1992 728 1171 765
1588 481 247 740 860
1589 511 1110 634 495
1590 505 696 1205 1263
1591 70 734 1263 1340
1592 1312 858 1597 1774
1593 926 461 1017 1245
1594 756 773 1442 1662
1595 882 1446 2081 2104
1596 987 806 1505 1691
1597 1816 1746 1826 2021
1598 1924 1055 1934 1943
1599 894 33 1293 1749
1600 248 1224 1607 1709
1601 34 1096 1867 1888
1602 698 91 809 904
1603 830 380 1105 1350
1604 2264 677 2275 2283
1605 603 1923 1998 2054
1606 547 388 553 611
1607 219 989 1248 2313
1608 500 668 832 1198
1609 334 1457 1227 1260
1610 556 597 1376 1386
1611 906 2063 600 802
1612 2409 2398 2413 2424
1613 2363 2301 2396 2423
1614 315 8 640 688
1615 1271 1281 1506 1856
1616 1917 583 1924 1934
1617 37 9 1337 1341
1618 488 601 858 1054
1619 567 814 1773 2179
1620 1949 868 1950 1963
1621 729 219 989 1243
1622 1135 395 1465 1485
1623 2222 1173 2228 2263
1624 558 552 626 2374
1625 653 620 1382 1939
1626 89 948 1217 1699
1627 73 2158 2242 2262
1628 869 445 948 1217
1629 427 649 956 1580
1630 380 519 796 832
1631 1058 741 1725 1888
1632 525 63 1002 2268
1633 2012 900 2014 2264
1634 302 426 478 1080
1635 909 540 1030 1555
1636 151 365 611 1732
1637 271 708 1367 2229
1638 1045 568 1073 1773
1639 595 352 785 909
1640 1101 369 1251 1450
1641 547 2128 1461 1345
1642 323 796 832 1105
1643 1197 904 1108 1390
1644 570 521 737 1123
1645 434 811 700 1204
1646 715 1003 1457 1786
1647 1016 377 1063 1204
1648 1777 1552 1502 1463
1649 895 1736 1941 2135
1650 1197 877 1390 1108
1651 769 1286 1649 1844
1652 2451 867 2462 2464
1653 1077 1382 1126 1733
1654 1559 1453 1805 641
1655 919 1082 1454 1720
1656 1082 919 1471 1896
1657 1110 446 1316 1367
1658 416 717 1641 1794
1659 1057 11 1994 2003
1660 461 252 1017 1312
1661 492 738 1178 1895
1662 1480 274 1788 1799
1663 1021 585 1954 2304
1664 2424 1935 2328 455
1665 619 203 1691 1722
1666 1069 1467 1327 1318
1667 2380 2469 2446 2477
1668 181 844 1179 2080
1669 2270 2213 2218 202
1670 641 1122 1290 1448
1671 424 687 960 1364
1672 95 536 679 694
1673 1089 2007 2098 2140
1674 1604 1864 1264 746
1675 74 935 1395 1657
1676 43 1131 1231 827
1677 1682 765 728 213
1678 1247 950 1780 1854
1679 250 251 1050 1208
1680 902 1437 310 1432
1681 1292 1862 608 2031
1682 182 706 1005 1566
1683 389 1389 2009 2130
1684 688 442 1237 1438
1685 797 638 1390 425
1686 437 413 606 674
1687 923 194 1151 1678
1688 2392 2191 2421 2428
1689 1404 960 1928 469
1690 665 679 684 1126
1691 1138 2232 2272 2320
1692 763 1573 1613 1682
1693 1868 2272 1700 1829
1694 2188 2187 421 1184
1695 609 1194 2016 2022
1696 548 469 1368 2198
1697 1120 312 1784 2033
1698 191 190 1056 1130
1699 376 1112 1262 1426
1700 1295 798 1337 1383
1701 1887 1977 2015 2040
1702 985 187 1199 1346
1703 1061 1986 2026 2064
1704 1811 1710 2047 2127
1705 484 876 939 1494
1706 391 936 949 2173
1707 2358 2297 2437 2452
1708 702 271 1258 1367
1709 448 729 751 1592
1710 636 600 776 906
1711 25 520 606 1084
1712 2195 881 976 1393
1713 765 1682 1032 213
1714 628 1906 1304 1272
1715 829 165 832 1198
1716 406 527 566 1080
1717 1074 171 1642 1914
1718 223 1032 1363 1573
1719 384 527 856 1793
1720 1120 657 1481 2033
1721 689 926 1435 1805
1722 606 25 1084 1644
1723 1574 2031 1292 608
1724 501 515 525 915
1725 1164 1029 1493 2125
1726 1064 810 1371 1549
1727 414 447 1572 1632
1728 1556 182 1005 1566
1729 1024 393 69 683
1730 450 947 972 1064
1731 577 177 1036 2131
1732 903 2416 2422 2346
1733 390 862 1116 1125
1734 1784 2033 2047 636
1735 1875 389 2009 2130
1736 1103 1209 1455 2306
1737 387 656 1661 1742
1738 1123 1757 1916 2502
1739 787 917 1192 1195
1740 180 181 419 478
1741 810 883 947 1064
1742 903 817 2422 2443
1743 858 1312 1630 1774
1744 1074 922 2044 2085
1745 882 2010 2081 2177
1746 303 825 1047 1058
1747 279 730 732 1229
1748 971 400 1598 1659
1749 739 448 821 1264
1750 703 430 788 1506
1751 739 676 821 1390
1752 73 2242 2326 2341
1753 716 926 1017 1193
1754 806 379 1097 1240
1755 1315 1479 836 1209
1756 611 794 141 436
1757 390 462 862 1617
1758 460 191 1046 2244
1759 1416 818 892 410
1760 968 737 1977 2495
1761 606 520 880 1084
1762 346 1073 1045 345
1763 1297 538 2155 2327
1764 998 1148 1186 2173
1765 1248 1700 1743 1839
1766 491 626 2030 2317
1767 881 119 1375 1881
1768 809 1473 1557 1702
1769 1213 509 1364 1638
1770 219 659 729 1616
1771 589 624 1307 1365
1772 78 447 1116 1125
1773 1999 1415 2017 2019
1774 529 352 595 1653
1775 449 1029 1171 1595
1776 482 459 674 952
1777 854 1090 2017 2499
1778 784 1202 1660 1779
1779 295 35 1137 1825
1780 1994 2111 971 798
1781 424 680 1060 1332
1782 1527 1325 348 1708
1783 50 52 1202 1827
1784 2395 2397 2404 2419
1785 1066 744 1077 1467
1786 124 517 662 1095
1787 2328 1011 2346 2409
1788 393 500 1146 1885
1789 615 633 1346 1491
1790 490 816 1219 1813
1791 985 189 1959 2020
1792 550 465 800 944
1793 161 164 533 756
1794 519 59 647 1479
1795 368 1101 1251 1450
1796 1927 308 1432 1244
1797 836 325 1218 1315
1798 573 448 739 1026
1799 2104 2072 2017 882
1800 818 1416 892 507
1801 1952 1061 2011 2064
1802 2126 987 1454 2113
1803 1235 235 2124 2189
1804 1160 37 1337 1341
1805 640 480 2255 2289
1806 412 895 1732 2134
1807 254 355 1145 1434
1808 100 392 470 1628
1809 392 99 821 1912
1810 547 2128 823 1461
1811 187 1346 1384 1894
1812 320 970 1238 1661
1813 790 662 123 1294
1814 536 85 749 1790
1815 814 568 1640 1773
1816 2317 1974 626 954
1817 941 1279 1256 517
1818 1086 854 1298 1513
1819 862 231 974 1496
1820 500 576 1146 1885
1821 839 1685 1855 2115
1822 984 856 1137 1825
1823 397 1174 1223 1563
1824 1126 1382 1641 1733
1825 977 1550 1728 1802
1826 57 812 1139 1212
1827 1249 1019 1511 2140
1828 400 523 959 971
1829 1226 277 1433 1708
1830 565 488 1245 1453
1831 102 557 940 1185
1832 151 436 611 1776
1833 620 800 913 1382
1834 448 573 751 1026
1835 426 302 478 1239
1836 616 211 667 1015
1837 355 254 1145 1249
1838 880 92 904 1108
1839 589 2317 2030 626
1840 399 519 836 1479
1841 1059 348 1334 1433
1842 618 1018 1036 2205
1843 1314 1738 1892 2277
1844 2224 73 2242 2329
1845 2287 455 1585 2288
1846 1463 5 1502 1777
1847 172 546 1593 1642
1848 516 867 939 2115
1849 645 947 972 1322
1850 104 651 653 711
1851 2434 925 2437 2439
1852 1338 502 1143 461
1853 1200 1923 1982 1998
1854 401 1042 1807 1814
1855 1651 126 509 1317
1856 136 678 687 883
1857 470 562 797 877
1858 668 167 753 1014
1859 1939 259 994 1961
1860 1272 551 1456 1513
1861 484 660 780 876
1862 996 414 1050 1572
1863 693 613 966 1340
1864 459 482 1037 1314
1865 586 600 1472 1563
1866 1424 797 1472 1563
1867 512 979 2206 2245
1868 990 931 326 1167
1869 443 336 1149 1490
1870 2130 2063 1875 389
1871 792 304 1259 1681
1872 1278 423 1620 2290
1873 2324 1865 782 382
1874 556 956 1394 1401
1875 339 383 410 518
1876 2225 1890 1122 1529
1877 391 2044 1724 961
1878 208 939 1855 1920
1879 423 961 1278 1883
1880 218 1248 1700 2313
1881 714 661 1030 267
1882 1113 1377 1690 1756
1883 868 1172 1772 1950
1884 1810 1252 911 1957
1885 644 699 1568 1604
1886 1274 1064 450 517
1887 65 761 1581 1958
1888 2077 1302 2087 2159
1889 458 409 581 2013
1890 220 219 729 932
1891 45 1619 1131 46
1892 297 478 527 1078
1893 429 2455 1898 2436
1894 1848 628 1535 360
1895 645 885 1095 1651
1896 401 1042 1814 2256
1897 1436 54 1516 1599
1898 1126 684 1482 1696
1899 937 926 1435 1451
1900 1073 557 1081 1325
1901 788 932 978 1243
1902 776 29 802 825
1903 430 229 788 1506
1904 479 1767 1987 2186
1905 62 497 504 515
1906 383 340 410 1539
1907 1622 391 1833 1975
1908 813 2231 2090 83
1909 947 564 1649 1788
1910 570 1972 1977 2040
1911 940 651 1464 1696
1912 80 1699 88 447
1913 337 338 1150 1413
1914 800 651 913 1382
1915 450 947 1649 1788
1916 616 693 966 1613
1917 325 836 1218 1348
1918 535 1013 1028 1168
1919 602 637 1782 1912
1920 659 729 751 1026
1921 1335 1212 1669 1468
1922 414 995 996 1658
1923 1132 499 1333 1542
1924 626 491 2091 2214
1925 89 644 1217 1604
1926 578 208 876 1494
1927 1685 516 2115 2215
1928 789 408 966 1673
1929 2319 850 2322 2334
1930 1805 1760 937 641
1931 1437 952 2118 2142
1932 223 505 964 1363
1933 383 410 1114 1539
1934 999 492 1514 2024
1935 425 809 904 1342
1936 20 918 1062 1220
1937 528 170 829 884
1938 608 1048 1711 1797
1939 239 1221 1271 2051
1940 118 1234 1523 1752
1941 746 445 948 978
1942 513 680 1213 1322
1943 426 302 1047 1080
1944 342 1408 1716 1737
1945 455 1766 1803 2401
1946 721 1353 2482 121
1947 1981 1837 2038 2160
1948 1541 1017 1630 2043
1949 1042 1814 2256 2354
1950 592 1298 1917 1971
1951 36 38 375 798
1952 1065 371 1485 1601
1953 930 724 1674 2252
1954 573 448 638 739
1955 561 268 661 1254
1956 1990 415 2112 2241
1957 59 689 1147 1531
1958 61 545 1250 1285
1959 1090 521 1550 2496
1960 543 109 721 757
1961 830 1396 1427 1661
1962 421 2088 2143 2334
1963 109 543 719 757
1964 710 917 1352 1562
1965 209 876 1592 1616
1966 323 830 1105 1655
1967 513 896 1792 1862
1968 439 541 1180 1723
1969 604 1316 1869 1938
1970 484 637 660 1592
1971 349 1727 785 908
1972 595 785 908 909
1973 417 393 1146 1885
1974 737 1166 1228 1721
1975 1132 499 1542 1612
1976 367 1025 1124 1201
1977 599 61 1146 1285
1978 408 613 789 966
1979 899 292 1544 1552
1980 302 426 1047 1239
1981 648 1028 1168 2315
1982 600 586 1472 1775
1983 1084 1424 636 906
1984 1940 1970 1759 1620
1985 870 1216 1549 1590
1986 1954 455 1841 1935
1987 178 419 851 946
1988 1857 1627 1945 2291
1989 478 772 1747 1969
1990 408 803 815 874
1991 1122 1529 1692 2239
1992 2389 591 364 646
1993 626 491 1850 2091
1994 625 581 979 1189
1995 168 1105 1380 1801
1996 556 865 1313 1364
1997 716 937 1760 1808
1998 85 749 755 1806
1999 1193 716 1760 2117
2000 50 1169 1211 1827
2001 918 625 1062 1220
2002 446 1316 1367 1458
2003 785 350 908 909
2004 1346 563 1384 1894
2005 431 881 1326 1365
2006 1011 2335 2391 2398
2007 777 333 1057 1457
2008 527 406 566 1308
2009 302 478 1078 1080
2010 355 1230 1381 1434
2011 2213 1751 2218 2244
2012 1562 1195 1327 710
2013 379 533 773 1097
2014 111 349 992 1294
2015 503 541 1180 79
2016 940 557 1070 1185
2017 420 1916 1934 2096
2018 623 265 1041 1530
2019 230 703 788 978
2020 768 940 943 1420
2021 989 1700 1822 1851
2022 694 102 940 1420
2023 896 608 1626 1862
2024 1029 409 1171 2253
2025 614 109 719 2174
2026 637 1257 1782 1854
2027 703 869 948 1176
2028 335 715 1600 1994
2029 891 130 1837 1973
2030 70 1263 991 71
2031 989 219 1347 2313
2032 482 464 1949 2118
2033 742 880 1321 1342
2034 167 668 931 1014
2035 792 1005 1259 1566
2036 555 553 1972 2015
2037 774 451 1861 1864
2038 458 569 1329 1984
2039 1302 1781 1889 2077
2040 649 401 934 1142
2041 543 614 719 1628
2042 432 452 515 789
2043 584 108 1132 1542
2044 515 501 784 915
2045 2280 2276 2265 206
2046 488 1245 1453 1584
2047 120 494 1564 2381
2048 729 746 1247 1264
2049 304 303 1034 1047
2050 697 726 1533 1634
2051 950 1247 1568 1854
2052 1574 1232 1626 1762
2053 687 810 947 1152
2054 543 817 1021 1353
2055 757 802 938 691
2056 164 533 650 1261
2057 723 633 1472 1491
2058 1128 1049 1113 1442
2059 1787 382 1865 2418
2060 565 683 858 1024
2061 1575 977 1947 2086
2062 1158 1169 1238 1637
2063 263 2014 2275 2290
2064 1311 592 2030 1971
2065 1011 2335 2390 2391
2066 798 1160 1337 1341
2067 599 793 833 1263
2068 524 649 963 1711
2069 1463 3 1502 1509
2070 159 756 773 1113
2071 464 189 1130 2020
2072 556 738 960 1895
2073 2191 526 2404 2419
2074 198 1855 1911 1920
2075 1235 360 1848 2019
2076 502 461 670 926
2077 795 758 921 1357
2078 2158 2224 2260 2281
2079 1923 314 1629 2053
2080 1543 30 2078 2127
2081 490 495 511 634
2082 2195 1326 1429 1523
2083 1895 882 1919 2072
2084 374 518 574 1581
2085 218 1700 2298 2313
2086 960 1060 1364 1401
2087 2237 2235 2252 2282
2088 881 1326 1365 1993
2089 2121 1331 2377 2383
2090 658 799 1893 1741
2091 218 1700 2292 2298
2092 2149 635 1969 483
2093 1700 989 1743 1868
2094 5 1463 1502 1509
2095 731 805 225 583
2096 577 177 712 1402
2097 1781 143 1785 2379
2098 753 668 1014 1054
2099 384 527 1793 2075
2100 1331 942 2121 2377
2101 849 1806 1327 96
2102 1366 1391 1948 1203
2103 963 524 997 649
2104 683 461 1312 2037
2105 642 1620 1975 2283
2106 790 662 1294 1695
2107 1037 1029 1170 2257
2108 1163 324 1324 1661
2109 623 266 680 1452
2110 511 446 849 1110
2111 1012 499 1907 1954
2112 758 795 921 1226
2113 1090 783 1830 2010
2114 463 916 2145 2157
2115 559 670 1338 890
2116 218 1440 1494 1671
2117 306 1481 1589 1900
2118 513 256 1332 1452
2119 578 218 1440 1494
2120 1023 377 1729 2365
2121 868 464 1751 1949
2122 1070 940 1185 1356
2123 2318 434 1092 930
2124 474 201 1525 1553
2125 557 347 1081 1325
2126 416 665 684 1126
2127 1596 1241 1669 2002
2128 414 1176 1632 2108
2129 241 462 862 1116
2130 519 380 796 1162
2131 583 731 226 1092
2132 595 450 933 972
2133 1326 118 1429 1523
2134 2125 1037 2183 2231
2135 1157 517 292 1274
2136 341 1219 1408 1737
2137 368 1101 1151 1251
2138 409 1170 1189 1255
2139 269 620 778 994
2140 417 233 468 1885
2141 800 550 1356 1913
2142 1169 52 1202 1516
2143 994 1939 778 259
2144 798 907 971 1383
2145 620 269 795 994
2146 2027 1663 475 1051
2147 793 411 833 1263
2148 494 1378 1542 1907
2149 943 768 1420 1835
2150 340 473 1266 1413
2151 560 2256 2323 2344
2152 390 703 948 1176
2153 2413 2297 2311 2071
2154 1310 293 1544 1552
2155 1190 484 1265 1494
2156 658 1737 1741 1893
2157 498 557 684 1073
2158 1067 507 1416 1529
2159 2207 787 1069 917
2160 940 943 1185 1356
2161 1029 1493 2249 2253
2162 1190 1265 2278 2282
2163 562 877 906 1424
2164 2007 2148 2060 1415
2165 1740 903 2335 2453
2166 567 568 1489 1773
2167 1122 928 1692 1890
2168 2106 1100 2296 2320
2169 690 213 728 765
2170 1316 1110 1352 1562
2171 109 543 614 719
2172 40 57 812 1148
2173 802 1875 2009 2130
2174 576 833 1133 1146
2175 1667 1932 1252 567
2176 109 132 817 938
2177 361 149 1550 1728
2178 374 511 574 1155
2179 1829 1822 1851 1857
2180 726 29 776 825
2181 111 113 992 1449
2182 1206 1288 1576 2240
2183 1394 556 1401 2141
2184 1807 2004 1326 958
2185 670 1116 1208 1338
2186 680 513 1332 1452
2187 139 467 898 1166
2188 854 1272 1513 2501
2189 638 797 1390 470
2190 1527 1325 1708 1942
2191 500 393 1187 1597
2192 529 450 993 1788
2193 466 1056 1130 1731
2194 868 1172 1553 1772
2195 834 389 1034 1875
2196 164 321 533 1662
2197 233 163 402 576
2198 1504 2068 2192 2421
2199 973 1310 1430 1884
2200 981 1233 1403 1618
2201 2086 2024 2136 2148
2202 1029 803 1037 2125
2203 831 204 924 1475
2204 620 795 800 1382
2205 827 45 1131 1231
2206 756 533 773 1662
2207 844 181 1817 2080
2208 529 1653 1788 1799
2209 599 888 1146 1180
2210 1105 830 1350 1380
2211 1292 258 1574 1762
2212 83 1321 2231 2284
2213 665 493 816 1501
2214 1017 1193 1370 2043
2215 454 723 1472 1610
2216 689 67 1147 1453
2217 311 2178 605 2066
2218 1110 1069 1327 1562
2219 1195 1318 1939 1976
2220 1483 560 1499 1526
2221 505 576 1276 1363
2222 1199 985 1305 2099
2223 11 1362 1383 1421
2224 875 273 1007 1561
2225 662 124 1095 1695
2226 270 730 732 1815
2227 1734 2410 2420 2450
2228 481 558 934 1307
2229 171 423 961 1278
2230 583 1513 551 1934
2231 1957 396 1252 1273
2232 102 557 694 940
2233 199 198 627 701
2234 717 766 1327 1733
2235 225 965 1115 1904
2236 355 492 999 1145
2237 642 1007 1040 1278
2238 1464 653 764 913
2239 693 411 793 1340
2240 2369 475 1051 2027
2241 68 461 502 926
2242 657 1120 1775 636
2243 602 637 1265 1782
2244 784 475 915 2027
2245 32 726 1634 1725
2246 1298 1235 1456 1513
2247 641 2050 2156 2197
2248 767 856 1793 1886
2249 196 1018 1621 2490
2250 899 1274 292 1552
2251 238 2323 2325 2344
2252 417 576 833 1363
2253 399 931 1167 1315
2254 452 789 1474 1991
2255 567 1640 1667 1794
2256 521 737 1123 1721
2257 595 909 933 1653
2258 614 562 2174 719
2259 837 0 1465 1800
2260 1864 90 739 1473
2261 577 368 1151 1251
2262 1064 941 1286 1549
2263 806 619 1505 1691
2264 1328 871 2344 2354
2265 1415 2007 2019 2060
2266 1169 784 1202 1660
2267 717 1258 1110 710
2268 792 844 183 1556
2269 1164 1493 1991 2343
2270 351 517 595 662
2271 1569 1253 1988 2114
2272 263 826 900 910
2273 924 646 1443 1475
2274 633 386 1472 1763
2275 262 736 2117 2152
2276 942 1128 1565 1663
2277 540 595 908 909
2278 858 1017 1370 1630
2279 306 1908 1900 1589
2280 179 419 772 851
2281 865 509 1313 1364
2282 681 164 756 1662
2283 1966 453 2135 2247
2284 1029 433 1037 1170
2285 623 680 1041 1332
2286 557 969 1495 1588
2287 649 463 1307 2004
2288 1306 1622 2173 2184
2289 812 907 949 959
2290 1043 524 1048 1797
2291 256 860 896 1060
2292 774 809 815 1713
2293 2151 1505 919 1454
2294 1211 1169 1215 1238
2295 1319 67 928 612
2296 321 164 533 650
2297 403 949 2025 2044
2298 624 431 1326 1365
2299 1627 950 1857 2061
2300 2007 1089 2098 2189
2301 1048 1996 1044 653
2302 430 230 703 788
2303 606 742 880 1321
2304 390 240 703 1176
2305 108 584 1132 1392
2306 2397 2395 2408 2419
2307 1101 1111 1251 1718
2308 1049 319 1128 1399
2309 1893 1932 853 1978
2310 902 1437 1432 415
2311 1131 44 1209 1479
2312 28 1636 1712 1784
2313 336 443 1598 1600
2314 797 877 1390 470
2315 869 88 1242 1699
2316 1573 966 1613 1682
2317 917 787 1192 1654
2318 746 445 1243 1247
2319 540 595 909 933
2320 996 995 1554 1654
2321 305 957 1676 1681
2322 567 1773 1804 2179
2323 339 410 1203 1391
2324 322 607 830 1396
2325 1901 1649 1951 1645
2326 812 959 1212 2049
2327 60 1187 519 1300
2328 810 687 883 1605
2329 1235 854 2006 2019
2330 138 597 1386 1560
2331 161 964 1097 1276
2332 557 347 1185 1588
2333 541 1287 2139 2186
2334 787 791 1866 1976
2335 426 478 1080 2427
2336 559 670 890 251
2337 297 178 851 946
2338 208 701 876 1920
2339 1123 1721 1897 521
2340 242 1312 1469 2037
2341 1296 783 2161 2169
2342 485 1397 1461 2143
2343 710 953 1666 1961
2344 1939 994 778 620
2345 1053 658 1489 1813
2346 412 151 436 611
2347 1347 219 1616 2313
2348 301 1080 1867 1888
2349 1777 1552 1463 294
2350 2478 2471 2480 1153
2351 1081 814 1325 1942
2352 424 1213 1322 1761
2353 776 726 1533 2047
2354 395 837 1135 1465
2355 367 895 1732 2034
2356 2316 2345 2317 954
2357 808 885 1095 1299
2358 909 1653 2180 2211
2359 540 909 1030 2211
2360 622 1172 1579 1623
2361 1485 1111 1793 2101
2362 240 414 1116 1208
2363 891 1564 1973 2334
2364 640 315 688 1438
2365 1724 1753 961 1360
2366 936 330 1540 1826
2367 43 1177 1209 1344
2368 1862 465 1159 1819
2369 612 1246 1596 2067
2370 282 444 1088 1606
2371 661 714 1030 550
2372 518 341 1395 1657
2373 295 297 527 1078
2374 302 478 946 1078
2375 2017 882 2081 2104
2376 1074 2044 2022 2085
2377 885 645 1095 1299
2378 354 810 1216 1605
2379 374 1241 1581 1687
2380 617 257 896 1626
2381 308 440 674 952
2382 1776 1887 1977 2015
2383 587 2006 1368 2098
2384 1221 1328 2051 2344
2385 253 668 753 1054
2386 1257 1627 2291 2293
2387 1247 1854 99 1568
2388 1992 728 765 690
2389 410 473 340 1413
2390 347 557 1081 1588
2391 765 501 806 1240
2392 100 110 877 1108
2393 520 25 880 1084
2394 213 765 806 1240
2395 432 501 765 1240
2396 242 468 579 974
2397 2307 2423 2425 2449
2398 1428 2005 2307 2449
2399 1349 948 1405 1715
2400 1252 1273 2119 2179
2401 266 623 680 1530
2402 304 792 1259 1566
2403 1299 1555 944 540
2404 2071 2294 2194 925
2405 413 437 742 1772
2406 674 1476 1644 1745
2407 447 390 1125 1405
2408 507 1067 2175 2201
2409 2363 2444 2396 1701
2410 813 2231 2176 2090
2411 863 1644 1020 1712
2412 790 992 111 1695
2413 1889 1302 2077 2097
2414 425 815 1705 1861
2415 196 988 1686 2448
2416 1154 1762 1292 561
2417 521 1090 1757 2496
2418 527 295 1078 1080
2419 751 638 1592 1648
2420 215 205 1022 1478
2421 747 2128 823 2351
2422 2390 2361 2391 2392
2423 454 1603 573 631
2424 114 694 940 1420
2425 2070 1235 2124 2189
2426 1363 1573 664 223
2427 442 313 625 2178
2428 271 708 1229 1367
2429 742 386 437 606
2430 1092 491 1917 1924
2431 1975 1753 1833 1883
2432 796 1008 1427 1925
2433 708 374 892 1114
2434 2383 2367 2373 554
2435 81 774 893 1702
2436 1561 507 2175 2201
2437 518 341 1114 1219
2438 733 2058 2483 2485
2439 167 668 832 931
2440 729 448 1247 1347
2441 219 729 989 1347
2442 582 1099 2065 2262
2443 384 527 566 1308
2444 499 663 1378 2295
2445 448 638 660 1592
2446 1235 360 1272 1848
2447 250 251 1039 1050
2448 109 122 543 721
2449 1182 260 917 1944
2450 903 1353 1935 2328
2451 1203 1366 1391 1411
2452 1697 856 395 1135
2453 598 915 1085 2338
2454 576 417 833 1146
2455 2311 2302 2286 2294
2456 766 994 1195 1939
2457 659 751 1592 1616
2458 1156 685 1204 1614
2459 1640 921 1667 1794
2460 445 1217 1247 1604
2461 2090 1121 2125 2326
2462 675 1550 2495 2496
2463 1124 535 2359 2365
2464 721 543 757 817
2465 731 225 965 1115
2466 1751 1963 2073 2076
2467 849 534 1633 2042
2468 1267 228 1743 1899
2469 315 8 480 640
2470 185 615 705 957
2471 1467 634 1733 1806
2472 832 380 1187 500
2473 1795 1553 201 2210
2474 856 395 1485 1886
2475 1933 2029 2069 2102
2476 1082 942 1398 1551
2477 305 957 1259 1676
2478 451 739 1861 1864
2479 496 1290 1669 2002
2480 529 595 933 1653
2481 577 368 1028 1678
2482 1717 1250 48 1163
2483 1525 1795 1553 201
2484 336 443 1149 1598
2485 203 460 569 690
2486 448 573 638 751
2487 1013 369 1718 2077
2488 773 319 1442 1662
2489 424 1060 1213 1364
2490 210 454 573 751
2491 2458 483 2468 2476
2492 1066 1077 1488 1806
2493 278 1252 1667 1955
2494 93 102 557 694
2495 60 519 647 1162
2496 810 1371 1549 1590
2497 1512 905 2276 2405
2498 308 309 440 952
2499 1642 1360 1698 1724
2500 834 705 1650 2082
2501 1416 1067 1529 1546
2502 104 651 711 744
2503 1290 2254 2184 682
2504 527 384 566 851
2505 601 488 677 1054
2506 410 1203 1391 1411
2507 369 1013 1251 1450
2508 1379 1094 1280 1474
2509 917 1643 1938 2207
2510 431 954 2362 2372
2511 496 812 1290 1306
2512 521 1090 1550 1719
2513 1297 298 2289 2327
2514 815 874 1578 1579
2515 2434 2394 2435 2439
2516 110 614 877 2174
2517 1851 989 1868 1967
2518 459 413 482 674
2519 574 374 1581 1687
2520 1164 980 2090 2339
2521 938 757 817 109
2522 802 600 1875 2063
2523 52 1169 1361 1516
2524 696 379 1205 1660
2525 772 526 1210 1621
2526 386 1424 1472 1775
2527 2067 1581 1596 574
2528 1050 250 1208 1658
2529 414 996 1050 1658
2530 240 727 995 1658
2531 1118 1323 1611 1664
2532 766 1077 1318 1467
2533 860 617 896 934
2534 1545 1132 1612 1782
2535 2148 2060 2165 2095
2536 550 1070 1356 1913
2537 1391 518 1517 1657
2538 530 524 958 1214
2539 427 956 963 1638
2540 267 661 1030 1159
2541 244 1249 2007 2140
2542 1099 433 1189 2065
2543 2359 1201 2385 2356
2544 2496 570 2497 2500
2545 425 815 1578 1579
2546 1301 555 1972 2040
2547 744 104 1077 1467
2548 643 1492 2299 2300
2549 719 614 877 1628
2550 1257 637 1265 1822
2551 1519 1002 2268 2332
2552 2269 2309 2320 2259
2553 398 700 930 1012
2554 393 2037 683 1597
2555 913 465 2120 2227
2556 461 252 890 1017
2557 1574 2031 1044 1292
2558 322 166 650 656
2559 411 432 966 1573
2560 537 1297 2137 2228
2561 1505 2151 1663 1454
2562 380 1162 1250 1427
2563 825 1058 1634 1725
2564 810 136 883 1064
2565 556 956 1313 1386
2566 1539 2114 1270 1569
2567 766 710 994 1641
2568 172 489 1642 1698
2569 658 1053 1155 1813
2570 328 172 1360 1698
2571 133 2454 2480 2489
2572 1128 1113 1690 1756
2573 109 721 757 817
2574 38 686 907 1383
2575 509 845 857 914
2576 458 1200 1720 2190
2577 1563 1610 454 1472
2578 845 116 857 914
2579 583 731 1092 1115
2580 353 769 1152 1649
2581 226 583 1092 1850
2582 206 988 1734 2265
2583 936 391 1075 1477
2584 1104 1212 1366 2049
2585 933 540 1754 2211
2586 268 267 561 661
2587 478 181 844 1179
2588 621 449 1873 2076
2589 277 714 1226 1409
2590 1350 500 165 402
2591 653 764 1048 1214
2592 406 912 1080 2427
2593 878 591 1091 214
2594 460 569 1046 1984
2595 1772 868 1950 1953
2596 677 1622 1693 1833
2597 2028 464 2112 1949
2598 1205 379 1215 1660
2599 124 808 1095 1695
2600 93 94 536 665
2601 94 93 493 665
2602 252 1017 1312 1541
2603 586 627 1223 1563
2604 1622 2254 1306 2283
2605 536 93 679 694
2606 93 557 679 694
2607 211 212 616 667
2608 212 211 457 667
2609 812 496 1212 2089
2610 1471 603 1896 1998
2611 875 1007 1040 2220
2612 1704 1870 2167 2190
2613 2146 2194 2286 2466
2614 313 442 625 918
2615 414 670 1116 1208
2616 1596 574 1687 2067
2617 202 2213 2218 2244
2618 347 1070 1185 1334
2619 2187 421 2195 2233
2620 451 774 1861 1903
2621 627 397 939 1223
2622 1070 908 1185 1334
2623 1132 1265 1612 1782
2624 665 416 749 1126
2625 1715 1767 479 1349
2626 390 240 414 1116
2627 2492 2415 1036 526
2628 734 541 793 1340
2629 78 77 502 670
2630 411 693 750 1573
2631 693 541 750 2139
2632 731 1092 1115 1156
2633 879 47 1008 1872
2634 783 916 2145 2161
2635 1433 348 1708 1748
2636 1288 2240 2289 2310
2637 1021 585 1542 1954
2638 118 1429 1523 1735
2639 1061 98 1492 1522
2640 644 98 950 1568
2641 154 786 1082 1896
2642 524 963 997 857
2643 1003 715 1577 1659
2644 1241 1596 1669 1958
2645 278 921 1252 2046
2646 1166 140 2495 737
2647 467 140 898 1166
2648 1286 450 1649 1844
2649 1807 624 1814 1326
2650 1143 439 1338 1469
2651 131 1946 2110 2154
2652 240 430 703 995
2653 469 713 1060 1401
2654 810 1064 1286 1549
2655 1669 496 2002 2132
2656 460 203 569 955
2657 616 667 966 1015
2658 1042 1196 531 791
2659 2013 458 2126 2153
2660 1069 917 1562 2207
2661 1200 1438 1704 2190
2662 465 1862 1159 661
2663 634 511 755 849
2664 1085 54 1387 2230
2665 458 2126 2153 2167
2666 381 180 419 946
2667 419 478 851 946
2668 178 381 419 946
2669 687 810 883 947
2670 427 860 896 934
2671 826 262 900 910
2672 689 565 1245 1453
2673 1644 312 1712 1784
2674 481 247 860 934
2675 461 68 502 683
2676 796 832 836 1218
2677 1026 746 1191 1764
2678 475 784 806 2027
2679 461 252 559 890
2680 571 635 1175 1445
2681 112 347 1185 1447
2682 246 481 740 860
2683 349 1185 1447 992
2684 68 69 502 683
2685 1415 1947 1999 2017
2686 611 141 1461 1846
2687 314 1438 1923 1982
2688 1053 567 1489 1932
2689 413 1772 1950 1953
2690 1499 248 1607 1709
2691 136 810 883 1605
2692 1298 587 2006 2017
2693 517 450 972 1064
2694 1029 1170 409 1255
2695 915 54 1085 1516
2696 247 934 945 1626
2697 125 885 1317 1651
2698 829 832 884 931
2699 465 661 1254 2031
2700 137 136 678 687
2701 1253 290 1569 1988
2702 2137 418 1538 1965
2703 40 42 998 1148
2704 1248 989 1700 2313
2705 611 1776 1977 2015
2706 29 109 802 938
2707 802 757 938 109
2708 1210 483 1747 1969
2709 812 57 1139 1148
2710 349 1727 908 992
2711 421 747 2001 2319
2712 670 1017 716 926
2713 1498 1380 1655 1801
2714 1235 854 1272 1513
2715 123 351 662 1279
2716 2403 526 2415 2492
2717 413 437 606 742
2718 166 650 656 1261
2719 917 710 1352 1961
2720 612 1596 2042 2067
2721 80 639 1093 1921
2722 1044 259 1192 1224
2723 574 75 1407 2067
2724 976 120 1497 1564
2725 1111 856 1135 1485
2726 637 660 821 1912
2727 1046 191 1056 2028
2728 103 116 764 967
2729 87 996 1572 1632
2730 567 416 1640 1794
2731 454 210 666 751
2732 1065 372 1284 1602
2733 49 1283 1211 50
2734 1196 1521 2062 2108
2735 595 351 662 785
2736 280 658 708 1270
2737 352 351 595 785
2738 654 179 772 1018
2739 680 424 1060 1213
2740 1056 311 1437 1731
2741 557 1356 1070 1696
2742 633 563 723 1384
2743 246 236 692 889
2744 679 651 940 1696
2745 276 909 1059 1426
2746 547 1941 2134 2365
2747 923 577 1151 1402
2748 186 1305 1358 2099
2749 377 1023 1941 2365
2750 856 435 1111 1135
2751 891 130 1973 2143
2752 589 624 626 824
2753 786 1438 2053 315
2754 1613 966 667 1682
2755 543 602 719 780
2756 1305 985 1346 1959
2757 1440 839 1494 1688
2758 1305 306 1358 1589
2759 331 1074 1698 1724
2760 547 553 823 2365
2761 1135 0 1289 1303
2762 891 747 1461 2143
2763 454 666 723 1610
2764 529 274 1419 1799
2765 947 933 1530 1788
2766 295 527 856 1137
2767 1246 761 1596 2067
2768 730 279 732 1667
2769 50 1169 1202 1215
2770 410 818 1203 1411
2771 403 907 971 2025
2772 462 430 230 703
2773 430 462 240 703
2774 993 1466 1509 1675
2775 81 639 1093 1473
2776 417 541 750 793
2777 862 231 1496 2186
2778 541 79 734 793
2779 1299 540 1418 1727
2780 1088 473 1266 1558
2781 463 649 956 997
2782 242 1010 1312 2041
2783 1186 936 1789 1918
2784 1195 766 1318 1327
2785 661 465 1862 2031
2786 171 273 1278 1537
2787 881 2187 2195 2233
2788 245 1404 548 1019
2789 502 78 670 1338
2790 684 498 1482 1696
2791 518 1411 1391 1581
2792 1291 1041 1332 623
2793 393 500 1187 1300
2794 1315 1479 399 836
2795 333 9 777 1057
2796 1613 1631 616 693
2797 97 787 1423 1486
2798 512 897 1982 2066
2799 500 402 576 1885
2800 792 304 1034 1556
2801 2379 894 2384 2387
2802 540 944 1159 1555
2803 183 844 1179 1556
2804 219 729 1347 1616
2805 921 758 1226 1905
2806 2028 1990 2112 2241
2807 751 209 1592 1616
2808 542 1042 1196 1986
2809 2324 1865 2435 2307
2810 706 957 835 1259
2811 292 1274 13 1157
2812 746 1247 1264 1604
2813 746 445 1247 1604
2814 545 48 1250 1503
2815 581 409 979 1189
2816 130 1497 1973 2088
2817 338 473 1149 1150
2818 875 400 1149 1150
2819 1195 1192 1939 1961
2820 995 1271 1962 2051
2821 905 1016 1063 1204
2822 1110 710 1258 1352
2823 871 1860 1952 2102
2824 229 430 1271 1506
2825 984 1 1697 1825
2826 93 557 969 1495
2827 395 767 856 1825
2828 8 640 1237 1937
2829 670 716 890 1869
2830 866 71 1205 1215
2831 703 445 869 1271
2832 6 299 480 748
2833 15 332 1260 1457
2834 963 997 956 649
2835 1939 778 1044 620
2836 877 797 880 1424
2837 216 215 685 731
2838 400 875 1149 1838
2839 1121 2125 2326 2329
2840 543 1333 1823 1935
2841 336 715 777 1600
2842 535 1023 2337 2356
2843 800 1382 1482 1696
2844 2383 2367 554 2155
2845 470 397 602 660
2846 306 186 1305 1358
2847 484 578 1494 2298
2848 355 492 1145 1381
2849 8 640 688 1237
2850 339 518 1391 1657
2851 787 1069 1195 1318
2852 1169 1202 1215 1660
2853 917 1352 1562 1938
2854 203 569 955 1329
2855 1328 871 2051 2344
2856 2287 455 2311 1585
2857 2071 2286 2294 2311
2858 473 340 1266 1558
2859 774 81 1093 1473
2860 1014 1591 1759 1989
2861 340 410 1539 1558
2862 1941 2008 2194 2216
2863 2008 925 2194 2238
2864 1850 626 2091 2360
2865 200 199 563 723
2866 199 200 666 723
2867 577 648 1028 1168
2868 2007 1400 2019 2060
2869 120 476 1497 1564
2870 2314 73 2326 2332
2871 1002 1991 525 2268
2872 292 941 1544 1552
2873 374 511 1546 1687
2874 500 1198 1582 1774
2875 2075 2101 428 1793
2876 1637 1361 2368 2386
2877 304 1134 1556 1566
2878 2238 1428 2301 2466
2879 295 527 767 856
2880 909 1030 1059 1555
2881 2155 538 2383 2388
2882 198 199 627 840
2883 1257 499 1265 1612
2884 532 1016 1023 2008
2885 125 678 883 1651
2886 525 1991 2253 2268
2887 717 710 766 1641
2888 377 700 823 2342
2889 388 570 1770 1977
2890 1368 2072 2104 1928
2891 215 685 731 1115
2892 841 801 1398 1551
2893 553 365 1025 1124
2894 142 895 2134 2135
2895 2068 2297 2391 2400
2896 220 219 659 729
2897 858 601 1024 1187
2898 727 995 1658 2105
2899 166 163 656 1380
2900 653 620 913 1382
2901 98 106 1061 1234
2902 556 738 865 1364
2903 862 872 1338 1469
2904 500 393 1597 1885
2905 825 29 1635 1725
2906 627 397 1223 1563
2907 557 679 694 940
2908 829 884 1105 1801
2909 108 1277 1378 1542
2910 997 967 524 857
2911 620 269 778 795
2912 814 346 1773 2179
2913 625 1062 1220 2065
2914 426 825 912 1888
2915 596 1044 1192 1224
2916 205 646 924 2337
2917 1109 560 2330 2344
2918 335 36 798 1341
2919 2301 2294 2452 2466
2920 458 1329 1454 1720
2921 43 1131 827 1619
2922 121 855 2482 2486
2923 109 477 802 2174
2924 1122 2220 2225 2239
2925 2014 1620 2275 2290
2926 1946 131 2074 2154
2927 341 1114 342 383
2928 1132 108 1392 1545
2929 1155 1067 708 374
2930 102 93 557 969
2931 667 966 1673 1682
2932 844 478 1179 1587
2933 391 922 2025 2044
2934 977 1575 1947 2499
2935 2302 1140 2304 2311
2936 1063 377 2194 2342
2937 1550 977 1728 2182
2938 504 62 515 1202
2939 2297 2358 2391 2409
2940 180 478 946 1587
2941 439 579 974 1469
2942 567 921 1252 1667
2943 2107 2135 2154 2247
2944 701 209 876 1507
2945 1221 1267 1281 1328
2946 482 1949 1950 2257
2947 1671 217 1758 2250
2948 57 40 812 822
2949 468 417 579 1287
2950 1852 405 2407 2411
2951 966 1613 667 616
2952 1060 1638 629 1213
2953 789 411 966 1340
2954 2112 415 2123 2241
2955 423 1278 1620 1883
2956 2335 2391 2398 2412
2957 773 321 1158 1662
2958 794 611 412 436
2959 691 802 2009 2130
2960 424 960 1060 1364
2961 542 864 1492 1523
2962 1990 2028 2059 2241
2963 1196 2062 2093 2108
2964 687 424 865 1364
2965 764 116 845 914
2966 388 737 747 1123
2967 1198 243 500 1582
2968 254 838 1019 1249
2969 1438 786 2053 1923
2970 493 84 816 1501
2971 450 529 595 933
2972 1931 369 2077 2097
2973 1470 868 1772 1953
2974 622 1623 1705 1849
2975 791 530 1042 1196
2976 213 619 1691 1722
2977 693 616 1015 1631
2978 1365 881 1993 2163
2979 425 815 1342 1578
2980 402 500 576 1350
2981 1276 1350 1133 656
2982 1926 2056 2061 1522
2983 2394 975 2434 2435
2984 416 1126 1641 1733
2985 1104 1212 1468 1669
2986 387 1163 1427 1717
2987 564 680 1041 1530
2988 382 1865 2403 2435
2989 2221 875 1007 1561
2990 810 1152 1286 1649
2991 45 1131 1231 1348
2992 45 329 1131 1348
2993 796 329 1218 1348
2994 1558 444 422 1266
2995 1088 281 1561 2175
2996 281 1088 2114 2175
2997 209 210 659 751
2998 210 209 666 751
2999 1161 56 1366 1809
3000 931 1014 1167 1593
3001 816 490 1053 1813
3002 999 492 2024 2148
3003 676 392 821 1390
3004 252 736 1017 2043
3005 1163 1250 1427 1717
3006 1803 2328 455 2401
3007 85 76 534 755
3008 1107 1149 1359 1490
3009 962 1107 1359 1490
3010 553 591 709 2371
3011 445 703 869 948
3012 880 386 1084 1424
3013 1685 839 1803 2215
3014 416 749 1126 1733
3015 950 98 1061 1522
3016 948 746 1349 1604
3017 1394 882 2081 2177
3018 8 537 640 1937
3019 1503 1162 545 46
3020 706 957 184 835
3021 15 1457 1548 1891
3022 765 213 806 1691
3023 593 255 1041 1145
3024 385 23 902 1892
3025 2242 433 2260 2273
3026 787 861 1423 1486
3027 450 810 947 1064
3028 2199 841 942 1331
3029 1040 642 1306 1448
3030 1211 1169 1684 1827
3031 1086 587 1298 2017
3032 951 80 1767 1921
3033 621 2059 2073 2076
3034 192 1629 1683 2054
3035 463 1307 1365 2144
3036 1971 1917 2030 2172
3037 377 823 1204 1614
3038 1353 2328 2346 2424
3039 1579 622 1623 1705
3040 857 524 914 967
3041 969 982 1495 1588
3042 116 857 914 967
3043 1860 1933 2069 2102
3044 1044 258 1369 1574
3045 1232 945 1369 1574
3046 897 779 1567 1629
3047 845 764 2120 2181
3048 103 116 632 764
3049 1953 868 1949 464
3050 1965 1538 2137 2367
3051 2390 1528 2407 2428
3052 341 74 1395 1657
3053 948 978 1617 1715
3054 1546 1416 1687 1692
3055 309 1771 1959 2142
3056 54 1085 1706 2230
3057 524 764 914 967
3058 448 739 1026 1264
3059 60 1187 1300 1024
3060 750 468 233 664
3061 995 531 1654 2105
3062 442 581 625 918
3063 1659 403 2025 2044
3064 1200 458 1984 2206
3065 1415 1947 2148 2165
3066 601 399 668 1054
3067 432 728 765 1171
3068 1567 1629 1820 1982
3069 418 1085 1538 1965
3070 403 330 609 1421
3071 529 1351 1419 1818
3072 115 114 632 768
3073 566 1308 2395 2415
3074 1829 2235 2269 2272
3075 380 500 576 1146
3076 517 124 662 1256
3077 406 295 527 1080
3078 1025 2359 2385 2389
3079 557 102 969 1185
3080 876 208 939 1494
3081 301 426 1047 1080
3082 882 1394 1401 2141
3083 179 419 654 772
3084 2370 2373 2377 2383
3085 388 553 611 2015
3086 550 661 944 1159
3087 1647 1974 2084 2214
3088 769 354 810 1216
3089 520 606 1321 1476
3090 591 646 1385 1443
3091 782 2379 2459 2460
3092 661 465 944 1159
3093 371 1135 1465 1485
3094 1946 2135 2154 2074
3095 700 724 930 1012
3096 1788 2211 1653 933
3097 922 1537 1838 2085
3098 1408 816 1489 1813
3099 432 966 1573 1682
3100 577 1101 1111 1251
3101 507 1529 2201 2221
3102 424 680 947 1322
3103 1513 551 1934 2502
3104 1681 572 1812 1843
3105 685 1016 1204 1729
3106 2094 2235 2292 2296
3107 438 1703 1704 1870
3108 293 1310 1463 1552
3109 644 89 699 1604
3110 791 97 1196 1554
3111 1484 1983 1987 2186
3112 1061 98 1234 1492
3113 199 586 627 840
3114 627 586 1472 1563
3115 397 470 602 719
3116 602 397 719 780
3117 417 468 579 1885
3118 98 950 1568 1627
3119 918 581 1099 2338
3120 67 928 1290 1559
3121 557 679 684 1495
3122 1917 592 1971 2030
3123 1377 1565 1690 1756
3124 2325 552 2374 2376
3125 1358 1305 1589 1959
3126 944 550 1159 1555
3127 1034 825 1843 2009
3128 492 960 1145 1381
3129 228 1248 1743 1839
3130 1671 1440 1688 1758
3131 1036 384 2415 2418
3132 2193 272 2203 2251
3133 648 577 1036 2418
3134 493 93 982 1495
3135 976 881 2233 1881
3136 68 461 926 1245
3137 1677 53 1706 2230
3138 716 926 937 1451
3139 1688 1190 2237 2282
3140 292 517 941 1274
3141 653 1044 1939 1996
3142 1100 2094 2106 2296
3143 1396 324 1427 1661
3144 584 122 1021 1132
3145 199 586 840 1491
3146 425 809 815 1861
3147 1378 494 2381 2382
3148 221 1764 1987 1983
3149 154 603 775 786
3150 603 156 775 786
3151 622 408 874 1439
3152 537 1576 1611 2310
3153 1168 532 2440 2493
3154 547 1941 2107 2134
3155 716 1458 1760 2117
3156 684 568 814 1073
3157 586 705 834 2082
3158 533 379 773 1238
3159 1477 1724 1360 1753
3160 380 500 1146 1300
3161 124 743 1064 1095
3162 545 1250 1285 1300
3163 249 1192 1499 1654
3164 645 972 1064 1095
3165 2149 635 2162 197
3166 399 519 832 836
3167 667 212 1682 2274
3168 2135 453 1946 2247
3169 116 115 632 845
3170 2366 2380 2447 2477
3171 347 112 1185 1588
3172 374 1114 1155 1219
3173 1887 363 1977 2040
3174 1056 1437 2112 2142
3175 608 1292 1574 1626
3176 861 96 1069 1318
3177 632 115 768 845
3178 116 632 764 845
3179 49 1283 1181 1211
3180 1726 804 1870 1936
3181 502 461 683 1143
3182 856 1697 395 1825
3183 1178 977 2039 2182
3184 1022 206 1374 2276
3185 736 716 2117 2152
3186 1245 1453 1584 1805
3187 1110 710 1352 1562
3188 171 173 1074 1642
3189 403 971 1421 1659
3190 397 2462 1174 719
3191 1391 1406 1203 339
3192 556 960 1364 1401
3193 1138 1829 1945 2269
3194 268 269 758 795
3195 199 563 723 1491
3196 269 268 778 795
3197 814 1073 1081 1325
3198 715 336 1359 1598
3199 2071 1585 2287 2311
3200 329 323 607 796
3201 1167 1477 1882 1909
3202 1271 1221 1281 1328
3203 925 2192 2437 2439
3204 464 952 1959 2142
3205 896 1626 1792 1862
3206 903 543 2443 2451
3207 1896 603 1923 1998
3208 1188 691 2433 2472
3209 629 608 896 1862
3210 488 677 682 2234
3211 488 565 601 1531
3212 2153 1965 2013 418
3213 2059 1170 621 1990
3214 532 2036 2440 2493
3215 163 166 656 1261
3216 409 581 1099 1189
3217 871 2093 2064 1962
3218 1172 580 1772 1876
3219 920 148 1178 1376
3220 40 812 822 907
3221 38 523 798 907
3222 29 477 726 802
3223 477 27 726 802
3224 29 109 477 802
3225 613 408 774 1903
3226 1028 577 1168 1251
3227 543 757 2443 2462
3228 524 764 967 1214
3229 715 1421 1659 1786
3230 1015 693 1631 1987
3231 518 1411 1581 410
3232 542 1061 1986 2026
3233 1250 61 1285 1680
3234 1465 1065 1485 1602
3235 1294 1727 662 785
3236 994 795 1382 1641
3237 642 1448 2197 2254
3238 2053 156 603 786
3239 512 979 2123 2178
3240 687 810 1152 1605
3241 159 213 619 806
3242 388 611 1461 1846
3243 324 1163 1427 1661
3244 768 1464 2181 2227
3245 1187 683 1024 858
3246 349 1185 908 1334
3247 493 94 665 816
3248 987 765 1691 1992
3249 1274 450 1286 1502
3250 656 387 1133 1276
3251 410 892 1539 1558
3252 1821 226 1850 2048
3253 1194 609 1786 2022
3254 1062 625 1510 1694
3255 892 473 1088 1558
3256 470 602 719 1628
3257 980 1713 1474 1164
3258 2121 1051 2377 1703
3259 950 1568 1627 1854
3260 784 379 806 1240
3261 1110 511 634 849
3262 1768 755 574 1407
3263 774 81 893 1093
3264 576 380 1133 1350
3265 1077 1066 1467 1806
3266 906 2063 562 600
3267 1749 1898 2455 2461
3268 1379 1094 789 70
3269 613 451 774 1093
3270 2172 2030 2316 2331
3271 2203 910 2251 2258
3272 2084 626 2091 2214
3273 674 482 952 1953
3274 877 880 904 1108
3275 716 1316 1451 1808
3276 917 787 1069 1195
3277 656 166 1380 1655
3278 942 1331 2370 2377
3279 1883 1914 1759 1940
3280 961 922 1278 1975
3281 1110 604 1451 1562
3282 1599 1085 1361 1706
3283 1321 803 1342 2231
3284 1756 1128 1505 1565
3285 26 1476 1738 1927
3286 339 383 518 1657
3287 1315 1167 1882 1909
3288 714 550 1226 1409
3289 416 665 749 816
3290 416 568 665 816
3291 1547 23 1892 2281
3292 94 84 672 816
3293 492 999 1511 2148
3294 2148 2007 2060 2095
3295 84 94 493 816
3296 842 1108 880 110
3297 109 132 721 817
3298 1154 1044 258 620
3299 163 576 1276 1350
3300 435 1718 1781 1845
3301 424 687 947 1152
3302 577 382 1168 1251
3303 194 404 923 1151
3304 638 448 660 821
3305 470 638 660 821
3306 1131 836 1231 1348
3307 229 219 989 1248
3308 1070 550 1433 1913
3309 498 1070 1433 1913
3310 836 796 1218 1348
3311 605 442 2178 313
3312 783 1386 1394 2141
3313 392 99 676 821
3314 99 90 676 821
3315 388 709 747 823
3316 406 566 2406 2426
3317 388 547 553 823
3318 676 91 1390 1557
3319 1143 1180 1723 439
3320 517 351 595 1157
3321 616 221 1015 1631
3322 1226 1482 498 1913
3323 225 731 583 1115
3324 387 505 379 1205
3325 351 352 595 1157
3326 388 553 709 823
3327 382 648 2403 2418
3328 905 1016 2045 2164
3329 877 797 1390 904
3330 638 425 739 1390
3331 317 841 942 1690
3332 350 908 909 1059
3333 2370 1690 1128 317
3334 82 809 1702 1713
3335 276 909 1030 1059
3336 2014 2290 1278 1620
3337 1006 1433 1739 1748
3338 904 877 1108 1390
3339 159 213 806 828
3340 174 712 1151 370
3341 2367 554 2369 2373
3342 1688 1758 2237 2250
3343 613 408 789 1379
3344 800 550 944 1356
3345 126 1183 1313 2196
3346 364 646 2359 2389
3347 1620 1833 1975 2283
3348 314 442 688 1438
3349 943 1070 1185 1356
3350 1489 1750 1804 1773
3351 66 612 1596 1669
3352 807 712 1656 1388
3353 402 1380 1350 163
3354 960 1041 1145 1381
3355 547 141 794 1397
3356 488 1453 1583 1584
3357 252 461 559 1312
3358 693 222 750 1573
3359 750 417 793 833
3360 411 750 793 833
3361 738 556 960 1364
3362 1347 989 1822 1854
3363 447 522 544 1405
3364 276 1006 1059 1409
3365 1343 992 1447 1449
3366 921 567 1640 1667
3367 490 574 1155 1219
3368 374 518 1114 1219
3369 721 121 1021 1353
3370 1258 717 1110 495
3371 257 1862 1762 561
3372 342 1114 1270 1539
3373 1385 831 1443 1475
3374 595 352 909 1653
3375 920 738 986 1618
3376 738 687 1381 1618
3377 557 93 679 1495
3378 94 672 1407 1768
3379 27 776 802 906
3380 562 477 802 906
3381 847 300 1639 2303
3382 993 5 1502 1509
3383 2479 132 2482 2486
3384 494 2334 850 2382
3385 1152 354 1230 1233
3386 438 1726 1936 2243
3387 2248 2231 2090 2125
3388 1865 2324 782 2307
3389 914 764 1048 2120
3390 1099 409 1189 1255
3391 696 432 1032 1240
3392 1500 1345 1837 2038
3393 669 1525 1553 1603
3394 922 391 961 2044
3395 470 638 821 1390
3396 2005 873 2074 2150
3397 1046 1751 2059 2213
3398 793 1146 1180 599
3399 87 787 861 1069
3400 1212 496 1290 1669
3401 787 87 996 1069
3402 604 670 1050 1869
3403 2174 906 110 477
3404 498 684 1482 1640
3405 1212 1104 1366 1669
3406 717 416 1641 1733
3407 1457 333 1227 336
3408 754 1639 158 775
3409 155 754 775 847
3410 500 1582 1597 1774
3411 1477 1591 1693 1753
3412 331 173 1074 1194
3413 626 552 1974 2084
3414 1622 677 1693 2234
3415 201 474 868 1553
3416 229 1271 1281 1506
3417 39 1520 1540 1826
3418 86 849 1319 1451
3419 566 384 772 851
3420 478 297 527 851
3421 419 478 772 851
3422 471 201 868 2210
3423 787 97 791 1554
3424 478 566 772 851
3425 478 527 566 851
3426 399 836 931 1315
3427 178 179 630 851
3428 297 178 735 851
3429 72 2314 2339 2343
3430 413 459 482 1037
3431 179 178 419 851
3432 565 59 601 1531
3433 564 424 680 947
3434 1034 304 1239 1556
3435 1550 1802 1575 361
3436 411 750 1363 1573
3437 1361 51 1677 1684
3438 1136 713 1446 2081
3439 2317 2316 589 2030
3440 1120 657 1775 1824
3441 465 629 1862 2031
3442 408 803 874 1595
3443 941 1310 1544 1552
3444 1525 1795 669 1553
3445 1904 1906 1968 1972
3446 765 806 987 1691
3447 551 591 709 1972
3448 1133 380 1146 1250
3449 700 724 811 930
3450 321 773 1158 1238
3451 1909 1789 1918 1930
3452 785 350 909 1112
3453 1092 583 1115 1924
3454 1683 1923 2054 2053
3455 411 505 833 1263
3456 448 637 1247 1347
3457 2262 1255 433 2249
3458 580 1470 1553 1772
3459 905 1585 2071 2402
3460 2002 1122 1290 928
3461 532 1504 2036 2493
3462 1991 1493 2268 2343
3463 1290 2254 682 1583
3464 1812 776 1843 2047
3465 1004 1270 1624 1741
3466 809 774 1473 1702
3467 828 223 1032 1097
3468 256 246 617 860
3469 246 256 548 860
3470 617 246 740 860
3471 247 617 740 860
3472 1479 1930 1315 399
3473 1148 40 1520 1540
3474 791 530 1043 1483
3475 679 749 1077 1126
3476 1060 1213 1364 1638
3477 1639 1082 1398 154
3478 324 47 1163 1324
3479 2191 2390 2397 2407
3480 1181 49 1211 1324
3481 320 1158 1169 1238
3482 620 800 1226 1254
3483 1092 1115 1156 1924
3484 231 241 462 862
3485 154 1082 1471 1896
3486 1822 989 1851 1854
3487 1366 1241 1669 1958
3488 1241 1581 65 1391
3489 497 504 515 1444
3490 1802 1550 1575 977
3491 678 137 687 865
3492 687 137 738 865
3493 597 556 738 865
3494 137 597 738 865
3495 597 678 126 865
3496 1625 508 1871 2302
3497 678 597 137 865
3498 107 120 1033 1355
3499 358 977 1178 1728
3500 38 798 1160 1295
3501 719 543 780 867
3502 397 719 780 867
3503 1750 344 1804 1985
3504 1780 989 1851 1856
3505 815 622 1579 1705
3506 958 610 1326 1752
3507 102 943 1185 940
3508 1942 1073 814 346
3509 476 120 494 1564
3510 1136 916 2157 2170
3511 251 670 890 1869
3512 507 473 818 875
3513 2183 506 2248 2284
3514 474 471 201 868
3515 471 474 189 868
3516 1226 277 1708 1905
3517 208 207 839 1440
3518 691 29 802 938
3519 330 403 936 1540
3520 680 564 947 1530
3521 902 23 1062 2065
3522 564 1901 1530 1645
3523 2075 384 2131 2438
3524 328 1167 1360 1593
3525 780 543 1333 1823
3526 2297 2294 2409 2424
3527 1165 1035 1645 1646
3528 1704 1200 1896 1923
3529 550 1226 1409 1433
3530 792 957 1874 2082
3531 394 1 395 1697
3532 1182 917 1643 1944
3533 236 592 1298 2048
3534 684 568 1073 1495
3535 806 475 987 1663
3536 679 665 684 1495
3537 868 474 1470 1553
3538 473 338 1149 1606
3539 874 408 1595 1673
3540 524 857 914 963
3541 877 110 880 1108
3542 135 517 941 1256
3543 1052 1137 1236 1096
3544 1138 1851 1868 1967
3545 811 724 1001 1508
3546 382 1013 1787 1845
3547 209 208 701 876
3548 208 209 578 876
3549 908 943 1070 1185
3550 525 409 581 1099
3551 2175 859 1067 708
3552 100 110 614 877
3553 892 708 2114 2175
3554 670 1017 461 890
3555 1530 2211 1788 933
3556 739 425 809 1390
3557 742 425 797 880
3558 1319 937 1451 1808
3559 523 38 822 907
3560 652 1540 1520 686
3561 797 904 877 880
3562 1558 290 1487 340
3563 664 233 750 1363
3564 933 450 947 972
3565 1028 1023 2337 535
3566 758 277 1226 1905
3567 40 998 1139 1148
3568 834 792 1650 1681
3569 1518 2271 753 1970
3570 520 842 92 880
3571 842 1108 92 880
3572 842 520 25 880
3573 342 383 1114 1539
3574 1299 1727 1555 540
3575 1482 800 1696 1913
3576 948 544 1349 1405
3577 534 755 849 1806
3578 1273 1252 2119 287
3579 136 125 678 883
3580 125 136 743 883
3581 685 811 1156 1204
3582 442 313 688 1237
3583 1738 2183 2284 2308
3584 851 1615 735 297
3585 1254 661 1292 2031
3586 600 562 906 1424
3587 1224 1499 1607 1709
3588 1149 338 1490 1606
3589 78 704 1125 1143
3590 1999 1575 2498 2499
3591 932 978 220 2052
3592 787 861 1069 1318
3593 228 1267 1328 1899
3594 2 435 1135 1785
3595 1787 382 1845 1865
3596 1448 2012 2197 2200
3597 691 29 938 1635
3598 29 691 825 1635
3599 305 657 1681 1812
3600 217 1440 1671 1758
3601 592 692 1298 1980
3602 1726 804 1765 1870
3603 131 2110 2150 2154
3604 765 213 1691 1722
3605 977 1090 1550 2499
3606 114 768 940 1464
3607 176 296 722 1656
3608 1491 1610 1472 723
3609 2238 2301 2452 2466
3610 1451 849 1069 1462
3611 994 953 1815 1961
3612 501 784 915 2027
3613 1734 905 2045 2420
3614 323 607 830 1655
3615 812 949 1148 2173
3616 658 280 708 1229
3617 364 591 1091 1968
3618 58 682 2184 2212
3619 1414 2105 1654 249
3620 1528 1740 2453 2476
3621 1495 568 345 1501
3622 805 225 583 1456
3623 229 219 932 1243
3624 479 439 1723 2186
3625 211 671 760 1849
3626 494 120 1355 2381
3627 1111 370 712 2101
3628 437 1470 1772 1953
3629 1408 1489 1716 1737
3630 1114 342 1270 1737
3631 1188 405 2426 2444
3632 1817 483 2055 2080
3633 1797 1996 1048 1043
3634 1017 1193 1245 1370
3635 1261 1742 650 656
3636 408 452 1164 1595
3637 1931 895 2034 2159
3638 152 142 887 895
3639 989 1851 1856 1967
3640 142 152 412 895
3641 1979 2057 2462 2463
3642 384 856 1111 1793
3643 1196 542 1986 2026
3644 679 694 940 1464
3645 651 679 940 1464
3646 873 2074 2150 2154
3647 236 549 592 2048
3648 1312 1010 1597 2041
3649 391 949 1306 2173
3650 979 415 2123 2178
3651 908 540 909 1555
3652 369 1101 1251 1718
3653 1268 1305 1853 1908
3654 1326 958 1752 1807
3655 1833 1620 1883 1989
3656 452 432 501 1171
3657 268 550 661 1254
3658 2072 2104 2017 1415
3659 836 326 931 1315
3660 646 215 685 1478
3661 685 215 1022 1478
3662 23 21 385 902
3663 926 1017 1193 1245
3664 2406 2395 2408 2444
3665 347 348 1325 1334
3666 437 386 633 1824
3667 1853 1346 1199 187
3668 1475 2359 646 2389
3669 215 216 685 1022
3670 349 1185 1334 1447
3671 1104 65 1366 1958
3672 1701 405 2433 2444
3673 2395 2406 2426 2444
3674 1917 491 2030 2331
3675 85 76 755 1407
3676 608 629 1048 2031
3677 410 339 518 1391
3678 2046 1708 2109 2119
3679 685 2276 1478 1022
3680 92 91 771 904
3681 91 698 771 904
3682 896 608 934 1626
3683 583 1298 1917 2048
3684 1700 1190 2298 1822
3685 208 578 1440 1494
3686 776 600 802 906
3687 477 842 27 906
3688 842 477 110 906
3689 1078 301 1080 1096
3690 796 1008 1131 1162
3691 685 646 1478 1729
3692 332 1057 1260 1457
3693 1139 58 1290 2184
3694 686 40 822 907
3695 38 686 822 907
3696 1070 550 1356 1555
3697 1174 2462 2057 719
3698 811 434 1156 1204
3699 1295 798 1320 1337
3700 1394 783 2141 2177
3701 1909 1477 1910 1956
3702 656 163 1350 1380
3703 1243 703 1506 445
3704 350 349 785 908
3705 512 1046 2206 2226
3706 1963 621 2223 2257
3707 106 1061 2026 2062
3708 717 495 730 1053
3709 393 579 1597 1885
3710 730 270 1229 1258
3711 798 38 907 1383
3712 38 798 1295 1383
3713 433 1099 1189 1255
3714 1453 641 1584 1805
3715 1149 336 1359 1490
3716 2 856 984 1697
3717 649 427 963 1711
3718 570 1301 1972 2040
3719 155 299 847 2246
3720 221 1764 2103 1191
3721 2451 2443 2453 2464
3722 33 35 1137 1236
3723 295 406 527 1137
3724 1277 494 1378 1542
3725 2090 1121 2326 2339
3726 844 1817 2055 2080
3727 116 857 967 2116
3728 824 481 1311 2144
3729 725 952 1432 1437
3730 1003 759 1863 1891
3731 598 1436 54 915
3732 412 151 611 1732
3733 767 295 856 1137
3734 157 1082 1398 1551
3735 996 995 1654 1658
3736 627 939 1911 1223
3737 1015 221 1191 1987
3738 958 117 967 997
3739 729 746 1243 1247
3740 1502 899 1274 13
3741 738 920 1178 1376
3742 973 1549 145 1310
3743 859 2129 2175 2201
3744 844 1034 1239 1556
3745 452 432 1171 1673
3746 679 95 1077 1488
3747 1750 1489 1804 344
3748 320 1169 1211 1238
3749 1013 369 1251 1718
3750 1254 550 465 800
3751 913 620 1044 1254
3752 1652 1647 1974 2259
3753 568 1053 567 1489
3754 49 320 1211 1324
3755 127 1079 1842 1880
3756 641 937 1559 1760
3757 1366 1212 2032 2049
3758 614 562 719 877
3759 1759 1620 1970 1989
3760 478 1179 180 181
3761 95 744 1077 1488
3762 1000 1113 1377 1690
3763 993 1274 1502 450
3764 773 1158 1238 1637
3765 912 406 1080 1867
3766 1169 379 1238 1637
3767 351 662 785 1294
3768 292 134 941 1279
3769 1262 909 1653 2180
3770 1963 621 2219 2223
3771 1079 1228 1721 2188
3772 509 845 1317 2196
3773 565 68 683 1024
3774 521 1721 1897 2188
3775 1890 1546 928 1692
3776 1376 556 1386 2141
3777 1439 449 2076 2270
3778 157 942 1551 1565
3779 195 577 923 1402
3780 712 174 1151 1402
3781 730 270 732 1229
3782 1159 540 1322 1336
3783 77 68 502 926
3784 132 691 817 938
3785 682 488 1453 1583
3786 796 380 832 1105
3787 380 796 830 1105
3788 69 1027 1143 1180
3789 413 437 1772 1953
3790 1485 1284 1793 1886
3791 1234 542 1523 1752
3792 1326 610 1429 1752
3793 1009 530 1196 1752
3794 154 157 1082 1398
3795 909 350 1059 1112
3796 841 2199 942 1398
3797 446 1559 1760 1890
3798 993 450 1649 1788
3799 2256 558 2323 2352
3800 552 2084 2374 2376
3801 843 2325 2374 2376
3802 224 1141 1902 1904
3803 1378 499 1542 1907
3804 170 829 884 931
3805 653 1214 1866 1964
3806 1152 687 1605 1618
3807 231 1617 462 1072
3808 1904 1304 1141 1902
3809 965 591 1115 1904
3810 635 516 2458 2474
3811 724 1001 1012 1585
3812 930 398 1012 1907
3813 622 1553 1623 1849
3814 1152 1230 1381 1618
3815 591 965 1091 1904
3816 326 170 884 931
3817 687 1152 1381 1618
3818 787 917 996 1654
3819 1382 1939 994 766
3820 649 524 1142 1711
3821 379 784 806 1637
3822 1489 1804 1893 1932
3823 993 1672 274 1901
3824 1708 1226 1905 2046
3825 852 589 2172 1311
3826 569 1046 1984 2206
3827 472 230 978 1072
3828 1109 560 1499 2330
3829 343 568 816 1501
3830 239 430 995 1271
3831 1036 648 2418 2492
3832 2225 2083 2012 2156
3833 1169 1361 1684 1827
3834 1988 2114 1558 1569
3835 422 1606 1266 444
3836 726 29 825 1725
3837 2120 768 2181 2227
3838 173 752 1074 1194
3839 1077 1467 1733 1806
3840 62 63 515 1436
3841 780 484 876 939
3842 627 397 876 939
3843 701 627 876 939
3844 1986 2354 1526 871
3845 362 1091 1904 1968
3846 27 726 2047 2078
3847 2242 1493 2326 2341
3848 26 1269 1745 1927
3849 269 758 795 1357
3850 1128 1756 1505 806
3851 1232 945 1574 1626
3852 856 2 1135 1697
3853 776 1812 1843 1878
3854 907 403 971 1421
3855 689 926 68 1435
3856 2448 1686 1504 1734
3857 568 567 1640 1773
3858 570 521 1123 1757
3859 312 674 1120 1644
3860 2492 2473 526 2490
3861 469 960 1060 1332
3862 941 292 1274 1552
3863 1625 508 1353 2482
3864 1277 494 1355 1378
3865 463 916 2144 2161
3866 509 857 1313 1638
3867 1454 458 1703 2126
3868 646 2365 1729 2371
3869 1042 530 1142 1807
3870 2181 103 1464 632
3871 307 636 1812 2047
3872 217 1374 1508 1791
3873 907 971 1383 1421
3874 545 60 1162 1300
3875 888 393 1024 1300
3876 249 1192 1224 1499
3877 657 705 957 1650
3878 766 1318 1327 1467
3879 1146 888 1285 1300
3880 993 274 1788 1901
3881 1953 2118 464 482
3882 529 13 993 1502
3883 377 547 823 2365
3884 30 2047 2127 1811
3885 1798 34 1867 1888
3886 1751 1949 2028 2073
3887 825 426 1034 1047
3888 926 77 1435 1451
3889 152 887 1831 2034
3890 1957 1828 1960 1985
3891 1836 2133 2146 2150
3892 113 111 992 1695
3893 1063 905 1585 2071
3894 2085 16 1577 1003
3895 814 2109 2119 2179
3896 439 579 1143 1180
3897 90 739 821 1264
3898 693 616 966 1015
3899 1145 1019 1368 1511
3900 1695 1727 1095 662
3901 23 21 902 1062
3902 1019 1145 1249 1511
3903 776 1533 1843 2047
3904 786 315 2246 2255
3905 543 602 780 1333
3906 547 2342 823 1345
3907 950 1217 1780 1856
3908 634 416 717 1733
3909 907 812 949 1148
3910 40 812 907 1148
3911 1180 2037 393 579
3912 549 1850 2091 2360
3913 309 1358 1589 1959
3914 624 589 626 954
3915 1082 438 1703 1704
3916 348 1059 1714 1748
3917 432 765 1032 1240
3918 1162 1008 1250 1427
3919 1610 1563 1648 627
3920 315 640 786 1438
3921 922 1040 1278 1975
3922 1038 19 1679 1755
3923 642 1040 1306 1975
3924 2452 2350 2358 2294
3925 1321 2183 2231 2284
3926 2184 2254 1622 682
3927 518 341 1219 1395
3928 1095 883 125 743
3929 678 126 865 1651
3930 2072 1368 2104 1415
3931 415 482 2112 2118
3932 883 1095 125 1651
3933 126 125 1317 1651
3934 215 646 1443 1478
3935 933 680 1530 1754
3936 378 334 1227 1260
3937 1630 826 2043 2266
3938 399 668 832 1187
3939 710 766 1195 1327
3940 1298 420 1513 1934
3941 698 82 809 1702
3942 1947 1999 2017 2499
3943 1652 1647 2259 2355
3944 1797 1607 1574 1044
3945 117 105 610 958
3946 1013 382 1736 1845
3947 133 2454 2469 2477
3948 198 441 2058 2162
3949 2069 2309 2320 1138
3950 431 881 1365 2187
3951 717 730 1258 1815
3952 1518 423 1620 1940
3953 136 687 1403 1605
3954 1353 508 2346 2417
3955 2326 2332 2341 2343
3956 1279 941 1256 134
3957 287 911 1252 2138
3958 667 211 671 1015
3959 1563 1610 1472 627
3960 547 1345 1461 1840
3961 2441 2366 2447 2487
3962 1962 995 2051 2105
3963 519 647 1131 1479
3964 307 636 2047 2033
3965 1001 811 1508 1512
3966 857 509 963 1638
3967 366 1201 2356 2385
3968 1953 1949 482 464
3969 737 140 968 1846
3970 336 715 1359 1457
3971 811 434 930 1092
3972 930 811 1092 1674
3973 398 2288 1012 1981
3974 428 767 1793 1886
3975 1336 509 1819 2079
3976 1169 320 1211 1684
3977 434 1156 1204 1614
3978 523 1809 2032 2049
3979 799 658 1978 280
3980 1217 1061 1242 2062
3981 769 294 1286 1777
3982 658 279 1978 1229
3983 1635 825 1725 1888
3984 1489 1045 568 1847
3985 1750 1045 1773 1847
3986 681 756 1442 1662
3987 86 849 1451 1462
3988 96 861 1069 1462
3989 547 794 1102 1397
3990 784 379 1240 1660
3991 576 505 833 1363
3992 738 492 960 1895
3993 699 1264 1568 1604
3994 989 1700 1851 1868
3995 2045 2164 2192 2431
3996 792 834 1034 1681
3997 352 785 909 1112
3998 1132 602 1265 1782
3999 1716 1144 1737 1893
4000 2481 2477 2366 2487
4001 400 818 1040 2089
4002 439 862 872 974
4003 231 241 862 974
4004 862 241 872 974
4005 1911 2483 627 1223
4006 512 897 1567 1982
4007 919 203 1329 1505
4008 1505 2151 919 157
4009 1548 1003 1457 1863
4010 2474 2115 1855 1685
4011 128 2233 127 976
4012 595 662 1418 1727
4013 513 629 896 1862
4014 1132 108 1545 1612
4015 772 1210 1747 1969
4016 557 1073 1081 1588
4017 112 969 1185 1588
4018 501 784 806 1240
4019 1743 1868 1899 2232
4020 1023 1016 1478 1729
4021 645 972 1095 1418
4022 507 473 875 1088
4023 972 645 1322 1418
4024 645 1299 1336 1418
4025 562 110 877 2174
4026 230 788 932 978
4027 439 862 974 1496
4028 568 345 1045 1073
4029 2027 2013 2113 2126
4030 893 774 1379 1702
4031 671 1861 573 1705
4032 125 808 885 1095
4033 171 922 961 1074
4034 1802 1575 1879 2086
4035 984 1137 1330 1825
4036 863 28 1636 1712
4037 2333 2216 1941 2194
4038 867 516 1823 2115
4039 1312 461 1469 2037
4040 1745 1644 863 1031
4041 1200 442 1438 2190
4042 672 487 1395 2147
4043 841 317 942 1331
4044 940 1356 1696 2227
4045 1533 307 1812 2047
4046 625 918 1099 2065
4047 2058 1911 2474 2475
4048 398 700 1981 2128
4049 733 389 1979 2055
4050 563 633 723 1491
4051 1746 1344 1789 2021
4052 1098 1852 2467 2468
4053 1032 379 505 696
4054 630 177 2075 2131
4055 505 223 964 1097
4056 533 161 756 1097
4057 806 159 828 1097
4058 25 842 880 1084
4059 880 842 906 1084
4060 364 553 2359 2371
4061 35 984 1137 1330
4062 215 1115 2371 685
4063 1329 987 1454 1505
4064 649 524 958 1142
4065 643 1945 2305 2321
4066 604 716 1316 1451
4067 1016 2045 2276 905
4068 308 674 1020 1745
4069 308 1432 725 952
4070 702 271 1367 2166
4071 671 210 760 1849
4072 448 729 1247 1264
4073 1558 2114 1539 1569
4074 2190 1936 1870 804
4075 599 61 734 991
4076 61 70 734 991
4077 755 85 1407 1790
4078 2297 2311 2294 2424
4079 1084 636 1120 1784
4080 657 1120 1908 1824
4081 902 625 1062 1694
4082 2279 2325 2352 2374
4083 244 838 1249 2140
4084 1606 291 422 1266
4085 543 903 1823 2451
4086 574 1581 1596 1687
4087 48 1008 1250 1503
4088 1077 104 1318 1467
4089 732 730 1667 1815
4090 905 2045 2420 2431
4091 909 276 1262 1426
4092 123 124 662 1695
4093 384 526 772 1036
4094 1043 653 1214 1866
4095 195 577 618 1036
4096 577 195 648 1036
4097 259 269 778 994
4098 430 727 239 995
4099 727 430 240 995
4100 1186 1783 1882 1930
4101 2027 2126 987 1051
4102 1188 406 2426 2427
4103 100 470 877 1628
4104 370 577 712 1151
4105 137 136 687 1403
4106 9 1337 1341 1994
4107 556 597 738 1376
4108 2194 925 2294 2466
4109 1187 683 858 393
4110 1298 583 1917 1934
4111 1867 1188 31 912
4112 40 42 57 998
4113 1573 1363 664 750
4114 61 599 1146 1680
4115 993 5 1509 2023
4116 1032 411 1363 1573
4117 1167 1477 1591 1882
4118 904 698 2176 809
4119 417 393 1180 1146
4120 1167 399 1315 1882
4121 677 399 1591 1882
4122 2030 589 2172 2316
4123 780 484 939 1494
4124 203 569 1329 1992
4125 63 62 515 1002
4126 203 1691 1722 1992
4127 2105 1658 1414 1654
4128 936 391 949 1075
4129 637 1247 1347 1854
4130 742 413 1172 1578
4131 1386 783 1394 2145
4132 140 737 1166 1228
4133 610 117 958 1993
4134 2089 2049 2032 1212
4135 2201 848 2203 2221
4136 1360 1167 1477 1591
4137 290 1558 1569 1988
4138 710 766 994 1195
4139 459 902 1314 1892
4140 1620 423 1883 1940
4141 849 1451 1069 1110
4142 467 140 1166 1228
4143 467 128 485 1228
4144 1799 2211 1480 275
4145 713 427 860 1060
4146 860 427 896 1060
4147 248 560 1607 2340
4148 94 536 665 1790
4149 1080 912 1867 1888
4150 1165 1035 1646 1672
4151 958 524 967 1214
4152 1008 1163 1250 1427
4153 793 1146 833 417
4154 1461 1397 1840 2143
4155 350 1059 1112 1714
4156 368 577 1028 1251
4157 1458 716 1760 1808
4158 530 105 958 1752
4159 613 693 1015 1767
4160 311 2178 512 2123
4161 1674 2214 2252 1100
4162 996 1050 1643 2207
4163 47 1503 879 1008
4164 1164 452 1474 1991
4165 45 1503 46 1008
4166 2226 193 1820 1567
4167 449 728 2270 2274
4168 1932 1893 853 1957
4169 280 708 859 1586
4170 1620 1759 1883 1989
4171 2086 1178 2024 358
4172 498 557 1073 1325
4173 1423 1318 96 861
4174 977 1575 1802 2086
4175 67 937 1319 1559
4176 25 606 1476 1644
4177 957 1268 1853 1908
4178 705 615 1824 1908
4179 615 1305 1824 1908
4180 957 305 1268 1908
4181 1549 1552 1310 941
4182 1166 521 1550 1719
4183 1297 537 1726 2289
4184 322 970 1661 1742
4185 1595 621 1029 874
4186 341 1114 1219 1737
4187 507 2220 2236 2239
4188 773 319 1128 1442
4189 52 62 504 1202
4190 50 52 866 1202
4191 550 1226 1433 1913
4192 52 504 866 1202
4193 577 382 648 1168
4194 1414 1643 1654 1658
4195 167 546 753 1014
4196 546 169 753 1014
4197 2256 2323 2325 2352
4198 434 747 823 2351
4199 760 1015 211 616
4200 1037 803 1321 2231
4201 1252 567 1804 2179
4202 569 1046 2206 2245
4203 334 1457 333 1227
4204 736 716 890 1017
4205 653 1464 764 711
4206 1633 755 76 2042
4207 776 726 825 1634
4208 2007 2006 2019 2189
4209 949 403 1075 2044
4210 597 556 865 1313
4211 252 736 890 1017
4212 1075 403 2016 2044
4213 126 597 865 1313
4214 258 1232 1574 1762
4215 432 411 696 1032
4216 1207 1268 1305 1853
4217 1213 1159 1322 1336
4218 408 803 1164 1713
4219 2391 2068 2414 2428
4220 1854 1247 99 637
4221 989 1780 1851 1854
4222 2348 2372 2355 2362
4223 1163 47 1181 1324
4224 1117 1089 2007 2122
4225 2120 944 465 1819
4226 721 543 817 1021
4227 283 1509 1524 1675
4228 299 847 2246 2303
4229 1497 976 1564 2088
4230 121 407 584 1021
4231 122 121 584 1021
4232 121 122 721 1021
4233 1346 187 1853 1894
4234 452 1164 1493 1991
4235 591 364 1091 1385
4236 629 427 963 1638
4237 371 0 1135 1303
4238 393 1024 69 888
4239 1272 854 1848 2498
4240 59 565 601 1024
4241 1024 519 59 60
4242 601 565 858 1024
4243 2238 2301 2307 2434
4244 519 1024 59 601
4245 2301 2396 2423 2434
4246 573 451 671 1026
4247 97 530 791 1196
4248 573 671 760 1026
4249 396 1957 1960 1273
4250 210 573 760 1026
4251 210 659 751 1026
4252 573 210 751 1026
4253 2124 234 2189 2209
4254 557 684 1073 1495
4255 2216 2008 2238 2324
4256 1553 622 1795 1849
4257 220 659 760 1026
4258 783 2010 2039 2141
4259 659 210 760 1026
4260 322 166 656 1655
4261 895 1124 1732 2134
4262 577 195 923 1028
4263 195 577 648 1028
4264 1565 1128 1690 1756
4265 413 606 674 1476
4266 413 1037 1321 1476
4267 1274 1064 941 450
4268 59 519 601 1479
4269 578 218 2298 2313
4270 1063 2286 2287 2342
4271 195 886 923 1028
4272 2316 2187 589 1184
4273 774 815 1861 1903
4274 700 377 823 1204
4275 208 839 1855 2115
4276 36 38 798 1160
4277 1051 1703 1765 2126
4278 1136 713 2081 2170
4279 276 594 714 1030
4280 594 267 714 1030
4281 379 773 1238 1637
4282 179 1076 2131 2205
4283 950 98 1522 1627
4284 1303 1289 1781 1889
4285 1127 375 1834 1858
4286 1 984 1330 1825
4287 279 1667 1932 1955
4288 98 1492 1522 1627
4289 223 763 828 1032
4290 763 213 828 1032
4291 952 309 1959 2142
4292 850 2347 2372 2382
4293 174 404 1151 1402
4294 976 120 1564 2195
4295 1623 1579 1705 1876
4296 885 509 1317 1651
4297 1 395 1697 1825
4298 1652 2372 2355 2295
4299 1644 1636 863 1031
4300 933 529 1653 1788
4301 304 303 572 1034
4302 438 1082 1703 2121
4303 33 1293 1749 2380
4304 577 177 618 1036
4305 1400 2007 2019 2189
4306 1139 57 1212 1468
4307 818 2032 2132 2089
4308 1411 1241 1416 2132
4309 104 651 744 1077
4310 1984 193 1998 2226
4311 2120 2227 944 768
4312 446 849 1110 1319
4313 1172 1578 1579 1876
4314 132 721 2482 2486
4315 458 1200 2190 2206
4316 95 651 679 1077
4317 1313 556 1364 1638
4318 1029 1493 2125 2249
4319 501 432 765 1171
4320 497 72 1474 1991
4321 185 835 957 1874
4322 1253 1270 1586 2114
4323 200 580 1603 723
4324 639 81 1093 1921
4325 680 933 947 1322
4326 1881 2185 881 2233
4327 156 775 786 2246
4328 2221 875 2220 1007
4329 460 193 1984 2226
4330 956 1386 1394 2145
4331 1174 719 2057 2063
4332 558 481 824 1307
4333 1637 1516 1169 784
4334 243 500 1582 1597
4335 715 1359 1577 1598
4336 265 564 593 1041
4337 552 558 624 2256
4338 661 561 1254 1292
4339 2286 2302 2285 2294
4340 623 593 255 1041
4341 593 623 265 1041
4342 2268 1493 2341 2343
4343 1154 620 1254 1292
4344 953 269 994 1815
4345 710 717 1258 1815
4346 1667 730 1794 1815
4347 730 717 1794 1815
4348 716 670 1451 1869
4349 656 322 830 1661
4350 69 502 683 1143
4351 1125 1338 1143 439
4352 1719 783 1880 2169
4353 75 672 1219 1768
4354 653 651 766 1382
4355 1029 433 1170 1255
4356 1170 433 1189 1255
4357 370 1111 712 577
4358 778 1224 259 1044
4359 511 490 574 1155
4360 2328 903 2335 2401
4361 2361 975 2394 2397
4362 703 1243 978 445
4363 1326 118 1523 1752
4364 2012 900 2050 2083
4365 610 958 1459 1752
4366 1270 708 1586 2114
4367 1100 2084 2091 2214
4368 2317 1974 2345 2214
4369 764 524 914 1048
4370 2110 2107 2154 2204
4371 653 764 913 1048
4372 312 1020 1644 1712
4373 550 714 1030 1409
4374 383 410 518 1114
4375 214 591 1385 1443
4376 341 383 518 1114
4377 410 374 518 1114
4378 1701 901 2363 2436
4379 737 747 1123 1721
4380 642 1007 1278 2014
4381 987 501 1992 2113
4382 1007 642 2012 2014
4383 533 756 773 1097
4384 379 773 806 1097
4385 634 416 749 1053
4386 416 634 717 1053
4387 490 634 749 1053
4388 749 416 816 1053
4389 490 749 816 1053
4390 416 568 816 1053
4391 338 443 1149 1490
4392 602 397 780 660
4393 216 811 1092 1156
4394 810 136 1064 1371
4395 2016 403 2022 2044
4396 2077 1931 2097 2159
4397 2252 2235 2259 2269
4398 136 135 1064 1371
4399 255 1041 1145 1404
4400 1291 548 1332 1404
4401 1016 685 1512 2276
4402 900 2264 2266 2275
4403 640 1438 1936 2243
4404 1836 1428 1871 2442
4405 1316 716 1458 1808
4406 540 595 1418 1727
4407 1115 434 1156 1924
4408 105 530 1009 1752
4409 2318 1924 1092 434
4410 118 1326 1429 1752
4411 1559 446 1760 1808
4412 190 311 897 1056
4413 367 895 1124 1732
4414 792 304 1556 1566
4415 804 537 1707 1937
4416 182 1068 1134 1744
4417 46 45 1008 1131
4418 1380 1105 1655 1801
4419 724 1688 1758 2237
4420 399 519 601 1187
4421 833 505 1205 1263
4422 1110 1319 1451 1808
4423 1907 930 2347 2348
4424 550 1070 1433 1555
4425 830 380 1133 1427
4426 2448 1445 2410 571
4427 796 380 830 1427
4428 1145 492 1511 1928
4429 629 513 896 1060
4430 427 629 896 1060
4431 577 712 1151 1402
4432 137 1376 738 597
4433 561 1154 1254 1292
4434 2137 418 804 537
4435 764 524 1048 1214
4436 1043 653 1048 1214
4437 764 103 967 1214
4438 796 323 832 1218
4439 219 729 932 1243
4440 208 876 939 1920
4441 900 263 2014 2275
4442 1308 435 856 1293
4443 389 1034 1875 2009
4444 426 1034 1389 2009
4445 934 247 2340 2353
4446 1230 353 1381 1434
4447 517 135 941 1064
4448 972 883 947 645
4449 972 883 645 1064
4450 135 124 743 1064
4451 136 135 743 1064
4452 1641 1667 1794 1815
4453 1042 542 1196 1807
4454 958 530 1752 1807
4455 401 1042 1142 1807
4456 689 67 1453 1805
4457 1933 1743 1281 1868
4458 444 1558 422 1988
4459 506 2273 2277 2183
4460 433 1314 1892 2277
4461 909 933 1653 2211
4462 1630 826 2266 2271
4463 818 400 875 1150
4464 1008 46 1131 1162
4465 232 1287 1496 2139
4466 2030 824 1311 589
4467 446 511 849 1319
4468 256 623 1332 1452
4469 825 303 1034 1843
4470 2006 1235 2019 2189
4471 1382 1077 1126 651
4472 67 1147 1290 1335
4473 1694 918 313 625
4474 2068 2297 2400 2431
4475 243 402 500 1885
4476 1360 1910 1724 1477
4477 1235 1141 2070 2124
4478 147 920 986 1618
4479 1230 356 1381 1618
4480 738 492 1514 1618
4481 1233 1152 1605 1618
4482 1540 1520 1746 1826
4483 960 1332 1404 1041
4484 544 80 1349 1405
4485 444 281 1088 1988
4486 850 431 954 2187
4487 1180 1143 1723 503
4488 469 860 1446 2198
4489 680 513 1060 1332
4490 680 424 1041 1332
4491 607 329 796 1925
4492 63 582 2336 2338
4493 171 173 759 1074
4494 173 752 759 1074
4495 1386 1880 783 1296
4496 303 825 1058 1634
4497 1182 917 1192 1643
4498 447 88 1176 1699
4499 280 658 1270 1741
4500 1820 1923 1998 1982
4501 426 478 844 1239
4502 1055 1184 2001 2319
4503 762 2016 330 331
4504 1499 531 1526 2105
4505 923 577 1028 1678
4506 1311 1830 1086 852
4507 1042 542 1814 1986
4508 511 446 928 1319
4509 387 1133 1205 1717
4510 816 343 1408 1489
4511 1133 1250 1680 1717
4512 1404 960 1041 1145
4513 1945 1627 2061 2321
4514 2269 2259 2305 2309
4515 568 816 1053 1489
4516 363 570 1977 2040
4517 921 498 1482 1640
4518 595 540 908 1727
4519 1579 425 1705 1876
4520 491 930 1092 1674
4521 1095 1299 1418 1727
4522 478 527 1078 1080
4523 527 478 566 1080
4524 301 302 1078 1080
4525 223 505 1032 1097
4526 302 301 1047 1080
4527 1110 446 1319 1808
4528 391 1477 1693 1753
4529 761 66 1596 1958
4530 953 710 1815 1961
4531 330 39 1540 1826
4532 598 1436 915 63
4533 1138 1829 1851 1857
4534 1319 937 1435 1451
4535 797 386 1424 1472
4536 420 1184 1897 2001
4537 945 608 1711 1797
4538 1591 677 1693 1833
4539 98 644 1217 1242
4540 154 157 919 1082
4541 237 740 2360 2364
4542 307 636 2033 1812
4543 75 518 1395 1517
4544 2012 2156 2200 2225
4545 458 1454 2113 2126
4546 1529 848 2221 2225
4547 2496 1757 2498 2499
4548 624 552 864 1974
4549 866 50 1215 1283
4550 1243 445 1506 1780
4551 389 600 834 1174
4552 922 961 1074 2044
4553 383 341 518 1657
4554 420 1086 1311 1980
4555 2059 1751 2073 2076
4556 1369 1044 1574 1607
4557 1050 250 1643 1944
4558 971 1994 798 1421
4559 598 1538 1387 17
4560 499 1378 1542 1612
4561 1855 939 1911 1920
4562 700 1063 1585 2287
4563 535 367 895 1124
4564 1508 217 1674 1758
4565 1137 33 1236 1898
4566 1941 1736 2008 2216
4567 1086 1090 1757 1897
4568 878 591 214 965
4569 815 1705 1861 1903
4570 451 671 1015 1903
4571 693 411 966 1573
4572 1746 936 1826 1918
4573 1822 1700 1829 1851
4574 1627 950 1854 1857
4575 87 1069 1106 1572
4576 738 492 1178 1514
4577 1257 1822 1829 1857
4578 179 772 1018 2205
4579 670 414 1116 1572
4580 78 77 670 1572
4581 216 226 731 1092
4582 86 612 1319 1633
4583 656 163 1276 1350
4584 1059 908 1070 1334
4585 713 1394 1401 2081
4586 350 349 908 1334
4587 186 1199 1305 2099
4588 244 357 1400 2007
4589 603 786 1896 1923
4590 1474 1713 1379 1164
4591 1438 1200 1704 1923
4592 93 665 679 1495
4593 1683 1923 603 2054
4594 500 393 1146 1300
4595 883 645 1064 1095
4596 743 883 1064 1095
4597 640 315 786 2255
4598 1627 1522 2061 2321
4599 972 517 1064 1095
4600 517 124 1064 1095
4601 1736 895 2087 2135
4602 743 124 808 1095
4603 125 743 808 1095
4604 1440 1494 1671 1688
4605 708 495 1229 1367
4606 756 159 773 1097
4607 161 223 828 1097
4608 223 161 964 1097
4609 756 161 828 1097
4610 159 756 828 1097
4611 625 581 1099 918
4612 817 2422 2432 2433
4613 912 426 1080 2427
4614 566 1098 2426 2427
4615 1115 685 1156 1614
4616 638 739 821 1390
4617 473 410 340 1558
4618 366 1028 1678 2337
4619 1677 1361 1684 2386
4620 795 800 1382 1482
4621 517 135 1064 1256
4622 124 517 1064 1256
4623 135 124 1064 1256
4624 435 2 1293 1785
4625 687 136 883 1605
4626 205 924 2315 2337
4627 945 934 1142 1711
4628 924 646 1475 2337
4629 1311 1830 916 1086
4630 1181 1163 1211 1283
4631 876 627 1610 1648
4632 1054 1370 1630 488
4633 670 77 1451 1572
4634 849 86 1319 1633
4635 604 670 1451 1572
4636 77 1106 1451 1572
4637 57 40 998 1139
4638 2136 1178 2086 977
4639 577 370 1101 1151
4640 627 701 876 1507
4641 1704 438 1870 1936
4642 513 680 1060 1213
4643 1274 1064 517 941
4644 87 2207 1069 1572
4645 492 738 960 1381
4646 797 1472 454 1997
4647 916 852 1311 2144
4648 1563 1610 1648 454
4649 1296 707 1375 1993
4650 529 13 1157 1351
4651 1552 1844 1777 1502
4652 352 529 1157 1351
4653 811 434 700 930
4654 1858 2000 2100 2111
4655 915 515 1436 1516
4656 335 798 1858 2111
4657 559 461 890 1338
4658 1576 537 2240 2310
4659 1196 1042 531 2093
4660 1068 1179 1587 1744
4661 1492 864 2299 2300
4662 115 808 885 1317
4663 1659 1003 2022 2085
4664 2492 2473 2493 2494
4665 116 115 845 1317
4666 894 2380 2384 2387
4667 184 305 957 1259
4668 2067 755 76 1407
4669 1029 1037 2223 2257
4670 495 634 717 1110
4671 251 670 1208 1338
4672 461 502 670 1338
4673 1116 241 1208 1338
4674 126 1651 509 865
4675 336 1149 1359 1598
4676 252 242 1010 1312
4677 1788 2211 1799 1653
4678 1465 372 1602 1800
4679 888 599 1146 1285
4680 395 1465 1485 1602
4681 715 336 777 1457
4682 1065 1284 1485 1602
4683 748 2255 300 2303
4684 1913 795 1226 1482
4685 685 731 1115 1156
4686 90 99 699 1264
4687 685 216 731 1156
4688 811 434 1092 1156
4689 1273 1252 1804 2179
4690 20 582 1099 1220
4691 288 1810 1957 1960
4692 24 385 1244 1927
4693 949 907 1148 1540
4694 1362 39 1520 1540
4695 23 902 1892 2065
4696 751 876 1610 1648
4697 837 0 1135 1465
4698 1114 341 342 1737
4699 714 276 1030 1409
4700 470 397 660 1648
4701 749 634 755 1806
4702 411 693 966 1340
4703 541 693 793 1340
4704 550 1030 1059 1409
4705 240 390 462 1116
4706 462 390 862 1116
4707 541 613 693 1340
4708 241 240 462 1116
4709 793 411 1263 1340
4710 620 268 1154 1254
4711 1167 399 1014 931
4712 580 1553 1603 1623
4713 83 1321 2176 2231
4714 386 437 606 1120
4715 606 437 674 1120
4716 1520 39 1816 1826
4717 386 606 1084 1120
4718 783 1296 1880 2169
4719 564 265 593 1645
4720 387 656 1427 1661
4721 2375 894 2379 2387
4722 319 773 1128 1637
4723 939 701 1911 1920
4724 564 593 1434 1645
4725 773 379 806 1637
4726 475 915 2027 2369
4727 870 146 1216 1590
4728 784 475 806 1637
4729 992 943 1185 1449
4730 1185 112 1447 1449
4731 391 1306 1622 2173
4732 2021 1918 1769 1789
4733 1979 2462 1174 1223
4734 492 356 999 1514
4735 435 2418 1111 1787
4736 1039 250 1050 1944
4737 260 1039 1938 1944
4738 1008 324 1427 1925
4739 986 738 1178 1514
4740 405 1528 1852 2407
4741 549 2091 2357 2360
4742 716 736 890 1869
4743 749 1077 1126 1733
4744 679 665 749 1126
4745 560 401 1042 1483
4746 97 106 1196 1521
4747 1040 959 1306 2025
4748 583 1924 1934 1943
4749 229 989 1243 1506
4750 773 159 1113 1128
4751 159 773 806 1128
4752 1033 107 1355 1378
4753 1529 1122 1692 1890
4754 1103 1479 44 1455
4755 615 957 1853 1908
4756 966 693 1573 1613
4757 1584 2168 641 2050
4758 1128 942 1565 1690
4759 705 657 957 1908
4760 1025 367 1124 1732
4761 449 569 1171 1873
4762 1758 839 1440 1688
4763 47 48 1008 1163
4764 1796 2000 375 1809
4765 2059 1751 2076 2213
4766 45 1619 827 1131
4767 490 749 755 1768
4768 62 497 515 1991
4769 439 862 1496 2186
4770 1291 1041 1404 1332
4771 1943 2351 434 1055
4772 422 1558 290 1988
4773 318 1169 1361 1684
4774 556 1376 1895 2141
4775 120 107 1033 1393
4776 1003 715 1457 1577
4777 1352 604 1562 1938
4778 564 1649 1901 1645
4779 543 757 817 2443
4780 1585 700 2287 2288
4781 382 1013 1168 1251
4782 334 1457 1260 333
4783 408 874 1439 1673
4784 58 682 1147 1290
4785 1599 1361 1677 1706
4786 885 645 1299 1336
4787 173 331 1074 1698
4788 0 2 837 1135
4789 489 173 1074 1698
4790 2080 1969 1817 483
4791 102 943 1449 1185
4792 1296 1079 2185 127
4793 391 1075 1477 1753
4794 531 791 1196 1554
4795 711 927 1214 1964
4796 800 651 1382 1696
4797 33 35 984 1137
4798 295 35 1096 1137
4799 533 321 773 1662
4800 442 804 918 1237
4801 1476 26 1738 2284
4802 830 656 1133 1350
4803 450 933 947 1788
4804 47 1283 1163 1181
4805 710 994 1641 1815
4806 717 1641 1794 1815
4807 972 883 1064 947
4808 2196 509 126 1317
4809 760 671 1015 1191
4810 587 2006 2017 2104
4811 1710 1784 2047 2127
4812 856 395 1135 1485
4813 568 343 1045 1501
4814 665 568 1495 1501
4815 813 82 2090 2176
4816 772 654 1018 1621
4817 646 1023 1478 1729
4818 653 1464 711 651
4819 413 459 1037 1476
4820 600 389 834 1875
4821 1092 491 1850 1917
4822 1055 1184 2319 2331
4823 492 1511 1928 2072
4824 273 423 1278 1431
4825 1636 1644 863 1712
4826 143 1302 1781 1785
4827 937 716 1451 1808
4828 524 530 958 1142
4829 882 1895 1919 2141
4830 442 625 979 2178
4831 75 574 1407 1768
4832 105 610 958 1459
4833 1477 1724 1753 1075
4834 69 503 704 1143
4835 502 69 704 1143
4836 78 502 704 1143
4837 503 69 1027 1143
4838 1806 1327 1467 634
4839 1291 1041 255 1404
4840 390 862 1125 1405
4841 689 67 937 1435
4842 657 705 1824 1908
4843 1332 960 1404 469
4844 255 254 1019 1145
4845 1135 371 1303 1718
4846 48 1008 1163 1250
4847 2044 1074 1724 961
4848 862 479 1125 1405
4849 254 255 593 1145
4850 64 935 1657 2018
4851 1250 1717 48 1129
4852 941 135 1256 1884
4853 1622 391 1693 1833
4854 135 941 1549 1884
4855 164 533 756 1662
4856 1243 989 1247 1780
4857 130 891 1840 2143
4858 1294 1727 785 992
4859 432 789 966 1673
4860 67 59 689 1147
4861 157 1505 1565 1756
4862 177 618 1036 2131
4863 988 1686 1734 2265
4864 944 943 1356 1555
4865 1052 1236 1798 1867
4866 403 907 949 1540
4867 1028 368 1450 1678
4868 1893 1957 288 853
4869 1325 498 1433 1708
4870 366 1028 1450 1678
4871 787 861 1318 1423
4872 1318 1423 96 104
4873 586 627 1472 1491
4874 1178 738 1376 1895
4875 1867 1188 912 406
4876 615 185 705 1491
4877 1766 2401 2412 2414
4878 1236 31 1798 1867
4879 554 1051 1765 1965
4880 473 818 875 1150
4881 1361 52 1516 1599
4882 1516 1085 1599 54
4883 51 52 1361 1599
4884 337 338 443 1150
4885 422 1606 444 1422
4886 795 620 994 1382
4887 2068 2045 2192 2431
4888 250 1182 1643 1944
4889 452 515 789 1991
4890 44 1131 1209 1231
4891 354 353 769 1152
4892 495 511 708 1155
4893 490 495 1053 1155
4894 495 490 511 1155
4895 495 658 1053 1155
4896 658 495 708 1155
4897 352 529 595 1157
4898 161 533 1261 1276
4899 505 533 1097 1276
4900 533 161 1097 1276
4901 830 656 1350 1380
4902 2334 494 850 1564
4903 345 1073 1495 1588
4904 101 345 1495 1588
4905 1073 557 1495 1588
4906 524 1043 1048 1214
4907 530 105 927 1214
4908 1173 1038 1679 1755
4909 619 159 806 1756
4910 393 888 1146 1300
4911 1162 380 1250 1300
4912 519 380 1162 1300
4913 60 519 1162 1300
4914 907 959 971 2025
4915 524 530 1043 1214
4916 653 711 764 1214
4917 1096 406 1137 1867
4918 854 1086 1090 1757
4919 619 806 1505 1756
4920 1170 415 1990 2241
4921 2241 1189 1170 415
4922 2067 1581 574 761
4923 545 60 647 1162
4924 46 545 647 1162
4925 56 375 523 1809
4926 509 865 1651 1761
4927 86 1319 1435 1451
4928 1174 586 1223 1563
4929 27 1084 1689 636
4930 1071 1167 1909 1956
4931 757 562 2174 2063
4932 814 498 1073 1325
4933 1005 957 835 792
4934 2368 475 2370 2373
4935 1049 317 1128 1690
4936 1130 466 1731 2020
4937 1281 1267 1743 1899
4938 1006 655 1426 1714
4939 782 1865 2307 2384
4940 2257 2073 1990 1949
4941 484 780 1265 1494
4942 418 581 918 2338
4943 1670 277 1708 1739
4944 1179 1556 1587 1744
4945 1221 229 1271 1281
4946 560 945 1607 2340
4947 1059 1006 1426 1714
4948 2299 1492 1952 864
4949 688 8 1237 1611
4950 909 1714 1426 1112
4951 582 1099 2336 2338
4952 1234 542 1492 1523
4953 2309 2061 1945 1138
4954 923 1532 194 1678
4955 1293 894 1749 2380
4956 753 253 1054 2271
4957 577 923 1151 1678
4958 942 1128 1663 2370
4959 558 560 2256 2323
4960 1016 532 1023 1478
4961 1637 1399 2368 2370
4962 1621 526 2430 2490
4963 328 990 1071 1167
4964 776 1843 1875 1878
4965 990 326 1071 1167
4966 1114 708 658 1270
4967 475 1128 1637 2370
4968 556 956 1401 1638
4969 629 509 1213 1638
4970 956 427 1401 1638
4971 710 917 1195 1961
4972 342 1270 1737 1741
4973 2297 2437 2192 2392
4974 289 1004 1624 1741
4975 1346 615 1491 1894
4976 641 1583 1584 2050
4977 860 246 1446 2198
4978 84 672 816 2147
4979 449 569 728 1171
4980 747 737 1228 1721
4981 426 825 1034 2009
4982 958 117 997 1993
4983 182 1556 1134 1566
4984 1172 1950 2219 2223
4985 1037 413 2223 2257
4986 906 2063 802 562
4987 5 993 1844 1951
4988 993 1649 1844 1951
4989 1649 1901 1951 993
4990 247 896 934 1626
4991 2323 2279 2325 2352
4992 722 176 807 1388
4993 1377 157 1565 1756
4994 1219 341 1408 2147
4995 1962 2011 2062 2064
4996 1001 455 1012 1585
4997 488 858 1245 1370
4998 2242 73 2262 2341
4999 534 85 755 1806
5000 259 249 1192 1224
5001 747 421 2143 2334
5002 397 2462 719 867
5003 1311 592 1971 1980
5004 1136 692 1311 1980
5005 1270 342 1624 1741
5006 1890 1760 2083 2156
5007 1003 759 1074 2085
5008 414 390 1116 1176
5009 240 414 995 1176
5010 703 240 995 1176
5011 1639 786 2246 2255
5012 1052 1137 1096 35
5013 447 390 1116 1125
5014 390 447 1116 1176
5015 899 1502 1274 1552
5016 198 840 2483 2485
5017 463 1296 2145 2161
5018 1043 653 1866 1996
5019 997 707 1296 1993
5020 1286 1274 1502 1552
5021 148 359 920 1178
5022 359 358 986 1178
5023 247 945 1232 1626
5024 1073 345 1081 1588
5025 26 1031 1476 1745
5026 656 830 1427 1661
5027 1027 503 1143 1180
5028 79 599 793 1180
5029 741 32 1634 1725
5030 541 79 793 1180
5031 417 541 793 1180
5032 1074 1642 1698 1724
5033 888 599 1027 1180
5034 69 888 1027 1180
5035 599 79 1027 1180
5036 79 503 1027 1180
5037 1313 1386 997 1183
5038 1458 262 2083 2117
5039 433 1037 1170 1314
5040 1760 1458 2083 2117
5041 1287 1496 2139 2186
5042 1987 1767 2139 2186
5043 850 431 2195 2381
5044 1484 1987 2139 2186
5045 1184 2172 2316 2331
5046 2323 558 2340 2352
5047 747 1055 2001 2319
5048 1933 2320 2029 1899
5049 1830 916 2081 2177
5050 511 446 1067 1546
5051 682 1622 2212 2234
5052 852 1184 2185 2188
5053 44 43 1209 1344
5054 1103 44 1209 1344
5055 930 491 1092 2318
5056 786 1936 1438 2243
5057 635 1621 571 1175
5058 614 562 877 2174
5059 573 631 1603 1623
5060 2252 1282 2259 2355
5061 1407 94 1768 1790
5062 925 2036 2164 2192
5063 279 732 1667 1955
5064 348 1325 1433 1708
5065 3 899 1463 1502
5066 796 329 1008 1925
5067 1308 429 1898 2406
5068 495 730 1229 1258
5069 817 543 903 1353
5070 495 717 730 1258
5071 1438 438 1704 1936
5072 2369 1051 554 1965
5073 671 760 1026 1191
5074 451 671 1026 1191
5075 490 574 1219 1768
5076 1571 217 1674 1791
5077 672 75 1407 1768
5078 1041 1434 1381 564
5079 2104 1928 2072 882
5080 1446 882 1928 2104
5081 530 97 1009 1196
5082 1030 550 1059 1555
5083 1947 1575 1999 2499
5084 798 375 1858 2111
5085 259 249 1182 1192
5086 99 1854 637 1782
5087 1736 2008 2216 2324
5088 596 1797 1607 1483
5089 854 1086 1298 2017
5090 1914 1883 423 1940
5091 558 626 2364 2374
5092 482 1314 1990 2257
5093 1010 243 1597 2041
5094 169 1759 1914 1940
5095 1034 1843 1875 2009
5096 1999 1415 2019 2060
5097 566 478 772 1747
5098 1141 225 1456 1904
5099 189 464 868 1953
5100 97 106 1009 1196
5101 936 949 1148 1540
5102 167 829 832 1198
5103 668 167 832 1198
5104 402 1198 500 165
5105 1247 989 1347 1854
5106 989 1247 1780 1854
5107 580 1172 1553 1623
5108 1150 337 2000 2100
5109 2346 1353 2417 2422
5110 936 1540 1746 1826
5111 1183 857 1313 2196
5112 1986 2026 2064 2093
5113 1946 2110 2154 2204
5114 408 622 667 1439
5115 1017 1312 1541 1630
5116 811 216 1092 1571
5117 1273 1750 1804 1985
5118 1893 1828 1957 1985
5119 1804 1893 1957 1985
5120 1197 877 1108 100
5121 1599 1085 1706 54
5122 586 600 705 1775
5123 737 521 1166 1721
5124 1804 344 1893 1985
5125 1017 858 1312 1630
5126 1797 2031 1044 608
5127 1142 1043 1483 1797
5128 511 446 1110 1367
5129 1229 495 1258 1367
5130 1177 1209 1344 1769
5131 811 1571 1674 1791
5132 1044 608 1574 1797
5133 2398 2297 2409 2413
5134 2086 1995 2148 2165
5135 1013 1028 1168 1251
5136 866 71 991 1205
5137 274 529 993 1788
5138 358 986 1178 1514
5139 499 1257 1265 2278
5140 542 1234 1492 2026
5141 395 394 837 1800
5142 488 682 1453 1531
5143 445 869 1271 2011
5144 84 343 816 1501
5145 216 811 1512 1791
5146 2426 1852 2467 1098
5147 642 1306 2254 2283
5148 568 1495 345 1073
5149 1141 1235 1304 1456
5150 604 1050 1572 2207
5151 1492 643 1522 1627
5152 1533 1812 1843 2047
5153 349 111 992 1447
5154 130 1609 1837 1973
5155 148 1178 1376 2039
5156 1061 98 1217 1242
5157 810 769 1216 1286
5158 271 1229 1258 1367
5159 495 511 1110 1367
5160 21 24 385 1244
5161 498 1070 1325 1433
5162 788 229 932 1243
5163 1280 893 1379 1702
5164 246 587 1446 2198
5165 1296 2161 2163 2169
5166 944 540 1159 1336
5167 1107 16 1359 1577
5168 470 719 877 1628
5169 1479 2306 1930 1783
5170 1939 778 259 1044
5171 103 711 927 1214
5172 906 880 1084 1424
5173 105 103 927 1214
5174 103 105 967 1214
5175 387 1163 1211 1661
5176 2164 905 2431 2045
5177 98 644 950 1217
5178 836 325 1231 1348
5179 1201 1124 2356 2359
5180 219 229 989 1243
5181 832 323 884 1218
5182 884 326 931 1218
5183 326 836 931 1218
5184 832 884 931 1218
5185 836 832 931 1218
5186 75 518 574 1219
5187 325 1209 1231 1769
5188 1107 1606 1490 1422
5189 542 1326 1807 1814
5190 353 564 1381 1434
5191 518 374 574 1219
5192 574 374 1155 1219
5193 77 68 926 1435
5194 2483 627 840 198
5195 385 902 1244 1927
5196 867 397 1174 1223
5197 397 867 939 1223
5198 420 1311 1971 1980
5199 959 1040 1306 2089
5200 627 586 2483 840
5201 2082 2483 733 586
5202 99 1545 1782 1912
5203 602 470 660 1912
5204 539 2453 2458 2476
5205 692 592 1311 1980
5206 660 470 821 1912
5207 821 392 470 1390
5208 1086 1136 1311 1980
5209 1298 1086 1513 1980
5210 1542 494 1907 1981
5211 1086 420 1513 1980
5212 532 1016 2045 2265
5213 268 620 795 1226
5214 795 620 800 1226
5215 550 268 714 1226
5216 593 264 1339 1434
5217 867 516 939 2475
5218 277 714 758 1226
5219 714 268 758 1226
5220 294 1216 1286 1549
5221 14 333 336 1227
5222 333 14 334 1227
5223 166 575 650 1261
5224 370 174 712 1656
5225 2019 1235 2070 2189
5226 1089 2007 2122 2189
5227 868 201 1553 2210
5228 495 658 1229 730
5229 708 280 859 1229
5230 271 708 859 1229
5231 1043 530 1142 1483
5232 1126 1696 1382 651
5233 27 1084 842 1689
5234 836 325 1209 1231
5235 1131 836 1209 1231
5236 1090 854 1757 2499
5237 553 388 709 1770
5238 435 2418 856 1111
5239 639 80 1093 1349
5240 452 789 1379 1474
5241 2403 975 2415 2419
5242 524 1043 1142 1797
5243 652 1540 686 1362
5244 643 1570 1612 1627
5245 1019 255 1145 1404
5246 255 548 1291 1404
5247 503 951 541 79
5248 548 469 1332 1404
5249 365 151 611 2015
5250 1773 2179 1273 1804
5251 469 548 1368 1404
5252 1041 1291 255 623
5253 548 255 1019 1404
5254 854 1999 2498 2499
5255 666 199 723 1610
5256 2218 2270 202 2202
5257 1457 336 1227 1359
5258 1949 1751 1963 2073
5259 722 2101 2075 712
5260 808 1727 1299 1095
5261 509 629 1213 1819
5262 2010 1830 2081 2177
5263 803 1029 1164 2125
5264 546 1014 931 1593
5265 990 931 1167 1593
5266 1172 413 1772 1950
5267 1704 1082 786 1896
5268 1704 1200 1720 1896
5269 1273 1804 1957 1985
5270 1552 1549 1286 941
5271 320 321 1158 1238
5272 321 320 970 1238
5273 421 747 1228 1721
5274 1034 304 1047 1239
5275 426 1034 1047 1239
5276 426 844 1034 1239
5277 91 698 809 1557
5278 213 806 828 1240
5279 828 806 1097 1240
5280 501 432 515 1240
5281 515 432 696 1240
5282 515 696 784 1240
5283 501 515 784 1240
5284 1016 685 1478 1729
5285 540 1322 1336 1418
5286 1391 64 1406 339
5287 702 260 1352 1666
5288 578 484 1347 2298
5289 584 122 1132 1392
5290 1069 1467 96 1327
5291 933 972 1322 1418
5292 1322 645 1336 1418
5293 364 2371 646 591
5294 755 534 849 2042
5295 1761 687 865 883
5296 461 68 683 1245
5297 430 703 1271 1506
5298 1281 1856 1860 1967
5299 703 445 1271 1506
5300 869 1962 2062 2108
5301 1454 2113 1329 458
5302 565 488 601 1245
5303 601 488 858 1245
5304 565 601 858 1245
5305 858 461 1245 1017
5306 461 858 683 1312
5307 1308 1865 2408 2415
5308 2224 2242 2260 2273
5309 611 412 1732 2134
5310 565 68 689 1245
5311 2006 1415 2007 2019
5312 989 729 1247 1347
5313 446 928 1559 1890
5314 1689 2047 636 1784
5315 170 931 167 829
5316 1539 2114 892 1270
5317 1135 435 1718 1781
5318 644 950 1217 1247
5319 484 602 637 1265
5320 1405 948 1617 1715
5321 602 484 780 1265
5322 905 1016 1512 2276
5323 2283 1989 1833 677
5324 1487 1558 340 1539
5325 810 354 1152 1605
5326 2255 847 2246 1639
5327 1114 1155 1219 1813
5328 1114 1219 1737 1813
5329 957 792 1259 1681
5330 1219 816 1408 1813
5331 993 450 1502 1844
5332 305 657 957 1681
5333 61 545 1129 1250
5334 769 810 1152 1286
5335 545 48 1129 1250
5336 957 1259 1676 1681
5337 595 517 1157 1274
5338 768 114 940 1420
5339 1112 376 1262 1373
5340 115 114 768 1420
5341 800 620 913 1254
5342 465 800 913 1254
5343 2195 1326 1523 431
5344 1366 1203 1809 2032
5345 800 550 1226 1254
5346 550 268 1226 1254
5347 1193 2043 2117 2168
5348 1090 783 1719 2169
5349 627 199 1507 1610
5350 268 561 1154 1254
5351 163 576 964 1276
5352 1014 1759 1970 1989
5353 1054 1014 1970 1989
5354 1216 810 1286 1549
5355 1266 1088 1606 473
5356 1979 2468 2055 539
5357 2347 2349 2319 398
5358 1253 1004 1270 1569
5359 1014 677 1989 1054
5360 742 425 1876 1997
5361 1629 1923 2054 1982
5362 680 266 1530 1754
5363 449 1873 2076 2213
5364 2210 2270 2202 1439
5365 1059 350 1334 1714
5366 270 271 1229 1258
5367 1740 2474 1685 516
5368 706 957 1259 184
5369 706 835 1005 1259
5370 800 465 913 2227
5371 883 645 1651 1761
5372 637 1257 1265 1782
5373 607 830 1396 1427
5374 792 957 1650 1681
5375 572 304 1034 1681
5376 304 792 1034 1681
5377 734 599 991 1263
5378 599 734 793 1263
5379 1138 2056 2061 2069
5380 1263 70 991 734
5381 746 729 1026 1264
5382 729 448 1026 1264
5383 637 448 1247 1264
5384 448 637 821 1264
5385 1445 2448 1175 571
5386 2108 531 1196 1554
5387 99 90 821 1264
5388 1329 987 1691 1992
5389 99 637 1247 1264
5390 637 99 821 1264
5391 1094 789 1444 1474
5392 1185 349 908 992
5393 350 908 1059 1334
5394 492 1178 1514 2024
5395 592 1298 1971 1980
5396 305 184 957 1268
5397 1257 637 1822 1854
5398 1192 787 1195 1976
5399 1672 1951 993 2023
5400 665 749 1768 1790
5401 1508 811 1674 1791
5402 1940 1970 1620 1518
5403 530 1196 1752 1807
5404 459 1037 1476 1738
5405 650 322 656 1742
5406 1056 191 1130 1751
5407 491 626 1850 2030
5408 1238 387 1661 1742
5409 321 533 1238 1742
5410 1004 280 1253 1270
5411 1805 1760 641 1193
5412 744 1066 1077 1488
5413 533 387 1238 1742
5414 1950 1963 2223 2257
5415 536 679 749 1488
5416 2257 2073 1963 621
5417 1345 1309 1500 1837
5418 273 1007 2251 2258
5419 1321 1342 2176 2231
5420 2137 418 1965 804
5421 703 869 995 1271
5422 430 703 995 1271
5423 239 229 430 1271
5424 627 199 701 1507
5425 229 239 1221 1271
5426 454 638 751 1648
5427 595 450 972 1274
5428 517 595 972 1274
5429 450 517 972 1274
5430 579 417 1180 1287
5431 417 541 1180 1287
5432 439 579 1180 1287
5433 417 232 750 1287
5434 541 417 750 1287
5435 541 439 1180 1287
5436 899 1274 13 292
5437 803 2090 2176 2231
5438 387 505 1133 1276
5439 656 163 1261 1276
5440 964 161 1261 1276
5441 163 964 1261 1276
5442 1169 318 1361 1637
5443 896 427 934 1711
5444 348 1059 1334 1714
5445 1158 318 1169 1637
5446 1710 1543 1784 2127
5447 58 682 1290 2184
5448 1933 2232 2320 1899
5449 171 273 423 1278
5450 902 459 1314 1432
5451 1401 469 1446 1928
5452 662 517 1256 1279
5453 123 662 1256 1279
5454 1256 134 1275 1279
5455 123 1256 1275 1279
5456 1967 1138 2061 2069
5457 1596 928 1687 2002
5458 1115 551 1456 1904
5459 798 335 1994 2111
5460 2262 2268 1493 2341
5461 2333 2216 873 1941
5462 2391 2068 2400 2412
5463 640 537 1726 1937
5464 229 1221 1267 1281
5465 565 488 1453 1531
5466 643 2293 2295 2305
5467 627 397 1563 1648
5468 454 751 1610 1648
5469 397 470 1563 1648
5470 660 876 1592 1648
5471 638 660 1592 1648
5472 853 799 1893 1978
5473 2128 747 823 1461
5474 625 918 1062 1510
5475 950 1851 1854 1857
5476 787 87 861 1486
5477 482 413 1950 1953
5478 573 425 1705 1861
5479 437 413 674 1953
5480 372 296 1065 1284
5481 941 450 1064 1286
5482 710 1258 1352 1666
5483 450 810 1064 1286
5484 450 941 1274 1286
5485 1100 227 2091 2378
5486 1087 1534 1719 2182
5487 692 587 1298 1980
5488 769 294 1216 1286
5489 98 1234 1492 1778
5490 468 579 974 1287
5491 619 203 1505 1691
5492 232 468 974 1287
5493 16 1003 1359 1577
5494 2287 455 2288 2311
5495 1149 1107 1359 1577
5496 715 1359 1457 1577
5497 496 812 1212 1290
5498 1122 2002 1290 496
5499 401 558 624 1307
5500 600 1424 636 1775
5501 567 814 1640 1773
5502 597 148 1376 1560
5503 458 1454 1703 1720
5504 1139 58 1147 1290
5505 1836 1428 2074 2150
5506 472 231 1764 1983
5507 1154 1044 620 1292
5508 258 620 1044 778
5509 2008 2194 2216 2238
5510 1154 1762 258 1292
5511 1154 620 258 778
5512 1120 437 1589 1824
5513 1122 496 2220 2236
5514 984 33 1137 1293
5515 856 2 984 1293
5516 856 984 1137 1293
5517 856 435 1135 1293
5518 2 856 1135 1293
5519 435 2 1135 1293
5520 67 937 1559 1805
5521 33 2 894 1293
5522 500 668 1198 1774
5523 2 33 984 1293
5524 576 233 964 1363
5525 2221 875 1561 507
5526 1323 1611 1664 1707
5527 907 403 1421 1540
5528 1806 1327 96 1467
5529 137 1376 597 920
5530 340 383 1487 1539
5531 892 1114 410 1539
5532 1664 918 1237 313
5533 798 335 1341 1994
5534 404 923 1151 1402
5535 1803 903 1935 2328
5536 960 424 1060 1332
5537 1114 892 1270 1539
5538 1360 172 1593 1642
5539 715 777 1057 1457
5540 586 705 1491 1763
5541 236 587 889 1298
5542 236 587 1298 692
5543 1057 333 1260 1457
5544 1376 783 1386 1560
5545 336 333 777 1457
5546 1368 1415 1511 2007
5547 889 805 236 1298
5548 805 889 235 1298
5549 498 1226 1433 1708
5550 2090 803 2125 2231
5551 907 403 949 2025
5552 959 400 971 2025
5553 380 1187 500 1300
5554 60 545 1285 1300
5555 888 60 1285 1300
5556 60 888 1024 1300
5557 1612 1257 1627 1782
5558 998 1789 42 2306
5559 916 2145 2157 2170
5560 1087 139 1166 1719
5561 1087 1166 1550 1719
5562 921 2179 2046 2109
5563 1977 1972 2015 2040
5564 1079 521 1166 1719
5565 848 446 1458 1890
5566 1974 1647 2084 2259
5567 684 416 1126 1482
5568 509 1213 1364 1761
5569 336 14 1227 1359
5570 516 1823 2115 2215
5571 306 186 1268 1305
5572 1576 7 1611 2310
5573 186 1207 1268 1305
5574 186 1199 1207 1305
5575 865 509 1364 1761
5576 1761 687 883 424
5577 1617 479 1715 1764
5578 992 1185 1447 1449
5579 653 1318 1866 1976
5580 1192 1195 1939 1976
5581 113 943 992 1449
5582 943 113 1420 1449
5583 1343 992 1449 111
5584 112 1343 1447 1449
5585 401 649 934 1307
5586 849 634 1110 1327
5587 626 624 954 1974
5588 624 558 824 1307
5589 589 624 824 1307
5590 374 1241 1411 1581
5591 518 75 574 1581
5592 574 75 761 1581
5593 437 1305 1346 1959
5594 905 1734 2276 2405
5595 2191 2421 2428 2430
5596 530 791 1043 1866
5597 570 388 737 1977
5598 1789 1186 1918 1930
5599 1389 389 2035 2130
5600 1625 1871 2285 2302
5601 852 2172 420 1311
5602 2210 2270 1439 2076
5603 2191 2421 2430 2494
5604 591 1904 1968 1972
5605 956 997 1386 2145
5606 23 582 2065 2158
5607 956 463 997 2145
5608 2058 441 2080 2162
5609 2080 441 2149 2162
5610 692 592 824 1311
5611 423 1518 1620 2290
5612 1296 783 1386 2145
5613 692 481 1136 1311
5614 481 692 824 1311
5615 1016 905 1063 2164
5616 407 584 1021 1542
5617 242 252 559 1312
5618 641 1448 2197 2200
5619 624 1307 2004 401
5620 383 342 1487 1539
5621 1066 96 1467 1806
5622 597 126 1183 1313
5623 859 2175 1067 2201
5624 54 598 1085 1387
5625 625 415 902 1314
5626 746 1026 1191 1864
5627 1633 612 2042 2067
5628 1026 451 1191 1864
5629 326 325 1071 1315
5630 818 400 2032 2089
5631 325 326 1218 1315
5632 648 532 1168 2493
5633 939 1855 1911 2115
5634 1347 578 2298 2313
5635 492 738 1381 1618
5636 1039 1316 1352 1938
5637 1775 1120 1824 386
5638 509 126 865 1313
5639 641 1448 1583 2197
5640 641 1583 2050 2197
5641 642 1448 2012 2197
5642 871 1271 1281 1328
5643 1674 227 1821 2091
5644 651 766 1077 1318
5645 651 653 766 1318
5646 104 651 1077 1318
5647 651 104 653 1318
5648 57 1104 1212 1468
5649 1453 641 1583 1584
5650 1245 488 1370 1584
5651 67 86 612 1319
5652 638 448 751 1592
5653 751 209 876 1592
5654 810 450 947 1649
5655 1290 496 1306 1448
5656 1538 1387 1679 2230
5657 1075 936 1477 1910
5658 520 92 771 1321
5659 83 520 771 1321
5660 764 913 2120 2181
5661 657 1650 1681 1878
5662 880 425 904 1342
5663 499 1132 1265 1612
5664 108 1378 1570 1612
5665 1273 1957 1960 1985
5666 1575 1879 1947 1999
5667 108 1132 1542 1612
5668 515 63 525 1436
5669 1070 347 1185 1325
5670 557 1070 1185 1325
5671 347 557 1185 1325
5672 909 352 1112 1373
5673 1182 1414 1643 1654
5674 917 1192 1643 1654
5675 525 63 915 1436
5676 700 1063 1204 1585
5677 352 1653 1351 1373
5678 909 1112 1262 1373
5679 347 348 1081 1325
5680 391 1724 1075 1753
5681 848 446 1067 1367
5682 717 710 1641 1815
5683 953 710 1666 1815
5684 763 1032 1573 1682
5685 1104 65 1161 1366
5686 1110 1316 1352 1367
5687 446 511 1067 1367
5688 592 1850 1917 2048
5689 56 1104 1161 1366
5690 524 1142 1711 1797
5691 144 973 1310 1430
5692 621 1029 2223 2257
5693 1268 306 1305 1900
5694 1769 1918 1909 1789
5695 1328 238 843 2325
5696 1221 228 1267 1328
5697 396 1252 1273 287
5698 928 1546 1687 1692
5699 1529 1416 1546 1692
5700 117 707 997 1993
5701 919 203 955 1329
5702 788 229 1243 1506
5703 581 625 1099 1189
5704 567 416 568 1640
5705 1965 1051 2027 2369
5706 2149 635 197 1969
5707 1128 1049 1399 2370
5708 554 1965 2367 2369
5709 2325 2256 2352 2374
5710 300 538 841 1331
5711 538 317 841 1331
5712 215 646 685 2371
5713 413 482 1950 2257
5714 522 447 1125 1405
5715 860 469 1060 1332
5716 256 860 1060 1332
5717 256 548 860 1332
5718 548 469 860 1332
5719 256 623 1291 1332
5720 548 256 1291 1332
5721 602 1132 1265 1333
5722 780 602 1265 1333
5723 139 1166 1719 1842
5724 116 845 857 2196
5725 1315 1209 1769 1909
5726 872 439 974 1469
5727 2443 903 2451 2453
5728 393 683 858 1597
5729 393 858 1187 1597
5730 872 559 1338 1469
5731 559 461 1338 1469
5732 1213 1159 1819 513
5733 779 1567 1629 1820
5734 192 779 1629 1820
5735 607 796 1427 1925
5736 2465 132 2479 2486
5737 1911 1223 2475 2483
5738 251 1039 1050 1869
5739 10 1295 1320 1337
5740 862 241 1116 1338
5741 241 862 872 1338
5742 2103 1015 1191 760
5743 814 346 1045 1773
5744 1333 1021 1542 1954
5745 862 1125 1338 1116
5746 1954 1841 1012 1333
5747 559 241 872 1338
5748 251 241 559 1338
5749 1245 689 1453 1805
5750 559 670 251 1338
5751 241 251 1208 1338
5752 411 696 1263 1340
5753 696 411 789 1340
5754 1445 2448 718 1175
5755 635 197 1175 1445
5756 734 70 893 1340
5757 2177 2145 2170 1394
5758 916 783 2145 2177
5759 2211 1788 1799 1480
5760 880 92 1321 1342
5761 92 880 904 1342
5762 1247 644 1568 1604
5763 783 916 1830 2177
5764 513 896 1060 1792
5765 811 216 1571 1791
5766 749 85 755 1790
5767 896 256 1060 1792
5768 400 959 2032 2089
5769 1069 849 96 1462
5770 1106 86 1451 1462
5771 86 534 849 1462
5772 1564 494 1973 2334
5773 1474 1164 1991 2343
5774 1149 1107 1577 1838
5775 2067 755 2042 76
5776 2293 1282 2295 2305
5777 2195 421 1564 2233
5778 673 2265 2280 2312
5779 2368 2367 2369 2373
5780 2199 1297 2243 2289
5781 345 101 1495 1501
5782 568 665 816 1501
5783 1879 1575 1947 2086
5784 716 937 1193 1760
5785 1559 1453 67 1805
5786 871 1271 1328 2051
5787 328 990 1167 1593
5788 1949 464 2112 2118
5789 2191 2361 2392 2394
5790 382 648 1168 2440
5791 2394 2434 2437 2439
5792 571 1210 2428 2430
5793 1164 452 1379 1474
5794 810 136 1590 1605
5795 1911 627 198 701
5796 672 94 816 1768
5797 2445 2465 2479 2486
5798 1074 961 1642 1724
5799 762 2016 1724 1075
5800 544 639 699 1349
5801 544 80 639 1349
5802 89 544 699 1349
5803 500 380 576 1350
5804 353 1152 1230 1381
5805 424 564 1041 1381
5806 402 1380 165 1350
5807 564 424 1152 1381
5808 1041 1434 1145 1381
5809 331 1074 1724 2016
5810 653 766 1318 1939
5811 261 1039 1316 1352
5812 795 921 1641 1667
5813 1821 491 1092 1674
5814 260 261 702 1352
5815 921 278 1252 1667
5816 261 260 1039 1352
5817 936 1746 1789 1918
5818 817 721 1021 1353
5819 934 608 945 1626
5820 646 1385 1443 1475
5821 774 613 893 1379
5822 408 452 789 1379
5823 70 893 1340 1379
5824 915 1965 2027 2369
5825 408 613 774 1379
5826 893 613 1340 1379
5827 943 768 944 1356
5828 1297 298 2155 2228
5829 837 395 1135 1697
5830 2 837 1135 1697
5831 489 1074 1642 1698
5832 338 473 1266 1606
5833 1216 810 1549 1590
5834 537 640 1726 2289
5835 868 1953 1949 1950
5836 1371 870 1549 1590
5837 260 917 1352 1961
5838 1470 868 1553 1772
5839 1425 1645 1646 1951
5840 482 1949 1990 2112
5841 2294 925 2297 2452
5842 1647 2348 2355 2362
5843 747 421 1228 2143
5844 1107 16 1227 1359
5845 14 1107 1227 1359
5846 1191 746 1715 1764
5847 14 962 1107 1359
5848 848 446 1367 1458
5849 484 660 876 1592
5850 488 1370 2264 2266
5851 1135 435 1781 1785
5852 874 803 1029 1595
5853 971 715 1421 1659
5854 1699 948 544 89
5855 622 667 1439 1849
5856 724 811 930 1674
5857 573 210 671 1849
5858 671 622 1705 1849
5859 544 447 1405 1699
5860 2056 2092 2261 2299
5861 948 869 1217 1699
5862 1795 667 457 211
5863 580 633 723 1384
5864 563 200 723 1384
5865 258 1044 1292 1574
5866 411 505 1032 1363
5867 1574 2031 608 1044
5868 505 223 1032 1363
5869 223 233 664 1363
5870 233 223 964 1363
5871 142 2107 2204 2247
5872 712 177 1388 1402
5873 195 177 577 1402
5874 174 712 1388 1402
5875 687 738 960 1364
5876 738 687 865 1364
5877 1200 1982 2206 2226
5878 1122 641 2156 2200
5879 1228 421 1721 2188
5880 624 589 954 1365
5881 431 624 954 1365
5882 1326 1365 1993 2004
5883 798 1383 1421 1994
5884 535 367 1124 2356
5885 850 431 2187 2195
5886 1721 421 2001 2188
5887 1897 1721 2001 2188
5888 1258 1110 1352 1367
5889 1316 702 1352 1367
5890 702 1258 1352 1367
5891 2164 2071 2297 2431
5892 646 1385 1475 2389
5893 458 1703 2126 2167
5894 511 708 1067 1367
5895 511 495 708 1367
5896 1172 868 1553 2219
5897 1703 1704 1870 2167
5898 1704 1703 1720 2167
5899 1241 374 1411 1416
5900 1764 1983 2103 472
5901 410 818 1411 1416
5902 408 667 966 1673
5903 733 586 834 2082
5904 245 1404 1019 1368
5905 459 1314 1738 1892
5906 3 1502 1509 1675
5907 1185 347 1334 1447
5908 1016 685 1204 1512
5909 1649 1901 993 1788
5910 685 1204 1614 1729
5911 270 702 1258 1666
5912 593 254 1145 1434
5913 578 218 1494 2298
5914 17 537 1538 2240
5915 541 951 1723 1767
5916 1347 484 1822 2298
5917 2151 1505 1565 157
5918 1758 1441 839 1508
5919 1032 432 1573 1682
5920 583 1298 1456 1513
5921 2201 1561 2221 2251
5922 854 1235 1298 1513
5923 583 1092 1850 1917
5924 401 649 1307 2004
5925 1365 463 1993 2004
5926 715 777 1600 1994
5927 777 9 1341 1994
5928 335 777 1341 1994
5929 1383 11 1421 1994
5930 1307 624 2004 1365
5931 1057 11 1337 1994
5932 9 1057 1337 1994
5933 941 1274 1286 1552
5934 899 293 1463 1552
5935 1020 674 1644 1745
5936 446 511 928 1546
5937 637 484 1265 1822
5938 608 629 896 1711
5939 1551 1377 1565 1690
5940 1310 144 1430 1544
5941 108 1277 1355 1378
5942 107 108 1355 1378
5943 789 70 1340 1379
5944 613 789 1340 1379
5945 549 592 1850 2360
5946 1850 583 1917 2048
5947 893 70 1280 1379
5948 783 1394 2145 2177
5949 937 67 1319 1435
5950 1686 1504 1734 2265
5951 492 355 999 1381
5952 356 492 999 1381
5953 738 687 960 1381
5954 424 687 1152 1381
5955 687 424 960 1381
5956 44 647 1479 1619
5957 420 1917 1934 1971
5958 356 355 1230 1381
5959 67 86 1319 1435
5960 355 356 999 1381
5961 10 11 1362 1383
5962 652 686 1295 1383
5963 686 38 1295 1383
5964 11 10 1337 1383
5965 652 10 1362 1383
5966 10 652 1295 1383
5967 596 1224 1499 1607
5968 831 924 1443 1475
5969 789 696 1340 1444
5970 1604 1864 699 1264
5971 459 413 674 1476
5972 830 322 1396 1661
5973 75 518 1219 1395
5974 554 2121 2377 2383
5975 1183 597 1313 1386
5976 781 2455 2470 2472
5977 421 850 2187 2195
5978 997 707 1183 1386
5979 2098 1415 2007 2006
5980 707 138 1183 1386
5981 138 597 1183 1386
5982 742 425 1578 1876
5983 1972 555 2015 2040
5984 1466 12 1675 1818
5985 478 426 1098 2427
5986 867 543 1823 2451
5987 405 1701 2422 2399
5988 2422 405 2432 2433
5989 1098 426 1389 2427
5990 1952 1926 2056 1860
5991 625 1099 1189 2065
5992 1298 420 1971 1980
5993 1086 587 1136 1980
5994 587 1086 1298 1980
5995 470 100 877 1390
5996 64 1391 1657 339
5997 676 91 1197 1390
5998 392 676 1197 1390
5999 1197 904 1390 91
6000 100 392 1197 1390
6001 1197 877 100 1390
6002 1292 661 1862 2031
6003 1242 2108 2062 1521
6004 233 576 1730 1885
6005 421 1184 2001 2188
6006 1329 987 1505 1691
6007 1538 1679 17 2240
6008 1207 957 1268 1853
6009 840 185 1491 2082
6010 1458 446 1760 1890
6011 399 1167 1014 1591
6012 981 1605 1233 146
6013 818 2089 2132 2236
6014 1995 2024 2086 2148
6015 319 773 1158 1662
6016 1267 1281 1328 1899
6017 1099 918 1220 2065
6018 1069 861 1106 1462
6019 1069 1106 1451 1462
6020 1069 849 1110 1327
6021 683 1245 565 858
6022 1552 1777 1286 294
6023 942 1082 2121 2151
6024 684 416 1482 1640
6025 766 1077 1467 1733
6026 88 869 1176 1699
6027 1382 795 1482 1641
6028 568 684 814 1640
6029 801 158 841 1398
6030 158 1639 841 1398
6031 237 2352 2353 2364
6032 461 1143 1469 2037
6033 521 737 1166 2495
6034 2060 1879 929 1594
6035 713 427 1060 1401
6036 427 713 956 1401
6037 908 943 992 1727
6038 1082 1704 1720 1896
6039 154 603 786 1896
6040 1050 1643 1938 1944
6041 919 1082 1720 1896
6042 1924 2318 491 1055
6043 473 875 1088 1606
6044 1131 44 1479 1619
6045 1761 687 424 865
6046 1054 1630 2266 2271
6047 80 1699 447 544
6048 869 445 1217 2011
6049 687 1403 1605 1618
6050 1230 1152 1233 1618
6051 615 1346 1853 1894
6052 137 687 738 1618
6053 491 2214 2317 2345
6054 1011 2328 2335 2398
6055 1403 1233 1605 1618
6056 687 137 1403 1618
6057 94 665 1768 1790
6058 206 673 988 2265
6059 2399 1528 2453 2467
6060 2028 1046 2059 2245
6061 325 1071 1315 1769
6062 864 1652 2300 2362
6063 1686 988 1734 2448
6064 291 1606 1422 1490
6065 1204 377 1614 1729
6066 2241 1189 415 979
6067 618 195 648 1686
6068 1217 445 1780 1856
6069 1506 989 1780 1856
6070 445 1506 1780 1856
6071 195 196 673 1686
6072 196 195 618 1686
6073 673 196 988 1686
6074 410 339 1203 1413
6075 1897 1184 2188 2001
6076 1203 339 1406 1413
6077 337 1203 1406 1413
6078 1203 473 410 1413
6079 473 1203 1150 1413
6080 1201 2359 2385 1025
6081 1203 473 1150 818
6082 408 1164 1379 1713
6083 893 613 1093 1921
6084 2391 1011 2398 2409
6085 685 216 811 1512
6086 905 1016 1204 1512
6087 1789 998 1148 1186
6088 1093 613 1767 1921
6089 1093 80 1767 1349
6090 950 1522 1926 2061
6091 1029 452 1171 1595
6092 701 198 1911 1920
6093 410 374 892 1416
6094 540 933 1322 1418
6095 595 662 972 1418
6096 359 1178 1534 1728
6097 359 358 1178 1728
6098 496 1040 2220 2236
6099 540 595 933 1418
6100 933 595 972 1418
6101 1351 1083 1373 1419
6102 1008 47 1163 1872
6103 131 1515 1625 819
6104 102 943 940 1420
6105 943 102 1449 1420
6106 1028 368 1251 1450
6107 1391 1406 1948 1203
6108 523 375 798 2111
6109 903 1353 2328 2346
6110 1251 1013 1718 1787
6111 1111 577 1251 1787
6112 418 915 1085 1965
6113 11 609 1362 1421
6114 577 382 1251 1787
6115 609 330 1362 1421
6116 435 1111 1718 1787
6117 382 1013 1251 1787
6118 633 563 1346 1491
6119 697 30 1811 2078
6120 1289 153 1302 1889
6121 301 1080 1096 1867
6122 1345 1837 2038 2128
6123 1376 783 2039 2141
6124 1053 730 1794 1932
6125 1035 1425 1645 1646
6126 667 408 1439 1673
6127 305 657 1481 1908
6128 2025 1659 2044 2085
6129 746 948 1349 1715
6130 376 285 1112 1426
6131 796 1008 1162 1427
6132 380 796 1162 1427
6133 413 482 674 1953
6134 607 796 830 1427
6135 621 449 1029 1873
6136 656 830 1133 1427
6137 387 656 1133 1427
6138 1727 1695 113 992
6139 1861 671 1903 1705
6140 698 809 1557 1702
6141 1436 54 915 1516
6142 1850 592 1917 2030
6143 1538 1085 2230 2367
6144 498 1482 1696 1913
6145 611 151 1776 2015
6146 553 1770 1972 2015
6147 415 902 1314 1432
6148 482 415 1314 1432
6149 459 482 1314 1432
6150 902 310 1244 1432
6151 2133 1140 2285 2286
6152 442 804 1237 1438
6153 308 1927 1432 459
6154 459 308 952 1432
6155 1432 308 725 1244
6156 310 725 1244 1432
6157 907 523 959 2049
6158 1059 550 1409 1433
6159 1006 1059 1409 1433
6160 1643 1050 1938 2207
6161 1007 2200 2220 2225
6162 369 1303 1718 2077
6163 1548 1003 1863 1891
6164 2443 539 2453 2464
6165 2408 2395 2415 2419
6166 277 1006 1409 1433
6167 835 185 957 1853
6168 1199 1207 1305 1853
6169 479 1349 1405 1715
6170 479 1405 1617 1715
6171 1061 1217 1926 2011
6172 515 525 915 1436
6173 1784 1689 2078 2127
6174 1647 930 2252 2348
6175 532 1023 1478 2315
6176 1282 663 2295 2355
6177 1146 793 1180 417
6178 670 1017 926 461
6179 902 1437 415 310
6180 501 987 2027 2113
6181 195 886 1028 2315
6182 152 412 895 1732
6183 310 311 725 1437
6184 412 152 1668 1732
6185 311 310 605 1437
6186 915 418 1085 2338
6187 2446 1749 2455 2461
6188 1497 476 1973 2088
6189 542 1326 1523 1752
6190 958 105 1459 1752
6191 1837 1500 2038 2160
6192 1718 1781 1845 2077
6193 475 806 1128 1663
6194 987 1454 1505 1663
6195 806 987 1505 1663
6196 1128 806 1505 1663
6197 1000 162 1113 1442
6198 162 756 1113 1442
6199 162 681 756 1442
6200 831 214 1385 1443
6201 70 789 1340 1444
6202 1444 1263 70 71
6203 696 71 1263 1444
6204 1263 1444 70 1340
6205 696 1263 1340 1444
6206 71 504 1094 1444
6207 504 497 1094 1444
6208 70 71 1094 1444
6209 438 1082 2121 2199
6210 1046 191 1751 2244
6211 692 713 860 1446
6212 692 587 1136 1446
6213 713 692 1136 1446
6214 1113 1049 1690 1000
6215 300 1297 1331 2199
6216 246 587 692 1446
6217 246 692 860 1446
6218 1046 1751 2213 2244
6219 2262 1255 2253 1099
6220 1726 438 2121 2199
6221 429 1293 2380 2384
6222 409 501 2013 2113
6223 409 501 525 2013
6224 409 525 581 2013
6225 1848 1879 1999 2060
6226 1056 191 1751 2028
6227 458 409 2013 2113
6228 33 1749 1898 2380
6229 919 2151 1454 1082
6230 871 1952 1986 2092
6231 1343 992 111 1447
6232 2087 143 2379 2460
6233 658 1053 1489 1932
6234 1013 535 1028 1450
6235 1013 1028 1251 1450
6236 1701 405 2393 2399
6237 581 525 1099 2338
6238 438 1765 2121 1870
6239 716 670 926 1451
6240 709 434 823 1614
6241 670 77 926 1451
6242 1864 739 774 1473
6243 918 1694 1664 1510
6244 1250 1503 1162 545
6245 1106 86 1435 1451
6246 77 1106 1435 1451
6247 2240 537 2289 2310
6248 1919 2024 1895 2072
6249 749 1077 1733 1806
6250 598 418 918 2338
6251 1286 769 1777 1844
6252 1424 600 636 906
6253 1817 1098 2055 2468
6254 1192 1182 1643 1654
6255 900 263 910 2014
6256 1408 1489 1737 1813
6257 583 225 1115 1456
6258 921 278 1357 1905
6259 551 583 1115 1456
6260 235 805 1298 1456
6261 1235 235 1298 1456
6262 1026 1861 451 739
6263 774 408 815 1903
6264 622 408 667 1903
6265 622 667 671 1903
6266 805 1141 225 1456
6267 1141 805 235 1456
6268 622 671 1705 1903
6269 671 667 1015 1903
6270 1953 2118 482 952
6271 482 415 1432 2118
6272 2255 300 2199 2289
6273 904 771 1342 2176
6274 547 141 1397 1461
6275 420 1917 1971 2172
6276 1278 922 1537 1838
6277 420 1055 1917 2172
6278 388 547 823 1461
6279 2306 1479 1930 1209
6280 568 1489 343 816
6281 343 1408 1489 1847
6282 343 568 1045 1847
6283 1489 344 1750 1847
6284 547 388 611 1461
6285 141 547 611 1461
6286 455 1001 1012 1841
6287 141 485 1397 1461
6288 1767 451 613 1093
6289 293 3 899 1463
6290 103 711 764 1464
6291 651 711 744 1464
6292 95 651 744 1464
6293 651 95 679 1464
6294 679 95 694 1464
6295 114 103 632 1464
6296 103 114 1410 1464
6297 114 95 1410 1464
6298 95 114 694 1464
6299 711 103 1410 1464
6300 744 711 1410 1464
6301 95 744 1410 1464
6302 1105 830 1380 1655
6303 787 87 1486 1554
6304 2328 1803 455 1935
6305 530 958 1142 1807
6306 849 1069 96 1327
6307 1069 1467 1318 96
6308 96 104 1066 1467
6309 104 744 1066 1467
6310 1109 248 1499 1709
6311 1021 121 2160 585
6312 82 698 809 2176
6313 1493 2326 2341 2343
6314 579 439 1143 1469
6315 559 242 1312 1469
6316 461 559 1312 1469
6317 585 1140 1500 2038
6318 480 748 2255 2289
6319 2458 516 2464 2475
6320 242 872 974 1469
6321 242 559 872 1469
6322 633 1346 1384 1470
6323 580 633 1384 1470
6324 1346 187 1384 1470
6325 985 187 1346 1470
6326 189 474 985 1470
6327 187 474 1384 1470
6328 474 187 985 1470
6329 1804 1893 1932 1957
6330 1455 998 1783 2208
6331 1896 1200 1984 1998
6332 2178 311 1437 2123
6333 2294 2350 2346 508
6334 1002 2268 2332 2343
6335 1577 400 1838 2085
6336 116 857 2116 2196
6337 857 509 1313 2196
6338 1700 1347 2313 989
6339 746 978 1715 1764
6340 432 728 1673 1682
6341 978 1617 1715 1764
6342 696 71 1444 1779
6343 763 213 1032 1682
6344 1701 2350 2393 2396
6345 558 401 560 2340
6346 497 72 1094 1474
6347 1094 72 1280 1474
6348 1094 1379 1280 70
6349 765 690 1722 1992
6350 72 980 1280 1474
6351 265 564 1530 1645
6352 705 586 1491 2082
6353 263 900 2266 2275
6354 286 1372 1527 1739
6355 520 26 1031 1476
6356 750 541 1287 2139
6357 25 520 1031 1476
6358 637 484 1347 1592
6359 657 1681 1812 1878
6360 1812 1681 1843 1878
6361 1975 1753 391 1833
6362 30 2047 2078 2127
6363 600 776 1875 1878
6364 1843 1681 1875 1878
6365 834 600 1875 1878
6366 657 705 1650 1878
6367 1681 834 1875 1878
6368 205 215 1443 1478
6369 826 263 900 2266
6370 2392 2191 2394 2421
6371 44 647 1455 1479
6372 647 59 1455 1479
6373 682 58 1453 1531
6374 1117 2189 1089 2122
6375 403 609 2016 2022
6376 996 917 1643 1654
6377 805 236 1298 2048
6378 58 1147 1453 1531
6379 1696 1126 1382 1482
6380 726 825 1634 1725
6381 2410 2448 571 2450
6382 423 171 961 1914
6383 948 1699 544 1405
6384 401 560 945 1483
6385 1202 52 1436 1516
6386 1401 882 1895 1928
6387 1331 2388 2370 2383
6388 360 1594 2060 2095
6389 730 717 1053 1794
6390 529 274 993 1818
6391 464 2028 2112 1056
6392 631 580 723 1603
6393 1487 1119 1569 1624
6394 1065 371 1465 1485
6395 921 1640 1641 1794
6396 514 49 1211 1827
6397 1603 1849 210 573
6398 1270 1487 1539 1569
6399 861 96 1423 1486
6400 908 909 1059 1555
6401 1030 540 1159 1555
6402 96 97 1423 1486
6403 885 509 1651 1761
6404 446 928 1319 1559
6405 2058 733 1979 2055
6406 1687 574 2042 2067
6407 1158 320 1169 1684
6408 543 122 614 1628
6409 1053 568 567 416
6410 1054 1370 2266 1630
6411 2259 1282 2269 2305
6412 499 1012 1333 1954
6413 1205 1133 1680 1717
6414 1809 1203 1948 2000
6415 854 1235 1272 1848
6416 189 471 868 1751
6417 14 962 1359 1490
6418 336 14 1359 1490
6419 120 2195 1033 2381
6420 1224 1044 1369 1607
6421 962 291 1422 1490
6422 1107 962 1422 1490
6423 1140 2286 2287 2311
6424 2161 852 2163 2169
6425 1063 377 2008 2194
6426 840 563 199 1491
6427 563 840 185 1491
6428 921 498 2046 1226
6429 966 432 1673 1682
6430 745 283 1509 1524
6431 216 226 1092 1571
6432 1021 1132 1333 1542
6433 129 494 1277 1542
6434 916 783 1830 2161
6435 1389 691 2009 2130
6436 501 765 987 1992
6437 569 2113 1329 1992
6438 2126 2027 987 2113
6439 2154 2333 2150 873
6440 421 2195 1564 850
6441 203 1329 1691 1992
6442 1992 728 690 569
6443 1270 1253 1569 2114
6444 1803 839 2171 2215
6445 516 1685 1740 2215
6446 447 414 1176 1632
6447 1023 646 1478 2315
6448 569 203 690 1992
6449 93 969 982 1495
6450 699 89 1349 1604
6451 440 312 674 1589
6452 767 295 1137 1825
6453 437 674 1120 1589
6454 1492 643 1570 1778
6455 1718 435 1787 1845
6456 1008 329 1872 1925
6457 802 776 825 2009
6458 527 1615 1793 2075
6459 1575 2496 2498 2499
6460 1686 2448 1504 2473
6461 128 130 485 1497
6462 1003 332 1457 1786
6463 1687 928 1692 2002
6464 2279 843 2325 2374
6465 2 894 1293 1785
6466 944 1336 1819 2079
6467 776 636 1812 1878
6468 226 1092 1571 1821
6469 1209 1789 1909 1930
6470 550 944 1356 1555
6471 1395 935 1517 1657
6472 674 606 1120 1644
6473 606 674 1476 1644
6474 1926 1860 1967 2061
6475 1820 1923 2054 1998
6476 903 543 1823 1935
6477 637 602 660 1912
6478 607 322 830 1655
6479 819 131 1309 1500
6480 407 819 1309 1500
6481 523 971 1598 2111
6482 407 121 819 1500
6483 982 493 1495 1501
6484 101 982 1495 1501
6485 84 493 590 1501
6486 493 101 590 1501
6487 101 493 982 1501
6488 918 20 1062 1510
6489 213 690 728 1682
6490 571 635 1685 1740
6491 515 504 1202 1779
6492 107 1033 1393 1735
6493 1013 382 1168 1736
6494 1735 2195 1429 1523
6495 1445 2448 2410 718
6496 691 802 825 2009
6497 825 426 912 2009
6498 1241 374 1416 1687
6499 511 928 1546 1687
6500 405 1701 2393 2444
6501 636 1084 1689 1784
6502 511 755 849 2042
6503 511 490 755 2042
6504 310 625 902 1694
6505 1694 918 625 1510
6506 203 157 619 1505
6507 589 824 1311 2144
6508 157 203 919 1505
6509 1005 792 1556 1566
6510 1188 406 1898 2406
6511 414 670 1050 1572
6512 670 604 1050 1572
6513 1441 1758 839 1440
6514 27 1084 636 906
6515 942 841 1551 1690
6516 1522 1061 1926 1952
6517 160 1000 1377 1690
6518 115 885 1835 2079
6519 1304 1904 1906 1902
6520 217 1374 1441 1508
6521 1873 1046 2059 2213
6522 1360 1591 1753 1759
6523 408 452 1595 1673
6524 1496 1484 2139 2186
6525 1378 108 1542 1612
6526 1249 999 1145 355
6527 579 1143 1180 2037
6528 1023 377 1941 2008
6529 311 1056 1437 2123
6530 791 1866 1976 1996
6531 677 399 1882 2234
6532 1647 1974 2214 2345
6533 532 1023 1168 2008
6534 1736 535 1941 2008
6535 999 357 1249 1511
6536 1939 596 1976 1996
6537 816 672 1219 2147
6538 579 242 1469 2037
6539 1023 535 1168 2008
6540 1314 1037 1738 2277
6541 1440 217 1441 1758
6542 1652 864 1974 2362
6543 1933 1328 2029 2102
6544 247 896 617 934
6545 1436 515 1202 1516
6546 515 1436 1202 62
6547 2462 1223 2475 867
6548 515 784 1202 1516
6549 784 515 915 1516
6550 2367 2368 1085 2230
6551 1516 1637 475 784
6552 475 784 915 1516
6553 2334 1981 891 2349
6554 784 1169 1202 1516
6555 250 1050 1643 1658
6556 1851 1138 1857 2061
6557 950 1926 1967 2061
6558 1658 2105 1414 727
6559 854 1235 1848 2019
6560 1581 1241 1596 1687
6561 461 683 1143 2037
6562 262 826 900 2043
6563 1190 1265 1822 2278
6564 1659 2022 2044 2085
6565 2155 1859 2222 2263
6566 406 566 2426 2427
6567 1970 1940 169 1518
6568 1351 529 1675 1818
6569 1652 1282 2259 2305
6570 94 665 816 1768
6571 1063 905 1204 1585
6572 1805 1760 1193 937
6573 185 615 957 1853
6574 39 652 1362 1520
6575 1680 1300 1285 1250
6576 943 1070 1356 1555
6577 826 1541 1630 2043
6578 1070 1059 1433 1555
6579 908 1059 1070 1555
6580 1979 2458 2464 2475
6581 431 864 1523 2300
6582 1516 2369 2368 1085
6583 1843 776 1875 2009
6584 71 504 1444 1779
6585 1305 985 1959 2099
6586 393 2037 1597 579
6587 177 712 2075 2131
6588 97 787 1486 1554
6589 322 656 830 1655
6590 560 1109 1499 1526
6591 539 1979 2035 2055
6592 1516 2369 475 2368
6593 379 1032 505 1097
6594 230 472 978 2052
6595 1368 1446 1928 2104
6596 978 472 1764 2052
6597 978 1026 1764 746
6598 791 1042 1483 1526
6599 791 531 1042 1526
6600 791 1483 1499 1526
6601 531 791 1499 1526
6602 221 1764 1983 2103
6603 1360 961 1642 1759
6604 25 842 1084 1689
6605 1035 4 1646 1672
6606 2014 642 2264 2275
6607 813 2231 83 2176
6608 2235 1100 2237 2252
6609 918 1510 1664 1707
6610 1682 765 1032 432
6611 1209 1103 1344 1789
6612 42 1148 1746 1789
6613 2465 132 2472 2479
6614 2158 2224 2242 2260
6615 265 266 1480 1530
6616 266 265 623 1530
6617 1636 1644 1712 1784
6618 450 993 1649 1844
6619 1636 1543 1689 1784
6620 1120 312 1644 1784
6621 1636 25 1644 1784
6622 1147 689 1453 1531
6623 689 565 1453 1531
6624 25 1636 1689 1784
6625 1084 25 1689 1784
6626 25 1084 1644 1784
6627 59 565 689 1531
6628 377 1016 1023 1729
6629 817 2472 2433 691
6630 1217 644 1247 1604
6631 1549 1552 1286 294
6632 157 942 1082 1551
6633 160 801 841 1551
6634 2295 1033 2300 2372
6635 1234 118 1523 1735
6636 2403 648 2440 2493
6637 2071 905 2402 2431
6638 826 900 2043 2266
6639 2316 2317 589 954
6640 551 1513 2501 2502
6641 1248 218 1700 1839
6642 742 425 1342 1578
6643 803 815 874 1578
6644 815 803 1342 1578
6645 1321 742 1342 1578
6646 803 1321 1342 1578
6647 803 413 1321 1578
6648 598 1538 17 418
6649 1979 2058 2458 2475
6650 189 868 1470 1953
6651 599 833 1146 1680
6652 1133 833 1205 1680
6653 1146 1133 1250 1680
6654 498 557 1070 1913
6655 1538 598 1387 1085
6656 157 619 1505 1756
6657 1860 1328 2102 871
6658 403 330 1421 1540
6659 686 40 907 1540
6660 274 529 1419 1818
6661 1362 1383 1421 1540
6662 330 1362 1421 1540
6663 1383 907 1421 1540
6664 652 1540 1362 1520
6665 1362 686 1383 1540
6666 686 907 1383 1540
6667 936 403 1075 949
6668 2346 1011 2358 2409
6669 922 2025 2044 2085
6670 330 39 1362 1540
6671 478 566 1098 1747
6672 40 686 1520 1540
6673 529 993 1675 1818
6674 108 584 1277 1542
6675 584 407 1277 1542
6676 2008 925 2036 2164
6677 929 2060 1594 2095
6678 579 393 417 1885
6679 490 511 574 2042
6680 293 144 1310 1544
6681 1021 543 1353 1935
6682 434 1115 1156 1614
6683 1284 1485 1602 1886
6684 484 1190 1265 1822
6685 638 425 797 1997
6686 277 1433 1708 1739
6687 391 922 961 1975
6688 277 1006 1433 1739
6689 1631 1484 1987 2139
6690 820 799 1741 1893
6691 1227 378 1260 1548
6692 1227 1260 1457 1548
6693 739 451 1026 1864
6694 1026 746 1264 1864
6695 378 15 1260 1548
6696 135 941 1064 1549
6697 243 500 1597 1885
6698 1549 1552 294 1310
6699 513 680 1322 1754
6700 294 145 1216 1549
6701 145 294 1310 1549
6702 870 145 1371 1549
6703 145 870 1216 1549
6704 1570 1545 1612 1782
6705 1090 521 1757 1897
6706 468 750 233 417
6707 833 1133 1146 1680
6708 159 1113 1128 1756
6709 675 361 1550 2496
6710 1575 2496 361 2500
6711 521 570 2495 2496
6712 977 1550 1575 2499
6713 628 1272 2500 2501
6714 570 521 1757 2496
6715 1770 551 1972 2501
6716 975 1865 2307 2435
6717 2125 1493 2242 2249
6718 361 149 675 1550
6719 1328 552 2325 2376
6720 850 2372 2381 2382
6721 1837 1981 2038 2128
6722 588 149 1087 1550
6723 149 588 675 1550
6724 1550 521 2495 2496
6725 534 86 849 1633
6726 2455 2447 429 2380
6727 97 1486 1521 1554
6728 308 459 674 1745
6729 492 960 1895 1928
6730 304 1134 1239 1556
6731 960 1404 1928 1145
6732 674 459 1476 1745
6733 90 739 1473 1557
6734 90 676 739 1557
6735 311 512 1056 2123
6736 965 878 1091 1904
6737 739 676 1390 1557
6738 809 739 1390 1557
6739 340 290 1266 1558
6740 424 865 1364 1761
6741 885 645 1336 1761
6742 509 885 1336 1761
6743 645 885 1651 1761
6744 1213 509 1336 1761
6745 1290 1122 1559 928
6746 1290 1453 641 1583
6747 865 883 1651 1761
6748 15 1003 332 1457
6749 1559 1453 1290 67
6750 2098 1511 1368 2140
6751 299 2255 2246 480
6752 1760 1193 2117 2168
6753 1703 1082 1704 1720
6754 2000 1834 375 1858
6755 643 1033 1492 2300
6756 635 1621 1210 571
6757 945 248 1369 1607
6758 875 282 1537 1561
6759 273 875 1537 1561
6760 444 282 1088 1561
6761 281 444 1088 1561
6762 600 586 1174 1563
6763 562 600 1174 1563
6764 719 562 1174 1563
6765 397 719 1174 1563
6766 630 851 1076 2131
6767 600 1424 1472 1563
6768 600 562 1424 1563
6769 397 470 719 1563
6770 562 470 797 1563
6771 470 562 719 1563
6772 353 564 1645 1649
6773 1152 769 1286 1649
6774 450 810 1286 1649
6775 553 365 555 364
6776 1999 854 2017 2499
6777 1377 157 1551 1565
6778 1528 1210 1852 2407
6779 551 709 1770 1972
6780 203 1329 1505 1691
6781 213 619 806 1691
6782 1472 586 1763 1775
6783 191 512 1056 1567
6784 190 191 1056 1567
6785 897 190 1056 1567
6786 512 897 1056 1567
6787 403 1659 2022 2044
6788 779 190 897 1567
6789 981 1605 1403 1233
6790 257 896 1626 1792
6791 543 602 1132 1628
6792 2255 847 1639 2303
6793 122 1132 1392 1628
6794 1247 99 1264 1568
6795 1152 354 1233 1605
6796 99 699 1264 1568
6797 90 98 644 1568
6798 90 644 699 1568
6799 1119 290 1487 1569
6800 290 1119 1253 1569
6801 107 108 1378 1570
6802 1205 696 1660 1779
6803 696 784 1660 1779
6804 696 515 784 1779
6805 504 866 1202 1779
6806 484 637 1347 1822
6807 1457 1227 1548 1863
6808 1093 1191 1349 1767
6809 3 899 1502 1675
6810 529 13 1351 1675
6811 1502 993 1509 1675
6812 733 844 2055 2080
6813 13 529 993 1675
6814 509 845 914 1819
6815 1069 604 1451 1572
6816 1106 1069 1451 1572
6817 78 670 1116 1572
6818 447 78 1116 1572
6819 77 87 1106 1572
6820 77 78 447 1572
6821 823 434 1204 1614
6822 434 709 1115 1614
6823 553 709 823 1614
6824 223 664 763 1573
6825 664 222 763 1573
6826 663 1033 2295 2372
6827 59 601 1531 1783
6828 258 1232 1369 1574
6829 2396 975 2397 2408
6830 1203 473 818 410
6831 760 1026 1191 2103
6832 1880 1386 783 1560
6833 2146 2133 2286 2333
6834 1595 621 874 449
6835 1092 811 1571 1674
6836 675 570 2496 2495
6837 1301 570 1972 2501
6838 130 1102 1397 1840
6839 1576 537 1611 1707
6840 52 1436 1516 1599
6841 886 923 1028 1678
6842 379 696 1240 1660
6843 696 784 1240 1660
6844 543 780 867 1823
6845 2027 1663 1051 987
6846 2225 1890 848 2156
6847 1102 130 1309 1840
6848 1345 1309 1837 1840
6849 934 481 1307 1580
6850 621 874 2219 2223
6851 53 486 1677 1706
6852 1270 1487 1569 1624
6853 860 481 934 1580
6854 427 860 934 1580
6855 463 649 1307 1580
6856 649 463 956 1580
6857 812 1139 1290 2184
6858 748 480 2255 2303
6859 410 374 1411 1581
6860 518 1411 410 1391
6861 75 518 1517 1581
6862 1391 65 1517 1581
6863 518 1391 1517 1581
6864 761 75 1517 1581
6865 65 761 1517 1581
6866 371 1111 1485 1601
6867 400 1149 1150 1598
6868 1149 443 1150 1598
6869 1149 400 1577 1598
6870 1453 1290 1147 682
6871 1453 1290 67 1147
6872 755 634 849 1806
6873 96 534 849 1806
6874 1806 849 1327 634
6875 700 724 1012 1585
6876 811 700 1204 1585
6877 1204 905 1512 1585
6878 905 1001 1512 1585
6879 1715 1767 1191 479
6880 1281 1868 989 1967
6881 939 780 1494 2115
6882 724 700 811 1585
6883 724 811 1001 1585
6884 811 1204 1512 1585
6885 1001 811 1512 1585
6886 478 844 1239 1587
6887 302 478 1239 1587
6888 1239 844 1556 1587
6889 1134 1239 1556 1587
6890 1476 1031 1644 1745
6891 844 1179 1556 1587
6892 1179 478 180 1587
6893 180 1068 1179 1587
6894 982 101 1495 1588
6895 969 112 1460 1588
6896 982 1460 101 1588
6897 1460 982 969 1588
6898 542 1061 1952 1986
6899 306 312 440 1589
6900 306 440 1358 1589
6901 312 306 1481 1589
6902 440 309 1358 1589
6903 1159 513 1322 1754
6904 226 1092 1821 1850
6905 2456 2459 2481 2491
6906 448 637 1347 1592
6907 637 448 660 1592
6908 1617 462 230 703
6909 230 978 1072 1617
6910 729 659 751 1592
6911 703 390 948 1617
6912 230 703 978 1617
6913 703 948 978 1617
6914 862 479 1405 1617
6915 390 862 1405 1617
6916 990 931 170 326
6917 328 172 990 1593
6918 172 510 990 1593
6919 510 172 546 1593
6920 546 931 170 1593
6921 510 170 990 1593
6922 170 510 546 1593
6923 220 978 729 1026
6924 257 617 896 1792
6925 1029 803 1164 1595
6926 803 408 1164 1595
6927 811 724 1508 1674
6928 960 469 1401 1928
6929 941 134 1544 1884
6930 267 561 661 1792
6931 1100 227 1354 1674
6932 697 32 726 1634
6933 726 776 1533 1634
6934 1634 1843 1533 303
6935 707 1296 1375 1881
6936 1287 439 1496 2186
6937 507 818 1416 2236
6938 1305 437 1589 1959
6939 306 1908 1589 1305
6940 66 612 1246 1596
6941 761 66 1246 1596
6942 1511 1368 1928 2072
6943 961 1278 1883 1975
6944 469 548 860 2198
6945 1036 1686 648 2492
6946 2446 781 2455 2470
6947 1010 243 1582 1597
6948 1519 2262 2268 2336
6949 1359 1149 1577 1598
6950 1485 1065 1601 2101
6951 1111 1485 1601 2101
6952 1191 1026 1764 2103
6953 1764 1026 2052 2103
6954 1026 220 2052 2103
6955 1952 2056 2092 2102
6956 829 528 884 1801
6957 1105 168 829 1801
6958 1105 323 1655 1801
6959 1124 1941 895 535
6960 372 1065 1465 1602
6961 168 1105 829 165
6962 1525 580 474 1553
6963 1525 580 1553 1603
6964 200 666 723 1603
6965 200 580 723 1384
6966 580 1525 200 1603
6967 210 454 666 1603
6968 1603 454 573 210
6969 291 1606 1490 1266
6970 454 631 723 1603
6971 666 454 723 1603
6972 669 200 1525 1603
6973 210 200 669 1603
6974 200 210 666 1603
6975 981 1605 146 1403
6976 1525 580 1384 474
6977 629 608 1862 2031
6978 43 1131 44 1231
6979 146 1216 1590 1605
6980 354 146 1233 1605
6981 136 1403 1590 1605
6982 1403 146 1590 1605
6983 146 354 1216 1605
6984 1700 1190 1822 2292
6985 1088 282 875 1561
6986 282 1088 875 1606
6987 282 1107 1422 1606
6988 444 282 1422 1606
6989 338 1266 1490 1606
6990 560 1483 1499 1607
6991 560 945 1483 1607
6992 248 560 1499 1607
6993 73 1519 2262 2341
6994 1535 361 1575 1879
6995 248 1224 1369 1607
6996 774 1379 1702 1713
6997 895 152 1732 2034
6998 282 875 1537 1838
6999 1040 922 1278 1838
7000 16 2085 1577 1838
7001 400 922 1040 1838
7002 875 400 1040 1838
7003 1051 1703 2151 2377
7004 875 1040 1278 1838
7005 273 1278 1537 1838
7006 209 666 751 1610
7007 209 876 1507 1610
7008 209 751 876 1610
7009 199 666 1507 1610
7010 666 209 1507 1610
7011 434 1055 1924 1943
7012 7 1118 1323 1611
7013 2328 2335 2398 2401
7014 2125 2242 2326 2329
7015 7 1707 1323 1576
7016 1570 1378 643 1612
7017 2372 1652 2355 2362
7018 1378 1570 643 1033
7019 601 488 1531 1783
7020 488 682 1531 1783
7021 601 2234 677 488
7022 300 2255 1639 2303
7023 1190 218 2250 2292
7024 484 1190 1822 2298
7025 1545 108 1570 1612
7026 601 59 1479 1783
7027 1100 2235 2094 2296
7028 642 2200 1448 1007
7029 402 233 576 1730
7030 1485 395 1602 1886
7031 1347 729 1592 1616
7032 1592 1347 578 484
7033 1347 1592 578 1616
7034 1592 578 1616 876
7035 1592 578 876 484
7036 667 1613 1682 212
7037 1617 231 462 862
7038 852 1184 2163 2187
7039 948 390 1405 1617
7040 469 1368 1446 1928
7041 1290 2254 1306 2184
7042 1918 2021 1769 327
7043 697 2047 2078 1811
7044 986 738 1514 1618
7045 147 356 1233 1618
7046 137 147 1403 1618
7047 147 137 920 1618
7048 356 147 986 1618
7049 147 981 1403 1618
7050 981 147 1233 1618
7051 356 1230 1233 1618
7052 356 986 1514 1618
7053 1257 1829 2278 2291
7054 1917 1298 1934 1971
7055 1178 148 1534 2039
7056 1298 420 1934 1971
7057 2045 1734 2265 2276
7058 626 592 824 2360
7059 1536 206 1734 2276
7060 515 696 1444 1779
7061 2402 905 2420 2431
7062 1018 654 1175 1621
7063 196 1018 1175 1621
7064 2400 2071 2402 2431
7065 2068 2400 2420 2431
7066 1646 1645 1901 1951
7067 477 562 802 2174
7068 757 562 2063 719
7069 802 562 2063 2174
7070 1740 635 2458 2476
7071 762 1075 1724 1910
7072 422 1558 1266 290
7073 2356 1931 367 1201
7074 533 321 650 1742
7075 121 819 1500 1625
7076 643 2295 2300 2305
7077 1288 1576 2240 2310
7078 2299 643 2300 2305
7079 1652 2299 2300 2305
7080 643 1945 2293 2305
7081 2295 1652 2300 2305
7082 2092 2029 2102 2261
7083 819 855 1515 1625
7084 819 121 855 1625
7085 552 624 626 1974
7086 257 247 1232 1626
7087 1472 586 1491 1763
7088 247 257 617 1626
7089 1492 98 1570 1627
7090 643 1492 1570 1627
7091 98 1568 1570 1627
7092 543 122 1132 1021
7093 2199 841 300 1639
7094 614 122 1608 1628
7095 122 1392 1608 1628
7096 1392 392 1608 1628
7097 100 614 1608 1628
7098 392 100 1608 1628
7099 557 498 1696 1913
7100 2473 2421 2430 1504
7101 1132 602 1782 1912
7102 312 1120 1481 2033
7103 1518 2271 1970 263
7104 386 1472 1763 1775
7105 1137 35 1330 1825
7106 88 447 1176 1632
7107 996 87 1554 1632
7108 942 2199 1331 2121
7109 1486 1521 1554 1632
7110 87 1486 1554 1632
7111 498 814 1640 2109
7112 1325 498 1708 2109
7113 814 498 1325 2109
7114 914 629 1819 2120
7115 921 498 1640 2109
7116 88 77 447 1632
7117 952 482 1432 2118
7118 262 252 826 2043
7119 7 1707 1576 1611
7120 1799 2211 275 1653
7121 691 31 912 1635
7122 825 691 912 1635
7123 537 804 1726 1937
7124 782 2005 2307 2324
7125 1419 275 1653 1799
7126 942 1551 1565 1690
7127 841 160 1551 1690
7128 690 212 728 1682
7129 408 774 815 1713
7130 608 896 934 1711
7131 806 475 1128 1637
7132 773 806 1128 1637
7133 2359 553 2365 2371
7134 319 1128 1399 1637
7135 319 318 1158 1637
7136 318 319 1399 1637
7137 509 629 963 1638
7138 1060 1364 1401 1638
7139 427 1060 1401 1638
7140 754 1639 847 158
7141 775 154 786 1639
7142 2442 2488 2480 2441
7143 2106 2091 2376 2378
7144 2107 142 2135 2247
7145 300 158 847 1639
7146 2280 2315 2265 1478
7147 1478 205 2280 2312
7148 775 158 1398 1639
7149 154 775 1398 1639
7150 1382 766 1641 1733
7151 795 921 1482 1641
7152 1482 921 1640 1641
7153 1126 1382 1482 1641
7154 1282 2278 2291 2293
7155 1067 1416 374 1546
7156 1226 921 1905 2046
7157 1211 49 50 1827
7158 1196 542 1752 1807
7159 1077 1382 766 651
7160 807 712 1388 174
7161 250 1182 1414 1643
7162 1196 106 2026 2062
7163 1577 715 1598 1659
7164 1839 1700 2232 2292
7165 478 426 844 1817
7166 1098 478 1747 1817
7167 426 478 1098 1817
7168 181 478 844 1817
7169 1302 1289 1781 1785
7170 25 1031 1636 1644
7171 774 408 1379 1713
7172 353 564 1434 1645
7173 593 264 1434 1645
7174 264 1035 1425 1645
7175 1035 264 1165 1645
7176 353 264 1425 1645
7177 264 265 1165 1645
7178 916 463 2144 2157
7179 265 264 593 1645
7180 264 353 1434 1645
7181 1225 2279 2323 2352
7182 1305 615 1853 1908
7183 1740 1685 1803 2215
7184 2115 1823 2171 2215
7185 1724 1477 1910 1075
7186 1504 2045 2068 2450
7187 400 1577 1659 2085
7188 2058 2468 2055 2458
7189 638 470 660 1648
7190 638 454 797 1648
7191 797 454 1563 1648
7192 470 638 797 1648
7193 470 797 1563 1648
7194 1013 1718 1787 1845
7195 936 1148 1186 1789
7196 947 564 1152 1649
7197 810 947 1152 1649
7198 1098 483 1747 1852
7199 998 1789 2306 1186
7200 580 631 723 1997
7201 1941 1124 895 2134
7202 1148 936 1746 1789
7203 1650 834 1681 1878
7204 600 776 802 1875
7205 275 1262 1653 2180
7206 327 1910 1918 2217
7207 900 2012 2014 2083
7208 125 126 678 1651
7209 2183 2125 2231 2248
7210 1278 642 1620 1975
7211 1040 642 1278 1975
7212 542 1196 1752 2026
7213 909 352 1373 1653
7214 1538 2228 537 2137
7215 1262 909 1373 1653
7216 1653 284 1262 275
7217 1653 1351 1419 529
7218 284 1653 1419 275
7219 874 1172 2219 2223
7220 2191 2361 2394 2397
7221 2005 1736 2216 2324
7222 995 531 1554 1654
7223 787 996 1554 1654
7224 2302 2294 2311 2424
7225 531 791 1554 1654
7226 791 531 1499 1654
7227 968 611 1776 1977
7228 388 611 968 1977
7229 596 791 1499 1654
7230 1192 596 1499 1654
7231 554 1051 2373 2377
7232 1946 2107 2247 2204
7233 1182 249 1414 1654
7234 2084 1100 2091 2106
7235 2185 1881 881 1296
7236 414 1050 1208 1658
7237 240 414 1208 1658
7238 727 250 1414 1658
7239 727 1208 250 1658
7240 1208 727 240 1658
7241 443 337 1150 2100
7242 531 1962 2051 2105
7243 106 1061 1234 2026
7244 1009 1234 1752 2026
7245 1234 1061 1492 2026
7246 1217 445 1247 1780
7247 950 1217 1247 1780
7248 445 1243 1247 1780
7249 431 850 954 2372
7250 989 1243 1506 1780
7251 1169 379 1637 1660
7252 784 1169 1637 1660
7253 379 784 1637 1660
7254 1215 379 1238 1660
7255 1169 1215 1238 1660
7256 379 1169 1238 1660
7257 1211 1163 1324 1661
7258 320 1211 1324 1661
7259 1211 320 1238 1661
7260 387 1211 1238 1661
7261 989 229 1248 1743
7262 970 324 1396 1661
7263 322 970 1396 1661
7264 324 970 1324 1661
7265 970 320 1324 1661
7266 670 604 1451 1869
7267 1267 229 1281 1743
7268 1118 22 1510 1664
7269 1323 1118 1510 1664
7270 2288 455 2304 2311
7271 479 1191 1764 1987
7272 1281 1328 1899 1933
7273 476 129 1609 1973
7274 278 921 1357 1667
7275 936 1186 1477 1918
7276 514 1211 1684 1827
7277 921 795 1357 1667
7278 2047 1689 27 2078
7279 594 1030 2180 2211
7280 1071 328 1167 1956
7281 762 1877 1910 1956
7282 56 523 822 2049
7283 1361 51 1684 1827
7284 1877 1909 1910 1956
7285 1360 328 1724 1956
7286 612 928 1596 1669
7287 928 612 1335 1669
7288 891 1461 1840 2143
7289 1346 985 1470 1959
7290 437 1470 1953 1959
7291 1335 1212 1468 1139
7292 1335 66 1468 1669
7293 66 1104 1468 1669
7294 612 66 1335 1669
7295 464 952 1953 1959
7296 437 1346 1470 1959
7297 1289 1135 1781 1785
7298 73 2314 2326 2329
7299 1550 1087 1719 2182
7300 2188 2187 2185 421
7301 1171 449 1595 1673
7302 728 449 1171 1673
7303 432 728 1171 1673
7304 635 1621 1969 1210
7305 874 449 1673 1595
7306 759 16 1003 1863
7307 267 513 720 1792
7308 513 267 661 1792
7309 217 227 1571 1674
7310 227 217 1354 1674
7311 546 1014 1593 1759
7312 2174 906 477 562
7313 2156 641 2197 2200
7314 283 3 1509 1675
7315 1466 12 1524 1675
7316 1428 1836 2146 2150
7317 537 8 1611 1707
7318 1431 910 2014 2258
7319 1172 413 1950 2223
7320 1694 918 1664 313
7321 1510 1323 1664 1707
7322 804 918 1237 1707
7323 1611 1237 1664 1707
7324 8 1237 1611 1707
7325 917 260 1352 1938
7326 7 1707 1611 1323
7327 1532 923 886 1678
7328 61 1146 1285 1680
7329 1205 833 1263 1680
7330 991 1205 1263 1680
7331 1226 498 1433 1913
7332 435 1111 1135 1718
7333 1101 371 1111 1718
7334 833 599 1263 1680
7335 1680 1300 1250 1146
7336 1680 1300 1146 1285
7337 2119 1252 2179 2046
7338 599 991 1263 1680
7339 599 61 991 1680
7340 991 61 1129 1680
7341 1053 490 1155 1813
7342 1219 1408 1737 1813
7343 580 1172 1623 1876
7344 1386 556 1394 2141
7345 304 572 1676 1681
7346 816 1053 1489 1813
7347 1259 304 1676 1681
7348 212 763 1613 1682
7349 212 690 763 1682
7350 667 1613 212 616
7351 690 213 763 1682
7352 49 514 1211 1684
7353 320 49 1211 1684
7354 566 478 1098 2427
7355 2115 1911 2474 1855
7356 71 696 1205 1779
7357 426 912 1389 2427
7358 2294 2346 2358 2409
7359 1004 280 1270 1741
7360 2395 566 2404 2411
7361 950 1780 1851 1856
7362 2397 2404 2407 2411
7363 1416 374 1546 1687
7364 1265 1190 1494 1688
7365 1166 1079 1719 1842
7366 1360 1167 1591 1759
7367 1014 1167 1759 1591
7368 1167 1360 1593 1759
7369 546 169 1014 1759
7370 961 1360 1753 1759
7371 1593 1360 1642 1759
7372 930 1907 2252 2348
7373 420 1184 2001 2172
7374 127 1296 1880 1881
7375 1184 1055 2001 2172
7376 1865 1308 2408 429
7377 1306 642 1975 2283
7378 1000 160 1049 1690
7379 1113 1049 1000 1442
7380 160 1377 1551 1690
7381 160 317 1049 1690
7382 317 160 841 1690
7383 752 1003 759 1074
7384 1003 1194 15 332
7385 1548 1003 1891 1457
7386 1103 1479 1455 1209
7387 11 1421 1994 2003
7388 11 609 1421 2003
7389 1786 1057 1994 2003
7390 540 1030 1159 1754
7391 391 961 1753 1883
7392 415 482 1314 1990
7393 1753 961 1759 1883
7394 21 310 902 1694
7395 21 902 1062 1694
7396 22 1510 1664 1694
7397 983 1062 1510 1694
7398 983 21 1062 1694
7399 22 983 1510 1694
7400 790 992 1695 1294
7401 2137 1297 2155 2228
7402 415 979 2123 2241
7403 1128 475 1663 2370
7404 2352 558 2364 2374
7405 2028 2112 2123 2241
7406 961 1642 1759 1914
7407 535 895 1736 1941
7408 1642 169 1759 1914
7409 961 171 1074 1914
7410 557 498 684 1696
7411 557 1356 1696 940
7412 961 1074 1642 1914
7413 557 679 940 1696
7414 679 557 684 1696
7415 1534 1178 2039 2182
7416 2241 1189 979 1170
7417 1173 2240 1538 2228
7418 644 1217 1242 1699
7419 644 89 1217 1699
7420 447 390 1405 1699
7421 390 447 1176 1699
7422 390 948 1405 1699
7423 948 390 1176 1699
7424 1556 1134 1587 1744
7425 1311 1830 852 916
7426 2108 869 1242 2062
7427 1397 547 1461 1840
7428 438 1726 1870 1936
7429 1736 873 2005 2216
7430 1103 42 1789 2306
7431 1288 1206 1576 2310
7432 1627 1945 2291 2293
7433 1282 499 2278 2293
7434 1257 499 1612 2293
7435 2183 1738 2277 2308
7436 183 1005 1556 1744
7437 2399 903 2443 2453
7438 182 1556 1005 1744
7439 285 1112 1426 1714
7440 573 425 631 1705
7441 2123 1046 2241 2245
7442 425 815 1579 1705
7443 1437 1056 2112 2123
7444 409 1029 1255 2253
7445 1273 346 2119 2179
7446 852 420 1184 1897
7447 1721 1123 1897 2001
7448 1170 1029 409 1873
7449 591 551 1115 1904
7450 225 1115 1456 1904
7451 362 1091 1902 1904
7452 1203 1366 1411 2032
7453 1061 542 1952 1492
7454 573 631 1623 1705
7455 661 513 1792 1862
7456 1051 1965 2027 2126
7457 548 246 860 2198
7458 803 1164 1713 2090
7459 465 629 1819 1862
7460 1037 1321 2183 2231
7461 803 1037 2125 2231
7462 537 418 804 1707
7463 804 418 918 1707
7464 1323 918 1707 1510
7465 418 17 598 1707
7466 418 598 918 1707
7467 537 17 1538 1707
7468 418 537 1538 1707
7469 17 418 1538 1707
7470 598 20 918 1707
7471 1323 17 1576 1707
7472 598 17 1323 1707
7473 1323 918 1510 20
7474 20 598 1323 1707
7475 697 2047 1533 726
7476 27 726 776 2047
7477 1304 1904 1456 1906
7478 130 476 1609 1973
7479 551 1272 1456 1906
7480 2033 1784 2047 1710
7481 1902 362 1904 1906
7482 551 1456 1904 1906
7483 2473 2421 1504 2494
7484 1489 567 1773 1804
7485 1093 451 1191 1767
7486 1740 2474 516 635
7487 451 1015 1191 1767
7488 129 476 494 1973
7489 1552 1844 1286 1777
7490 524 914 1048 1711
7491 914 524 963 1711
7492 934 427 1580 1711
7493 649 934 1580 1711
7494 427 649 1580 1711
7495 427 629 963 1711
7496 629 427 896 1711
7497 914 629 1048 1711
7498 629 914 963 1711
7499 491 1674 1821 2091
7500 1713 980 1474 1280
7501 1474 1713 1280 1379
7502 1379 1280 1702 1713
7503 1100 227 1674 2091
7504 980 82 1702 1713
7505 903 1803 1823 2215
7506 1280 980 1702 1713
7507 2222 1538 2230 2367
7508 1133 387 1427 1717
7509 1250 1133 1427 1717
7510 1163 387 1211 1717
7511 1211 387 1215 1717
7512 991 1205 1680 1717
7513 1129 991 1680 1717
7514 48 1717 1283 1129
7515 1205 866 1215 1717
7516 1211 1215 1283 1717
7517 1163 1211 1283 1717
7518 991 866 1205 1717
7519 1215 866 1283 1717
7520 866 991 1129 1717
7521 866 1129 1283 1717
7522 1101 369 1303 1718
7523 371 1101 1303 1718
7524 572 1533 1812 1843
7525 579 1597 1885 2041
7526 468 579 1885 2041
7527 570 363 1301 2040
7528 1634 1843 776 1533
7529 507 1416 1529 2239
7530 1881 1993 881 1296
7531 226 583 1850 2048
7532 303 572 1034 1843
7533 148 139 1534 1719
7534 139 1087 1534 1719
7535 1843 825 1634 776
7536 737 747 1228 1461
7537 1416 1241 1687 2002
7538 2368 2367 1085 2369
7539 494 850 1564 2381
7540 672 816 1219 1768
7541 816 490 1219 1768
7542 749 490 816 1768
7543 80 1767 479 1723
7544 755 1768 574 490
7545 704 522 1125 1723
7546 1723 1125 1143 439
7547 1125 522 1405 1723
7548 479 1125 1405 1723
7549 479 439 862 1723
7550 862 439 1125 1723
7551 479 862 1125 1723
7552 522 80 1405 1723
7553 80 479 1405 1723
7554 951 503 541 1723
7555 522 503 951 1723
7556 503 522 704 1723
7557 80 522 951 1723
7558 1058 741 1634 1725
7559 1860 1933 1967 2069
7560 1832 1437 952 725
7561 1252 278 2046 2138
7562 911 278 1252 2138
7563 1294 1727 992 662
7564 113 943 1299 1727
7565 943 113 992 1727
7566 1155 1067 511 708
7567 1727 1695 992 662
7568 808 1727 113 1299
7569 662 595 785 1727
7570 785 595 908 1727
7571 943 908 1555 1727
7572 1727 1299 1555 943
7573 908 540 1555 1727
7574 1417 359 1534 1728
7575 1417 2182 149 1728
7576 1969 2080 181 2149
7577 856 1485 1793 1886
7578 1311 1897 852 1086
7579 586 834 1174 1979
7580 767 395 856 1886
7581 507 1529 2221 2239
7582 1591 1693 1753 1833
7583 1649 769 1844 1951
7584 1172 580 1553 1772
7585 413 742 1172 1772
7586 466 1056 1731 190
7587 151 412 1668 1732
7588 530 1042 1196 1807
7589 1327 766 1467 1733
7590 634 1327 1467 1733
7591 1753 1591 1833 1989
7592 2446 2454 2455 2477
7593 1747 1210 2404 2411
7594 613 541 693 1767
7595 479 541 1723 1767
7596 1536 988 718 1734
7597 988 1536 206 1734
7598 535 1013 1168 1736
7599 1868 1281 989 1743
7600 1235 854 1298 2006
7601 1527 1325 1942 348
7602 1115 434 1924 1943
7603 1973 1837 1981 2160
7604 1942 1073 1081 814
7605 2088 1564 2143 2334
7606 583 1115 1924 1943
7607 1188 2406 2436 2444
7608 360 1235 1304 2070
7609 1860 1856 1926 1967
7610 348 1081 1325 1942
7611 342 341 1408 1737
7612 1144 342 1716 1737
7613 1489 344 1716 1893
7614 1860 1328 871 1281
7615 344 1489 1804 1893
7616 1241 65 1366 1391
7617 1489 1716 1737 1893
7618 2013 458 2113 2126
7619 1622 2254 2283 682
7620 1945 2269 2305 2309
7621 236 587 692 889
7622 2028 1990 2059 2073
7623 960 492 1145 1928
7624 939 627 1911 701
7625 1144 342 1737 1741
7626 799 280 1004 1741
7627 342 1144 1624 1741
7628 1144 820 1624 1741
7629 289 799 1004 1741
7630 820 289 1624 1741
7631 799 289 820 1741
7632 970 1238 1661 1742
7633 650 321 970 1742
7634 322 650 970 1742
7635 852 589 1311 2144
7636 1281 229 1506 1743
7637 989 1281 1506 1743
7638 229 989 1506 1743
7639 228 1248 1267 1743
7640 1309 130 1837 1840
7641 1248 229 1267 1743
7642 523 798 971 2111
7643 1134 1068 1587 1744
7644 182 1556 1744 1134
7645 882 1401 1446 1928
7646 1928 1404 469 1368
7647 648 382 2403 2440
7648 2410 2414 2420 2450
7649 1368 1145 1511 1928
7650 863 1031 1269 1745
7651 24 308 1020 1745
7652 24 863 1269 1745
7653 863 24 1020 1745
7654 1031 26 1269 1745
7655 239 1109 2051 2105
7656 443 1150 1598 2111
7657 1333 1823 1935 2171
7658 1235 360 2019 2070
7659 566 1747 2404 2411
7660 478 566 1080 2427
7661 1006 655 1714 1748
7662 1059 1006 1714 1748
7663 1006 1059 1433 1748
7664 348 1527 1708 1748
7665 1708 1527 1739 1748
7666 286 1006 1739 1748
7667 286 655 1006 1748
7668 1054 858 1630 1774
7669 1198 668 253 1774
7670 1541 253 1630 1774
7671 858 1187 1597 1774
7672 668 858 1054 1774
7673 2394 2403 2435 2439
7674 1013 1718 1845 2077
7675 927 1423 1866 1964
7676 464 1056 1130 1751
7677 189 464 1130 1751
7678 494 129 1973 2160
7679 481 713 1136 2157
7680 1881 1993 1375 881
7681 1423 104 1866 1964
7682 499 1333 1542 1954
7683 360 1594 1848 2060
7684 1848 1999 2019 2060
7685 191 471 1130 1751
7686 471 189 1130 1751
7687 446 1458 1760 1808
7688 784 501 806 2027
7689 2370 1690 317 942
7690 1009 118 1459 1752
7691 105 1009 1459 1752
7692 118 610 1459 1752
7693 118 1009 1234 1752
7694 610 118 1429 1752
7695 501 915 2013 2027
7696 1530 2211 933 1754
7697 266 2211 1530 1754
7698 267 513 1159 1754
7699 513 267 720 1754
7700 2216 2146 2238 2194
7701 682 1622 2184 2212
7702 513 720 1452 1754
7703 680 513 1452 1754
7704 266 680 1452 1754
7705 594 266 720 1754
7706 267 594 720 1754
7707 2278 1257 2291 2293
7708 720 266 1452 1754
7709 682 1531 1783 2212
7710 854 1757 2498 2501
7711 363 570 675 2495
7712 120 1033 1355 2381
7713 1867 1898 1188 406
7714 33 1137 1293 1898
7715 1236 31 1867 1898
7716 1898 1867 1188 31
7717 531 2108 1196 2093
7718 1154 1044 1292 258
7719 169 1593 1759 546
7720 169 1593 546 1642
7721 1481 657 1812 2033
7722 769 5 1844 1951
7723 438 1765 1870 1726
7724 1899 2029 2106 2320
7725 583 805 1298 2048
7726 1322 1213 1336 1761
7727 645 1322 1336 1761
7728 883 424 947 1761
7729 645 883 947 1761
7730 947 424 1322 1761
7731 645 947 1322 1761
7732 615 633 1491 1763
7733 825 1047 1058 1888
7734 611 436 968 1776
7735 978 1072 1617 1764
7736 1979 389 2035 2055
7737 2006 587 1368 2104
7738 156 315 786 2053
7739 156 2053 603 1683
7740 2163 881 2185 2187
7741 569 460 955 1984
7742 1072 231 1617 1764
7743 458 1329 1720 1984
7744 2423 429 2436 2447
7745 917 996 1643 2207
7746 603 786 1923 2053
7747 472 231 1072 1764
7748 1329 919 1720 1984
7749 604 1069 1562 2207
7750 2361 2392 2394 2437
7751 324 1008 1872 1925
7752 1123 1757 1897 1916
7753 1674 724 2237 2252
7754 2154 873 2135 2107
7755 1219 672 1395 2147
7756 1911 2115 2474 516
7757 2297 2391 2398 2409
7758 2358 2297 2392 2437
7759 1596 66 1669 1958
7760 2069 1933 2320 2029
7761 2024 1919 1895 1178
7762 1895 492 1928 2072
7763 1102 547 1840 2110
7764 1141 1222 1304 2070
7765 1140 1625 2133 2285
7766 433 1892 2260 2277
7767 2273 2277 433 2260
7768 1767 80 479 1349
7769 951 80 1723 1767
7770 1228 421 2088 2143
7771 783 1376 1386 2141
7772 217 1508 1674 1791
7773 1003 1194 1786 2022
7774 1659 1003 1786 2022
7775 1438 1200 1923 1982
7776 912 31 1867 1888
7777 1893 658 1932 1978
7778 31 1798 1867 1888
7779 825 1058 1725 1888
7780 1627 1857 1945 2061
7781 396 1957 1252 1810
7782 1826 1746 1918 2021
7783 918 625 1220 2065
7784 327 1826 1918 2021
7785 1513 583 551 1456
7786 1772 633 437 742
7787 392 821 470 1912
7788 1772 633 742 580
7789 814 1045 1073 1773
7790 568 814 1073 1773
7791 68 689 1245 1805
7792 926 68 1245 1805
7793 1045 346 1750 1773
7794 641 1193 1584 1805
7795 253 668 1054 1774
7796 253 1054 1630 1774
7797 1010 1312 1597 1774
7798 1582 1010 1597 1774
7799 668 500 1187 1774
7800 1187 500 1597 1774
7801 1312 1541 1630 1774
7802 1312 1010 1541 1774
7803 1198 253 1582 1774
7804 253 1541 1582 1774
7805 1541 1010 1582 1774
7806 426 301 1047 1888
7807 1492 1234 1523 1778
7808 1523 1234 1735 1778
7809 107 1523 1735 1778
7810 1033 107 1570 1778
7811 643 1033 1570 1778
7812 1033 643 1492 1778
7813 1033 1492 1523 1778
7814 107 1033 1523 1778
7815 71 1205 1215 1779
7816 1215 1205 1660 1779
7817 866 71 1215 1779
7818 1202 866 1215 1779
7819 1202 1215 1660 1779
7820 504 71 866 1779
7821 332 1003 1194 1786
7822 1057 715 1457 1786
7823 332 1057 1457 1786
7824 1303 1135 1718 1781
7825 446 848 1067 1890
7826 2225 1890 1529 848
7827 0 1785 1135 1289
7828 1289 1135 1303 1781
7829 928 1122 1559 1890
7830 485 737 1461 1846
7831 436 141 611 1846
7832 436 611 968 1846
7833 128 485 1228 2088
7834 1646 1425 1951 2023
7835 403 971 1659 2025
7836 1067 848 1529 1890
7837 1003 715 1659 1786
7838 1570 1612 1627 1782
7839 1568 1570 1627 1782
7840 550 800 1226 1913
7841 99 1545 1568 1782
7842 1568 1545 1570 1782
7843 826 263 2266 2271
7844 1455 59 1531 1783
7845 234 2122 2189 2209
7846 1710 1543 1712 1784
7847 312 1710 1712 1784
7848 1543 28 1712 1784
7849 28 1543 1636 1784
7850 624 2004 1365 1326
7851 609 332 1194 1786
7852 958 1326 1993 2004
7853 1307 463 1365 2004
7854 141 485 1461 1846
7855 485 140 737 1846
7856 530 97 791 1866
7857 553 1614 2365 2371
7858 1759 1620 1883 1940
7859 1770 570 1972 1977
7860 530 1043 1214 1866
7861 631 425 638 1997
7862 564 1901 1788 1530
7863 509 845 1819 2079
7864 277 1670 1708 1905
7865 1567 897 1629 1982
7866 1421 1659 1786 2022
7867 1344 42 1746 1789
7868 1003 1074 1194 2022
7869 1103 42 1344 1789
7870 934 481 2353 2364
7871 256 513 1060 1792
7872 720 513 1452 1792
7873 513 256 1452 1792
7874 617 256 896 1792
7875 257 267 720 1792
7876 267 257 561 1792
7877 617 257 720 1792
7878 256 720 1452 1792
7879 256 617 720 1792
7880 1914 1883 1759 961
7881 1122 496 2200 2220
7882 449 874 1439 2076
7883 449 621 874 2076
7884 428 767 1615 1793
7885 1653 275 2180 2211
7886 531 1042 1526 2093
7887 416 567 1053 1794
7888 2388 1331 538 2383
7889 1933 1743 1868 1899
7890 12 1351 1675 1818
7891 1351 1083 1419 1818
7892 993 274 1466 1818
7893 901 2363 2436 2441
7894 808 115 885 1835
7895 2047 697 2078 726
7896 1299 885 1336 2079
7897 1241 1581 1596 1958
7898 768 115 1420 1835
7899 1797 596 1607 1044
7900 1483 1996 1797 1043
7901 1996 1797 1044 596
7902 1797 945 1607 1483
7903 608 945 1574 1797
7904 730 279 1667 1932
7905 658 1229 1978 280
7906 1881 1393 881 119
7907 1700 1829 1851 1868
7908 1829 1138 1851 1868
7909 279 730 658 1932
7910 373 0 837 1800
7911 394 373 837 1800
7912 1933 2069 2320 1138
7913 168 528 829 1801
7914 168 1105 165 1380
7915 168 1380 1498 1801
7916 1781 1845 2077 2087
7917 1161 1796 1809 1948
7918 1685 839 1766 1803
7919 1740 1685 1766 1803
7920 467 127 1079 1842
7921 1001 455 1766 1803
7922 839 1001 1766 1803
7923 633 386 1763 1824
7924 1775 1120 386 636
7925 1763 386 1775 1824
7926 615 633 1763 1824
7927 437 1305 1589 1824
7928 845 764 914 2120
7929 1273 1773 1804 1750
7930 1740 516 2453 2458
7931 818 1040 2089 2236
7932 845 914 1819 2120
7933 768 845 2079 2120
7934 1140 1625 2285 2302
7935 909 276 1030 2180
7936 375 36 798 1858
7937 1273 1773 1750 346
7938 926 937 1435 1805
7939 1453 1559 1290 641
7940 1760 2050 641 2168
7941 689 926 1805 68
7942 85 534 1066 1806
7943 85 1066 1488 1806
7944 534 96 1066 1806
7945 1258 270 1666 1815
7946 269 795 994 1815
7947 994 795 1641 1815
7948 446 1110 1316 1808
7949 1316 1110 1451 1808
7950 657 636 1812 2033
7951 113 943 1420 1835
7952 2047 1784 2078 2127
7953 2055 483 2058 2080
7954 943 113 1299 1835
7955 375 56 1796 1809
7956 56 1161 1796 1809
7957 1803 1841 1001 455
7958 805 583 226 2048
7959 695 262 1458 2152
7960 944 1299 1336 2079
7961 885 509 1336 2079
7962 1837 891 1981 2128
7963 1676 305 1681 1812
7964 572 1676 1681 1812
7965 657 305 1481 1812
7966 887 152 895 2034
7967 307 572 1533 1812
7968 307 305 572 1812
7969 572 305 1676 1812
7970 305 307 1481 1812
7971 658 1114 1737 1813
7972 1114 658 1155 1813
7973 482 1037 1314 2257
7974 431 624 1326 1814
7975 624 431 864 1814
7976 1326 542 1523 1814
7977 542 864 1523 1814
7978 2026 1196 2062 2093
7979 2026 2062 2064 2093
7980 431 1326 1523 1814
7981 864 431 1523 1814
7982 795 269 1357 1815
7983 1357 732 1667 1815
7984 1641 795 1667 1815
7985 795 1357 1667 1815
7986 269 270 732 1815
7987 270 269 953 1815
7988 270 953 1666 1815
7989 269 732 1357 1815
7990 12 1083 1351 1818
7991 465 944 1159 1819
7992 1159 944 1336 1819
7993 1003 16 1359 1863
7994 1299 1555 943 944
7995 1159 1213 1819 1336
7996 261 716 736 2152
7997 708 271 859 2229
7998 629 513 1213 1819
7999 1237 537 1937 1707
8000 16 1227 1359 1863
8001 1359 1227 1457 1863
8002 227 1571 1674 1821
8003 1952 864 1986 2092
8004 1571 1092 1674 1821
8005 1848 1535 1575 1879
8006 871 1271 1962 2011
8007 1217 1856 1926 2011
8008 956 713 2157 2170
8009 602 1132 1628 1912
8010 1922 587 2098 2006
8011 2417 1701 2422 2433
8012 483 1210 1747 1852
8013 2062 1962 2064 2093
8014 508 2301 2350 2363
8015 117 967 997 2116
8016 1237 537 1707 8
8017 260 1039 1352 1938
8018 1237 640 1438 1937
8019 1704 2190 1936 1870
8020 1649 564 1901 1788
8021 1645 1165 1646 1901
8022 633 615 1346 1824
8023 437 633 1346 1824
8024 705 1763 1775 1824
8025 705 615 1763 1824
8026 1689 2047 27 636
8027 657 705 1775 1824
8028 1305 437 1346 1824
8029 615 1305 1346 1824
8030 1926 1952 2056 1522
8031 2368 1516 1637 475
8032 1646 1165 1672 1901
8033 274 1480 1788 1901
8034 1194 1074 2016 2022
8035 803 1164 2090 2125
8036 1746 1520 1816 1826
8037 51 514 1684 1827
8038 583 1092 1917 1924
8039 1203 337 1406 2000
8040 185 615 1853 1894
8041 185 563 1491 1894
8042 1104 1366 1669 1958
8043 464 1056 2112 2142
8044 1581 761 1596 1958
8045 917 1192 1195 1961
8046 994 1195 1939 1961
8047 1086 916 1136 1830
8048 1391 1948 2018 1161
8049 185 705 1491 2082
8050 957 185 1874 2082
8051 705 957 1650 2082
8052 957 792 1650 2082
8053 1865 429 2408 2423
8054 1011 2358 2361 2429
8055 276 594 1030 2180
8056 1397 130 1840 2143
8057 1430 1310 1544 1884
8058 465 913 1048 2031
8059 1003 1074 2022 2085
8060 134 941 1256 1884
8061 1170 415 1314 1990
8062 1652 2259 2261 2309
8063 2259 1652 2305 2309
8064 1195 787 1318 1976
8065 425 742 797 1997
8066 1318 787 1866 1976
8067 1318 653 1939 1976
8068 998 1789 1148 42
8069 881 2185 2187 2233
8070 1271 871 1281 1860
8071 515 497 1444 1991
8072 55 375 1796 1834
8073 375 55 1127 1834
8074 1797 2031 608 1048
8075 1061 950 1522 1926
8076 757 2443 2462 2463
8077 1150 443 2100 2111
8078 1150 523 1598 2111
8079 1153 131 1515 1836
8080 2153 2126 1965 1765
8081 1757 1086 1897 1916
8082 1515 131 1625 1836
8083 491 1850 1917 2030
8084 839 2115 2171 2215
8085 1833 1622 1975 2283
8086 1001 724 1012 1841
8087 2190 1936 804 1438
8088 508 2294 2302 2346
8089 916 852 2144 2161
8090 1309 130 1609 1837
8091 852 916 1830 2161
8092 1622 1306 1975 2283
8093 875 273 1537 1838
8094 273 875 1278 1838
8095 78 1338 1125 1116
8096 1107 16 1577 1838
8097 1149 875 1606 1838
8098 875 282 1606 1838
8099 1107 1149 1606 1838
8100 282 1107 1606 1838
8101 16 1107 1537 1838
8102 1107 282 1537 1838
8103 1001 839 1508 1841
8104 1508 839 1688 1841
8105 724 1001 1508 1841
8106 724 1508 1688 1841
8107 467 1079 1166 1842
8108 139 467 1166 1842
8109 1296 707 1880 1881
8110 2082 2483 586 840
8111 425 631 1705 1876
8112 580 742 1772 1876
8113 193 1929 1984 1998
8114 742 1172 1772 1876
8115 2227 2120 944 465
8116 572 303 1533 1843
8117 5 1502 1777 1844
8118 635 483 2458 2476
8119 653 711 1214 1964
8120 769 5 1777 1844
8121 418 804 1765 1965
8122 104 1318 1423 1866
8123 1281 1860 1933 1967
8124 1138 1868 1933 1967
8125 97 787 791 1866
8126 787 97 1423 1866
8127 104 653 1318 1866
8128 611 388 968 1846
8129 737 388 1461 1846
8130 388 737 968 1846
8131 1489 1408 1716 1847
8132 344 1489 1716 1847
8133 1575 1550 2496 2499
8134 1272 2498 2500 2501
8135 485 1228 2088 2143
8136 535 1023 1941 2008
8137 1535 360 1594 1848
8138 337 1858 2000 2100
8139 2496 570 2500 2501
8140 622 1439 1795 1849
8141 1553 669 1603 1849
8142 1553 1603 1623 1849
8143 573 671 1705 1849
8144 1623 573 1705 1849
8145 1849 1603 210 669
8146 1603 573 1623 1849
8147 1439 1795 667 457
8148 1795 1439 667 1849
8149 211 669 1795 1849
8150 211 210 669 1849
8151 1795 667 211 1849
8152 210 211 760 1849
8153 936 1477 1910 1918
8154 822 523 907 2049
8155 1809 1366 2032 2049
8156 864 552 1814 2092
8157 1104 57 1212 2049
8158 81 893 1093 1921
8159 36 335 798 1858
8160 707 997 1183 2116
8161 415 482 1990 2112
8162 516 2458 2474 2475
8163 1911 516 2474 2475
8164 392 470 1628 1912
8165 1305 615 1346 1853
8166 2112 1437 2118 2142
8167 184 835 957 1853
8168 876 701 939 1920
8169 738 556 1376 1895
8170 344 1828 1893 1985
8171 1207 957 1853 184
8172 1207 957 184 1268
8173 1627 1568 1782 1854
8174 739 774 1473 809
8175 1223 939 1911 2475
8176 1412 207 1685 1855
8177 207 208 839 1855
8178 207 839 1685 1855
8179 724 930 1012 1907
8180 425 739 809 1861
8181 835 792 957 1874
8182 1026 1861 739 573
8183 671 1861 451 573
8184 1562 1195 1069 1327
8185 1521 1554 1632 2108
8186 1933 1743 1899 1281
8187 747 1123 1721 2001
8188 421 747 1721 2001
8189 498 2046 1708 2109
8190 1089 1922 2098 2189
8191 2235 2272 2296 2320
8192 36 375 1127 1858
8193 583 1298 1513 1934
8194 476 130 1497 1973
8195 722 175 1388 2075
8196 24 308 1745 1927
8197 1476 459 1738 1927
8198 308 459 1745 1927
8199 1476 26 1745 1927
8200 1269 24 1745 1927
8201 459 1476 1745 1927
8202 425 573 739 1861
8203 2302 1353 2346 2424
8204 1293 429 1308 1865
8205 560 401 945 2340
8206 980 82 1713 2090
8207 561 661 1792 1862
8208 257 1862 561 1792
8209 629 513 1819 1862
8210 1859 1173 2222 2263
8211 1051 1765 1965 2126
8212 661 561 1292 1862
8213 1762 1862 1292 561
8214 513 661 1159 1862
8215 503 541 1723 1180
8216 513 1159 1819 1862
8217 451 774 1093 1864
8218 1304 1904 1141 1456
8219 90 1864 699 1473
8220 639 1093 1473 1864
8221 1093 639 1349 1864
8222 1349 746 1715 1864
8223 1191 1349 1715 1864
8224 746 1191 1715 1864
8225 1093 774 1473 1864
8226 2121 1870 1765 1703
8227 639 699 1349 1864
8228 699 639 1473 1864
8229 429 1293 1898 2380
8230 366 2359 2385 2356
8231 2413 1766 2400 2402
8232 382 782 1845 1865
8233 927 530 1214 1866
8234 97 927 1423 1866
8235 2273 1037 2277 2183
8236 34 1052 1798 1867
8237 1052 34 1096 1867
8238 567 1053 1794 1932
8239 1866 653 1976 1996
8240 2187 2316 2322 1184
8241 1530 265 1645 1901
8242 265 1165 1645 1901
8243 716 261 736 1869
8244 261 716 1316 1869
8245 1039 261 1316 1869
8246 736 251 890 1869
8247 251 261 1039 1869
8248 261 251 736 1869
8249 1237 804 1707 1937
8250 2090 2248 1121 83
8251 873 2154 2135 2074
8252 566 406 1080 2427
8253 516 1823 2215 2451
8254 854 1086 1757 1916
8255 324 1396 1427 1925
8256 1513 854 1757 1916
8257 420 1086 1513 1916
8258 1086 420 1897 1916
8259 1086 854 1513 1916
8260 1008 329 45 1872
8261 1048 1996 653 1043
8262 329 1008 45 1131
8263 1953 2118 952 464
8264 2015 1770 388 553
8265 362 1904 1906 1968
8266 621 1029 1170 1873
8267 1029 449 1171 1873
8268 409 1029 1171 1873
8269 1400 360 2019 2060
8270 261 1316 2152 2166
8271 2273 506 2277 2260
8272 1652 1282 2295 2355
8273 797 1390 904 425
8274 792 183 1005 1556
8275 1458 848 1890 2083
8276 262 900 910 2083
8277 1760 1458 1890 2083
8278 1307 463 1580 2157
8279 1535 929 1802 1879
8280 1771 1731 2020 2142
8281 1056 464 1130 2142
8282 361 1535 1802 1879
8283 929 1535 1594 1879
8284 1575 361 1802 1879
8285 1046 1751 2028 2059
8286 643 1378 2295 2293
8287 651 800 913 2227
8288 181 654 1969 2149
8289 1820 2226 1982 1998
8290 327 1877 1909 1910
8291 600 636 776 1878
8292 642 2200 2012 1448
8293 657 636 1775 1878
8294 636 600 1775 1878
8295 705 657 1775 1878
8296 600 705 1775 1878
8297 705 600 834 1878
8298 705 834 1650 1878
8299 1079 127 1296 1880
8300 707 138 1296 1880
8301 1591 1477 1693 1882
8302 1477 1186 1693 1882
8303 148 139 1719 1880
8304 976 119 1393 1881
8305 917 1182 1192 1961
8306 919 1471 1896 1929
8307 900 2014 2264 2275
8308 499 1378 1612 2293
8309 369 1013 1450 1931
8310 2294 925 2452 2466
8311 770 1406 1834 1948
8312 535 1124 1941 2365
8313 1766 2413 2400 2412
8314 1088 1561 507 2175
8315 1310 941 1544 1884
8316 145 1371 1549 1884
8317 973 1549 1310 1884
8318 941 1310 1549 1884
8319 134 1430 1544 1884
8320 973 1549 1884 145
8321 739 1864 774 1861
8322 417 233 576 1363
8323 2315 1686 648 673
8324 243 468 1730 1885
8325 402 243 1730 1885
8326 468 233 1730 1885
8327 2433 2436 2444 1188
8328 494 476 1564 1973
8329 790 662 1695 123
8330 579 439 974 1287
8331 2254 2184 1622 1306
8332 799 658 280 1741
8333 825 426 1047 1888
8334 426 912 1080 1888
8335 301 426 1080 1888
8336 301 34 1058 1888
8337 741 34 1798 1888
8338 34 741 1058 1888
8339 1635 741 1798 1888
8340 34 301 1096 1888
8341 31 1635 1798 1888
8342 1047 301 1058 1888
8343 741 1635 1725 1888
8344 581 458 2153 2190
8345 1546 1890 928 446
8346 1067 1529 1546 1890
8347 446 1067 1546 1890
8348 15 752 1194 1891
8349 1194 1003 15 1891
8350 75 574 761 2067
8351 76 1633 2042 2067
8352 512 311 897 2066
8353 761 76 1407 2067
8354 76 1246 1633 2067
8355 76 761 1246 2067
8356 2222 2155 2228 2367
8357 23 385 1547 1892
8358 1439 1553 1795 2210
8359 658 1489 1737 1893
8360 1055 1917 1924 1934
8361 1055 420 1917 1934
8362 591 551 1904 1972
8363 1144 344 1828 1893
8364 799 288 853 1893
8365 1124 611 1732 2134
8366 344 1144 1716 1893
8367 820 1144 1828 1893
8368 288 820 1828 1893
8369 288 799 820 1893
8370 1477 1186 1882 1930
8371 1477 1882 1909 1930
8372 603 154 1471 1896
8373 1391 1366 1948 1161
8374 1315 1209 1909 1930
8375 357 1249 1511 2007
8376 1882 1315 1909 1930
8377 1625 1836 2133 2285
8378 1090 1086 1830 1897
8379 916 1136 2081 2170
8380 1086 852 1830 1897
8381 1241 1596 1687 2002
8382 1416 1687 1692 2002
8383 928 1290 1669 1335
8384 928 1122 1692 2002
8385 1137 1236 1867 1898
8386 406 1137 1867 1898
8387 1137 406 1308 1898
8388 1293 1137 1308 1898
8389 2441 2480 2487 2488
8390 2058 198 2483 2485
8391 153 1302 1889 2097
8392 357 1400 2007 2095
8393 949 812 1306 2173
8394 626 592 1850 2030
8395 2007 1400 2060 2095
8396 1480 265 1530 1901
8397 1165 274 1672 1901
8398 274 1165 1480 1901
8399 1672 993 274 1466
8400 1165 265 1480 1901
8401 1222 1141 1304 1902
8402 224 1141 1222 1902
8403 408 622 815 1903
8404 815 622 1705 1903
8405 613 451 1015 1903
8406 451 613 774 1903
8407 667 408 966 1903
8408 667 966 1015 1903
8409 408 613 966 1903
8410 966 613 1015 1903
8411 878 224 1902 1904
8412 224 878 965 1904
8413 225 224 965 1904
8414 1091 878 1902 1904
8415 224 225 1141 1904
8416 1235 1304 1456 1906
8417 1272 1235 1456 1906
8418 1235 1272 1304 1906
8419 772 654 1621 1969
8420 431 624 864 1974
8421 478 1747 1817 1969
8422 1040 496 1306 2089
8423 624 431 954 1974
8424 419 654 772 1969
8425 1304 362 1902 1906
8426 181 478 1817 1969
8427 1255 2262 433 1099
8428 499 663 1282 1907
8429 1173 1755 2228 2263
8430 520 26 1476 2284
8431 1589 1481 1908 1900
8432 1120 657 1908 1481
8433 931 990 170 1593
8434 1481 1589 1908 1120
8435 1589 1120 1824 1908
8436 1268 305 1900 1908
8437 305 1481 1900 1908
8438 1769 1209 1789 1909
8439 315 156 786 2246
8440 2327 2255 748 2289
8441 420 1298 1513 1980
8442 1071 327 1877 1909
8443 485 128 1497 2088
8444 327 1071 1769 1909
8445 1957 1893 288 1828
8446 2213 2270 2218 2076
8447 1851 950 1967 2061
8448 1046 569 1873 2245
8449 259 953 994 1961
8450 414 995 1176 2108
8451 1545 1132 1782 1912
8452 1132 1912 1392 1628
8453 1392 392 1628 1912
8454 1912 1132 1392 1545
8455 99 392 1545 1912
8456 392 1392 1545 1912
8457 1913 795 800 1226
8458 1489 568 343 1847
8459 1482 1226 921 795
8460 554 1965 2137 2367
8461 1085 1538 1965 2367
8462 532 648 1686 2493
8463 508 1625 1871 1915
8464 1625 1836 1871 1915
8465 1625 1515 1836 1915
8466 855 1515 1625 1915
8467 441 198 2058 2485
8468 2448 2430 2473 2490
8469 543 1021 1333 1935
8470 959 523 2032 2049
8471 2089 2049 959 2032
8472 547 2128 1345 823
8473 1762 1862 1626 1292
8474 913 465 1254 2031
8475 629 465 1048 2031
8476 1301 362 1906 1972
8477 1904 551 1906 1972
8478 1906 362 1968 1972
8479 364 553 591 1972
8480 364 591 1968 1972
8481 1797 2031 1048 1044
8482 309 952 1832 2142
8483 1217 445 1856 2011
8484 439 479 862 2186
8485 1161 770 1796 1948
8486 1897 1123 1916 2001
8487 458 1720 2167 2190
8488 596 791 1976 1996
8489 1856 1271 1860 2011
8490 1061 1926 1952 2011
8491 582 1099 1220 2065
8492 1366 1948 1809 1203
8493 1043 791 1483 1996
8494 1271 871 1860 2011
8495 1856 1860 1926 2011
8496 1926 1860 1952 2011
8497 1796 2000 1948 1834
8498 80 1093 1767 1921
8499 893 734 1340 1921
8500 613 893 1340 1921
8501 541 951 1767 1921
8502 541 734 951 1921
8503 613 541 1767 1921
8504 541 613 1340 1921
8505 734 541 1340 1921
8506 786 1438 1704 1923
8507 786 1704 1896 1923
8508 1629 192 1820 2054
8509 1161 770 1948 2018
8510 1150 1203 337 1413
8511 1820 1923 1982 2054
8512 1629 1923 2053 2054
8513 1820 603 1998 2054
8514 2125 2248 2273 2329
8515 66 1104 1669 1958
8516 1055 420 2001 2172
8517 543 903 1353 1935
8518 456 1358 1959 2099
8519 950 1061 1217 1926
8520 950 1217 1856 1926
8521 1953 1949 1950 482
8522 710 994 1815 1961
8523 442 1200 1438 1982
8524 1244 902 1432 1927
8525 697 2047 1811 1533
8526 902 459 1432 1927
8527 1547 26 1738 1927
8528 902 385 1892 1927
8529 1738 459 1892 1927
8530 459 902 1892 1927
8531 1547 1738 1892 1927
8532 385 1547 1892 1927
8533 385 24 1269 1927
8534 26 385 1269 1927
8535 308 24 1244 1927
8536 385 26 1547 1927
8537 1930 1479 1783 399
8538 1783 399 1882 1930
8539 1428 2005 2238 2307
8540 1428 2238 2301 2307
8541 429 1898 2406 2436
8542 2345 954 2347 2348
8543 526 1210 1621 2430
8544 1477 1909 1918 1930
8545 1186 1477 1918 1930
8546 399 1315 1882 1930
8547 1930 1479 1315 1209
8548 895 535 1013 1931
8549 1013 535 1450 1931
8550 367 535 895 1931
8551 1241 65 1958 1366
8552 1581 1241 65 1958
8553 1667 567 1794 1932
8554 730 1667 1794 1932
8555 1167 1360 1477 1956
8556 1877 1071 1909 1956
8557 1167 1477 1909 1956
8558 586 2483 1979 1223
8559 1210 2191 2404 2407
8560 1039 1050 1938 1944
8561 228 1839 1899 2094
8562 129 1609 1973 2160
8563 1643 917 1938 1944
8564 916 1136 1830 2081
8565 1974 2317 2345 954
8566 455 1954 1841 1012
8567 278 911 1252 1955
8568 2283 1989 1620 1833
8569 2050 2012 2156 2197
8570 2030 2172 1311 1971
8571 1438 640 1936 1937
8572 804 1237 1438 1937
8573 804 1438 1936 1937
8574 1726 804 1936 1937
8575 640 1726 1936 1937
8576 19 1679 1755 2240
8577 2235 1100 2094 2237
8578 1050 604 1869 1938
8579 1039 1050 1869 1938
8580 2094 1839 2232 2292
8581 1138 1829 1857 1945
8582 1190 2235 2237 2282
8583 1873 2059 2076 2213
8584 1074 2044 1724 2016
8585 737 388 968 1977
8586 2496 2497 361 2500
8587 1044 596 1192 1939
8588 1962 2108 995 531
8589 797 386 1472 1997
8590 425 631 1876 1997
8591 631 580 1876 1997
8592 799 658 1893 1978
8593 693 1015 1767 1987
8594 259 1044 1192 1939
8595 1366 1948 1161 1809
8596 825 776 1843 2009
8597 776 802 1875 2009
8598 1034 389 1389 2009
8599 691 825 912 2009
8600 851 630 2075 2131
8601 691 912 1389 2009
8602 2279 238 2323 2325
8603 912 426 1389 2009
8604 709 747 823 1943
8605 434 709 823 1943
8606 709 388 747 1943
8607 747 388 1123 1943
8608 583 551 1115 1943
8609 709 434 1115 1943
8610 551 709 1115 1943
8611 1943 2502 1123 2096
8612 709 551 1770 1943
8613 1123 388 1770 1943
8614 388 709 1770 1943
8615 389 1979 2035 2057
8616 2462 1979 2463 2464
8617 804 537 1726 2137
8618 2432 539 2443 2463
8619 1952 871 1986 2064
8620 2011 1061 2062 2064
8621 592 549 1850 2048
8622 531 995 1554 2108
8623 1044 596 1939 1996
8624 907 949 959 2025
8625 977 1947 2086 2136
8626 261 702 1316 2166
8627 1996 1483 1797 596
8628 791 1043 1866 1996
8629 653 1939 1976 1996
8630 1862 1292 608 1626
8631 922 400 1040 2025
8632 466 1056 190 1130
8633 400 959 1040 2025
8634 569 1046 1873 2213
8635 55 770 1834 1948
8636 770 55 1796 1948
8637 377 547 2333 2342
8638 2126 987 1051 1454
8639 1919 1178 2024 2136
8640 1645 353 1649 1951
8641 1425 353 1645 1951
8642 353 769 1649 1951
8643 1214 927 1866 1964
8644 2330 1225 2323 2340
8645 508 1871 2301 2442
8646 641 1760 1890 2156
8647 713 956 1394 2170
8648 782 1736 1845 2087
8649 1949 1990 2028 2073
8650 5 769 1425 1951
8651 1178 358 1514 2024
8652 769 353 1425 1951
8653 547 794 2107 2204
8654 1191 479 1767 1987
8655 1492 1061 1522 1952
8656 2168 1584 641 1193
8657 653 104 711 1964
8658 317 1049 1128 2370
8659 1492 2299 1952 1522
8660 221 1015 1631 1987
8661 1368 245 2098 2140
8662 1015 1191 1767 1987
8663 838 1019 1249 2140
8664 104 653 1866 1964
8665 2269 1138 2272 2320
8666 1089 244 2007 2140
8667 585 1012 1907 1954
8668 1954 1907 1542 499
8669 1525 580 200 1384
8670 1357 278 1667 1955
8671 732 1357 1667 1955
8672 1724 762 1910 1956
8673 1360 1910 1477 1956
8674 762 328 1877 1956
8675 328 1071 1877 1956
8676 1182 259 1192 1961
8677 1804 1932 1252 1957
8678 1252 1273 1804 1957
8679 1810 1252 396 911
8680 853 279 1932 1957
8681 1932 1667 1252 1955
8682 1932 911 1252 1957
8683 1932 911 1955 1252
8684 1932 279 911 1957
8685 911 853 1810 1957
8686 853 288 1810 1957
8687 1192 259 1939 1961
8688 279 853 911 1957
8689 279 1932 911 1955
8690 747 1228 1461 2143
8691 952 309 1589 1959
8692 674 952 1589 1959
8693 437 674 1589 1959
8694 985 189 1470 1959
8695 1470 189 1953 1959
8696 674 437 1953 1959
8697 952 674 1953 1959
8698 1344 1769 1789 2021
8699 1358 309 1771 1959
8700 456 1358 1771 1959
8701 41 1746 1816 2021
8702 1352 710 1666 1961
8703 260 1352 1666 1961
8704 1182 953 259 1961
8705 953 1182 260 1961
8706 953 260 1666 1961
8707 562 719 1174 2063
8708 600 562 1174 2063
8709 978 932 729 1243
8710 220 978 1026 2052
8711 932 230 978 2052
8712 752 1003 1194 1891
8713 915 1965 2013 2027
8714 552 558 2256 2374
8715 2012 1007 2014 2203
8716 600 389 1875 2063
8717 1088 892 2114 2175
8718 278 1670 2046 2138
8719 995 869 1176 2108
8720 191 1046 1751 2028
8721 601 2234 399 677
8722 1228 2233 128 2088
8723 476 1564 1973 2088
8724 1868 1281 1933 1967
8725 2361 2393 2396 2397
8726 1856 950 1926 1967
8727 971 1994 1421 715
8728 989 1856 1281 1967
8729 1856 989 1281 1506
8730 2329 2090 1121 2125
8731 998 1783 2208 2212
8732 143 1781 2087 2379
8733 873 2005 2146 2150
8734 1210 772 1621 1969
8735 654 1175 1621 1969
8736 181 419 478 1969
8737 478 419 772 1969
8738 878 591 965 1091
8739 197 635 1175 1969
8740 2315 2265 1478 532
8741 1621 635 1969 1175
8742 635 483 1210 1969
8743 874 621 1029 2223
8744 419 181 654 1969
8745 654 197 1175 1969
8746 131 2110 2133 2150
8747 753 169 1518 1970
8748 2225 2083 2156 848
8749 1837 891 1973 1981
8750 148 1376 1560 2039
8751 783 1090 1719 2039
8752 1376 783 1560 2039
8753 553 364 555 1972
8754 591 553 709 1972
8755 709 553 1770 1972
8756 1513 1757 2501 2502
8757 1770 551 2501 2502
8758 2502 1943 1770 551
8759 566 2404 2415 2395
8760 1123 570 1757 2502
8761 279 853 1932 1978
8762 1301 555 1968 1972
8763 555 364 1968 1972
8764 468 242 579 2041
8765 362 1301 1968 1972
8766 1597 243 1885 2041
8767 391 961 1883 1975
8768 1620 1833 1883 1975
8769 1278 1620 1883 1975
8770 787 1192 1654 1976
8771 1192 596 1654 1976
8772 596 791 1654 1976
8773 791 787 1654 1976
8774 787 791 1654 1554
8775 1005 957 1259 835
8776 762 2016 1075 330
8777 635 2058 2162 2474
8778 1074 331 1194 2016
8779 1061 542 1492 2026
8780 150 1776 1887 1977
8781 150 968 1776 1977
8782 363 150 1887 1977
8783 586 733 834 1979
8784 491 1674 2091 2214
8785 1718 1303 1781 2077
8786 2380 2366 2384 2459
8787 2384 2366 2449 2459
8788 463 1296 2161 2163
8789 310 605 1437 2178
8790 585 1542 1907 1981
8791 2016 762 1724 331
8792 1981 1012 1907 585
8793 1297 1726 2243 2289
8794 2243 640 2255 2289
8795 272 848 2193 2203
8796 1534 148 1719 2039
8797 815 803 1713 2176
8798 803 815 1342 2176
8799 483 2080 2149 2162
8800 532 2036 2045 2164
8801 1016 1063 2008 2164
8802 780 1265 1494 2171
8803 916 463 2145 2161
8804 1522 950 1627 2061
8805 897 314 1629 1982
8806 361 1535 1575 2500
8807 768 944 1356 2227
8808 1356 800 1696 2227
8809 1271 869 1962 2011
8810 998 1139 1148 2208
8811 202 460 569 2213
8812 1720 1929 1896 1984
8813 1720 1929 919 1896
8814 460 193 955 1984
8815 919 955 1929 1984
8816 955 193 1929 1984
8817 1881 1993 1296 1375
8818 542 1952 1492 864
8819 542 864 1814 1986
8820 1986 1196 2026 2093
8821 1090 977 1550 2182
8822 882 1919 2010 2141
8823 245 1404 1368 548
8824 1019 1368 1511 2140
8825 245 1089 2098 2140
8826 1484 221 1631 1987
8827 221 1484 1983 1987
8828 1184 852 2185 2187
8829 587 1368 1446 2198
8830 1591 1753 1759 1989
8831 1753 1833 1883 1989
8832 1759 1753 1883 1989
8833 2429 2361 2434 2437
8834 1042 1196 1986 2093
8835 1278 1431 2014 2258
8836 1278 273 1431 2258
8837 1007 273 1278 2258
8838 2318 1055 2319 2331
8839 1007 2014 2203 2258
8840 786 1936 2243 438
8841 457 667 1439 2274
8842 1848 1594 1879 2060
8843 1764 221 1987 1191
8844 582 20 1099 2338
8845 789 515 1444 1991
8846 789 1444 1474 1991
8847 1094 497 1474 1991
8848 497 1094 1444 1991
8849 1444 1094 1474 1991
8850 1023 532 1168 2315
8851 532 648 1168 2315
8852 497 62 1002 1991
8853 690 203 1722 1992
8854 463 997 1296 1993
8855 1136 916 1311 2144
8856 2221 2225 2239 1529
8857 712 722 1388 2075
8858 1063 905 2071 2164
8859 1326 881 1429 1993
8860 610 1326 1429 1993
8861 881 119 1429 1993
8862 119 881 1375 1993
8863 117 610 1375 1993
8864 707 117 1375 1993
8865 1375 610 1429 1993
8866 119 1375 1429 1993
8867 777 335 1600 1994
8868 949 391 1306 2025
8869 1235 1141 1304 2070
8870 723 454 1472 1997
8871 631 454 723 1997
8872 580 742 1876 1997
8873 580 633 742 1997
8874 633 386 742 1997
8875 742 386 797 1997
8876 633 580 723 1997
8877 633 723 1472 1997
8878 454 638 797 1997
8879 454 631 638 1997
8880 1394 882 1401 2081
8881 603 193 1820 1998
8882 193 603 1471 1998
8883 193 2226 1820 1998
8884 193 1471 1929 1998
8885 2073 2257 1990 621
8886 1203 1406 1948 2000
8887 1111 1601 370 2101
8888 712 370 1656 2101
8889 1284 1485 1793 2101
8890 1796 2000 1834 375
8891 2000 1796 1948 1809
8892 1353 721 2482 817
8893 375 523 1809 2000
8894 1834 337 1858 2000
8895 296 1065 1284 2101
8896 420 1897 1916 2001
8897 1148 936 1186 2173
8898 1123 747 1943 2001
8899 747 1055 1943 2001
8900 369 1889 2077 2097
8901 585 1021 1542 2160
8902 1290 928 1669 2002
8903 1122 1290 1559 641
8904 1421 609 1786 2003
8905 1786 1994 715 1421
8906 1786 1994 1421 2003
8907 958 649 1142 2004
8908 2004 1807 1142 958
8909 649 401 1142 2004
8910 649 958 997 2004
8911 997 958 1993 2004
8912 463 649 997 2004
8913 463 997 1993 2004
8914 1826 327 1918 2217
8915 26 1738 2284 2308
8916 2220 507 2221 2239
8917 1615 428 1793 2075
8918 2192 2394 2437 2439
8919 1099 409 1255 2253
8920 630 175 735 2075
8921 630 735 851 2075
8922 851 1615 297 527
8923 851 1615 527 2075
8924 1241 1669 2002 2132
8925 235 587 1298 889
8926 306 1908 1305 1900
8927 1228 485 1461 2143
8928 189 464 1959 2020
8929 1771 456 1959 2020
8930 64 1948 770 2018
8931 64 1948 1406 770
8932 1406 1391 1948 2018
8933 442 581 2153 2190
8934 1922 587 235 889
8935 1143 683 1180 2037
8936 625 415 979 2178
8937 1117 244 1400 2007
8938 1089 244 1117 2007
8939 357 244 1249 2007
8940 882 1401 1895 2141
8941 1358 1305 1959 2099
8942 1308 435 1293 1865
8943 1037 2125 2183 2273
8944 377 1016 1063 2008
8945 1016 377 1023 2008
8946 929 1995 2086 2165
8947 65 1391 1517 2018
8948 935 1517 1657 2018
8949 1517 1391 1657 2018
8950 65 1161 1391 2018
8951 1860 871 1952 2011
8952 445 1271 1506 2011
8953 1506 1271 1856 2011
8954 445 1506 1856 2011
8955 2326 2314 2332 2343
8956 482 413 1037 2257
8957 413 1950 2223 2257
8958 1899 228 2094 2106
8959 1037 1170 1314 2257
8960 871 1526 1962 2051
8961 1271 1221 1328 2051
8962 818 507 2220 2236
8963 728 2267 2270 2274
8964 1943 1123 2001 2096
8965 2153 458 2167 2190
8966 988 673 1686 2265
8967 2294 2071 2194 2286
8968 433 2242 2260 2262
8969 910 263 1431 2014
8970 2299 643 2305 2321
8971 1972 1770 1977 2015
8972 151 365 1887 2015
8973 365 555 1887 2015
8974 365 553 555 2015
8975 1776 151 1887 2015
8976 403 330 1075 2016
8977 330 403 609 2016
8978 1926 2056 1860 2061
8979 1951 1672 993 1901
8980 1672 1951 2023 1646
8981 1879 929 2086 2165
8982 5 993 1951 2023
8983 1425 5 1951 2023
8984 331 609 1194 2016
8985 331 330 609 2016
8986 1086 854 1090 2017
8987 792 733 834 2082
8988 1947 882 2010 2017
8989 1934 551 2096 2502
8990 1086 1090 1830 2017
8991 1830 1090 2010 2017
8992 2496 1575 2498 2500
8993 508 1625 1353 2302
8994 854 1848 1999 2019
8995 854 1999 2017 2019
8996 2006 854 2017 2019
8997 950 1851 1857 2061
8998 466 188 1771 2020
8999 1731 466 1771 2020
9000 41 1344 1746 2021
9001 41 1177 1344 2021
9002 900 1370 2043 2266
9003 609 403 1421 2022
9004 609 1421 1786 2022
9005 491 1917 1055 2331
9006 993 1466 1672 2023
9007 1466 993 1509 2023
9008 745 1466 1509 2023
9009 745 4 1672 2023
9010 1466 745 1672 2023
9011 895 1013 1736 2087
9012 1845 1013 2077 2087
9013 1609 1837 1973 2160
9014 585 1981 2038 2160
9015 1302 1781 2077 2087
9016 999 358 1995 2024
9017 1736 1013 1845 2087
9018 358 999 1514 2024
9019 1178 2136 2086 2024
9020 1995 2095 2148 2165
9021 812 949 1306 2025
9022 949 812 959 2025
9023 959 812 1306 2025
9024 1040 1306 1975 2025
9025 922 1040 1975 2025
9026 1306 391 1975 2025
9027 391 922 1975 2025
9028 2056 1860 2061 2069
9029 1009 106 1234 2026
9030 806 501 987 2027
9031 475 806 987 2027
9032 82 809 1713 2176
9033 2114 1558 1539 892
9034 892 708 1270 2114
9035 971 715 1598 2111
9036 360 1848 2019 2060
9037 1316 1458 2152 2166
9038 235 1141 1235 2124
9039 1870 2153 2167 2190
9040 1543 1689 1784 2127
9041 2013 501 2027 2113
9042 1526 871 1962 2093
9043 1526 1042 1986 2093
9044 871 1526 1986 2093
9045 1577 1003 1659 2085
9046 389 1174 1979 2057
9047 1190 1822 1829 2278
9048 400 1659 2025 2085
9049 922 400 2025 2085
9050 626 589 824 2030
9051 592 626 824 2030
9052 2297 2164 2192 925
9053 949 936 1148 2173
9054 1622 1186 1693 2173
9055 1044 913 1254 2031
9056 913 1044 1048 2031
9057 818 1203 1411 2032
9058 1996 1797 1048 1044
9059 1830 852 2161 2169
9060 1823 1803 2171 2215
9061 1809 1203 2000 2032
9062 523 1809 2000 2032
9063 1150 523 2000 2032
9064 400 523 1150 2032
9065 523 400 959 2032
9066 818 400 1150 2032
9067 818 1150 1203 2032
9068 1203 1150 2000 2032
9069 648 1168 2440 2493
9070 384 851 2075 2131
9071 925 2036 2192 2439
9072 869 2108 1242 88
9073 864 1492 1523 2300
9074 1061 106 1242 2062
9075 1055 1917 2172 2331
9076 1492 1033 1523 2300
9077 2286 2071 2287 2311
9078 547 1345 1840 2110
9079 2014 910 2203 2258
9080 693 1631 1987 2139
9081 839 1685 1766 2405
9082 1740 2335 2401 2414
9083 498 2046 1226 1708
9084 921 278 1905 2046
9085 2037 1180 393 683
9086 1494 1265 1688 2171
9087 1016 532 2045 2164
9088 2214 2317 1974 626
9089 8 537 1611 2310
9090 2332 2268 2341 2343
9091 747 2319 2334 2349
9092 809 904 1342 2176
9093 2242 73 2326 2329
9094 642 2254 2264 2283
9095 1822 1257 1829 2278
9096 1437 1731 1832 2142
9097 1178 977 1919 2039
9098 1090 783 2010 2039
9099 977 1090 2010 2039
9100 1919 977 2010 2039
9101 1437 1056 1731 2142
9102 1719 783 1560 1880
9103 783 1719 1560 2039
9104 1560 1719 1880 148
9105 1560 1719 148 2039
9106 2041 2037 1597 1312
9107 2179 1773 1273 346
9108 242 1312 2037 2041
9109 579 242 2037 2041
9110 491 930 2345 2318
9111 574 755 490 2042
9112 2393 1701 2399 2416
9113 928 511 1319 2042
9114 511 849 1319 2042
9115 1319 849 1633 2042
9116 928 1596 1687 2042
9117 511 928 1687 2042
9118 928 612 1596 2042
9119 695 272 848 2193
9120 612 1319 1633 2042
9121 612 928 1319 2042
9122 1633 755 2042 534
9123 882 1895 1928 2072
9124 2301 1428 2307 2425
9125 826 252 1541 2043
9126 252 262 736 2043
9127 949 391 2025 2044
9128 391 949 1075 2044
9129 1055 1934 1943 2096
9130 1728 977 1802 2086
9131 358 977 1728 2086
9132 1947 1879 2086 2165
9133 1054 488 2264 2266
9134 1054 1370 488 2266
9135 1370 1630 2043 2266
9136 1928 1404 1368 1145
9137 852 2163 2185 2187
9138 629 465 1819 2120
9139 913 465 1048 2120
9140 629 914 1048 2120
9141 278 1670 1905 2046
9142 1631 693 222 2139
9143 589 1365 2163 2187
9144 764 913 1048 2120
9145 115 768 845 2079
9146 115 845 885 2079
9147 845 509 885 2079
9148 1710 307 1811 2047
9149 307 1533 1811 2047
9150 307 1710 2033 2047
9151 768 115 1835 2079
9152 885 1299 1835 2079
9153 812 907 959 2049
9154 812 822 907 2049
9155 57 812 1212 2049
9156 812 57 822 2049
9157 56 822 1104 2049
9158 822 57 1104 2049
9159 560 248 2330 2340
9160 480 315 640 2255
9161 1686 2315 2265 673
9162 1738 1037 2183 2277
9163 433 1037 1314 2277
9164 2475 2115 939 1911
9165 2095 2148 2007 357
9166 431 850 2372 2381
9167 2348 2382 1907 663
9168 790 992 1294 111
9169 1051 554 1765 2377
9170 2056 2299 2309 2321
9171 2260 2065 2281 1892
9172 1109 1221 239 2051
9173 1221 1109 238 2051
9174 314 1923 1629 1982
9175 688 314 1438 2053
9176 1438 314 1923 2053
9177 315 688 1438 2053
9178 786 1936 438 1438
9179 1683 1629 2053 2054
9180 389 1389 2035 2055
9181 792 733 844 2055
9182 2269 2278 2252 2235
9183 1439 667 1673 2274
9184 1836 1428 2442 2478
9185 2425 1428 2449 2478
9186 426 844 1817 2055
9187 389 1034 1389 2055
9188 834 1034 2055 792
9189 733 792 834 2055
9190 389 733 834 2055
9191 792 844 1034 2055
9192 374 511 1067 1546
9193 1353 508 2417 2482
9194 1389 1098 2467 2468
9195 1153 2457 2478 2481
9196 1098 426 1817 2055
9197 426 1098 1389 2055
9198 844 426 1034 2055
9199 1034 426 1389 2055
9200 869 1962 2011 2062
9201 643 1627 1945 2321
9202 942 157 1082 2151
9203 869 1217 1242 2062
9204 2380 2384 2387 2459
9205 1153 2471 2480 2484
9206 782 2384 2449 2459
9207 1236 31 1898 2461
9208 132 817 2433 2482
9209 782 2379 2384 2459
9210 1018 618 1036 2490
9211 2445 2446 2454 2470
9212 873 1736 1941 2216
9213 1365 463 2144 2163
9214 1458 695 2152 2166
9215 1916 1513 1934 2096
9216 936 403 949 1540
9217 1123 1916 2001 2096
9218 1055 1943 2001 2096
9219 420 1055 2001 2096
9220 1857 1138 1945 2061
9221 2309 2061 1138 2056
9222 421 1184 2187 2322
9223 905 1001 1585 2402
9224 360 1400 2019 2070
9225 2002 2236 1122 1692
9226 1217 869 2011 2062
9227 1061 1217 2011 2062
9228 1242 106 1521 2062
9229 1242 2108 1521 88
9230 1586 281 2114 2175
9231 2083 2225 2203 848
9232 507 892 1088 2175
9233 625 902 1062 2065
9234 902 625 1314 2065
9235 902 1314 1892 2065
9236 895 887 2034 2159
9237 1189 433 1314 2065
9238 625 1189 1314 2065
9239 887 1302 2097 2159
9240 887 895 2087 2159
9241 1013 895 1931 2159
9242 1013 2077 2087 2159
9243 1062 23 1220 2065
9244 23 582 1220 2065
9245 1302 887 2087 2159
9246 1302 2077 2097 2159
9247 1246 612 1633 2067
9248 75 761 1407 2067
9249 1526 1109 2051 2344
9250 2262 2253 2268 2336
9251 2397 2191 2404 2419
9252 1025 553 1124 2359
9253 349 1727 992 785
9254 1747 2411 2426 1852
9255 898 1087 1166 2495
9256 2154 2333 2107 2110
9257 2036 1504 2045 2192
9258 2024 1895 492 1178
9259 1415 1368 1511 2072
9260 1919 882 1947 2072
9261 2045 1504 2068 2192
9262 2307 2301 2423 2434
9263 2036 2045 2164 2192
9264 2109 2046 2119 2179
9265 346 814 2119 2179
9266 415 1437 2112 2123
9267 1141 234 1222 2070
9268 1947 2086 2136 2165
9269 2136 2086 2148 2165
9270 2164 2297 2192 2431
9271 2299 2305 2309 2321
9272 2072 2017 882 1947
9273 537 1297 1726 2137
9274 272 695 848 2229
9275 2045 1734 2420 2450
9276 1962 531 2093 2108
9277 2108 1962 995 869
9278 1969 2080 2149 483
9279 1749 33 1898 2461
9280 132 2433 2472 2479
9281 1153 131 1836 2074
9282 130 485 1497 2088
9283 1622 1186 2212 2234
9284 977 1919 1947 2136
9285 441 181 2080 2149
9286 1946 1153 453 2074
9287 1153 1946 131 2074
9288 2132 1669 1366 1241
9289 177 712 1388 2075
9290 722 428 735 2075
9291 735 428 1615 2075
9292 175 722 735 2075
9293 1328 2092 2029 2102
9294 1366 1241 1411 2132
9295 175 630 1388 2075
9296 630 177 1388 2075
9297 594 266 1754 2211
9298 875 2221 2220 507
9299 1030 909 2180 2211
9300 2211 1530 1788 1480
9301 909 540 933 2211
9302 272 848 2201 2229
9303 1516 2368 1637 1361
9304 1303 369 1889 2077
9305 1922 587 889 2098
9306 1981 700 2038 2128
9307 1493 1164 2326 2343
9308 944 943 1299 2079
9309 943 768 1835 2079
9310 1299 943 1835 2079
9311 733 183 844 2080
9312 844 183 1179 2080
9313 441 181 1179 2080
9314 183 441 1179 2080
9315 952 464 2118 2142
9316 727 239 995 2105
9317 995 1654 1658 2105
9318 1401 882 1446 2081
9319 713 1401 1446 2081
9320 531 1499 1654 2105
9321 995 239 2051 2105
9322 1489 1045 1773 568
9323 1056 1130 1731 2142
9324 625 442 979 581
9325 183 792 1874 2082
9326 183 733 792 2082
9327 185 840 1874 2082
9328 840 183 1874 2082
9329 1783 1531 2208 2212
9330 1325 1708 1942 2119
9331 1708 1325 2109 2119
9332 713 481 1580 2157
9333 956 713 1580 2157
9334 1136 916 2144 2157
9335 463 1307 2144 2157
9336 1063 2008 2164 2194
9337 2199 2255 2289 2243
9338 2008 925 2164 2194
9339 1493 452 1991 2253
9340 2252 2235 2278 2282
9341 759 171 1074 2085
9342 1537 16 1838 2085
9343 922 171 1537 2085
9344 759 16 1537 2085
9345 171 759 1537 2085
9346 542 1952 864 1986
9347 1055 420 1934 2096
9348 929 358 1802 2086
9349 358 929 1995 2086
9350 358 1728 1802 2086
9351 1934 551 1943 2096
9352 1050 996 1572 2207
9353 2098 1415 1368 2007
9354 1302 143 1781 2087
9355 852 2144 2161 2163
9356 1726 554 1765 2137
9357 143 887 1966 2087
9358 887 143 1302 2087
9359 1186 1783 2212 2234
9360 1783 1186 1882 2234
9361 128 976 1497 2088
9362 1345 1500 2110 2133
9363 1703 1082 1720 2151
9364 2032 818 2132 1411
9365 1500 1140 1625 2133
9366 2032 1212 2132 2089
9367 341 1219 1395 2147
9368 343 816 1408 2147
9369 1500 131 2110 2133
9370 2132 2032 1411 1366
9371 431 881 2187 2195
9372 813 980 1121 2090
9373 83 813 1121 2090
9374 813 82 980 2090
9375 491 1821 1850 2091
9376 271 695 1367 2166
9377 715 335 1600 2111
9378 1858 375 2000 2111
9379 247 481 740 2353
9380 977 1178 1919 2136
9381 2436 901 2441 2447
9382 1328 228 1899 2376
9383 1821 549 1850 2091
9384 1633 755 534 76
9385 1276 1742 656 387
9386 227 549 1821 2091
9387 1974 954 2345 2362
9388 1029 621 1170 2257
9389 1100 1647 2252 2259
9390 760 220 1026 2103
9391 2103 1015 221 1191
9392 2302 2311 2286 1140
9393 864 1652 2299 2300
9394 2069 2309 2056 2261
9395 2093 871 2064 1986
9396 465 629 1048 2120
9397 1090 1550 1719 2182
9398 335 715 1994 2111
9399 516 867 2464 2475
9400 1564 421 2088 2233
9401 1881 127 2185 2233
9402 2268 2262 1493 2253
9403 2242 433 2249 2262
9404 1726 640 2243 2289
9405 443 1598 1600 2111
9406 1765 554 1965 2137
9407 375 523 2000 2111
9408 654 197 1969 2149
9409 804 1765 1965 2137
9410 2107 2333 1941 547
9411 930 491 2345 2214
9412 228 1354 1839 2094
9413 2111 1994 971 715
9414 521 1079 1721 2188
9415 1609 1309 1837 2160
9416 1277 129 1542 2160
9417 1302 1831 887 2097
9418 1831 1302 153 2097
9419 245 1089 1922 2098
9420 889 245 1922 2098
9421 456 1959 2020 2099
9422 456 186 1358 2099
9423 1368 469 1446 2198
9424 222 693 750 2139
9425 1720 1704 2167 2190
9426 1141 234 2070 2124
9427 370 1111 577 1101
9428 428 1284 1793 2101
9429 2075 2101 1793 712
9430 2101 722 2075 428
9431 722 712 1656 2101
9432 296 722 1656 2101
9433 1065 370 1601 2101
9434 1601 1111 370 1101
9435 370 1065 1656 2101
9436 1065 296 1656 2101
9437 722 296 1284 2101
9438 428 722 1284 2101
9439 1368 587 1446 2104
9440 2006 1415 2017 2104
9441 1086 2017 2081 2104
9442 1086 587 2017 2104
9443 587 1136 1446 2104
9444 1446 1136 2081 2104
9445 587 1086 1136 2104
9446 1136 1086 2081 2104
9447 1526 531 2051 2105
9448 1109 1499 1526 2105
9449 1109 1526 2051 2105
9450 1109 249 1499 2105
9451 1499 249 1654 2105
9452 1414 2105 249 727
9453 727 1109 239 2105
9454 1109 727 249 2105
9455 894 1293 1785 2379
9456 120 1564 2195 2381
9457 1164 2090 2125 2326
9458 2121 942 2151 2377
9459 1293 435 1785 2379
9460 1898 781 2455 2461
9461 1033 431 2372 2381
9462 1966 895 2087 887
9463 1076 618 2131 2205
9464 2107 142 2134 2135
9465 2456 2375 2459 2491
9466 2000 1150 2100 2111
9467 1598 715 1600 2111
9468 523 1150 2000 2111
9469 618 1036 2131 2205
9470 33 1236 1898 2461
9471 995 414 996 2108
9472 995 996 1554 2108
9473 996 414 1632 2108
9474 1554 996 1632 2108
9475 88 1521 1632 2108
9476 1947 1919 2072 2136
9477 1309 1345 1500 2110
9478 131 1309 1500 2110
9479 1309 1102 1840 2110
9480 1345 1309 1840 2110
9481 553 547 611 2134
9482 794 611 2134 412
9483 412 142 895 2134
9484 1102 131 1946 2110
9485 131 1102 1309 2110
9486 335 1858 2100 2111
9487 443 335 2100 2111
9488 335 443 1600 2111
9489 1767 693 1987 2139
9490 346 814 1942 2119
9491 1708 1527 1942 2119
9492 1329 2113 987 1992
9493 501 409 1171 2113
9494 501 1171 1992 2113
9495 409 458 569 2113
9496 409 569 1171 2113
9497 2113 569 1329 458
9498 1171 569 1992 2113
9499 1713 803 2090 2176
9500 815 809 1342 2176
9501 2114 1988 1558 1088
9502 281 1088 1988 2114
9503 281 1253 1586 2114
9504 691 757 802 2130
9505 1253 281 1988 2114
9506 780 867 1823 2115
9507 867 780 939 2115
9508 589 852 2172 1184
9509 1186 936 1477 2173
9510 936 391 1477 2173
9511 919 2151 1082 157
9512 1311 420 1971 2172
9513 298 1755 2228 2240
9514 783 1830 2161 2169
9515 262 736 2043 2117
9516 581 458 2013 2153
9517 2117 2083 900 262
9518 1017 1193 2043 2117
9519 1017 716 1193 2117
9520 736 716 1017 2117
9521 736 1017 2043 2117
9522 2083 1760 2117 2168
9523 900 2050 2083 2168
9524 804 1765 1870 2153
9525 716 1458 2152 1316
9526 2126 2153 1965 2013
9527 1210 2191 2428 2430
9528 1184 589 2163 2187
9529 1325 814 2109 2119
9530 814 1325 1942 2119
9531 998 1186 1783 2212
9532 632 764 845 2181
9533 1173 1538 2222 2228
9534 58 2184 2208 2212
9535 276 909 1262 2180
9536 287 346 1527 2119
9537 1527 346 1942 2119
9538 346 287 1273 2119
9539 541 693 1767 2139
9540 232 750 1287 2139
9541 228 1354 2094 2378
9542 843 228 2376 2378
9543 2436 2433 2444 1701
9544 2121 1870 1703 438
9545 438 1765 1726 2121
9546 1726 2121 1765 554
9547 1237 537 8 1937
9548 2012 2156 2197 2200
9549 2457 782 2459 2460
9550 1122 496 1448 2200
9551 1820 2226 1567 1982
9552 814 567 1640 2179
9553 921 567 1252 2179
9554 1056 2028 2112 2123
9555 1478 205 2312 2315
9556 2119 1252 2046 2138
9557 87 2207 1572 996
9558 512 1046 1056 2123
9559 1056 1046 2028 2123
9560 864 552 2092 2261
9561 1100 2094 2237 2250
9562 1100 1354 2094 2250
9563 775 847 1639 2246
9564 538 1859 2155 2263
9565 2178 311 512 2066
9566 1692 1416 2002 2236
9567 895 1013 2087 2159
9568 449 569 1873 2213
9569 1089 2124 2189 2209
9570 234 2070 2124 2189
9571 2156 1122 2200 2225
9572 1007 2220 2221 2225
9573 1689 1543 2078 2127
9574 2354 1986 1526 1042
9575 903 817 1353 2422
9576 431 954 1974 2362
9577 1461 891 1840 2128
9578 1345 1461 1840 2128
9579 552 1328 2029 2376
9580 1814 2354 552 2256
9581 1837 1345 1840 2128
9582 891 1837 1840 2128
9583 1859 316 2155 2222
9584 1743 1700 1868 2232
9585 809 815 1713 2176
9586 2424 1935 1353 2328
9587 802 757 2063 2130
9588 2063 2130 1875 802
9589 2057 389 2063 2130
9590 757 2057 2063 2130
9591 975 2408 2415 2419
9592 140 1166 2495 898
9593 913 2120 2181 2227
9594 851 179 1076 2131
9595 772 384 1036 2131
9596 384 772 851 2131
9597 651 1464 1696 2227
9598 772 179 851 2131
9599 177 630 1076 2131
9600 618 177 1076 2131
9601 496 1212 2089 2132
9602 1212 496 1669 2132
9603 1212 2032 2132 1366
9604 895 1966 2135 142
9605 816 1219 1408 2147
9606 819 1500 1625 2133
9607 131 819 1625 2133
9608 819 131 1500 2133
9609 794 547 2107 2134
9610 2285 2286 2294 2466
9611 2294 2302 2346 2424
9612 142 794 2107 2134
9613 142 412 794 2134
9614 895 1966 2087 2135
9615 782 1736 2087 2135
9616 1736 782 2005 2135
9617 1736 873 1941 2135
9618 1941 873 2107 2135
9619 873 1736 2005 2135
9620 873 2005 2074 2135
9621 1941 2107 2134 2135
9622 895 1941 2134 2135
9623 83 2183 2231 2248
9624 895 1966 142 887
9625 804 1726 1765 2137
9626 1708 1527 2119 2138
9627 1527 287 2119 2138
9628 1372 1527 1739 2138
9629 1708 1670 1739 2138
9630 1527 1708 1739 2138
9631 1372 287 1527 2138
9632 845 116 1317 2196
9633 509 2196 126 1313
9634 889 245 2098 2198
9635 1365 881 2163 2187
9636 664 222 750 2139
9637 232 664 750 2139
9638 1484 232 1496 2139
9639 222 232 1484 2139
9640 222 1484 1631 2139
9641 232 222 664 2139
9642 310 625 1694 2178
9643 1376 1178 1895 2141
9644 1895 1178 1919 2141
9645 2010 1919 2039 2141
9646 1919 1178 2039 2141
9647 1178 1376 2039 2141
9648 1437 1832 952 2142
9649 1731 1130 2020 2142
9650 1130 464 2020 2142
9651 1959 1771 2020 2142
9652 464 1959 2020 2142
9653 1731 309 1832 2142
9654 309 1731 1771 2142
9655 1564 1973 2088 2143
9656 1564 891 1973 2143
9657 485 130 1397 2143
9658 824 589 1307 2144
9659 481 824 1307 2144
9660 2309 2321 2061 2056
9661 812 1306 2173 2184
9662 1865 2403 2415 2418
9663 812 1290 1306 2184
9664 997 463 1296 2145
9665 1296 997 1386 707
9666 2188 2187 1184 2185
9667 997 1296 1386 2145
9668 399 1783 1882 2234
9669 1428 1836 1871 2146
9670 421 1564 2088 2334
9671 228 2094 2106 2378
9672 1082 1703 2121 2151
9673 1082 1454 1720 2151
9674 1454 1703 1720 2151
9675 1505 2151 1565 1663
9676 1565 2151 157 942
9677 84 487 672 2147
9678 487 74 1395 2147
9679 2024 492 2072 2148
9680 492 1511 2072 2148
9681 1367 695 1458 2166
9682 1415 1947 2072 2148
9683 2072 1947 2136 2148
9684 357 999 1995 2148
9685 357 1995 2095 2148
9686 1836 131 2133 2150
9687 131 1836 2074 2150
9688 2005 1428 2146 2150
9689 1428 2005 2074 2150
9690 848 1067 2201 2229
9691 2388 1331 2370 317
9692 1950 1963 2219 2223
9693 1051 1454 1663 2151
9694 2151 2377 1663 1051
9695 1458 262 2117 2152
9696 1458 716 2152 2117
9697 2361 1011 2390 2391
9698 716 261 1316 2152
9699 1610 1491 1472 627
9700 442 581 804 2153
9701 581 418 804 2153
9702 804 418 1765 2153
9703 2400 1766 2414 2420
9704 2117 900 2043 262
9705 1168 532 2008 2440
9706 1946 1102 2110 2204
9707 418 581 2013 2153
9708 900 1370 2050 2168
9709 2083 2117 900 2168
9710 2074 131 2150 2154
9711 2294 2346 2409 2424
9712 1614 1729 2365 2371
9713 8 480 2289 2310
9714 1007 1278 2014 2258
9715 2089 2049 1212 959
9716 1007 2203 2251 2258
9717 848 1890 2083 2156
9718 2225 2083 2203 2012
9719 708 859 1067 2229
9720 2129 1561 2175 2201
9721 1067 507 1529 2201
9722 839 1494 1688 2171
9723 1841 1333 1935 2171
9724 1823 1803 1935 2171
9725 1307 481 2144 2157
9726 481 1307 1580 2157
9727 956 463 2145 2157
9728 463 956 1580 2157
9729 780 1494 2115 2171
9730 1823 780 2115 2171
9731 1333 780 1823 2171
9732 1494 839 2115 2171
9733 1297 1726 2199 2243
9734 841 2199 300 1331
9735 1831 887 2097 2159
9736 887 1831 2034 2159
9737 1931 2034 2097 2159
9738 1117 2189 2122 2209
9739 2034 1831 2097 2159
9740 407 1277 1542 2160
9741 129 494 1542 2160
9742 1542 494 1981 2160
9743 1309 1500 1837 2160
9744 1309 407 1500 2160
9745 121 585 1500 2160
9746 407 121 1500 2160
9747 121 1021 2160 407
9748 1378 643 2295 1033
9749 129 407 1609 2160
9750 407 1309 1609 2160
9751 407 129 1277 2160
9752 483 2058 2080 2162
9753 483 635 2058 2162
9754 635 2149 2162 483
9755 2169 521 2188 1079
9756 589 852 1184 2163
9757 1296 463 1993 2163
9758 881 1296 1993 2163
9759 589 1365 2144 2163
9760 852 589 2144 2163
9761 794 547 1102 2204
9762 910 262 2083 2193
9763 1282 499 1907 2252
9764 905 2164 2431 2071
9765 2164 532 2008 1016
9766 1947 2136 2148 2165
9767 1947 1415 1999 2165
9768 1999 1415 2060 2165
9769 1879 1947 1999 2165
9770 1879 1999 2060 2165
9771 2117 900 2168 2043
9772 1995 929 2095 2165
9773 1703 1765 2126 2167
9774 1765 1703 1870 2167
9775 1765 1870 2153 2167
9776 2126 1765 2153 2167
9777 1370 1193 1584 2168
9778 1370 1584 2050 2168
9779 641 1193 1760 2168
9780 1760 2050 2156 641
9781 2168 2156 2050 2083
9782 2177 2170 2081 1394
9783 2179 921 2046 1252
9784 521 1090 1719 2169
9785 1079 521 1719 2169
9786 1079 1296 2185 2169
9787 231 862 1617 2186
9788 439 541 1723 2186
9789 541 479 1723 2186
9790 541 439 1287 2186
9791 231 1764 1983 2186
9792 1830 1090 1897 2169
9793 852 1830 1897 2169
9794 521 2169 2188 1897
9795 1090 521 1897 2169
9796 1688 1333 1841 2171
9797 839 1688 1841 2171
9798 1265 1333 1688 2171
9799 1265 780 1333 2171
9800 1841 839 1803 1001
9801 839 1841 1803 2171
9802 1841 1935 1803 2171
9803 1935 1841 1803 455
9804 1417 2182 1728 1534
9805 1477 391 1693 2173
9806 1186 1477 1693 2173
9807 2124 1922 1089 2189
9808 2006 2007 2098 2189
9809 1117 2189 2209 1089
9810 1139 812 1148 2173
9811 857 1183 2116 2196
9812 1922 235 2006 2189
9813 1400 2070 2122 2189
9814 852 2163 2169 2185
9815 1400 2019 2070 2189
9816 757 802 2063 2174
9817 757 109 802 2174
9818 708 892 1067 2175
9819 708 1586 2114 2175
9820 708 859 1586 2175
9821 281 1586 2129 2175
9822 1561 281 2129 2175
9823 1586 859 2129 2175
9824 771 83 1321 2176
9825 771 1321 1342 2176
9826 2174 906 562 110
9827 698 904 2176 771
9828 83 771 813 2176
9829 771 698 813 2176
9830 698 82 813 2176
9831 415 1437 2123 2178
9832 415 310 1437 2178
9833 625 310 902 2178
9834 415 625 902 2178
9835 310 415 902 2178
9836 1050 604 1938 2207
9837 1982 512 2066 2178
9838 314 442 1982 2178
9839 314 1982 2066 2178
9840 605 310 1694 2178
9841 313 605 1694 2178
9842 605 442 313 314
9843 605 314 2066 2178
9844 567 921 1640 2179
9845 1640 921 2109 2179
9846 287 1252 2119 2138
9847 768 632 845 2181
9848 114 768 1464 2181
9849 632 114 1464 2181
9850 114 632 768 2181
9851 977 1090 2039 2182
9852 1178 1534 1728 2182
9853 977 1178 1728 2182
9854 149 1550 1728 2182
9855 1417 2182 1534 149
9856 149 1087 1550 2182
9857 1087 149 1534 2182
9858 1868 1138 1933 2232
9859 2235 2272 2292 2296
9860 1037 1321 1476 2183
9861 1037 1476 1738 2183
9862 925 2071 2294 2297
9863 2183 506 2284 2308
9864 1313 997 857 1183
9865 2228 1538 537 2240
9866 1007 2012 2200 2225
9867 2200 1122 2220 2225
9868 1700 1347 1822 2298
9869 218 1839 2250 2292
9870 421 747 2319 2334
9871 2133 1836 2146 2285
9872 848 2203 2221 2225
9873 1922 2006 2098 2189
9874 2192 2494 2036 1504
9875 127 1296 1881 2185
9876 881 1296 2163 2185
9877 2163 1296 2169 2185
9878 1079 2169 2185 2188
9879 442 512 2178 2206
9880 1897 852 2169 2188
9881 2169 852 2185 2188
9882 1184 1897 2188 852
9883 1282 499 2293 2295
9884 1186 1622 1693 2234
9885 1764 479 1987 2186
9886 1983 1764 1987 2186
9887 479 541 1767 2186
9888 1767 541 2139 2186
9889 1617 479 1764 2186
9890 231 1617 1764 2186
9891 231 1484 1496 2186
9892 1484 231 1983 2186
9893 954 431 1365 2187
9894 589 954 1365 2187
9895 626 491 2214 2317
9896 444 1558 1088 1266
9897 1186 1693 1882 2234
9898 2234 601 399 1783
9899 1783 682 2212 2234
9900 1228 1166 1079 1721
9901 1693 677 1882 2234
9902 682 677 1622 2234
9903 488 682 1783 2234
9904 1922 2124 235 2189
9905 1531 1455 1783 2208
9906 1069 604 1572 2207
9907 2190 1704 1936 1438
9908 804 442 2153 2190
9909 1870 804 2153 2190
9910 442 804 1438 2190
9911 2333 2216 2146 873
9912 262 695 1458 2193
9913 262 1458 2083 2193
9914 695 848 1458 2193
9915 1458 848 2083 2193
9916 1474 72 2339 2343
9917 421 2319 2322 2334
9918 936 1826 1918 2217
9919 377 1941 2008 2194
9920 2071 1063 2286 2287
9921 497 72 1991 2343
9922 1910 936 1918 2217
9923 1877 762 1910 2217
9924 1033 431 2300 2372
9925 1585 1063 2071 2287
9926 2071 1063 2164 2194
9927 925 2071 2164 2194
9928 740 692 2360 2364
9929 1002 1991 2268 2343
9930 431 1033 1523 2195
9931 119 881 1429 2195
9932 1326 2195 1429 881
9933 494 1378 1907 2382
9934 850 2334 2347 2382
9935 2347 2349 2382 2334
9936 1907 398 1981 2382
9937 120 976 1393 2195
9938 1393 119 1429 2195
9939 587 889 2098 2198
9940 1368 587 2098 2198
9941 2199 942 1398 1082
9942 592 2364 2360 692
9943 438 786 1082 2199
9944 2243 2199 786 438
9945 1516 2369 1085 915
9946 1082 1639 2199 786
9947 1082 1639 786 154
9948 641 1122 1448 2200
9949 1529 848 2201 2221
9950 1046 1984 2206 2226
9951 1046 460 1984 2226
9952 1361 1677 1706 2230
9953 1067 859 2201 2229
9954 794 142 2107 2204
9955 1173 316 2222 2230
9956 1038 1173 1679 2230
9957 1173 1538 1679 2230
9958 2129 2229 2201 859
9959 2024 1895 2072 492
9960 1085 1387 1538 2230
9961 2129 2229 272 2201
9962 1100 1674 2237 2252
9963 1085 1361 1706 2230
9964 317 1399 2370 2388
9965 2083 910 2014 900
9966 2012 2014 2083 2203
9967 2347 2349 2334 2319
9968 724 930 1907 2252
9969 2456 2375 2457 2459
9970 547 2107 2110 2204
9971 1102 547 2110 2204
9972 1018 772 1036 2205
9973 772 179 2131 2205
9974 1036 772 2131 2205
9975 1200 442 2190 2206
9976 581 458 2190 2206
9977 458 569 1984 2206
9978 2280 2276 1478 2265
9979 401 560 1042 2256
9980 401 558 560 2256
9981 940 768 1356 2227
9982 442 1200 1982 2206
9983 442 581 2190 2206
9984 581 442 979 2206
9985 979 442 2178 2206
9986 512 979 2178 2206
9987 409 581 979 2206
9988 409 458 581 2206
9989 458 409 569 2206
9990 442 512 1982 2178
9991 48 1717 1163 1283
9992 1148 1139 2173 2208
9993 998 1148 2173 2208
9994 2184 1139 2173 812
9995 1139 2184 2173 2208
9996 525 452 1171 2253
9997 1040 1007 1448 2220
9998 1200 1984 1998 2226
9999 1751 1963 2076 2210
10000 1751 868 1963 2210
10001 471 868 1751 2210
10002 471 1751 2076 2210
10003 1439 457 2202 2210
10004 457 1439 1795 2210
10005 201 471 2202 2210
10006 2202 1795 201 2210
10007 1795 2202 457 2210
10008 275 594 2180 2211
10009 594 275 1480 2211
10010 266 594 1480 2211
10011 1622 1186 2173 2212
10012 1622 2173 2184 2212
10013 1186 998 2173 2212
10014 2173 998 2208 2212
10015 2184 2173 2208 2212
10016 1531 58 2208 2212
10017 1991 1493 2253 2268
10018 1963 2076 2210 2219
10019 874 1439 2076 2219
10020 874 622 1439 2219
10021 621 874 2076 2219
10022 1963 621 2076 2219
10023 1439 1553 2210 2219
10024 868 1172 1950 2219
10025 868 1950 1963 2219
10026 491 930 1674 2214
10027 2452 2350 2429 2358
10028 2203 2201 2251 272
10029 1692 1416 2236 2239
10030 1529 1416 1692 2239
10031 1122 1692 2236 2239
10032 327 1877 1910 2217
10033 936 330 1826 2217
10034 762 330 1075 2217
10035 762 1075 1910 2217
10036 330 936 1075 2217
10037 1075 936 1910 2217
10038 2218 2270 2210 2076
10039 471 2202 2210 2218
10040 2076 471 2210 2218
10041 1170 979 2241 2245
10042 979 2123 2241 2245
10043 2028 2059 2241 2245
10044 1439 622 1553 2219
10045 622 1172 1553 2219
10046 1172 622 1579 2219
10047 874 1172 1579 2219
10048 622 874 1579 2219
10049 552 624 1814 2256
10050 640 786 1438 2243
10051 2199 2243 786 1639
10052 1029 433 1255 2249
10053 142 1966 2135 2247
10054 1448 1007 2200 2220
10055 496 1040 1448 2220
10056 496 1448 2200 2220
10057 818 875 1040 2220
10058 818 507 875 2220
10059 83 520 1321 2284
10060 1674 724 1758 2237
10061 1982 512 2206 2226
10062 1982 1200 1998 2226
10063 708 1067 1367 2229
10064 452 1029 1171 2253
10065 409 525 1171 2253
10066 1342 803 2176 2231
10067 1173 316 1859 2222
10068 642 2012 2014 2264
10069 803 1037 1321 413
10070 542 1042 1814 1807
10071 803 1029 2223 874
10072 413 803 1037 2223
10073 413 1172 1578 2223
10074 803 413 1578 2223
10075 1172 874 1578 2223
10076 874 803 1578 2223
10077 191 471 1751 2244
10078 1541 826 1630 2271
10079 2240 1173 1679 1755
10080 2012 1007 2203 2225
10081 2203 1007 2221 2225
10082 1567 512 1982 2226
10083 191 512 1567 2226
10084 512 191 1046 2226
10085 191 460 1046 2226
10086 193 460 1567 2226
10087 460 191 1567 2226
10088 651 913 1464 2227
10089 768 940 1464 2227
10090 1464 940 1696 2227
10091 465 800 944 2227
10092 944 800 1356 2227
10093 886 1028 2315 2337
10094 488 677 1054 2264
10095 1067 848 1367 2229
10096 695 848 1367 1458
10097 848 695 1367 2229
10098 1197 904 91 1108
10099 1538 1173 2222 2230
10100 1115 685 1614 2371
10101 1038 1387 1706 2230
10102 316 1173 1677 2230
10103 1173 53 1677 2230
10104 53 1038 1706 2230
10105 1038 53 1173 2230
10106 1387 1038 1679 2230
10107 1387 54 1706 2230
10108 843 2091 227 2378
10109 2002 1416 2132 2236
10110 1040 496 2089 2236
10111 2236 2002 1122 496
10112 1040 818 2220 2236
10113 1839 1899 2094 2232
10114 1839 1743 1899 2232
10115 1700 1743 1839 2232
10116 499 1257 2278 2293
10117 976 1564 2088 2233
10118 1228 421 2188 2233
10119 881 2195 976 2233
10120 976 881 1881 1393
10121 421 1228 2088 2233
10122 2262 1255 2249 2253
10123 127 1079 2185 2233
10124 2185 1079 2188 2233
10125 2233 1079 1228 467
10126 2233 1228 128 467
10127 127 467 1079 2233
10128 1079 2233 1228 2188
10129 128 976 2088 2233
10130 601 2234 488 1783
10131 2233 128 127 467
10132 976 127 1881 2233
10133 499 1378 2293 2295
10134 1029 452 1493 2253
10135 2271 1970 263 2275
10136 212 728 1682 2274
10137 457 212 667 2274
10138 682 677 2264 2283
10139 677 1622 1833 2283
10140 525 409 1099 2253
10141 452 525 1991 2253
10142 1282 2252 2259 2269
10143 496 2002 2132 2236
10144 537 17 1576 2240
10145 1173 2240 1679 1538
10146 2084 2091 2374 2376
10147 272 2129 2201 2251
10148 1561 1007 2221 2251
10149 1007 2203 2221 2251
10150 924 886 2315 2337
10151 2129 1561 2201 2251
10152 273 1007 1561 2251
10153 299 480 748 2303
10154 2255 847 2303 2246
10155 2359 2389 366 2385
10156 2354 1814 552 2092
10157 238 1328 843 228
10158 506 2183 2277 2308
10159 850 421 2187 2322
10160 1547 506 2277 2308
10161 1023 535 1941 2365
10162 2228 2289 298 2240
10163 2228 537 2289 2240
10164 2290 2014 1278 1431
10165 423 1278 1431 2290
10166 263 1970 2290 2275
10167 1576 17 1679 2240
10168 19 1576 1679 2240
10169 1288 1206 1755 2240
10170 298 1288 1755 2240
10171 1679 1538 17 1387
10172 1206 19 1755 2240
10173 19 1206 1576 2240
10174 263 1431 2014 2290
10175 1688 1671 1758 2250
10176 217 1354 1674 2250
10177 217 1674 1758 2250
10178 552 2029 2092 2261
10179 864 1652 1974 2261
10180 1186 1783 1930 2306
10181 1758 1674 2237 2250
10182 1354 1839 2094 2250
10183 2056 2092 2102 2261
10184 2390 2393 2397 2407
10185 2276 2280 1478 1022
10186 298 2155 2228 2263
10187 73 2158 2224 2242
10188 480 6 2289 2310
10189 2155 2222 2228 2263
10190 1751 471 2218 2244
10191 1046 512 2206 2245
10192 2436 2433 901 1188
10193 2059 1170 1873 621
10194 2241 2059 1170 2245
10195 2059 2241 1170 1990
10196 409 1170 1873 2245
10197 512 1046 2123 2245
10198 979 512 2123 2245
10199 409 569 2206 2245
10200 979 409 2206 2245
10201 569 409 1873 2245
10202 929 2060 2095 2165
10203 1170 2059 1873 2245
10204 1170 409 1189 2245
10205 979 1170 1189 2245
10206 409 979 1189 2245
10207 156 155 775 2246
10208 2231 2248 2090 83
10209 1037 1029 2125 2249
10210 433 1029 1037 2249
10211 728 212 2267 2274
10212 642 1306 1448 2254
10213 2254 1290 1306 1448
10214 1738 1547 1892 2277
10215 2045 1016 2276 2265
10216 1054 253 1630 2271
10217 1354 1100 1674 2250
10218 1674 1100 2237 2250
10219 1190 1688 2237 2250
10220 2272 2232 2292 2296
10221 1627 643 1945 2293
10222 1257 1612 1627 2293
10223 1612 643 1627 2293
10224 2250 1671 1494 1688
10225 1671 2250 1494 218
10226 1190 218 1494 2250
10227 1190 1494 1688 2250
10228 1671 1839 1354 2250
10229 1354 217 1671 2250
10230 1839 1671 218 2250
10231 2056 1522 2299 2321
10232 2290 1970 1620 2275
10233 589 2317 626 954
10234 1647 930 2214 2252
10235 1100 1647 2214 2252
10236 2214 1674 2252 930
10237 677 682 1622 2283
10238 782 1736 2005 2324
10239 457 1439 2270 2274
10240 1265 1257 1822 2278
10241 2267 457 2270 2274
10242 1439 449 2270 2274
10243 1265 1190 1688 2282
10244 433 1892 2065 2260
10245 1688 724 1841 2282
10246 1265 499 2278 2282
10247 2224 506 2260 2281
10248 532 1504 1686 2265
10249 1504 532 2045 2265
10250 1954 585 2288 2304
10251 1360 1910 1956 1724
10252 1935 2304 1021 1954
10253 2304 1935 1021 1353
10254 315 480 2246 2255
10255 585 1140 2288 2304
10256 558 401 624 2256
10257 624 401 1814 2256
10258 206 673 2265 2280
10259 1647 2252 2259 2355
10260 1493 2125 2242 2326
10261 945 248 1607 2340
10262 2155 2137 2228 2367
10263 2391 2297 2398 2400
10264 558 560 2323 2340
10265 1493 1164 2125 2326
10266 205 1022 1478 2280
10267 1647 1100 2084 2259
10268 2276 685 1478 1016
10269 2065 433 2260 2262
10270 6 1288 2289 2310
10271 2183 2125 2248 2273
10272 2235 1100 2252 2259
10273 457 1439 2202 2270
10274 263 2266 2271 2275
10275 2076 449 2213 2270
10276 643 1522 1627 2321
10277 1282 2252 2278 2282
10278 1974 1652 2259 2261
10279 2318 1924 434 1055
10280 2320 2069 2029 2261
10281 2069 2056 2102 2261
10282 2029 2069 2102 2261
10283 552 864 1974 2261
10284 2084 1974 2259 2261
10285 1522 2056 2061 2321
10286 2029 552 2084 2261
10287 552 1974 2084 2261
10288 2005 2216 2238 2324
10289 2110 1345 2133 2333
10290 1736 782 1845 2324
10291 582 2065 2158 2262
10292 2158 2065 2260 2262
10293 2242 2158 2260 2262
10294 646 205 2315 2337
10295 1519 582 2158 2262
10296 73 1519 2158 2262
10297 488 1370 1584 2264
10298 1584 1370 2050 2264
10299 1478 2276 1016 2265
10300 212 690 728 2267
10301 253 1541 1630 2271
10302 900 2012 2050 2264
10303 677 488 682 2264
10304 2183 83 2231 2284
10305 2197 642 2254 2264
10306 1583 1584 2050 2264
10307 1583 488 1584 2264
10308 2050 2012 2197 2264
10309 2012 642 2197 2264
10310 682 488 1583 2264
10311 682 1583 2254 2264
10312 1583 2197 2254 2264
10313 1583 2050 2197 2264
10314 216 685 1022 2276
10315 2055 1979 2058 2458
10316 216 1374 1512 2276
10317 1868 1138 2232 2272
10318 2242 2125 2273 2329
10319 1002 63 1519 2268
10320 2005 2238 2307 2324
10321 1766 1740 1803 2401
10322 1173 2240 2228 1755
10323 506 2183 2248 2273
10324 2270 2218 2210 2202
10325 2327 2255 2289 300
10326 449 569 2213 2270
10327 569 449 728 2270
10328 690 728 2267 2270
10329 569 202 2213 2270
10330 202 569 690 2270
10331 690 569 728 2270
10332 457 202 2267 2270
10333 202 457 2202 2270
10334 202 690 2267 2270
10335 2058 2468 2458 483
10336 1399 1637 2368 2386
10337 2272 1868 1700 2232
10338 2272 1700 1829 2292
10339 2242 2125 2249 2273
10340 2125 1037 2249 2273
10341 433 2242 2249 2273
10342 1037 433 2249 2273
10343 506 2224 2260 2273
10344 2224 506 2248 2273
10345 449 1439 1673 2274
10346 728 449 1673 2274
10347 1673 667 1682 2274
10348 728 1673 1682 2274
10349 212 457 2267 2274
10350 2269 2305 2291 1945
10351 2269 1282 2278 2291
10352 1829 1257 1857 2291
10353 1829 2269 2278 2291
10354 2275 2271 1054 2266
10355 2290 1970 1518 1620
10356 2264 1054 2266 2275
10357 677 1054 2264 2275
10358 1970 1054 1989 2275
10359 1620 1970 1989 2275
10360 1989 2275 2283 1620
10361 1054 677 1989 2275
10362 1829 1857 1945 2291
10363 1829 1945 2269 2291
10364 1374 206 1536 2276
10365 216 1022 1374 2276
10366 1190 1829 2235 2278
10367 2235 1829 2269 2278
10368 1839 2094 2250 2292
10369 2092 864 2261 2299
10370 2321 1492 1522 2299
10371 1700 1190 2292 2298
10372 2278 2269 2252 1282
10373 2254 682 2264 2283
10374 2148 2060 1415 2165
10375 642 2264 2275 2283
10376 1620 642 2275 2283
10377 2275 1989 2283 677
10378 1547 1892 2277 2281
10379 506 1547 2277 2281
10380 2260 506 2277 2281
10381 1892 2260 2277 2281
10382 1892 23 2065 2281
10383 2065 23 2158 2281
10384 2065 2260 2281 2158
10385 499 1282 2278 2282
10386 1282 499 2252 2282
10387 1907 724 2252 2282
10388 499 1907 2252 2282
10389 1333 1688 1841 2282
10390 724 1012 1841 2282
10391 499 1265 1333 2282
10392 1333 1265 1688 2282
10393 1012 724 1907 2282
10394 499 1012 1907 2282
10395 1012 1333 1841 2282
10396 1012 499 1333 2282
10397 1476 1738 2183 2284
10398 2261 2056 2299 2309
10399 1652 2299 2305 2309
10400 1652 2261 2299 2309
10401 1321 520 1476 2284
10402 1321 1476 2183 2284
10403 2071 1063 2194 2286
10404 455 1012 1585 2288
10405 1012 700 1585 2288
10406 998 1455 1783 2306
10407 850 421 2322 2334
10408 421 850 1564 2334
10409 891 747 2143 2334
10410 585 1140 2038 2288
10411 585 1012 1954 2288
10412 663 1033 1378 2295
10413 2321 1492 2299 643
10414 2443 2399 2453 2467
10415 663 499 1282 2295
10416 2309 2269 2320 1138
10417 1899 2094 2232 2296
10418 2224 2242 2273 2329
10419 2094 1899 2106 2296
10420 2314 2326 2339 2343
10421 2326 1164 2339 2343
10422 497 1002 2314 2343
10423 2305 2269 2291 1282
10424 1981 585 2038 2288
10425 700 1981 2038 2288
10426 1012 1981 2288 585
10427 30 2047 1811 2078
10428 398 2288 1981 700
10429 2199 2255 2243 1639
10430 8 480 640 2289
10431 537 8 640 2289
10432 2361 975 2396 2434
10433 2228 2289 1297 298
10434 300 2255 2199 1639
10435 300 1297 2199 2289
10436 2280 2315 2312 2265
10437 298 1288 2240 2289
10438 1140 2288 2304 2311
10439 480 6 748 2289
10440 1140 2287 2288 2311
10441 2297 2311 2071 2294
10442 298 748 1288 2289
10443 748 6 1288 2289
10444 1754 540 1322 1159
10445 1829 1190 2235 2292
10446 2235 1190 2237 2292
10447 2237 1190 2250 2292
10448 2094 2235 2237 2292
10449 2094 2237 2250 2292
10450 864 1652 2261 2299
10451 1829 2235 2272 2292
10452 2272 1700 2292 2232
10453 1822 1190 1829 2292
10454 1700 1822 1829 2292
10455 2232 2094 2292 2296
10456 1353 817 2417 2422
10457 2305 1945 2309 2321
10458 2072 2017 1947 1415
10459 547 1345 2110 2333
10460 1353 508 2302 2346
10461 1001 839 1766 2405
10462 298 1297 2155 2327
10463 2432 2399 2443 2467
10464 903 1740 2451 2453
10465 405 1528 2399 2467
10466 468 750 417 232
10467 2327 2255 300 748
10468 1871 508 2294 2302
10469 2285 1871 2294 2302
10470 2286 2302 1140 2285
10471 2316 2030 2317 2331
10472 2316 2318 2319 2331
10473 2248 2224 2273 2329
10474 1689 2047 1784 2078
10475 1190 218 2292 2298
10476 218 1190 1494 2298
10477 1190 484 1494 2298
10478 1124 553 2134 2365
10479 1186 998 1783 2306
10480 1209 1103 1789 2306
10481 348 1070 1433 1325
10482 1209 1789 1930 2306
10483 2436 2433 1701 901
10484 2352 558 2353 2364
10485 494 850 2381 2382
10486 1789 1186 1930 2306
10487 1033 643 2295 2300
10488 2058 635 2458 2474
10489 2195 120 1033 1393
10490 747 2349 2128 2351
10491 2349 747 2128 891
10492 1528 1740 2335 2453
10493 539 2443 2453 2467
10494 2422 405 2399 2432
10495 539 2432 2443 2467
10496 1399 318 1637 2386
10497 692 481 824 2364
10498 903 2416 2399 2422
10499 398 2128 2349 2351
10500 2362 2300 431 2372
10501 299 2255 480 2303
10502 299 2255 2303 2246
10503 1140 1625 2302 2304
10504 2323 2256 2325 2344
10505 673 2315 2265 2312
10506 1140 585 1500 2304
10507 1140 1500 1625 2304
10508 121 1353 1625 2304
10509 121 1021 1353 2304
10510 585 121 1500 2304
10511 121 585 1021 2304
10512 1500 121 1625 2304
10513 537 8 2289 2310
10514 2306 1479 1455 1783
10515 1103 1479 1209 44
10516 558 934 2340 2353
10517 481 247 934 2353
10518 1051 2369 554 2373
10519 1128 1399 1637 2370
10520 558 481 934 2364
10521 824 626 2360 2364
10522 843 228 1328 2376
10523 481 740 2353 2364
10524 481 558 824 2364
10525 1945 1138 2269 2309
10526 1504 1686 2473 2493
10527 2316 2345 2318 2317
10528 2001 421 2319 2322
10529 1184 421 2001 2322
10530 1184 2001 2319 2322
10531 6 18 1288 2310
10532 1206 18 1665 2310
10533 18 1206 1288 2310
10534 1576 1206 1665 2310
10535 7 1576 1665 2310
10536 2363 2301 2423 2425
10537 1225 2323 2340 2352
10538 1347 1700 2313 2298
10539 1109 238 2051 2344
10540 560 1109 1526 2344
10541 300 1297 2289 2327
10542 72 497 2314 2343
10543 298 748 2289 2327
10544 2155 538 2263 2327
10545 300 538 1331 2327
10546 538 1297 1331 2327
10547 525 581 2013 2338
10548 525 63 2336 2338
10549 20 918 1099 2338
10550 2315 1686 2265 532
10551 2315 1686 532 648
10552 2181 103 764 1464
10553 195 648 673 2315
10554 20 598 918 2338
10555 1099 525 2336 2338
10556 915 525 2013 2338
10557 418 915 2013 2338
10558 581 418 2013 2338
10559 205 886 2312 2315
10560 886 195 2312 2315
10561 886 205 924 2315
10562 195 673 2312 2315
10563 2249 2242 2262 2341
10564 571 1528 1740 2335
10565 700 377 1063 2342
10566 2342 547 823 377
10567 547 1345 2333 2342
10568 2330 2323 238 2344
10569 238 1221 2051 2344
10570 2319 398 2349 2351
10571 1899 2106 2296 2320
10572 2235 2259 2269 2320
10573 2396 975 2408 2423
10574 2477 2481 2366 2459
10575 2235 1100 2259 2320
10576 1100 2084 2259 2320
10577 2029 2084 2106 2320
10578 2309 2069 2320 2261
10579 1100 2235 2296 2320
10580 781 31 1898 2472
10581 405 2393 2411 2444
10582 2398 2328 2401 2413
10583 2325 1328 2344 2354
10584 871 1328 2102 2354
10585 1188 2436 2455 2472
10586 1164 2090 2326 2339
10587 2084 1100 2106 2320
10588 1723 1143 704 503
10589 2232 1899 2296 2320
10590 2084 2029 2261 2320
10591 2259 2084 2261 2320
10592 954 850 2187 2322
10593 1493 2242 2249 2341
10594 1493 2249 2262 2341
10595 560 2323 2330 2344
10596 1917 491 1055 1924
10597 491 1055 2318 2331
10598 2279 2330 1225 2323
10599 1328 552 2092 2354
10600 1184 1055 2172 2331
10601 1917 2030 2172 2331
10602 382 1736 1845 2324
10603 782 382 1845 2324
10604 382 1168 1736 2324
10605 1736 1168 2008 2324
10606 539 2458 2468 2476
10607 2324 1865 382 2435
10608 429 2406 2408 2436
10609 429 2455 2380 1898
10610 2008 2036 2439 2440
10611 429 2408 2423 2436
10612 975 2361 2396 2397
10613 2361 2191 2390 2397
10614 930 1647 2345 2348
10615 930 2345 2347 2348
10616 975 1865 2403 2415
10617 1701 2399 2416 2422
10618 843 238 2279 2325
10619 558 2340 2352 2353
10620 930 1647 2214 2345
10621 73 2326 2332 2341
10622 2323 560 2330 2340
10623 248 1109 1499 2330
10624 560 248 1499 2330
10625 772 2415 526 384
10626 525 63 2268 2336
10627 398 2318 2319 2347
10628 891 1981 2128 2349
10629 850 2319 2322 2347
10630 1099 2253 2262 2336
10631 1099 525 2253 2336
10632 63 1519 2268 2336
10633 582 1099 2262 2336
10634 2253 525 2268 2336
10635 247 1225 2340 2353
10636 954 850 2322 2347
10637 2319 850 2334 2347
10638 980 1121 2090 2339
10639 2030 491 2317 2331
10640 2317 491 2318 2331
10641 2316 2317 2318 2331
10642 700 1063 2287 2342
10643 2194 377 2333 2342
10644 1770 2015 388 1977
10645 2252 1647 2348 2355
10646 2333 2107 1941 873
10647 2107 547 2110 2333
10648 2333 2154 2107 873
10649 2133 2146 2150 2333
10650 2146 873 2150 2333
10651 2194 1941 2333 377
10652 449 874 1673 1439
10653 2216 2333 2146 2194
10654 2194 2146 2286 2333
10655 1002 497 1991 2343
10656 2314 1002 2332 2343
10657 2462 1979 1174 2057
10658 377 547 1941 2333
10659 72 1474 1991 2343
10660 1907 2252 2348 2355
10661 1931 2356 367 535
10662 2170 956 2145 2157
10663 2133 2146 2286 2285
10664 2091 2084 2106 2376
10665 2396 975 2423 2434
10666 1973 494 1981 2334
10667 1981 2334 891 1973
10668 1519 582 2262 2336
10669 72 980 1474 2339
10670 401 558 934 2340
10671 401 934 945 2340
10672 1121 2314 2326 2339
10673 560 2256 2344 2354
10674 63 582 1519 2336
10675 980 1164 1474 2339
10676 1328 238 2325 2344
10677 1210 772 1747 2404
10678 1023 646 2315 2337
10679 909 1714 1059 1426
10680 1028 2315 1023 1168
10681 886 1532 1678 2337
10682 204 924 1475 2337
10683 1028 1023 535 1168
10684 2315 1028 1023 2337
10685 1475 366 1678 2337
10686 1532 1475 1678 2337
10687 204 886 924 2337
10688 204 1475 1532 2337
10689 886 204 1532 2337
10690 20 63 598 2338
10691 63 20 582 2338
10692 934 247 945 2340
10693 945 247 1232 2340
10694 248 945 1232 2340
10695 248 1225 2330 2340
10696 248 247 1225 2340
10697 247 248 1232 2340
10698 663 1282 1907 2355
10699 1519 73 2332 2341
10700 1063 2194 2286 2342
10701 2286 2194 2333 2342
10702 2133 2286 2333 2342
10703 2133 1140 2286 2342
10704 1345 2133 2333 2342
10705 1345 823 2128 2342
10706 823 700 2128 2342
10707 1500 1140 2133 2342
10708 1345 1500 2133 2342
10709 1500 1345 2038 2342
10710 1140 1500 2038 2342
10711 2287 1140 2288 2342
10712 1140 2038 2288 2342
10713 2038 1345 2128 2342
10714 700 2038 2128 2342
10715 700 2287 2288 2342
10716 2038 700 2288 2342
10717 554 2137 2155 2367
10718 2398 2401 2412 2413
10719 663 1907 2348 2355
10720 238 1109 2330 2344
10721 747 2319 2349 2351
10722 1023 2337 2359 646
10723 1025 1124 1201 2359
10724 364 553 1025 2359
10725 2301 2307 2423 2425
10726 2297 2071 2400 2431
10727 2316 954 2322 2347
10728 2319 2316 2322 2347
10729 2316 2347 2345 954
10730 2318 2316 2319 2347
10731 398 930 2318 2347
10732 2318 930 2345 2347
10733 2300 2362 431 864
10734 930 398 1907 2347
10735 2350 2294 2346 2358
10736 1981 398 2128 2349
10737 1124 367 1201 2356
10738 1941 1124 2134 2365
10739 1538 2222 2228 2367
10740 2360 2352 2364 2374
10741 2483 1911 627 198
10742 1564 850 2195 2381
10743 700 823 2128 2351
10744 398 700 2128 2351
10745 2128 747 1461 891
10746 700 398 930 2351
10747 235 587 2006 1298
10748 747 1055 2319 2351
10749 434 700 930 2351
10750 700 434 823 2351
10751 2028 464 1751 1056
10752 2318 398 2319 2351
10753 1055 2318 2319 2351
10754 2318 434 930 2351
10755 930 398 2318 2351
10756 2452 2350 2294 2301
10757 1652 1647 2355 2362
10758 2029 1899 2106 2376
10759 1328 1899 2029 2376
10760 560 1042 2256 2354
10761 1042 560 1526 2354
10762 1225 237 2279 2352
10763 1986 871 2092 2354
10764 781 2446 2455 2461
10765 2092 871 2102 2354
10766 2256 2325 2344 2354
10767 1814 1986 2092 2354
10768 1814 1042 1986 2354
10769 2256 552 2325 2354
10770 552 1328 2325 2354
10771 1907 1282 2252 2355
10772 535 1028 1450 2356
10773 366 1028 2337 2356
10774 1028 366 1450 2356
10775 1931 2356 1450 1201
10776 1899 228 2106 2376
10777 547 377 1941 2365
10778 535 1023 2359 2365
10779 366 1201 1450 2356
10780 318 1361 1637 2386
10781 418 2137 1538 537
10782 1931 2356 535 1450
10783 635 571 1685 2410
10784 1685 1766 2405 2410
10785 2395 1308 2408 2415
10786 2389 591 646 1385
10787 1663 2377 475 1051
10788 546 931 167 170
10789 2345 954 2348 2362
10790 2362 2347 954 2348
10791 475 2368 2369 2373
10792 864 431 1974 2362
10793 903 1353 2346 2422
10794 1735 2195 1523 1033
10795 535 1023 2356 2359
10796 1124 535 2356 2359
10797 817 2417 2422 2433
10798 2301 1428 2425 2442
10799 431 1033 2195 2381
10800 2201 2203 2251 2221
10801 843 1328 2325 2376
10802 316 1399 2368 2386
10803 1677 316 2368 2386
10804 1361 1677 2368 2386
10805 592 236 692 2360
10806 592 2364 692 824
10807 553 1124 2359 2365
10808 692 236 740 2360
10809 237 549 2357 2360
10810 549 237 740 2360
10811 236 549 740 2360
10812 718 1536 1734 2410
10813 382 2324 2435 2440
10814 1210 571 1621 2430
10815 558 934 2353 2364
10816 558 626 824 2364
10817 1647 2345 2348 2362
10818 1647 1974 2345 2362
10819 1100 2091 2106 2378
10820 2155 2367 2368 2373
10821 2383 2367 2155 2373
10822 2395 566 2411 2426
10823 571 1528 2335 2428
10824 733 183 2080 2485
10825 405 1188 2432 2433
10826 481 692 740 2364
10827 740 237 2353 2364
10828 553 547 2134 2365
10829 398 1907 2347 2382
10830 377 1614 1729 2365
10831 1331 2370 2377 2383
10832 1023 646 2359 2365
10833 431 1033 2300 1523
10834 823 553 1614 2365
10835 377 823 1614 2365
10836 2372 663 2381 2382
10837 1378 663 1907 2382
10838 2372 2382 2348 663
10839 1293 33 1898 2380
10840 2387 2380 2459 2477
10841 2422 817 2432 2443
10842 543 817 903 2443
10843 2428 571 2430 2450
10844 663 1033 2372 2381
10845 538 1297 2155 2383
10846 1082 1639 1398 2199
10847 1504 1734 2045 2450
10848 2256 558 2352 2374
10849 1085 1361 2230 2368
10850 1614 685 1729 2371
10851 685 646 1729 2371
10852 316 2155 2222 2368
10853 2222 2155 2367 2368
10854 553 364 591 2371
10855 709 1115 1614 2371
10856 2121 1051 1765 2377
10857 2469 2380 2387 2477
10858 2348 2382 2347 1907
10859 1652 2295 2300 2372
10860 316 2222 2230 2368
10861 2230 2222 2367 2368
10862 894 1749 2380 2387
10863 1677 316 2230 2368
10864 1361 1677 2230 2368
10865 646 2359 2365 2371
10866 215 591 646 2371
10867 475 1637 2368 2370
10868 228 2106 2376 2378
10869 552 2256 2325 2374
10870 1025 364 2359 2389
10871 2359 1475 646 2337
10872 1049 317 1399 2370
10873 1595 621 449 1029
10874 807 712 174 1656
10875 2372 2348 2355 663
10876 2362 2347 2348 2372
10877 2207 787 996 1069
10878 954 850 2347 2372
10879 2355 2295 2372 663
10880 284 1653 1373 1419
10881 843 2091 2357 227
10882 2376 2091 843 2378
10883 2091 2376 843 2374
10884 1051 475 2373 2377
10885 626 552 2084 2374
10886 626 2084 2091 2374
10887 1862 257 1762 1626
10888 1663 942 2370 2377
10889 1703 2121 2151 2377
10890 237 2279 2352 2374
10891 237 2352 2360 2374
10892 2357 237 2360 2374
10893 2091 2357 2360 2374
10894 626 2091 2360 2374
10895 2091 843 2357 2374
10896 2377 2151 1663 942
10897 1765 554 2121 2377
10898 237 843 2279 2374
10899 843 237 2357 2374
10900 552 2029 2084 2376
10901 2084 2029 2106 2376
10902 15 1003 1457 1891
10903 2121 1051 1703 1765
10904 1293 435 2379 2384
10905 782 1845 1865 2384
10906 2377 1663 475 2370
10907 1293 429 1865 2384
10908 894 1293 2379 2384
10909 1845 782 2379 2384
10910 1354 1100 2094 2378
10911 2094 1100 2106 2378
10912 1701 2416 2417 2422
10913 1823 903 2215 2451
10914 1011 2361 2393 2429
10915 1528 1011 2335 2390
10916 1845 782 2087 2379
10917 1781 1845 2087 2379
10918 894 143 2375 2379
10919 143 894 1785 2379
10920 2423 2436 2441 2447
10921 2473 2492 526 2494
10922 2366 2423 2441 2447
10923 1355 1033 1378 2381
10924 494 1355 1378 2381
10925 1033 663 1378 2381
10926 2137 554 2155 2383
10927 1297 2137 2155 2383
10928 1223 2462 2475 1979
10929 494 1907 1981 2382
10930 494 1981 2334 2382
10931 2334 1981 2349 2382
10932 1475 2359 366 2337
10933 1981 398 2349 2382
10934 1166 1228 1079 467
10935 1331 2121 2199 2383
10936 1297 1331 2199 2383
10937 554 1726 2121 2383
10938 1346 1853 1199 1305
10939 2383 1726 2137 554
10940 1726 1297 2199 2383
10941 2121 1726 2199 2383
10942 435 1293 1865 2384
10943 435 1845 2379 2384
10944 1845 435 1865 2384
10945 635 516 1740 2458
10946 2448 1621 571 2430
10947 366 2359 2356 2337
10948 169 1593 1642 1759
10949 1966 143 2087 2460
10950 782 2087 2379 2460
10951 1859 538 2155 2388
10952 316 1859 2155 2388
10953 1399 316 2368 2388
10954 1399 2368 2370 2388
10955 2373 2155 2383 2388
10956 2370 2373 2383 2388
10957 2370 2368 2373 2388
10958 316 2155 2368 2388
10959 2368 2155 2373 2388
10960 2382 2372 2348 2347
10961 975 2394 2403 2435
10962 1175 196 1621 2448
10963 406 566 1308 2406
10964 1734 1536 2276 2405
10965 1111 712 577 2438
10966 2285 2146 2286 2466
10967 1766 2402 2405 2420
10968 2403 526 2492 2494
10969 1734 1536 2405 2410
10970 2358 1011 2361 2391
10971 1803 903 2328 2401
10972 1685 1740 1766 2414
10973 1528 1011 2390 2393
10974 2071 1585 2311 2413
10975 2192 2068 2297 2392
10976 2297 2068 2391 2392
10977 2350 1011 2393 2429
10978 2309 2320 2259 2261
10979 2358 2297 2391 2392
10980 2361 2358 2391 2392
10981 1946 2107 2204 2154
10982 1036 577 2131 2438
10983 2297 2409 2413 2424
10984 2192 2068 2392 2421
10985 1528 405 2393 2407
10986 1979 2035 2057 2463
10987 2401 2335 2412 2414
10988 1001 455 1585 2402
10989 757 2130 2432 2463
10990 2404 1210 2407 2411
10991 1865 975 2408 2415
10992 1871 508 1915 2442
10993 2361 2390 2393 2397
10994 2335 2398 2401 2412
10995 2297 2294 2358 2409
10996 2307 2324 2434 2435
10997 2403 382 2435 2440
10998 1865 975 2403 2435
10999 1766 2400 2402 2420
11000 521 1166 1550 2495
11001 588 675 1550 2495
11002 2398 2391 2400 2412
11003 2390 1528 2393 2407
11004 1011 2350 2358 2429
11005 1011 2346 2350 2416
11006 2346 2328 2409 2424
11007 455 1001 1766 2402
11008 905 1001 2402 2405
11009 1536 1374 2276 2405
11010 1001 1766 2402 2405
11011 975 2397 2408 2419
11012 2437 2297 2192 925
11013 2350 2452 2429 2301
11014 1374 1512 2276 2405
11015 912 406 1188 2427
11016 1740 571 2335 2414
11017 912 691 1389 2427
11018 2071 2297 2400 2413
11019 1766 1740 2401 2414
11020 2068 2400 2414 2420
11021 1412 635 1685 2410
11022 2394 2191 2397 2419
11023 2410 571 2414 2450
11024 2366 429 2384 2423
11025 1528 1011 2393 2399
11026 405 1528 2393 2399
11027 1011 1528 2335 2399
11028 483 1210 1852 2476
11029 1168 2008 2324 2440
11030 2361 2358 2392 2437
11031 2459 2387 2477 2491
11032 2471 133 2480 2489
11033 2328 1011 2335 2399
11034 903 2328 2335 2399
11035 675 570 2497 2496
11036 2057 757 2462 2463
11037 1766 2410 2414 2420
11038 2366 2423 2425 2441
11039 903 1740 2335 2401
11040 1740 903 1803 2401
11041 2375 453 2457 2460
11042 2071 2400 2402 2413
11043 2366 2425 2449 2478
11044 2192 2392 2394 2421
11045 1036 384 2418 2438
11046 2391 2068 2412 2414
11047 2400 2398 2412 2413
11048 1011 2328 2398 2409
11049 2146 1428 2238 2466
11050 2435 2324 2439 2440
11051 1308 566 2395 2406
11052 975 2307 2434 2435
11053 975 2394 2397 2419
11054 2358 1011 2391 2409
11055 2350 1701 2393 2416
11056 903 1740 2215 2451
11057 2394 975 2403 2419
11058 526 2403 2415 2419
11059 382 577 648 2418
11060 1504 532 1686 2493
11061 2346 2350 2416 2417
11062 1111 577 1787 2418
11063 691 1389 2427 2432
11064 1011 2393 2399 2416
11065 901 2417 2482 2433
11066 384 526 1036 2415
11067 526 566 772 2404
11068 772 566 1747 2404
11069 1011 2328 2346 2416
11070 1011 2350 2393 2416
11071 2328 1011 2399 2416
11072 1001 905 1512 2405
11073 1374 1508 2405 1441
11074 839 207 1685 2405
11075 207 839 1441 2405
11076 1508 1001 1512 2405
11077 1037 2273 2277 433
11078 1441 839 1508 2405
11079 839 1001 1508 2405
11080 1441 1374 1536 2405
11081 207 1441 1536 2405
11082 2454 2446 2469 2477
11083 2398 2328 2413 2424
11084 1308 429 2406 2408
11085 2395 1308 2406 2408
11086 382 1168 2324 2440
11087 2361 2394 2434 2437
11088 526 2473 2430 2490
11089 2392 2192 2394 2437
11090 207 1685 2405 2410
11091 1536 207 2405 2410
11092 635 1412 1445 2410
11093 571 635 1445 2410
11094 207 1412 1685 2410
11095 1412 718 1445 2410
11096 718 1412 1536 2410
11097 1412 207 1536 2410
11098 1210 1747 1852 2411
11099 133 2477 2481 2487
11100 2447 901 2454 2455
11101 2393 2397 2407 2411
11102 405 2393 2407 2411
11103 2335 2391 2412 2414
11104 1685 571 1740 2414
11105 2474 2115 1685 516
11106 2068 2400 2412 2414
11107 2396 2301 2429 2434
11108 2350 2393 2396 2429
11109 1766 455 2402 2413
11110 455 1585 2402 2413
11111 1585 455 2311 2413
11112 2480 2454 2487 2488
11113 2328 455 2401 2413
11114 817 757 2432 2443
11115 2238 2301 2434 2452
11116 1836 1871 1915 2442
11117 455 1766 2401 2413
11118 2401 1766 2412 2413
11119 1685 1766 2410 2414
11120 571 1685 2410 2414
11121 150 968 1977 2495
11122 2393 2361 2396 2429
11123 140 737 968 2495
11124 772 2415 384 566
11125 566 384 1308 2415
11126 2404 566 2415 526
11127 2415 2404 526 2419
11128 577 1036 2418 2438
11129 757 691 817 2432
11130 2426 405 2432 2467
11131 1223 1979 2475 2483
11132 1528 2335 2399 2453
11133 586 627 2483 1223
11134 733 2058 1979 2483
11135 2350 508 2363 2417
11136 1701 2350 2363 2417
11137 840 183 2082 2485
11138 2058 733 2080 2485
11139 2441 2442 2478 2480
11140 1865 382 2403 2418
11141 435 2418 1787 1865
11142 1308 1865 2415 2418
11143 384 1308 2415 2418
11144 197 635 2162 2474
11145 2423 2363 2425 2441
11146 2057 2035 2130 2463
11147 2418 1308 435 856
11148 856 384 1111 2418
11149 384 856 1308 2418
11150 1308 2418 435 1865
11151 2405 1734 2410 2420
11152 1766 2405 2410 2420
11153 905 1734 2405 2420
11154 2402 905 2405 2420
11155 405 1188 2433 2444
11156 539 1389 2035 2432
11157 1188 691 2427 2432
11158 1855 198 1911 2474
11159 817 2472 132 2433
11160 1915 1153 2478 2480
11161 2361 2396 2429 2434
11162 2396 2363 2423 2436
11163 648 2403 2418 2492
11164 925 2238 2452 2466
11165 691 817 2432 2433
11166 1188 691 2432 2433
11167 1871 1428 2301 2442
11168 2408 2396 2423 2436
11169 2335 1528 2390 2428
11170 1188 406 2406 2426
11171 975 1865 2408 2423
11172 1865 975 2307 2423
11173 1865 2307 2384 2423
11174 429 1865 2384 2423
11175 455 2311 2413 2424
11176 2328 455 2413 2424
11177 1935 2424 2304 455
11178 1353 2302 2304 2424
11179 2304 2302 2311 2424
11180 2424 1935 2304 1353
11181 455 2304 2311 2424
11182 2363 2425 2441 2442
11183 2045 2420 2431 2450
11184 2446 2380 2477 2455
11185 2414 2068 2420 2450
11186 1852 405 2411 2426
11187 2411 1747 2426 566
11188 2192 2431 2297 2068
11189 2191 2390 2407 2428
11190 2390 2191 2392 2428
11191 2068 2392 2421 2428
11192 566 1098 1747 2426
11193 1747 1098 1852 2426
11194 1245 683 565 68
11195 571 2335 2414 2428
11196 2391 2390 2392 2428
11197 2130 2035 2432 2463
11198 691 912 1188 2427
11199 2068 2391 2392 2428
11200 1210 2191 2407 2428
11201 571 1210 1528 2428
11202 1528 1210 2407 2428
11203 2335 2391 2414 2428
11204 2335 2390 2391 2428
11205 2393 1701 2396 2444
11206 975 2361 2394 2434
11207 1952 2299 2056 1522
11208 975 2307 2423 2434
11209 2470 2465 2472 2479
11210 757 2057 2130 2463
11211 1740 516 2215 2451
11212 2027 1663 987 475
11213 733 840 2082 2485
11214 721 121 2482 2486
11215 635 1412 1685 2474
11216 2307 782 2384 2449
11217 2191 1210 2404 2430
11218 526 2191 2404 2430
11219 1210 526 2404 2430
11220 2379 2375 2459 2460
11221 1428 2005 2449 2457
11222 2005 1428 2074 2457
11223 1428 2307 2425 2449
11224 2005 782 2307 2449
11225 2426 1188 2427 2432
11226 405 1188 2426 2432
11227 539 1389 2467 2468
11228 2035 1389 2130 2432
11229 1389 691 2130 2432
11230 539 1979 2458 2464
11231 691 757 2130 2432
11232 1098 2426 2427 2432
11233 1389 1098 2427 2432
11234 1098 1389 2055 2468
11235 483 1817 2055 2468
11236 1389 539 2035 2468
11237 2387 133 2469 2477
11238 1111 577 2418 2438
11239 1111 384 1793 2438
11240 2335 903 2399 2453
11241 577 177 2131 2438
11242 712 2075 2131 2438
11243 1621 2448 571 1175
11244 198 1911 2058 2483
11245 177 712 2131 2438
11246 384 1036 2131 2438
11247 2453 539 2458 2464
11248 2403 2435 2439 2440
11249 2366 429 2423 2447
11250 2403 2492 2493 2494
11251 1852 2467 2468 2476
11252 133 2456 2481 2491
11253 1898 1188 2436 2455
11254 2447 2455 429 2436
11255 2436 901 2447 2455
11256 2478 2487 2481 2366
11257 1979 539 2035 2463
11258 177 577 712 2438
11259 1793 712 2101 2438
11260 1111 1793 2101 2438
11261 1793 384 2075 2438
11262 712 1793 2075 2438
11263 2324 2434 2435 2439
11264 2473 2421 2494 2430
11265 867 543 2451 2462
11266 133 2471 2480 2481
11267 2008 925 2238 2439
11268 2008 2238 2324 2439
11269 2238 925 2434 2439
11270 2324 2238 2434 2439
11271 2294 2297 2358 2452
11272 988 718 1734 2448
11273 2082 2483 840 733
11274 782 2449 2457 2459
11275 2477 133 2481 2491
11276 2363 2423 2436 2441
11277 2399 2422 2432 2443
11278 483 1852 2468 2476
11279 1098 2426 2432 2467
11280 901 1188 2433 2472
11281 508 2301 2363 2442
11282 2363 2301 2425 2442
11283 2433 901 2472 2479
11284 2455 2470 2472 2479
11285 31 1188 1898 2472
11286 1979 2058 2475 2483
11287 2399 903 2422 2443
11288 925 2238 2434 2452
11289 925 2434 2437 2452
11290 1852 2426 2467 405
11291 1210 1528 1852 2476
11292 757 2432 2443 2463
11293 2449 2366 2481 2459
11294 2363 2444 1701 2436
11295 2408 2396 2436 2444
11296 2411 2395 2426 2444
11297 405 2411 2426 2444
11298 2397 2395 2411 2444
11299 2393 2397 2411 2444
11300 2395 2397 2408 2444
11301 2393 2396 2397 2444
11302 2397 2396 2408 2444
11303 429 2380 2366 2384
11304 2380 429 2366 2447
11305 2371 364 646 2359
11306 2297 2413 2311 2424
11307 1428 2425 2442 2478
11308 898 588 1087 2495
11309 2286 2194 2294 2466
11310 1749 1898 2380 2455
11311 2058 198 2162 2474
11312 1911 198 2058 2474
11313 2387 133 2477 2491
11314 988 196 1175 2448
11315 718 988 1175 2448
11316 2384 2366 2423 2449
11317 2307 2384 2423 2449
11318 2375 2387 2459 2491
11319 635 483 2058 2458
11320 143 2375 2379 2460
11321 2005 782 2449 2457
11322 2480 133 2481 2487
11323 2068 2045 2431 2450
11324 2414 571 2428 2450
11325 2068 2414 2428 2450
11326 1504 2068 2421 2450
11327 2421 2068 2428 2450
11328 2421 2428 2430 2450
11329 1504 2421 2430 2450
11330 2448 2410 1734 2450
11331 2448 571 2450 2430
11332 2301 2429 2434 2452
11333 2429 2358 2437 2452
11334 2434 2429 2437 2452
11335 1740 516 2451 2453
11336 1979 2468 2458 2055
11337 2035 539 2055 2468
11338 508 2363 2417 2482
11339 2380 2366 2459 2477
11340 2447 2380 2455 2477
11341 1389 2035 2055 2468
11342 2454 2445 2470 2479
11343 2454 2447 2477 2487
11344 132 2433 2479 2482
11345 2384 2379 2387 2459
11346 2379 2375 2387 2459
11347 2366 2449 2481 2478
11348 2442 1915 2478 2480
11349 570 363 1977 2495
11350 133 2445 2446 2454
11351 1036 2490 1686 2492
11352 2436 901 2455 2472
11353 2445 2488 2454 2489
11354 2443 2451 2462 2464
11355 543 2443 2451 2462
11356 516 867 2451 2464
11357 1428 1836 2457 2478
11358 483 1098 1817 2468
11359 1153 453 2074 2457
11360 2490 1036 1686 618
11361 1898 1188 2455 2472
11362 2455 2454 2470 2479
11363 1836 1153 2074 2457
11364 1428 1836 2074 2457
11365 2005 2074 2135 2457
11366 782 2005 2135 2457
11367 31 781 1898 2461
11368 453 1153 2456 2457
11369 2375 453 2456 2457
11370 901 2454 2479 2488
11371 2447 2366 2477 2487
11372 2453 539 2467 2476
11373 867 939 1223 2475
11374 2458 2058 2474 2475
11375 817 2417 2433 2482
11376 1098 483 1852 2468
11377 2375 2457 2459 2460
11378 2135 782 2457 2460
11379 453 1966 2135 2460
11380 453 2135 2457 2460
11381 2087 782 2135 2460
11382 1966 2087 2135 2460
11383 1979 539 2463 2464
11384 2462 1174 1223 867
11385 757 719 2057 2462
11386 719 543 867 2462
11387 543 719 757 2462
11388 183 733 2082 2485
11389 311 2178 1437 605
11390 69 393 888 1180
11391 1504 2448 1734 2450
11392 1977 675 150 2495
11393 516 2453 2458 2464
11394 516 2451 2453 2464
11395 2443 2462 2463 2464
11396 539 2443 2463 2464
11397 1528 2453 2467 2476
11398 2453 1740 2458 2476
11399 737 570 1977 2495
11400 2448 2430 2450 2473
11401 2430 1504 2450 2473
11402 140 588 898 2495
11403 2459 2477 2481 2491
11404 508 2294 2301 2466
11405 1871 508 2301 2466
11406 508 1871 2294 2466
11407 1428 1871 2301 2466
11408 1871 1428 2146 2466
11409 1871 2146 2285 2466
11410 1871 2285 2294 2466
11411 817 1353 2417 2482
11412 1389 1098 2432 2467
11413 539 1389 2432 2467
11414 2478 2487 2441 2480
11415 2442 2488 2482 1915
11416 133 2456 2471 2481
11417 2446 133 2454 2469
11418 1836 1153 2457 2478
11419 121 855 1625 2482
11420 2449 1428 2457 2478
11421 2058 2468 483 2055
11422 636 776 1812 2047
11423 2446 2380 2455 1749
11424 2328 2416 903 2346
11425 2469 2380 1749 2387
11426 1625 855 1915 2482
11427 901 2454 2455 2479
11428 2478 2471 1153 2481
11429 508 1625 1915 2482
11430 183 441 2080 2485
11431 901 2455 2472 2479
11432 441 2058 2080 2485
11433 772 526 1621 2490
11434 2478 2487 2366 2441
11435 31 691 1188 2472
11436 691 31 938 2472
11437 817 2472 691 132
11438 132 691 938 2472
11439 2465 781 2470 2472
11440 31 781 2465 2472
11441 938 31 2465 2472
11442 196 1621 2448 2490
11443 132 938 2465 2472
11444 1504 2448 2450 2473
11445 2192 1504 2421 2494
11446 2394 2192 2421 2494
11447 526 2191 2430 2494
11448 1685 1412 1855 2474
11449 635 197 1412 2474
11450 198 1855 2162 2474
11451 1855 197 2162 2474
11452 1412 197 1855 2474
11453 526 2473 2494 2430
11454 2462 1979 2464 2475
11455 2467 1528 1852 405
11456 867 2462 2464 2475
11457 1515 1153 1915 2484
11458 855 1515 1915 2484
11459 2467 539 2468 2476
11460 635 571 1210 2476
11461 1210 571 1528 2476
11462 1528 2467 1852 2476
11463 2225 2221 2239 2220
11464 2370 1690 942 1128
11465 571 635 1740 2476
11466 1528 571 1740 2476
11467 2469 2380 2446 1749
11468 1915 855 2484 2489
11469 2425 2441 2442 2478
11470 2425 2366 2441 2478
11471 1036 526 2490 2492
11472 2457 2456 2459 2481
11473 1153 1836 1915 2478
11474 1915 1836 2442 2478
11475 2457 2449 2478 2481
11476 2442 2488 2441 2482
11477 2449 2457 2459 2481
11478 1036 1686 618 648
11479 2441 901 2482 2488
11480 133 2445 2454 2489
11481 2445 2465 2470 2479
11482 2480 2454 2488 2489
11483 2058 1911 2475 2483
11484 1353 121 1625 2482
11485 2363 2444 2436 2396
11486 901 2479 2482 2488
11487 2433 901 2479 2482
11488 840 733 2483 2485
11489 132 721 817 2482
11490 2456 1153 2471 2481
11491 2473 1686 2490 2492
11492 2473 1504 2493 2494
11493 247 896 1626 617
11494 901 2363 2441 2482
11495 1979 2468 539 2458
11496 2417 901 2363 1701
11497 901 2417 2363 2482
11498 901 2417 2433 1701
11499 1637 1516 1361 1169
11500 2471 2480 2484 2489
11501 2488 2442 2480 1915
11502 508 1915 2442 2482
11503 2441 2363 2442 2482
11504 2363 508 2442 2482
11505 2454 133 2480 2487
11506 2487 2478 2481 2480
11507 855 1915 2482 2489
11508 2480 1915 2484 2489
11509 1621 2430 2448 2490
11510 901 2447 2454 2488
11511 2454 2447 2487 2488
11512 901 2441 2447 2488
11513 2447 2441 2487 2488
11514 526 772 1036 2490
11515 772 1018 1036 2490
11516 1018 772 1621 2490
11517 521 570 737 2495
11518 855 2482 2486 2489
11519 2445 2488 2479 2454
11520 2445 2488 2489 2479
11521 1915 2480 2488 2489
11522 2482 1915 2488 2489
11523 2479 2482 2488 2489
11524 2479 2445 2486 2489
11525 2482 2479 2486 2489
11526 618 196 1686 2490
11527 1686 196 2448 2490
11528 196 618 1018 2490
11529 2403 2415 2418 2492
11530 2415 2492 1036 2418
11531 2410 2448 1734 718
11532 1513 1934 2096 2502
11533 648 2403 2492 2493
11534 2473 1686 2492 2493
11535 1686 648 2492 2493
11536 2086 1178 358 977
11537 1087 588 1550 2495
11538 1166 1087 1550 2495
11539 1187 683 393 1024
11540 2191 2394 2421 2494
11541 2403 2394 2419 2494
11542 526 2403 2419 2494
11543 2394 2403 2439 2494
11544 2192 2394 2439 2494
11545 2494 2192 2036 2439
11546 2394 2191 2419 2494
11547 2191 526 2419 2494
11548 2439 2403 2440 2494
11549 2440 2403 2493 2494
11550 2439 2440 2493 2494
11551 2036 2439 2493 2494
11552 1504 2036 2493 2494
11553 2168 2156 1760 2050
11554 588 150 675 2495
11555 140 150 588 2495
11556 1977 675 363 150
11557 150 140 968 2495
11558 1575 1848 2498 2500
11559 1943 2502 1770 1123
11560 2498 2496 2500 2501
11561 363 570 1301 2497
11562 1123 1916 2096 2502
11563 1757 570 2501 2502
11564 1848 854 1999 2498
11565 1575 1848 1999 2498
11566 570 1123 1770 2502
11567 1272 854 2498 2501
11568 570 1770 1972 2501
11569 551 1272 1906 2501
11570 854 1513 1757 2501
11571 1757 2496 2498 2501
11572 2280 2315 1478 2312
11573 1772 633 1470 437
11574 1726 2383 2137 1297
11575 977 1947 2010 2499
11576 1090 977 2010 2499
11577 2010 1947 2017 2499
11578 1090 2010 2017 2499
11579 1535 1848 1575 2500
11580 1943 2502 2096 551
11581 491 1821 1092 1850
11582 1848 628 1272 2500
11583 1848 628 360 1272
11584 628 361 2497 2500
11585 1916 1513 2096 2502
11586 361 628 1535 2500
11587 2497 2496 361 675
11588 628 1848 1535 2500
11589 2501 628 1906 1301
11590 570 1301 2497 2501
11591 570 2497 2500 2501
11592 2496 1575 361 1550
11593 728 1992 1171 569
11594 398 2288 700 1012
11595 2004 624 1807 1326
11596 628 1906 1301 362
11597 2044 391 1724 1075
11598 498 921 2046 2109
11599 2497 628 2500 2501
11600 1301 628 2497 2501
11601 1012 1981 1907 398
11602 2172 2030 1311 589
11603 386 742 437 633
11604 794 611 141 547
11605 99 1854 1782 1568
11606 1378 643 1612 2293
11607 233 417 576 1885
11608 532 2164 2008 2036
11609 760 1015 616 221
11610 1014 677 1054 399
11611 789 696 515 432
11612 2483 586 1979 733
11613 1026 978 1764 2052
11614 755 574 2067 2042
11615 1682 765 432 728
11616 1472 797 454 1563
11617 892 818 473 410
11618 592 2364 824 2360
11619 1105 323 884 832
11620 1890 2225 1122 2156
11621 967 997 524 958
11622 1672 1951 1646 1901
11623 461 858 1245 683
11624 1942 1073 346 1081
11625 2044 1074 2022 2016
11626 1077 1382 1733 766
11627 228 238 1328 1221
11628 1860 1328 1933 2102
11629 1212 1335 1290 1139
