[39mDiligent Engine: Info: Loaded DX Shader Compiler 1.9. Max supported shader model: 6.9
[39m[Info] gpu_device_impl_core.cpp:845 initializeVulkan: Attempting Vulkan device creation with native physics float atomics requested.
[Info] gpu_device_impl_core.cpp:762 operator(): Requesting Vulkan native float atomics via VK_EXT_shader_atomic_float with shaderBufferFloat32AtomicAdd=VK_TRUE.
[Info] gpu_device_impl_core.cpp:766 operator(): Requesting Vulkan CUDA interop instance extensions: VK_KHR_external_memory_capabilities, VK_KHR_external_semaphore_capabilities.
[Info] gpu_device_impl_core.cpp:778 operator(): Requesting Vulkan CUDA interop device extensions: VK_KHR_external_memory, VK_KHR_external_memory_fd, VK_KHR_external_semaphore, VK_KHR_external_semaphore_fd.
[Info] gpu_device_impl_core.cpp:102 logDedicatedContextPlan: Vulkan dedicated-context plan: adapter=0 ('NVIDIA GeForce RTX 4090', type=discrete), graphicsQueue=0, physicsQueue=0 (shared queue, separate contexts).
[Info] gpu_device_impl_core.cpp:809 operator(): Attempting Vulkan device creation with two immediate contexts.
[39mDiligent Engine: Info: Available Vulkan instance layers: 
    VK_LAYER_OBS_vkcapture_64 1.4.350
    VK_LAYER_NV_optimus 1.4.341
    VK_LAYER_NV_present 1.4.341
[39m[39mDiligent Engine: Info: Supported Vulkan instance extensions: 
    VK_KHR_device_group_creation 0.0.1
    VK_KHR_display 0.0.23
    VK_KHR_external_fence_capabilities 0.0.1
    VK_KHR_external_memory_capabilities 0.0.1
    VK_KHR_external_semaphore_capabilities 0.0.1
    VK_KHR_get_display_properties2 0.0.1
    VK_KHR_get_physical_device_properties2 0.0.2
    VK_KHR_get_surface_capabilities2 0.0.1
    VK_KHR_surface 0.0.25
    VK_KHR_surface_maintenance1 0.0.1
    VK_KHR_surface_protected_capabilities 0.0.1
    VK_KHR_wayland_surface 0.0.6
    VK_KHR_xcb_surface 0.0.6
    VK_KHR_xlib_surface 0.0.6
    VK_EXT_acquire_drm_display 0.0.1
    VK_EXT_acquire_xlib_display 0.0.1
    VK_EXT_debug_report 0.0.10
    VK_EXT_debug_utils 0.0.2
    VK_EXT_direct_mode_display 0.0.1
    VK_EXT_display_surface_counter 0.0.1
    VK_EXT_surface_maintenance1 0.0.1
    VK_EXT_swapchain_colorspace 0.0.5
    VK_NV_display_stereo 0.0.1
    VK_KHR_portability_enumeration 0.0.1
    VK_LUNARG_direct_driver_loading 0.0.1
[39m[39mDiligent Engine: Info: Using physical device 'NVIDIA GeForce RTX 4090', API version 1.4.341, Driver version 98.172.128.
[39m[39mDiligent Engine: Info: Extensions supported by device 'NVIDIA GeForce RTX 4090': 
    VK_KHR_16bit_storage 0.0.1                         VK_KHR_8bit_storage 0.0.1                              VK_KHR_acceleration_structure 0.0.13
    VK_KHR_bind_memory2 0.0.1                          VK_KHR_buffer_device_address 0.0.1                     VK_KHR_calibrated_timestamps 0.0.1
    VK_KHR_compute_shader_derivatives 0.0.1            VK_KHR_cooperative_matrix 0.0.2                        VK_KHR_copy_commands2 0.0.1
    VK_KHR_copy_memory_indirect 0.0.1                  VK_KHR_create_renderpass2 0.0.1                        VK_KHR_dedicated_allocation 0.0.3
    VK_KHR_deferred_host_operations 0.0.4              VK_KHR_depth_clamp_zero_one 0.0.1                      VK_KHR_depth_stencil_resolve 0.0.1
    VK_KHR_descriptor_update_template 0.0.1            VK_KHR_device_group 0.0.4                              VK_KHR_draw_indirect_count 0.0.1
    VK_KHR_driver_properties 0.0.1                     VK_KHR_dynamic_rendering 0.0.1                         VK_KHR_dynamic_rendering_local_read 0.0.1
    VK_KHR_external_fence 0.0.1                        VK_KHR_external_fence_fd 0.0.1                         VK_KHR_external_memory 0.0.1
    VK_KHR_external_memory_fd 0.0.1                    VK_KHR_external_semaphore 0.0.1                        VK_KHR_external_semaphore_fd 0.0.1
    VK_KHR_format_feature_flags2 0.0.2                 VK_KHR_fragment_shader_barycentric 0.0.1               VK_KHR_fragment_shading_rate 0.0.2
    VK_KHR_get_memory_requirements2 0.0.1              VK_KHR_global_priority 0.0.1                           VK_KHR_image_format_list 0.0.1
    VK_KHR_imageless_framebuffer 0.0.1                 VK_KHR_incremental_present 0.0.2                       VK_KHR_index_type_uint8 0.0.1
    VK_KHR_internally_synchronized_queues 0.0.1        VK_KHR_line_rasterization 0.0.1                        VK_KHR_load_store_op_none 0.0.1
    VK_KHR_maintenance1 0.0.2                          VK_KHR_maintenance10 0.0.1                             VK_KHR_maintenance2 0.0.1
    VK_KHR_maintenance3 0.0.1                          VK_KHR_maintenance4 0.0.2                              VK_KHR_maintenance5 0.0.1
    VK_KHR_maintenance6 0.0.1                          VK_KHR_maintenance7 0.0.1                              VK_KHR_maintenance8 0.0.1
    VK_KHR_maintenance9 0.0.1                          VK_KHR_map_memory2 0.0.1                               VK_KHR_multiview 0.0.1
    VK_KHR_pipeline_binary 0.0.1                       VK_KHR_pipeline_executable_properties 0.0.1            VK_KHR_pipeline_library 0.0.1
    VK_KHR_present_id 0.0.1                            VK_KHR_present_id2 0.0.1                               VK_KHR_present_mode_fifo_latest_ready 0.0.1
    VK_KHR_present_wait 0.0.1                          VK_KHR_present_wait2 0.0.1                             VK_KHR_push_descriptor 0.0.2
    VK_KHR_ray_query 0.0.1                             VK_KHR_ray_tracing_maintenance1 0.0.1                  VK_KHR_ray_tracing_pipeline 0.0.1
    VK_KHR_ray_tracing_position_fetch 0.0.1            VK_KHR_relaxed_block_layout 0.0.1                      VK_KHR_robustness2 0.0.1
    VK_KHR_sampler_mirror_clamp_to_edge 0.0.3          VK_KHR_sampler_ycbcr_conversion 0.0.14                 VK_KHR_separate_depth_stencil_layouts 0.0.1
    VK_KHR_shader_atomic_int64 0.0.1                   VK_KHR_shader_bfloat16 0.0.1                           VK_KHR_shader_clock 0.0.1
    VK_KHR_shader_draw_parameters 0.0.1                VK_KHR_shader_expect_assume 0.0.1                      VK_KHR_shader_float16_int8 0.0.1
    VK_KHR_shader_float_controls 0.0.4                 VK_KHR_shader_float_controls2 0.0.1                    VK_KHR_shader_fma 0.0.1
    VK_KHR_shader_integer_dot_product 0.0.1            VK_KHR_shader_maximal_reconvergence 0.0.1              VK_KHR_shader_non_semantic_info 0.0.1
    VK_KHR_shader_quad_control 0.0.1                   VK_KHR_shader_relaxed_extended_instruction 0.0.1       VK_KHR_shader_subgroup_extended_types 0.0.1
    VK_KHR_shader_subgroup_rotate 0.0.2                VK_KHR_shader_subgroup_uniform_control_flow 0.0.1      VK_KHR_shader_terminate_invocation 0.0.1
    VK_KHR_shader_untyped_pointers 0.0.1               VK_KHR_shared_presentable_image 0.0.1                  VK_KHR_spirv_1_4 0.0.1
    VK_KHR_storage_buffer_storage_class 0.0.1          VK_KHR_swapchain 0.0.70                                VK_KHR_swapchain_maintenance1 0.0.1
    VK_KHR_swapchain_mutable_format 0.0.1              VK_KHR_synchronization2 0.0.1                          VK_KHR_timeline_semaphore 0.0.2
    VK_KHR_unified_image_layouts 0.0.1                 VK_KHR_uniform_buffer_standard_layout 0.0.1            VK_KHR_variable_pointers 0.0.1
    VK_KHR_vertex_attribute_divisor 0.0.1              VK_KHR_video_decode_av1 0.0.1                          VK_KHR_video_decode_h264 0.0.9
    VK_KHR_video_decode_h265 0.0.8                     VK_KHR_video_decode_queue 0.0.8                        VK_KHR_video_decode_vp9 0.0.1
    VK_KHR_video_encode_av1 0.0.1                      VK_KHR_video_encode_h264 0.0.14                        VK_KHR_video_encode_h265 0.0.14
    VK_KHR_video_encode_intra_refresh 0.0.1            VK_KHR_video_encode_quantization_map 0.0.2             VK_KHR_video_encode_queue 0.0.12
    VK_KHR_video_maintenance1 0.0.1                    VK_KHR_video_maintenance2 0.0.1                        VK_KHR_video_queue 0.0.8
    VK_KHR_vulkan_memory_model 0.0.3                   VK_KHR_workgroup_memory_explicit_layout 0.0.1          VK_KHR_zero_initialize_workgroup_memory 0.0.1
    VK_EXT_4444_formats 0.0.1                          VK_EXT_attachment_feedback_loop_dynamic_state 0.0.1    VK_EXT_attachment_feedback_loop_layout 0.0.2
    VK_EXT_blend_operation_advanced 0.0.2              VK_EXT_border_color_swizzle 0.0.1                      VK_EXT_buffer_device_address 0.0.2
    VK_EXT_calibrated_timestamps 0.0.2                 VK_EXT_color_write_enable 0.0.1                        VK_EXT_conditional_rendering 0.0.2
    VK_EXT_conservative_rasterization 0.0.1            VK_EXT_custom_border_color 0.0.12                      VK_EXT_custom_resolve 0.0.1
    VK_EXT_depth_bias_control 0.0.1                    VK_EXT_depth_clamp_control 0.0.1                       VK_EXT_depth_clamp_zero_one 0.0.1
    VK_EXT_depth_clip_control 0.0.1                    VK_EXT_depth_clip_enable 0.0.1                         VK_EXT_depth_range_unrestricted 0.0.1
    VK_EXT_descriptor_buffer 0.0.1                     VK_EXT_descriptor_heap 0.0.1                           VK_EXT_descriptor_indexing 0.0.2
    VK_EXT_device_address_binding_report 0.0.1         VK_EXT_device_fault 0.0.2                              VK_EXT_device_generated_commands 0.0.1
    VK_EXT_discard_rectangles 0.0.2                    VK_EXT_display_control 0.0.1                           VK_EXT_dynamic_rendering_unused_attachments 0.0.1
    VK_EXT_extended_dynamic_state 0.0.1                VK_EXT_extended_dynamic_state2 0.0.1                   VK_EXT_extended_dynamic_state3 0.0.2
    VK_EXT_external_memory_dma_buf 0.0.1               VK_EXT_external_memory_host 0.0.1                      VK_EXT_fragment_shader_interlock 0.0.1
    VK_EXT_global_priority 0.0.2                       VK_EXT_global_priority_query 0.0.1                     VK_EXT_graphics_pipeline_library 0.0.1
    VK_EXT_hdr_metadata 0.0.3                          VK_EXT_host_image_copy 0.0.1                           VK_EXT_host_query_reset 0.0.1
    VK_EXT_image_2d_view_of_3d 0.0.1                   VK_EXT_image_drm_format_modifier 0.0.2                 VK_EXT_image_robustness 0.0.1
    VK_EXT_image_sliced_view_of_3d 0.0.1               VK_EXT_image_view_min_lod 0.0.1                        VK_EXT_index_type_uint8 0.0.1
    VK_EXT_inline_uniform_block 0.0.1                  VK_EXT_legacy_vertex_attributes 0.0.1                  VK_EXT_line_rasterization 0.0.1
    VK_EXT_load_store_op_none 0.0.1                    VK_EXT_map_memory_placed 0.0.1                         VK_EXT_memory_budget 0.0.1
    VK_EXT_memory_decompression 0.0.1                  VK_EXT_memory_priority 0.0.1                           VK_EXT_mesh_shader 0.0.1
    VK_EXT_multi_draw 0.0.1                            VK_EXT_mutable_descriptor_type 0.0.1                   VK_EXT_nested_command_buffer 0.0.1
    VK_EXT_non_seamless_cube_map 0.0.1                 VK_EXT_opacity_micromap 0.0.2                          VK_EXT_pageable_device_local_memory 0.0.1
    VK_EXT_pci_bus_info 0.0.2                          VK_EXT_physical_device_drm 0.0.1                       VK_EXT_pipeline_creation_cache_control 0.0.3
    VK_EXT_pipeline_creation_feedback 0.0.1            VK_EXT_pipeline_library_group_handles 0.0.1            VK_EXT_pipeline_robustness 0.0.1
    VK_EXT_post_depth_coverage 0.0.1                   VK_EXT_present_mode_fifo_latest_ready 0.0.1            VK_EXT_present_timing 0.0.3
    VK_EXT_primitive_topology_list_restart 0.0.1       VK_EXT_primitives_generated_query 0.0.1                VK_EXT_private_data 0.0.1
    VK_EXT_provoking_vertex 0.0.1                      VK_EXT_queue_family_foreign 0.0.1                      VK_EXT_ray_tracing_invocation_reorder 0.0.1
    VK_EXT_robustness2 0.0.1                           VK_EXT_sample_locations 0.0.1                          VK_EXT_sampler_filter_minmax 0.0.2
    VK_EXT_scalar_block_layout 0.0.1                   VK_EXT_separate_stencil_usage 0.0.1                    VK_EXT_shader_64bit_indexing 0.0.1
    VK_EXT_shader_atomic_float 0.0.1                   VK_EXT_shader_demote_to_helper_invocation 0.0.1        VK_EXT_shader_float8 0.0.1
    VK_EXT_shader_image_atomic_int64 0.0.1             VK_EXT_shader_long_vector 0.0.1                        VK_EXT_shader_module_identifier 0.0.1
    VK_EXT_shader_object 0.0.1                         VK_EXT_shader_replicated_composites 0.0.1              VK_EXT_shader_subgroup_ballot 0.0.1
    VK_EXT_shader_subgroup_partitioned 0.0.1           VK_EXT_shader_subgroup_vote 0.0.1                      VK_EXT_shader_uniform_buffer_unsized_array 0.0.1
    VK_EXT_shader_viewport_index_layer 0.0.1           VK_EXT_subgroup_size_control 0.0.2                     VK_EXT_swapchain_maintenance1 0.0.1
    VK_EXT_texel_buffer_alignment 0.0.1                VK_EXT_tooling_info 0.0.1                              VK_EXT_transform_feedback 0.0.1
    VK_EXT_vertex_attribute_divisor 0.0.3              VK_EXT_vertex_attribute_robustness 0.0.1               VK_EXT_vertex_input_dynamic_state 0.0.2
    VK_EXT_ycbcr_2plane_444_formats 0.0.1              VK_EXT_ycbcr_image_arrays 0.0.1                        VK_EXT_zero_initialize_device_memory 0.0.1
    VK_NV_clip_space_w_scaling 0.0.1                   VK_NV_cluster_acceleration_structure 0.0.4             VK_NV_compute_occupancy_priority 0.0.1
    VK_NV_compute_shader_derivatives 0.0.1             VK_NV_cooperative_matrix 0.0.1                         VK_NV_cooperative_matrix2 0.0.1
    VK_NV_cooperative_vector 0.0.4                     VK_NV_copy_memory_indirect 0.0.1                       VK_NV_corner_sampled_image 0.0.2
    VK_NV_coverage_reduction_mode 0.0.1                VK_NV_cuda_kernel_launch 0.0.2                         VK_NV_dedicated_allocation 0.0.1
    VK_NV_dedicated_allocation_image_aliasing 0.0.1    VK_NV_descriptor_pool_overallocation 0.0.1             VK_NV_device_diagnostic_checkpoints 0.0.2
    VK_NV_device_diagnostics_config 0.0.2              VK_NV_device_generated_commands 0.0.3                  VK_NV_device_generated_commands_compute 0.0.2
    VK_NV_disk_cache_utils 0.0.1                       VK_NV_extended_sparse_address_space 0.0.1              VK_NV_fill_rectangle 0.0.1
    VK_NV_fragment_coverage_to_color 0.0.1             VK_NV_fragment_shader_barycentric 0.0.1                VK_NV_fragment_shading_rate_enums 0.0.1
    VK_NV_framebuffer_mixed_samples 0.0.1              VK_NV_geometry_shader_passthrough 0.0.1                VK_NV_inherited_viewport_scissor 0.0.1
    VK_NV_internal_nvpresent 0.0.1                     VK_NV_linear_color_attachment 0.0.1                    VK_NV_low_latency 0.0.1
    VK_NV_low_latency2 0.0.2                           VK_NV_memory_decompression 0.0.1                       VK_NV_mesh_shader 0.0.1
    VK_NV_optical_flow 0.0.1                           VK_NV_partitioned_acceleration_structure 0.0.1         VK_NV_present_metering 0.0.1
    VK_NV_push_constant_bank 0.0.1                     VK_NV_raw_access_chains 0.0.1                          VK_NV_ray_tracing 0.0.3
    VK_NV_ray_tracing_invocation_reorder 0.0.1         VK_NV_ray_tracing_motion_blur 0.0.1                    VK_NV_representative_fragment_test 0.0.2
    VK_NV_sample_mask_override_coverage 0.0.1          VK_NV_scissor_exclusive 0.0.2                          VK_NV_shader_atomic_float16_vector 0.0.1
    VK_NV_shader_image_footprint 0.0.2                 VK_NV_shader_sm_builtins 0.0.1                         VK_NV_shader_subgroup_partitioned 0.0.1
    VK_NV_shading_rate_image 0.0.3                     VK_NV_viewport_array2 0.0.1                            VK_NV_viewport_swizzle 0.0.1
    VK_NVX_binary_import 0.0.2                         VK_NVX_image_view_handle 0.0.4                         VK_NVX_multiview_per_view_attributes 0.0.1
    VK_AMD_buffer_marker 0.0.1                         VK_GOOGLE_hlsl_functionality1 0.0.1                    VK_GOOGLE_user_type 0.0.1
[39m[39mDiligent Engine: Info: Can not disable SeparablePrograms
[39m[39mDiligent Engine: Info: GPU dynamic heap created. Total buffer size: 8.00 MB
[39m[93mDiligent Engine: Warning: SetCurrentThreadName is not implemented on this platform.
[39m[93mDiligent Engine: Warning: SetCurrentThreadName is not implemented on this platform.
[39m[93mDiligent Engine: Warning: SetCurrentThreadName is not implemented on this platform.
[39m[39mDiligent Engine: Info: MemoryManager 'Global resource memory manager': created new device-local page. (16.00 MB, type idx: 1). Current allocated size: 16.00 MB
[39m[Info] gpu_device_impl_core.cpp:162 probeNativePhysicsFloatAtomicShader: Probing native physics float atomics with a built-in compute shader, compiler=auto.
[39mDiligent Engine: Info: Loaded DX Shader Compiler 1.9. Max supported shader model: 6.9
[39m[Info] gpu_device_impl_core.cpp:174 probeNativePhysicsFloatAtomicShader: Native physics float-atomics shader probe succeeded.
[Info] gpu_device_impl_core.cpp:886 initializeVulkan: Physics float atomics: native=enabled, shaderCompilerMode=auto, dxcLoaded=yes.
[Info] shader_cache.cpp:59 initialize: using cache file '/home/yafei/Code/CRESSim-Neo/.cache/cressim_neo/state_cache_vk_r_v5.bin'.
[Info] shader_cache.cpp:179 loadCache: loaded cache file '/home/yafei/Code/CRESSim-Neo/.cache/cressim_neo/state_cache_vk_r_v5.bin' (10462476 bytes).
[39mDiligent Engine: Info: Allocated new descriptor pool
[39m[39mDiligent Engine: Info: MemoryManager 'Global resource memory manager': created new host-visible page. (16.00 MB, type idx: 2). Current allocated size: 16.00 MB
[39m[Warning] world.cpp:1376 setSoftBody: setSoftBody without a mesh renderer on the same entity.
[Info] vulkan_cuda_interop.cpp:291 createExportableStructuredBuffer: Created exportable Vulkan shared buffer 'CRESSimNeo.Physics.SoftPositionsInvMass' with capacity=338, stride=16, queueFamilies=1.
[39mDiligent Engine: Info: MemoryManager 'Global resource memory manager': created new host-visible page. (16.00 MB, type idx: 3). Current allocated size: 32.00 MB
[39m[Info] vulkan_cuda_interop.cpp:291 createExportableStructuredBuffer: Created exportable Vulkan shared buffer 'PsmSoftGrasp.Actions' with capacity=7, stride=4, queueFamilies=1.
[Info] vulkan_cuda_interop.cpp:291 createExportableStructuredBuffer: Created exportable Vulkan shared buffer 'PsmSoftGrasp.Observations' with capacity=29, stride=4, queueFamilies=1.
[Info] vulkan_cuda_interop.cpp:291 createExportableStructuredBuffer: Created exportable Vulkan shared buffer 'PsmSoftGrasp.Rewards' with capacity=1, stride=4, queueFamilies=1.
[Info] vulkan_cuda_interop.cpp:291 createExportableStructuredBuffer: Created exportable Vulkan shared buffer 'PsmSoftGrasp.Terminated' with capacity=1, stride=4, queueFamilies=1.
[Info] vulkan_cuda_interop.cpp:291 createExportableStructuredBuffer: Created exportable Vulkan shared buffer 'PsmSoftGrasp.Truncated' with capacity=1, stride=4, queueFamilies=1.
[Info] vulkan_cuda_interop.cpp:291 createExportableStructuredBuffer: Created exportable Vulkan shared buffer 'PsmSoftGrasp.EpisodeSteps' with capacity=1, stride=4, queueFamilies=1.
[Info] vulkan_cuda_interop.cpp:291 createExportableStructuredBuffer: Created exportable Vulkan shared buffer 'PsmSoftGrasp.ResetMask' with capacity=1, stride=4, queueFamilies=1.
[Info] vulkan_cuda_interop.cpp:291 createExportableStructuredBuffer: Created exportable Vulkan shared buffer 'PsmSoftGrasp.TargetChoice' with capacity=1, stride=4, queueFamilies=1.
[Info] vulkan_cuda_interop.cpp:291 createExportableStructuredBuffer: Created exportable Vulkan shared buffer 'PsmSoftGrasp.PreviousGraspClosed' with capacity=1, stride=4, queueFamilies=1.
[Info] vulkan_cuda_interop.cpp:291 createExportableStructuredBuffer: Created exportable Vulkan shared buffer 'PsmSoftGrasp.EnvMetadataU32' with capacity=14, stride=4, queueFamilies=1.
[Info] vulkan_cuda_interop.cpp:291 createExportableStructuredBuffer: Created exportable Vulkan shared buffer 'PsmSoftGrasp.EnvMetadataF32' with capacity=1, stride=16, queueFamilies=1.
[Info] vulkan_cuda_interop.cpp:291 createExportableStructuredBuffer: Created exportable Vulkan shared buffer 'PsmSoftGrasp.ParticleOffsets' with capacity=1, stride=4, queueFamilies=1.
[Info] vulkan_cuda_interop.cpp:291 createExportableStructuredBuffer: Created exportable Vulkan shared buffer 'PsmSoftGrasp.ParticleCounts' with capacity=1, stride=4, queueFamilies=1.
[Info] vulkan_cuda_interop.cpp:291 createExportableStructuredBuffer: Created exportable Vulkan shared buffer 'PsmSoftGrasp.ResetPositions' with capacity=338, stride=16, queueFamilies=1.
[Info] vulkan_cuda_interop.cpp:291 createExportableStructuredBuffer: Created exportable Vulkan shared buffer 'PsmSoftGrasp.ArmHingeSlots' with capacity=5, stride=4, queueFamilies=1.
[Info] vulkan_cuda_interop.cpp:291 createExportableStructuredBuffer: Created exportable Vulkan shared buffer 'PsmSoftGrasp.ArmSliderSlots' with capacity=1, stride=4, queueFamilies=1.
[Info] vulkan_cuda_interop.cpp:291 createExportableStructuredBuffer: Created exportable Vulkan shared buffer 'PsmSoftGrasp.JawHingeSlots' with capacity=2, stride=4, queueFamilies=1.
[Info] vulkan_cuda_interop.cpp:291 createExportableStructuredBuffer: Created exportable Vulkan shared buffer 'PsmSoftGrasp.AttachmentSlots' with capacity=1, stride=4, queueFamilies=1.
[Info] vulkan_cuda_interop.cpp:291 createExportableStructuredBuffer: Created exportable Vulkan shared buffer 'PsmSoftGrasp.TargetPoseSlots' with capacity=1, stride=4, queueFamilies=1.
[Info] vulkan_cuda_interop.cpp:291 createExportableStructuredBuffer: Created exportable Vulkan shared buffer 'PsmSoftGrasp.TooltipBodyIndices' with capacity=1, stride=4, queueFamilies=1.
[Info] vulkan_cuda_interop.cpp:291 createExportableStructuredBuffer: Created exportable Vulkan shared buffer 'PsmSoftGrasp.TooltipLocalAnchors' with capacity=1, stride=16, queueFamilies=1.
[Info] vulkan_cuda_interop.cpp:291 createExportableStructuredBuffer: Created exportable Vulkan shared buffer 'PsmSoftGrasp.TargetParticleIndices' with capacity=1, stride=4, queueFamilies=1.
[Info] vulkan_cuda_interop.cpp:291 createExportableStructuredBuffer: Created exportable Vulkan shared buffer 'PsmSoftGrasp.TargetRestHeights' with capacity=1, stride=4, queueFamilies=1.
[Info] vulkan_cuda_interop.cpp:291 createExportableStructuredBuffer: Created exportable Vulkan shared buffer 'PsmSoftGrasp.TargetCandidateLocalIndices' with capacity=1, stride=4, queueFamilies=1.
[Info] vulkan_cuda_interop.cpp:291 createExportableStructuredBuffer: Created exportable Vulkan shared buffer 'PsmSoftGrasp.CurrentJointTargets' with capacity=7, stride=4, queueFamilies=1.
[Info] vulkan_cuda_interop.cpp:291 createExportableStructuredBuffer: Created exportable Vulkan shared buffer 'PsmSoftGrasp.ResetJointTargets' with capacity=7, stride=4, queueFamilies=1.
[Info] vulkan_cuda_interop.cpp:291 createExportableStructuredBuffer: Created exportable Vulkan shared buffer 'PsmSoftGrasp.JointLimits' with capacity=7, stride=8, queueFamilies=1.
[Info] vulkan_cuda_interop.cpp:291 createExportableStructuredBuffer: Created exportable Vulkan shared buffer 'PsmSoftGrasp.RigidResetBodyIndices' with capacity=13, stride=4, queueFamilies=1.
[Info] vulkan_cuda_interop.cpp:291 createExportableStructuredBuffer: Created exportable Vulkan shared buffer 'PsmSoftGrasp.RigidResetPositions' with capacity=13, stride=16, queueFamilies=1.
[Info] vulkan_cuda_interop.cpp:291 createExportableStructuredBuffer: Created exportable Vulkan shared buffer 'PsmSoftGrasp.RigidResetOrientations' with capacity=13, stride=16, queueFamilies=1.
[Info] shader_cache.cpp:221 saveCache: saved cache file '/home/yafei/Code/CRESSim-Neo/.cache/cressim_neo/state_cache_vk_r_v5.bin' (10462476 bytes).
[39mDiligent Engine: Info: Dynamic descriptor set allocator of immediate context peak descriptor pool count: 0
[39m[39mDiligent Engine: Info: Dynamic heap of immediate context usage stats:
                       Peak used/aligned/allocated size: 0 Bytes / 0 Bytes / 0 Bytes (0 pages). Peak efficiency (used/aligned): 0.0%. Peak utilization (used/allocated): 0.0%
[39m[39mDiligent Engine: Info: Upload heap of immediate context peak used/allocated frame size: 0.00 MB / 1.00 MB (1 page)
[39m[39mDiligent Engine: Info: Dynamic descriptor set allocator of immediate context peak descriptor pool count: 1
[39m[39mDiligent Engine: Info: Dynamic heap of immediate context usage stats:
                       Peak used/aligned/allocated size: 182.97 KB / 340.16 KB / 512.00 KB (2 pages). Peak efficiency (used/aligned): 53.8%. Peak utilization (used/allocated): 35.7%
[39m[39mDiligent Engine: Info: Upload heap of immediate context peak used/allocated frame size: 0.24 MB / 1.00 MB (1 page)
[39m[39mDiligent Engine: Info: Transient command buffer pool manager allocated descriptor pool count: 8
[39m[39mDiligent Engine: Info: Dynamic memory manager usage stats:
                       Total size: 8.00 MB. Peak allocated size: 1.00 MB. Peak utilization: 12.5%
[39m[39mDiligent Engine: Info: MemoryManager 'Global resource memory manager' stats:
                       Peak used/allocated device-local memory size: 5.16 MB / 16.00 MB (1 page)
                       Peak used/allocated host-visible memory size: 2.02 MB / 32.00 MB (2 pages)
[39m[39mDiligent Engine: Info: Vulkan query manager peak usage:
QUERY_TYPE_BINARY_OCCLUSION   :    0/ 128
QUERY_TYPE_TIMESTAMP          :    0/ 512
QUERY_TYPE_DURATION           :    0/ 512
[39m[39mDiligent Engine: Info: Vulkan query manager peak usage:
QUERY_TYPE_BINARY_OCCLUSION   :    0/ 128
QUERY_TYPE_TIMESTAMP          :    0/ 512
QUERY_TYPE_DURATION           :    0/ 512
[39m[39mDiligent Engine: Info: Dynamic descriptor pool stats: allocated 2 pool(s)
[39m[39mDiligent Engine: Info: Main descriptor pool stats: allocated 1 pool(s)
[39m[39mDiligent Engine: Info: Loaded DX Shader Compiler 1.9. Max supported shader model: 6.9
[39m[Info] gpu_device_impl_core.cpp:845 initializeVulkan: Attempting Vulkan device creation with native physics float atomics requested.
[Info] gpu_device_impl_core.cpp:762 operator(): Requesting Vulkan native float atomics via VK_EXT_shader_atomic_float with shaderBufferFloat32AtomicAdd=VK_TRUE.
[Info] gpu_device_impl_core.cpp:766 operator(): Requesting Vulkan CUDA interop instance extensions: VK_KHR_external_memory_capabilities, VK_KHR_external_semaphore_capabilities.
[Info] gpu_device_impl_core.cpp:778 operator(): Requesting Vulkan CUDA interop device extensions: VK_KHR_external_memory, VK_KHR_external_memory_fd, VK_KHR_external_semaphore, VK_KHR_external_semaphore_fd.
[Info] gpu_device_impl_core.cpp:102 logDedicatedContextPlan: Vulkan dedicated-context plan: adapter=0 ('NVIDIA GeForce RTX 4090', type=discrete), graphicsQueue=0, physicsQueue=0 (shared queue, separate contexts).
[Info] gpu_device_impl_core.cpp:809 operator(): Attempting Vulkan device creation with two immediate contexts.
[39mDiligent Engine: Info: Available Vulkan instance layers: 
    VK_LAYER_OBS_vkcapture_64 1.4.350
    VK_LAYER_NV_optimus 1.4.341
    VK_LAYER_NV_present 1.4.341
[39m[39mDiligent Engine: Info: Supported Vulkan instance extensions: 
    VK_KHR_device_group_creation 0.0.1
    VK_KHR_display 0.0.23
    VK_KHR_external_fence_capabilities 0.0.1
    VK_KHR_external_memory_capabilities 0.0.1
    VK_KHR_external_semaphore_capabilities 0.0.1
    VK_KHR_get_display_properties2 0.0.1
    VK_KHR_get_physical_device_properties2 0.0.2
    VK_KHR_get_surface_capabilities2 0.0.1
    VK_KHR_surface 0.0.25
    VK_KHR_surface_maintenance1 0.0.1
    VK_KHR_surface_protected_capabilities 0.0.1
    VK_KHR_wayland_surface 0.0.6
    VK_KHR_xcb_surface 0.0.6
    VK_KHR_xlib_surface 0.0.6
    VK_EXT_acquire_drm_display 0.0.1
    VK_EXT_acquire_xlib_display 0.0.1
    VK_EXT_debug_report 0.0.10
    VK_EXT_debug_utils 0.0.2
    VK_EXT_direct_mode_display 0.0.1
    VK_EXT_display_surface_counter 0.0.1
    VK_EXT_surface_maintenance1 0.0.1
    VK_EXT_swapchain_colorspace 0.0.5
    VK_NV_display_stereo 0.0.1
    VK_KHR_portability_enumeration 0.0.1
    VK_LUNARG_direct_driver_loading 0.0.1
[39m[39mDiligent Engine: Info: Using physical device 'NVIDIA GeForce RTX 4090', API version 1.4.341, Driver version 98.172.128.
[39m[39mDiligent Engine: Info: Extensions supported by device 'NVIDIA GeForce RTX 4090': 
    VK_KHR_16bit_storage 0.0.1                         VK_KHR_8bit_storage 0.0.1                              VK_KHR_acceleration_structure 0.0.13
    VK_KHR_bind_memory2 0.0.1                          VK_KHR_buffer_device_address 0.0.1                     VK_KHR_calibrated_timestamps 0.0.1
    VK_KHR_compute_shader_derivatives 0.0.1            VK_KHR_cooperative_matrix 0.0.2                        VK_KHR_copy_commands2 0.0.1
    VK_KHR_copy_memory_indirect 0.0.1                  VK_KHR_create_renderpass2 0.0.1                        VK_KHR_dedicated_allocation 0.0.3
    VK_KHR_deferred_host_operations 0.0.4              VK_KHR_depth_clamp_zero_one 0.0.1                      VK_KHR_depth_stencil_resolve 0.0.1
    VK_KHR_descriptor_update_template 0.0.1            VK_KHR_device_group 0.0.4                              VK_KHR_draw_indirect_count 0.0.1
    VK_KHR_driver_properties 0.0.1                     VK_KHR_dynamic_rendering 0.0.1                         VK_KHR_dynamic_rendering_local_read 0.0.1
    VK_KHR_external_fence 0.0.1                        VK_KHR_external_fence_fd 0.0.1                         VK_KHR_external_memory 0.0.1
    VK_KHR_external_memory_fd 0.0.1                    VK_KHR_external_semaphore 0.0.1                        VK_KHR_external_semaphore_fd 0.0.1
    VK_KHR_format_feature_flags2 0.0.2                 VK_KHR_fragment_shader_barycentric 0.0.1               VK_KHR_fragment_shading_rate 0.0.2
    VK_KHR_get_memory_requirements2 0.0.1              VK_KHR_global_priority 0.0.1                           VK_KHR_image_format_list 0.0.1
    VK_KHR_imageless_framebuffer 0.0.1                 VK_KHR_incremental_present 0.0.2                       VK_KHR_index_type_uint8 0.0.1
    VK_KHR_internally_synchronized_queues 0.0.1        VK_KHR_line_rasterization 0.0.1                        VK_KHR_load_store_op_none 0.0.1
    VK_KHR_maintenance1 0.0.2                          VK_KHR_maintenance10 0.0.1                             VK_KHR_maintenance2 0.0.1
    VK_KHR_maintenance3 0.0.1                          VK_KHR_maintenance4 0.0.2                              VK_KHR_maintenance5 0.0.1
    VK_KHR_maintenance6 0.0.1                          VK_KHR_maintenance7 0.0.1                              VK_KHR_maintenance8 0.0.1
    VK_KHR_maintenance9 0.0.1                          VK_KHR_map_memory2 0.0.1                               VK_KHR_multiview 0.0.1
    VK_KHR_pipeline_binary 0.0.1                       VK_KHR_pipeline_executable_properties 0.0.1            VK_KHR_pipeline_library 0.0.1
    VK_KHR_present_id 0.0.1                            VK_KHR_present_id2 0.0.1                               VK_KHR_present_mode_fifo_latest_ready 0.0.1
    VK_KHR_present_wait 0.0.1                          VK_KHR_present_wait2 0.0.1                             VK_KHR_push_descriptor 0.0.2
    VK_KHR_ray_query 0.0.1                             VK_KHR_ray_tracing_maintenance1 0.0.1                  VK_KHR_ray_tracing_pipeline 0.0.1
    VK_KHR_ray_tracing_position_fetch 0.0.1            VK_KHR_relaxed_block_layout 0.0.1                      VK_KHR_robustness2 0.0.1
    VK_KHR_sampler_mirror_clamp_to_edge 0.0.3          VK_KHR_sampler_ycbcr_conversion 0.0.14                 VK_KHR_separate_depth_stencil_layouts 0.0.1
    VK_KHR_shader_atomic_int64 0.0.1                   VK_KHR_shader_bfloat16 0.0.1                           VK_KHR_shader_clock 0.0.1
    VK_KHR_shader_draw_parameters 0.0.1                VK_KHR_shader_expect_assume 0.0.1                      VK_KHR_shader_float16_int8 0.0.1
    VK_KHR_shader_float_controls 0.0.4                 VK_KHR_shader_float_controls2 0.0.1                    VK_KHR_shader_fma 0.0.1
    VK_KHR_shader_integer_dot_product 0.0.1            VK_KHR_shader_maximal_reconvergence 0.0.1              VK_KHR_shader_non_semantic_info 0.0.1
    VK_KHR_shader_quad_control 0.0.1                   VK_KHR_shader_relaxed_extended_instruction 0.0.1       VK_KHR_shader_subgroup_extended_types 0.0.1
    VK_KHR_shader_subgroup_rotate 0.0.2                VK_KHR_shader_subgroup_uniform_control_flow 0.0.1      VK_KHR_shader_terminate_invocation 0.0.1
    VK_KHR_shader_untyped_pointers 0.0.1               VK_KHR_shared_presentable_image 0.0.1                  VK_KHR_spirv_1_4 0.0.1
    VK_KHR_storage_buffer_storage_class 0.0.1          VK_KHR_swapchain 0.0.70                                VK_KHR_swapchain_maintenance1 0.0.1
    VK_KHR_swapchain_mutable_format 0.0.1              VK_KHR_synchronization2 0.0.1                          VK_KHR_timeline_semaphore 0.0.2
    VK_KHR_unified_image_layouts 0.0.1                 VK_KHR_uniform_buffer_standard_layout 0.0.1            VK_KHR_variable_pointers 0.0.1
    VK_KHR_vertex_attribute_divisor 0.0.1              VK_KHR_video_decode_av1 0.0.1                          VK_KHR_video_decode_h264 0.0.9
    VK_KHR_video_decode_h265 0.0.8                     VK_KHR_video_decode_queue 0.0.8                        VK_KHR_video_decode_vp9 0.0.1
    VK_KHR_video_encode_av1 0.0.1                      VK_KHR_video_encode_h264 0.0.14                        VK_KHR_video_encode_h265 0.0.14
    VK_KHR_video_encode_intra_refresh 0.0.1            VK_KHR_video_encode_quantization_map 0.0.2             VK_KHR_video_encode_queue 0.0.12
    VK_KHR_video_maintenance1 0.0.1                    VK_KHR_video_maintenance2 0.0.1                        VK_KHR_video_queue 0.0.8
    VK_KHR_vulkan_memory_model 0.0.3                   VK_KHR_workgroup_memory_explicit_layout 0.0.1          VK_KHR_zero_initialize_workgroup_memory 0.0.1
    VK_EXT_4444_formats 0.0.1                          VK_EXT_attachment_feedback_loop_dynamic_state 0.0.1    VK_EXT_attachment_feedback_loop_layout 0.0.2
    VK_EXT_blend_operation_advanced 0.0.2              VK_EXT_border_color_swizzle 0.0.1                      VK_EXT_buffer_device_address 0.0.2
    VK_EXT_calibrated_timestamps 0.0.2                 VK_EXT_color_write_enable 0.0.1                        VK_EXT_conditional_rendering 0.0.2
    VK_EXT_conservative_rasterization 0.0.1            VK_EXT_custom_border_color 0.0.12                      VK_EXT_custom_resolve 0.0.1
    VK_EXT_depth_bias_control 0.0.1                    VK_EXT_depth_clamp_control 0.0.1                       VK_EXT_depth_clamp_zero_one 0.0.1
    VK_EXT_depth_clip_control 0.0.1                    VK_EXT_depth_clip_enable 0.0.1                         VK_EXT_depth_range_unrestricted 0.0.1
    VK_EXT_descriptor_buffer 0.0.1                     VK_EXT_descriptor_heap 0.0.1                           VK_EXT_descriptor_indexing 0.0.2
    VK_EXT_device_address_binding_report 0.0.1         VK_EXT_device_fault 0.0.2                              VK_EXT_device_generated_commands 0.0.1
    VK_EXT_discard_rectangles 0.0.2                    VK_EXT_display_control 0.0.1                           VK_EXT_dynamic_rendering_unused_attachments 0.0.1
    VK_EXT_extended_dynamic_state 0.0.1                VK_EXT_extended_dynamic_state2 0.0.1                   VK_EXT_extended_dynamic_state3 0.0.2
    VK_EXT_external_memory_dma_buf 0.0.1               VK_EXT_external_memory_host 0.0.1                      VK_EXT_fragment_shader_interlock 0.0.1
    VK_EXT_global_priority 0.0.2                       VK_EXT_global_priority_query 0.0.1                     VK_EXT_graphics_pipeline_library 0.0.1
    VK_EXT_hdr_metadata 0.0.3                          VK_EXT_host_image_copy 0.0.1                           VK_EXT_host_query_reset 0.0.1
    VK_EXT_image_2d_view_of_3d 0.0.1                   VK_EXT_image_drm_format_modifier 0.0.2                 VK_EXT_image_robustness 0.0.1
    VK_EXT_image_sliced_view_of_3d 0.0.1               VK_EXT_image_view_min_lod 0.0.1                        VK_EXT_index_type_uint8 0.0.1
    VK_EXT_inline_uniform_block 0.0.1                  VK_EXT_legacy_vertex_attributes 0.0.1                  VK_EXT_line_rasterization 0.0.1
    VK_EXT_load_store_op_none 0.0.1                    VK_EXT_map_memory_placed 0.0.1                         VK_EXT_memory_budget 0.0.1
    VK_EXT_memory_decompression 0.0.1                  VK_EXT_memory_priority 0.0.1                           VK_EXT_mesh_shader 0.0.1
    VK_EXT_multi_draw 0.0.1                            VK_EXT_mutable_descriptor_type 0.0.1                   VK_EXT_nested_command_buffer 0.0.1
    VK_EXT_non_seamless_cube_map 0.0.1                 VK_EXT_opacity_micromap 0.0.2                          VK_EXT_pageable_device_local_memory 0.0.1
    VK_EXT_pci_bus_info 0.0.2                          VK_EXT_physical_device_drm 0.0.1                       VK_EXT_pipeline_creation_cache_control 0.0.3
    VK_EXT_pipeline_creation_feedback 0.0.1            VK_EXT_pipeline_library_group_handles 0.0.1            VK_EXT_pipeline_robustness 0.0.1
    VK_EXT_post_depth_coverage 0.0.1                   VK_EXT_present_mode_fifo_latest_ready 0.0.1            VK_EXT_present_timing 0.0.3
    VK_EXT_primitive_topology_list_restart 0.0.1       VK_EXT_primitives_generated_query 0.0.1                VK_EXT_private_data 0.0.1
    VK_EXT_provoking_vertex 0.0.1                      VK_EXT_queue_family_foreign 0.0.1                      VK_EXT_ray_tracing_invocation_reorder 0.0.1
    VK_EXT_robustness2 0.0.1                           VK_EXT_sample_locations 0.0.1                          VK_EXT_sampler_filter_minmax 0.0.2
    VK_EXT_scalar_block_layout 0.0.1                   VK_EXT_separate_stencil_usage 0.0.1                    VK_EXT_shader_64bit_indexing 0.0.1
    VK_EXT_shader_atomic_float 0.0.1                   VK_EXT_shader_demote_to_helper_invocation 0.0.1        VK_EXT_shader_float8 0.0.1
    VK_EXT_shader_image_atomic_int64 0.0.1             VK_EXT_shader_long_vector 0.0.1                        VK_EXT_shader_module_identifier 0.0.1
    VK_EXT_shader_object 0.0.1                         VK_EXT_shader_replicated_composites 0.0.1              VK_EXT_shader_subgroup_ballot 0.0.1
    VK_EXT_shader_subgroup_partitioned 0.0.1           VK_EXT_shader_subgroup_vote 0.0.1                      VK_EXT_shader_uniform_buffer_unsized_array 0.0.1
    VK_EXT_shader_viewport_index_layer 0.0.1           VK_EXT_subgroup_size_control 0.0.2                     VK_EXT_swapchain_maintenance1 0.0.1
    VK_EXT_texel_buffer_alignment 0.0.1                VK_EXT_tooling_info 0.0.1                              VK_EXT_transform_feedback 0.0.1
    VK_EXT_vertex_attribute_divisor 0.0.3              VK_EXT_vertex_attribute_robustness 0.0.1               VK_EXT_vertex_input_dynamic_state 0.0.2
    VK_EXT_ycbcr_2plane_444_formats 0.0.1              VK_EXT_ycbcr_image_arrays 0.0.1                        VK_EXT_zero_initialize_device_memory 0.0.1
    VK_NV_clip_space_w_scaling 0.0.1                   VK_NV_cluster_acceleration_structure 0.0.4             VK_NV_compute_occupancy_priority 0.0.1
    VK_NV_compute_shader_derivatives 0.0.1             VK_NV_cooperative_matrix 0.0.1                         VK_NV_cooperative_matrix2 0.0.1
    VK_NV_cooperative_vector 0.0.4                     VK_NV_copy_memory_indirect 0.0.1                       VK_NV_corner_sampled_image 0.0.2
    VK_NV_coverage_reduction_mode 0.0.1                VK_NV_cuda_kernel_launch 0.0.2                         VK_NV_dedicated_allocation 0.0.1
    VK_NV_dedicated_allocation_image_aliasing 0.0.1    VK_NV_descriptor_pool_overallocation 0.0.1             VK_NV_device_diagnostic_checkpoints 0.0.2
    VK_NV_device_diagnostics_config 0.0.2              VK_NV_device_generated_commands 0.0.3                  VK_NV_device_generated_commands_compute 0.0.2
    VK_NV_disk_cache_utils 0.0.1                       VK_NV_extended_sparse_address_space 0.0.1              VK_NV_fill_rectangle 0.0.1
    VK_NV_fragment_coverage_to_color 0.0.1             VK_NV_fragment_shader_barycentric 0.0.1                VK_NV_fragment_shading_rate_enums 0.0.1
    VK_NV_framebuffer_mixed_samples 0.0.1              VK_NV_geometry_shader_passthrough 0.0.1                VK_NV_inherited_viewport_scissor 0.0.1
    VK_NV_internal_nvpresent 0.0.1                     VK_NV_linear_color_attachment 0.0.1                    VK_NV_low_latency 0.0.1
    VK_NV_low_latency2 0.0.2                           VK_NV_memory_decompression 0.0.1                       VK_NV_mesh_shader 0.0.1
    VK_NV_optical_flow 0.0.1                           VK_NV_partitioned_acceleration_structure 0.0.1         VK_NV_present_metering 0.0.1
    VK_NV_push_constant_bank 0.0.1                     VK_NV_raw_access_chains 0.0.1                          VK_NV_ray_tracing 0.0.3
    VK_NV_ray_tracing_invocation_reorder 0.0.1         VK_NV_ray_tracing_motion_blur 0.0.1                    VK_NV_representative_fragment_test 0.0.2
    VK_NV_sample_mask_override_coverage 0.0.1          VK_NV_scissor_exclusive 0.0.2                          VK_NV_shader_atomic_float16_vector 0.0.1
    VK_NV_shader_image_footprint 0.0.2                 VK_NV_shader_sm_builtins 0.0.1                         VK_NV_shader_subgroup_partitioned 0.0.1
    VK_NV_shading_rate_image 0.0.3                     VK_NV_viewport_array2 0.0.1                            VK_NV_viewport_swizzle 0.0.1
    VK_NVX_binary_import 0.0.2                         VK_NVX_image_view_handle 0.0.4                         VK_NVX_multiview_per_view_attributes 0.0.1
    VK_AMD_buffer_marker 0.0.1                         VK_GOOGLE_hlsl_functionality1 0.0.1                    VK_GOOGLE_user_type 0.0.1
[39m[39mDiligent Engine: Info: Can not disable SeparablePrograms
[39m[39mDiligent Engine: Info: GPU dynamic heap created. Total buffer size: 8.00 MB
[39m[39mDiligent Engine: Info: MemoryManager 'Global resource memory manager': created new device-local page. (16.00 MB, type idx: 1). Current allocated size: 16.00 MB
[39m[Info] gpu_device_impl_core.cpp:162 probeNativePhysicsFloatAtomicShader: Probing native physics float atomics with a built-in compute shader, compiler=auto.
[39mDiligent Engine: Info: Loaded DX Shader Compiler 1.9. Max supported shader model: 6.9
[39m[Info] gpu_device_impl_core.cpp:174 probeNativePhysicsFloatAtomicShader: Native physics float-atomics shader probe succeeded.
[Info] gpu_device_impl_core.cpp:886 initializeVulkan: Physics float atomics: native=enabled, shaderCompilerMode=auto, dxcLoaded=yes.
[Info] shader_cache.cpp:59 initialize: using cache file '/home/yafei/Code/CRESSim-Neo/.cache/cressim_neo/state_cache_vk_r_v5.bin'.
[Info] shader_cache.cpp:179 loadCache: loaded cache file '/home/yafei/Code/CRESSim-Neo/.cache/cressim_neo/state_cache_vk_r_v5.bin' (10462476 bytes).
[39mDiligent Engine: Info: Allocated new descriptor pool
[39m[39mDiligent Engine: Info: MemoryManager 'Global resource memory manager': created new host-visible page. (16.00 MB, type idx: 2). Current allocated size: 16.00 MB
[39m[Warning] world.cpp:1376 setSoftBody: setSoftBody without a mesh renderer on the same entity.
[Warning] world.cpp:1376 setSoftBody: setSoftBody without a mesh renderer on the same entity.
[Warning] world.cpp:1376 setSoftBody: setSoftBody without a mesh renderer on the same entity.
[Warning] world.cpp:1376 setSoftBody: setSoftBody without a mesh renderer on the same entity.
[Warning] world.cpp:1376 setSoftBody: setSoftBody without a mesh renderer on the same entity.
[Warning] world.cpp:1376 setSoftBody: setSoftBody without a mesh renderer on the same entity.
[Warning] world.cpp:1376 setSoftBody: setSoftBody without a mesh renderer on the same entity.
[Warning] world.cpp:1376 setSoftBody: setSoftBody without a mesh renderer on the same entity.
[Info] vulkan_cuda_interop.cpp:291 createExportableStructuredBuffer: Created exportable Vulkan shared buffer 'CRESSimNeo.Physics.SoftPositionsInvMass' with capacity=2704, stride=16, queueFamilies=1.
[39mDiligent Engine: Info: MemoryManager 'Global resource memory manager': created new device-local page. (16.00 MB, type idx: 1). Current allocated size: 32.00 MB
[39m[39mDiligent Engine: Info: MemoryManager 'Global resource memory manager': created new host-visible page. (16.00 MB, type idx: 3). Current allocated size: 32.00 MB
[39m[Info] vulkan_cuda_interop.cpp:291 createExportableStructuredBuffer: Created exportable Vulkan shared buffer 'PsmSoftGrasp.Actions' with capacity=56, stride=4, queueFamilies=1.
[Info] vulkan_cuda_interop.cpp:291 createExportableStructuredBuffer: Created exportable Vulkan shared buffer 'PsmSoftGrasp.Observations' with capacity=232, stride=4, queueFamilies=1.
[Info] vulkan_cuda_interop.cpp:291 createExportableStructuredBuffer: Created exportable Vulkan shared buffer 'PsmSoftGrasp.Rewards' with capacity=8, stride=4, queueFamilies=1.
[Info] vulkan_cuda_interop.cpp:291 createExportableStructuredBuffer: Created exportable Vulkan shared buffer 'PsmSoftGrasp.Terminated' with capacity=8, stride=4, queueFamilies=1.
[Info] vulkan_cuda_interop.cpp:291 createExportableStructuredBuffer: Created exportable Vulkan shared buffer 'PsmSoftGrasp.Truncated' with capacity=8, stride=4, queueFamilies=1.
[Info] vulkan_cuda_interop.cpp:291 createExportableStructuredBuffer: Created exportable Vulkan shared buffer 'PsmSoftGrasp.EpisodeSteps' with capacity=8, stride=4, queueFamilies=1.
[Info] vulkan_cuda_interop.cpp:291 createExportableStructuredBuffer: Created exportable Vulkan shared buffer 'PsmSoftGrasp.ResetMask' with capacity=8, stride=4, queueFamilies=1.
[Info] vulkan_cuda_interop.cpp:291 createExportableStructuredBuffer: Created exportable Vulkan shared buffer 'PsmSoftGrasp.TargetChoice' with capacity=8, stride=4, queueFamilies=1.
[Info] vulkan_cuda_interop.cpp:291 createExportableStructuredBuffer: Created exportable Vulkan shared buffer 'PsmSoftGrasp.PreviousGraspClosed' with capacity=8, stride=4, queueFamilies=1.
[Info] vulkan_cuda_interop.cpp:291 createExportableStructuredBuffer: Created exportable Vulkan shared buffer 'PsmSoftGrasp.EnvMetadataU32' with capacity=112, stride=4, queueFamilies=1.
[Info] vulkan_cuda_interop.cpp:291 createExportableStructuredBuffer: Created exportable Vulkan shared buffer 'PsmSoftGrasp.EnvMetadataF32' with capacity=8, stride=16, queueFamilies=1.
[Info] vulkan_cuda_interop.cpp:291 createExportableStructuredBuffer: Created exportable Vulkan shared buffer 'PsmSoftGrasp.ParticleOffsets' with capacity=8, stride=4, queueFamilies=1.
[Info] vulkan_cuda_interop.cpp:291 createExportableStructuredBuffer: Created exportable Vulkan shared buffer 'PsmSoftGrasp.ParticleCounts' with capacity=8, stride=4, queueFamilies=1.
[Info] vulkan_cuda_interop.cpp:291 createExportableStructuredBuffer: Created exportable Vulkan shared buffer 'PsmSoftGrasp.ResetPositions' with capacity=2704, stride=16, queueFamilies=1.
[Info] vulkan_cuda_interop.cpp:291 createExportableStructuredBuffer: Created exportable Vulkan shared buffer 'PsmSoftGrasp.ArmHingeSlots' with capacity=40, stride=4, queueFamilies=1.
[Info] vulkan_cuda_interop.cpp:291 createExportableStructuredBuffer: Created exportable Vulkan shared buffer 'PsmSoftGrasp.ArmSliderSlots' with capacity=8, stride=4, queueFamilies=1.
[Info] vulkan_cuda_interop.cpp:291 createExportableStructuredBuffer: Created exportable Vulkan shared buffer 'PsmSoftGrasp.JawHingeSlots' with capacity=16, stride=4, queueFamilies=1.
[Info] vulkan_cuda_interop.cpp:291 createExportableStructuredBuffer: Created exportable Vulkan shared buffer 'PsmSoftGrasp.AttachmentSlots' with capacity=8, stride=4, queueFamilies=1.
[Info] vulkan_cuda_interop.cpp:291 createExportableStructuredBuffer: Created exportable Vulkan shared buffer 'PsmSoftGrasp.TargetPoseSlots' with capacity=8, stride=4, queueFamilies=1.
[Info] vulkan_cuda_interop.cpp:291 createExportableStructuredBuffer: Created exportable Vulkan shared buffer 'PsmSoftGrasp.TooltipBodyIndices' with capacity=8, stride=4, queueFamilies=1.
[Info] vulkan_cuda_interop.cpp:291 createExportableStructuredBuffer: Created exportable Vulkan shared buffer 'PsmSoftGrasp.TooltipLocalAnchors' with capacity=8, stride=16, queueFamilies=1.
[Info] vulkan_cuda_interop.cpp:291 createExportableStructuredBuffer: Created exportable Vulkan shared buffer 'PsmSoftGrasp.TargetParticleIndices' with capacity=8, stride=4, queueFamilies=1.
[Info] vulkan_cuda_interop.cpp:291 createExportableStructuredBuffer: Created exportable Vulkan shared buffer 'PsmSoftGrasp.TargetRestHeights' with capacity=8, stride=4, queueFamilies=1.
[Info] vulkan_cuda_interop.cpp:291 createExportableStructuredBuffer: Created exportable Vulkan shared buffer 'PsmSoftGrasp.TargetCandidateLocalIndices' with capacity=1, stride=4, queueFamilies=1.
[Info] vulkan_cuda_interop.cpp:291 createExportableStructuredBuffer: Created exportable Vulkan shared buffer 'PsmSoftGrasp.CurrentJointTargets' with capacity=56, stride=4, queueFamilies=1.
[Info] vulkan_cuda_interop.cpp:291 createExportableStructuredBuffer: Created exportable Vulkan shared buffer 'PsmSoftGrasp.ResetJointTargets' with capacity=56, stride=4, queueFamilies=1.
[Info] vulkan_cuda_interop.cpp:291 createExportableStructuredBuffer: Created exportable Vulkan shared buffer 'PsmSoftGrasp.JointLimits' with capacity=56, stride=8, queueFamilies=1.
[Info] vulkan_cuda_interop.cpp:291 createExportableStructuredBuffer: Created exportable Vulkan shared buffer 'PsmSoftGrasp.RigidResetBodyIndices' with capacity=104, stride=4, queueFamilies=1.
[Info] vulkan_cuda_interop.cpp:291 createExportableStructuredBuffer: Created exportable Vulkan shared buffer 'PsmSoftGrasp.RigidResetPositions' with capacity=104, stride=16, queueFamilies=1.
[Info] vulkan_cuda_interop.cpp:291 createExportableStructuredBuffer: Created exportable Vulkan shared buffer 'PsmSoftGrasp.RigidResetOrientations' with capacity=104, stride=16, queueFamilies=1.
[Info] shader_cache.cpp:221 saveCache: saved cache file '/home/yafei/Code/CRESSim-Neo/.cache/cressim_neo/state_cache_vk_r_v5.bin' (10462484 bytes).
[39mDiligent Engine: Info: Dynamic descriptor set allocator of immediate context peak descriptor pool count: 0
[39m[39mDiligent Engine: Info: Dynamic heap of immediate context usage stats:
                       Peak used/aligned/allocated size: 0 Bytes / 0 Bytes / 0 Bytes (0 pages). Peak efficiency (used/aligned): 0.0%. Peak utilization (used/allocated): 0.0%
[39m[39mDiligent Engine: Info: Upload heap of immediate context peak used/allocated frame size: 0.01 MB / 1.00 MB (1 page)
[39m[39mDiligent Engine: Info: Dynamic descriptor set allocator of immediate context peak descriptor pool count: 1
[39m[39mDiligent Engine: Info: Dynamic heap of immediate context usage stats:
                       Peak used/aligned/allocated size: 186.97 KB / 356.17 KB / 512.00 KB (2 pages). Peak efficiency (used/aligned): 52.5%. Peak utilization (used/allocated): 36.5%
[39m[39mDiligent Engine: Info: Upload heap of immediate context peak used/allocated frame size: 1.90 MB / 2.00 MB (2 pages)
[39m[39mDiligent Engine: Info: Transient command buffer pool manager allocated descriptor pool count: 8
[39m[39mDiligent Engine: Info: Dynamic memory manager usage stats:
                       Total size: 8.00 MB. Peak allocated size: 1.00 MB. Peak utilization: 12.5%
[39m[39mDiligent Engine: Info: MemoryManager 'Global resource memory manager' stats:
                       Peak used/allocated device-local memory size: 21.40 MB / 32.00 MB (2 pages)
                       Peak used/allocated host-visible memory size: 3.13 MB / 32.00 MB (2 pages)
[39m[39mDiligent Engine: Info: Vulkan query manager peak usage:
QUERY_TYPE_BINARY_OCCLUSION   :    0/ 128
QUERY_TYPE_TIMESTAMP          :    0/ 512
QUERY_TYPE_DURATION           :    0/ 512
[39m[39mDiligent Engine: Info: Vulkan query manager peak usage:
QUERY_TYPE_BINARY_OCCLUSION   :    0/ 128
QUERY_TYPE_TIMESTAMP          :    0/ 512
QUERY_TYPE_DURATION           :    0/ 512
[39m[39mDiligent Engine: Info: Dynamic descriptor pool stats: allocated 2 pool(s)
[39m[39mDiligent Engine: Info: Main descriptor pool stats: allocated 1 pool(s)
[39m[39mDiligent Engine: Info: Loaded DX Shader Compiler 1.9. Max supported shader model: 6.9
[39m[Info] gpu_device_impl_core.cpp:845 initializeVulkan: Attempting Vulkan device creation with native physics float atomics requested.
[Info] gpu_device_impl_core.cpp:762 operator(): Requesting Vulkan native float atomics via VK_EXT_shader_atomic_float with shaderBufferFloat32AtomicAdd=VK_TRUE.
[Info] gpu_device_impl_core.cpp:766 operator(): Requesting Vulkan CUDA interop instance extensions: VK_KHR_external_memory_capabilities, VK_KHR_external_semaphore_capabilities.
[Info] gpu_device_impl_core.cpp:778 operator(): Requesting Vulkan CUDA interop device extensions: VK_KHR_external_memory, VK_KHR_external_memory_fd, VK_KHR_external_semaphore, VK_KHR_external_semaphore_fd.
[Info] gpu_device_impl_core.cpp:102 logDedicatedContextPlan: Vulkan dedicated-context plan: adapter=0 ('NVIDIA GeForce RTX 4090', type=discrete), graphicsQueue=0, physicsQueue=0 (shared queue, separate contexts).
[Info] gpu_device_impl_core.cpp:809 operator(): Attempting Vulkan device creation with two immediate contexts.
[39mDiligent Engine: Info: Available Vulkan instance layers: 
    VK_LAYER_OBS_vkcapture_64 1.4.350
    VK_LAYER_NV_optimus 1.4.341
    VK_LAYER_NV_present 1.4.341
[39m[39mDiligent Engine: Info: Supported Vulkan instance extensions: 
    VK_KHR_device_group_creation 0.0.1
    VK_KHR_display 0.0.23
    VK_KHR_external_fence_capabilities 0.0.1
    VK_KHR_external_memory_capabilities 0.0.1
    VK_KHR_external_semaphore_capabilities 0.0.1
    VK_KHR_get_display_properties2 0.0.1
    VK_KHR_get_physical_device_properties2 0.0.2
    VK_KHR_get_surface_capabilities2 0.0.1
    VK_KHR_surface 0.0.25
    VK_KHR_surface_maintenance1 0.0.1
    VK_KHR_surface_protected_capabilities 0.0.1
    VK_KHR_wayland_surface 0.0.6
    VK_KHR_xcb_surface 0.0.6
    VK_KHR_xlib_surface 0.0.6
    VK_EXT_acquire_drm_display 0.0.1
    VK_EXT_acquire_xlib_display 0.0.1
    VK_EXT_debug_report 0.0.10
    VK_EXT_debug_utils 0.0.2
    VK_EXT_direct_mode_display 0.0.1
    VK_EXT_display_surface_counter 0.0.1
    VK_EXT_surface_maintenance1 0.0.1
    VK_EXT_swapchain_colorspace 0.0.5
    VK_NV_display_stereo 0.0.1
    VK_KHR_portability_enumeration 0.0.1
    VK_LUNARG_direct_driver_loading 0.0.1
[39m[39mDiligent Engine: Info: Using physical device 'NVIDIA GeForce RTX 4090', API version 1.4.341, Driver version 98.172.128.
[39m[39mDiligent Engine: Info: Extensions supported by device 'NVIDIA GeForce RTX 4090': 
    VK_KHR_16bit_storage 0.0.1                         VK_KHR_8bit_storage 0.0.1                              VK_KHR_acceleration_structure 0.0.13
    VK_KHR_bind_memory2 0.0.1                          VK_KHR_buffer_device_address 0.0.1                     VK_KHR_calibrated_timestamps 0.0.1
    VK_KHR_compute_shader_derivatives 0.0.1            VK_KHR_cooperative_matrix 0.0.2                        VK_KHR_copy_commands2 0.0.1
    VK_KHR_copy_memory_indirect 0.0.1                  VK_KHR_create_renderpass2 0.0.1                        VK_KHR_dedicated_allocation 0.0.3
    VK_KHR_deferred_host_operations 0.0.4              VK_KHR_depth_clamp_zero_one 0.0.1                      VK_KHR_depth_stencil_resolve 0.0.1
    VK_KHR_descriptor_update_template 0.0.1            VK_KHR_device_group 0.0.4                              VK_KHR_draw_indirect_count 0.0.1
    VK_KHR_driver_properties 0.0.1                     VK_KHR_dynamic_rendering 0.0.1                         VK_KHR_dynamic_rendering_local_read 0.0.1
    VK_KHR_external_fence 0.0.1                        VK_KHR_external_fence_fd 0.0.1                         VK_KHR_external_memory 0.0.1
    VK_KHR_external_memory_fd 0.0.1                    VK_KHR_external_semaphore 0.0.1                        VK_KHR_external_semaphore_fd 0.0.1
    VK_KHR_format_feature_flags2 0.0.2                 VK_KHR_fragment_shader_barycentric 0.0.1               VK_KHR_fragment_shading_rate 0.0.2
    VK_KHR_get_memory_requirements2 0.0.1              VK_KHR_global_priority 0.0.1                           VK_KHR_image_format_list 0.0.1
    VK_KHR_imageless_framebuffer 0.0.1                 VK_KHR_incremental_present 0.0.2                       VK_KHR_index_type_uint8 0.0.1
    VK_KHR_internally_synchronized_queues 0.0.1        VK_KHR_line_rasterization 0.0.1                        VK_KHR_load_store_op_none 0.0.1
    VK_KHR_maintenance1 0.0.2                          VK_KHR_maintenance10 0.0.1                             VK_KHR_maintenance2 0.0.1
    VK_KHR_maintenance3 0.0.1                          VK_KHR_maintenance4 0.0.2                              VK_KHR_maintenance5 0.0.1
    VK_KHR_maintenance6 0.0.1                          VK_KHR_maintenance7 0.0.1                              VK_KHR_maintenance8 0.0.1
    VK_KHR_maintenance9 0.0.1                          VK_KHR_map_memory2 0.0.1                               VK_KHR_multiview 0.0.1
    VK_KHR_pipeline_binary 0.0.1                       VK_KHR_pipeline_executable_properties 0.0.1            VK_KHR_pipeline_library 0.0.1
    VK_KHR_present_id 0.0.1                            VK_KHR_present_id2 0.0.1                               VK_KHR_present_mode_fifo_latest_ready 0.0.1
    VK_KHR_present_wait 0.0.1                          VK_KHR_present_wait2 0.0.1                             VK_KHR_push_descriptor 0.0.2
    VK_KHR_ray_query 0.0.1                             VK_KHR_ray_tracing_maintenance1 0.0.1                  VK_KHR_ray_tracing_pipeline 0.0.1
    VK_KHR_ray_tracing_position_fetch 0.0.1            VK_KHR_relaxed_block_layout 0.0.1                      VK_KHR_robustness2 0.0.1
    VK_KHR_sampler_mirror_clamp_to_edge 0.0.3          VK_KHR_sampler_ycbcr_conversion 0.0.14                 VK_KHR_separate_depth_stencil_layouts 0.0.1
    VK_KHR_shader_atomic_int64 0.0.1                   VK_KHR_shader_bfloat16 0.0.1                           VK_KHR_shader_clock 0.0.1
    VK_KHR_shader_draw_parameters 0.0.1                VK_KHR_shader_expect_assume 0.0.1                      VK_KHR_shader_float16_int8 0.0.1
    VK_KHR_shader_float_controls 0.0.4                 VK_KHR_shader_float_controls2 0.0.1                    VK_KHR_shader_fma 0.0.1
    VK_KHR_shader_integer_dot_product 0.0.1            VK_KHR_shader_maximal_reconvergence 0.0.1              VK_KHR_shader_non_semantic_info 0.0.1
    VK_KHR_shader_quad_control 0.0.1                   VK_KHR_shader_relaxed_extended_instruction 0.0.1       VK_KHR_shader_subgroup_extended_types 0.0.1
    VK_KHR_shader_subgroup_rotate 0.0.2                VK_KHR_shader_subgroup_uniform_control_flow 0.0.1      VK_KHR_shader_terminate_invocation 0.0.1
    VK_KHR_shader_untyped_pointers 0.0.1               VK_KHR_shared_presentable_image 0.0.1                  VK_KHR_spirv_1_4 0.0.1
    VK_KHR_storage_buffer_storage_class 0.0.1          VK_KHR_swapchain 0.0.70                                VK_KHR_swapchain_maintenance1 0.0.1
    VK_KHR_swapchain_mutable_format 0.0.1              VK_KHR_synchronization2 0.0.1                          VK_KHR_timeline_semaphore 0.0.2
    VK_KHR_unified_image_layouts 0.0.1                 VK_KHR_uniform_buffer_standard_layout 0.0.1            VK_KHR_variable_pointers 0.0.1
    VK_KHR_vertex_attribute_divisor 0.0.1              VK_KHR_video_decode_av1 0.0.1                          VK_KHR_video_decode_h264 0.0.9
    VK_KHR_video_decode_h265 0.0.8                     VK_KHR_video_decode_queue 0.0.8                        VK_KHR_video_decode_vp9 0.0.1
    VK_KHR_video_encode_av1 0.0.1                      VK_KHR_video_encode_h264 0.0.14                        VK_KHR_video_encode_h265 0.0.14
    VK_KHR_video_encode_intra_refresh 0.0.1            VK_KHR_video_encode_quantization_map 0.0.2             VK_KHR_video_encode_queue 0.0.12
    VK_KHR_video_maintenance1 0.0.1                    VK_KHR_video_maintenance2 0.0.1                        VK_KHR_video_queue 0.0.8
    VK_KHR_vulkan_memory_model 0.0.3                   VK_KHR_workgroup_memory_explicit_layout 0.0.1          VK_KHR_zero_initialize_workgroup_memory 0.0.1
    VK_EXT_4444_formats 0.0.1                          VK_EXT_attachment_feedback_loop_dynamic_state 0.0.1    VK_EXT_attachment_feedback_loop_layout 0.0.2
    VK_EXT_blend_operation_advanced 0.0.2              VK_EXT_border_color_swizzle 0.0.1                      VK_EXT_buffer_device_address 0.0.2
    VK_EXT_calibrated_timestamps 0.0.2                 VK_EXT_color_write_enable 0.0.1                        VK_EXT_conditional_rendering 0.0.2
    VK_EXT_conservative_rasterization 0.0.1            VK_EXT_custom_border_color 0.0.12                      VK_EXT_custom_resolve 0.0.1
    VK_EXT_depth_bias_control 0.0.1                    VK_EXT_depth_clamp_control 0.0.1                       VK_EXT_depth_clamp_zero_one 0.0.1
    VK_EXT_depth_clip_control 0.0.1                    VK_EXT_depth_clip_enable 0.0.1                         VK_EXT_depth_range_unrestricted 0.0.1
    VK_EXT_descriptor_buffer 0.0.1                     VK_EXT_descriptor_heap 0.0.1                           VK_EXT_descriptor_indexing 0.0.2
    VK_EXT_device_address_binding_report 0.0.1         VK_EXT_device_fault 0.0.2                              VK_EXT_device_generated_commands 0.0.1
    VK_EXT_discard_rectangles 0.0.2                    VK_EXT_display_control 0.0.1                           VK_EXT_dynamic_rendering_unused_attachments 0.0.1
    VK_EXT_extended_dynamic_state 0.0.1                VK_EXT_extended_dynamic_state2 0.0.1                   VK_EXT_extended_dynamic_state3 0.0.2
    VK_EXT_external_memory_dma_buf 0.0.1               VK_EXT_external_memory_host 0.0.1                      VK_EXT_fragment_shader_interlock 0.0.1
    VK_EXT_global_priority 0.0.2                       VK_EXT_global_priority_query 0.0.1                     VK_EXT_graphics_pipeline_library 0.0.1
    VK_EXT_hdr_metadata 0.0.3                          VK_EXT_host_image_copy 0.0.1                           VK_EXT_host_query_reset 0.0.1
    VK_EXT_image_2d_view_of_3d 0.0.1                   VK_EXT_image_drm_format_modifier 0.0.2                 VK_EXT_image_robustness 0.0.1
    VK_EXT_image_sliced_view_of_3d 0.0.1               VK_EXT_image_view_min_lod 0.0.1                        VK_EXT_index_type_uint8 0.0.1
    VK_EXT_inline_uniform_block 0.0.1                  VK_EXT_legacy_vertex_attributes 0.0.1                  VK_EXT_line_rasterization 0.0.1
    VK_EXT_load_store_op_none 0.0.1                    VK_EXT_map_memory_placed 0.0.1                         VK_EXT_memory_budget 0.0.1
    VK_EXT_memory_decompression 0.0.1                  VK_EXT_memory_priority 0.0.1                           VK_EXT_mesh_shader 0.0.1
    VK_EXT_multi_draw 0.0.1                            VK_EXT_mutable_descriptor_type 0.0.1                   VK_EXT_nested_command_buffer 0.0.1
    VK_EXT_non_seamless_cube_map 0.0.1                 VK_EXT_opacity_micromap 0.0.2                          VK_EXT_pageable_device_local_memory 0.0.1
    VK_EXT_pci_bus_info 0.0.2                          VK_EXT_physical_device_drm 0.0.1                       VK_EXT_pipeline_creation_cache_control 0.0.3
    VK_EXT_pipeline_creation_feedback 0.0.1            VK_EXT_pipeline_library_group_handles 0.0.1            VK_EXT_pipeline_robustness 0.0.1
    VK_EXT_post_depth_coverage 0.0.1                   VK_EXT_present_mode_fifo_latest_ready 0.0.1            VK_EXT_present_timing 0.0.3
    VK_EXT_primitive_topology_list_restart 0.0.1       VK_EXT_primitives_generated_query 0.0.1                VK_EXT_private_data 0.0.1
    VK_EXT_provoking_vertex 0.0.1                      VK_EXT_queue_family_foreign 0.0.1                      VK_EXT_ray_tracing_invocation_reorder 0.0.1
    VK_EXT_robustness2 0.0.1                           VK_EXT_sample_locations 0.0.1                          VK_EXT_sampler_filter_minmax 0.0.2
    VK_EXT_scalar_block_layout 0.0.1                   VK_EXT_separate_stencil_usage 0.0.1                    VK_EXT_shader_64bit_indexing 0.0.1
    VK_EXT_shader_atomic_float 0.0.1                   VK_EXT_shader_demote_to_helper_invocation 0.0.1        VK_EXT_shader_float8 0.0.1
    VK_EXT_shader_image_atomic_int64 0.0.1             VK_EXT_shader_long_vector 0.0.1                        VK_EXT_shader_module_identifier 0.0.1
    VK_EXT_shader_object 0.0.1                         VK_EXT_shader_replicated_composites 0.0.1              VK_EXT_shader_subgroup_ballot 0.0.1
    VK_EXT_shader_subgroup_partitioned 0.0.1           VK_EXT_shader_subgroup_vote 0.0.1                      VK_EXT_shader_uniform_buffer_unsized_array 0.0.1
    VK_EXT_shader_viewport_index_layer 0.0.1           VK_EXT_subgroup_size_control 0.0.2                     VK_EXT_swapchain_maintenance1 0.0.1
    VK_EXT_texel_buffer_alignment 0.0.1                VK_EXT_tooling_info 0.0.1                              VK_EXT_transform_feedback 0.0.1
    VK_EXT_vertex_attribute_divisor 0.0.3              VK_EXT_vertex_attribute_robustness 0.0.1               VK_EXT_vertex_input_dynamic_state 0.0.2
    VK_EXT_ycbcr_2plane_444_formats 0.0.1              VK_EXT_ycbcr_image_arrays 0.0.1                        VK_EXT_zero_initialize_device_memory 0.0.1
    VK_NV_clip_space_w_scaling 0.0.1                   VK_NV_cluster_acceleration_structure 0.0.4             VK_NV_compute_occupancy_priority 0.0.1
    VK_NV_compute_shader_derivatives 0.0.1             VK_NV_cooperative_matrix 0.0.1                         VK_NV_cooperative_matrix2 0.0.1
    VK_NV_cooperative_vector 0.0.4                     VK_NV_copy_memory_indirect 0.0.1                       VK_NV_corner_sampled_image 0.0.2
    VK_NV_coverage_reduction_mode 0.0.1                VK_NV_cuda_kernel_launch 0.0.2                         VK_NV_dedicated_allocation 0.0.1
    VK_NV_dedicated_allocation_image_aliasing 0.0.1    VK_NV_descriptor_pool_overallocation 0.0.1             VK_NV_device_diagnostic_checkpoints 0.0.2
    VK_NV_device_diagnostics_config 0.0.2              VK_NV_device_generated_commands 0.0.3                  VK_NV_device_generated_commands_compute 0.0.2
    VK_NV_disk_cache_utils 0.0.1                       VK_NV_extended_sparse_address_space 0.0.1              VK_NV_fill_rectangle 0.0.1
    VK_NV_fragment_coverage_to_color 0.0.1             VK_NV_fragment_shader_barycentric 0.0.1                VK_NV_fragment_shading_rate_enums 0.0.1
    VK_NV_framebuffer_mixed_samples 0.0.1              VK_NV_geometry_shader_passthrough 0.0.1                VK_NV_inherited_viewport_scissor 0.0.1
    VK_NV_internal_nvpresent 0.0.1                     VK_NV_linear_color_attachment 0.0.1                    VK_NV_low_latency 0.0.1
    VK_NV_low_latency2 0.0.2                           VK_NV_memory_decompression 0.0.1                       VK_NV_mesh_shader 0.0.1
    VK_NV_optical_flow 0.0.1                           VK_NV_partitioned_acceleration_structure 0.0.1         VK_NV_present_metering 0.0.1
    VK_NV_push_constant_bank 0.0.1                     VK_NV_raw_access_chains 0.0.1                          VK_NV_ray_tracing 0.0.3
    VK_NV_ray_tracing_invocation_reorder 0.0.1         VK_NV_ray_tracing_motion_blur 0.0.1                    VK_NV_representative_fragment_test 0.0.2
    VK_NV_sample_mask_override_coverage 0.0.1          VK_NV_scissor_exclusive 0.0.2                          VK_NV_shader_atomic_float16_vector 0.0.1
    VK_NV_shader_image_footprint 0.0.2                 VK_NV_shader_sm_builtins 0.0.1                         VK_NV_shader_subgroup_partitioned 0.0.1
    VK_NV_shading_rate_image 0.0.3                     VK_NV_viewport_array2 0.0.1                            VK_NV_viewport_swizzle 0.0.1
    VK_NVX_binary_import 0.0.2                         VK_NVX_image_view_handle 0.0.4                         VK_NVX_multiview_per_view_attributes 0.0.1
    VK_AMD_buffer_marker 0.0.1                         VK_GOOGLE_hlsl_functionality1 0.0.1                    VK_GOOGLE_user_type 0.0.1
[39m[39mDiligent Engine: Info: Can not disable SeparablePrograms
[39m[39mDiligent Engine: Info: GPU dynamic heap created. Total buffer size: 8.00 MB
[39m[39mDiligent Engine: Info: MemoryManager 'Global resource memory manager': created new device-local page. (16.00 MB, type idx: 1). Current allocated size: 16.00 MB
[39m[Info] gpu_device_impl_core.cpp:162 probeNativePhysicsFloatAtomicShader: Probing native physics float atomics with a built-in compute shader, compiler=auto.
[39mDiligent Engine: Info: Loaded DX Shader Compiler 1.9. Max supported shader model: 6.9
[39m[Info] gpu_device_impl_core.cpp:174 probeNativePhysicsFloatAtomicShader: Native physics float-atomics shader probe succeeded.
[Info] gpu_device_impl_core.cpp:886 initializeVulkan: Physics float atomics: native=enabled, shaderCompilerMode=auto, dxcLoaded=yes.
[Info] shader_cache.cpp:59 initialize: using cache file '/home/yafei/Code/CRESSim-Neo/.cache/cressim_neo/state_cache_vk_r_v5.bin'.
[Info] shader_cache.cpp:179 loadCache: loaded cache file '/home/yafei/Code/CRESSim-Neo/.cache/cressim_neo/state_cache_vk_r_v5.bin' (10462484 bytes).
[39mDiligent Engine: Info: Allocated new descriptor pool
[39m[39mDiligent Engine: Info: MemoryManager 'Global resource memory manager': created new host-visible page. (16.00 MB, type idx: 2). Current allocated size: 16.00 MB
[39m[Warning] world.cpp:1376 setSoftBody: setSoftBody without a mesh renderer on the same entity.
[Warning] world.cpp:1376 setSoftBody: setSoftBody without a mesh renderer on the same entity.
[Warning] world.cpp:1376 setSoftBody: setSoftBody without a mesh renderer on the same entity.
[Warning] world.cpp:1376 setSoftBody: setSoftBody without a mesh renderer on the same entity.
[Warning] world.cpp:1376 setSoftBody: setSoftBody without a mesh renderer on the same entity.
[Warning] world.cpp:1376 setSoftBody: setSoftBody without a mesh renderer on the same entity.
[Warning] world.cpp:1376 setSoftBody: setSoftBody without a mesh renderer on the same entity.
[Warning] world.cpp:1376 setSoftBody: setSoftBody without a mesh renderer on the same entity.
[Warning] world.cpp:1376 setSoftBody: setSoftBody without a mesh renderer on the same entity.
[Warning] world.cpp:1376 setSoftBody: setSoftBody without a mesh renderer on the same entity.
[Warning] world.cpp:1376 setSoftBody: setSoftBody without a mesh renderer on the same entity.
[Warning] world.cpp:1376 setSoftBody: setSoftBody without a mesh renderer on the same entity.
[Warning] world.cpp:1376 setSoftBody: setSoftBody without a mesh renderer on the same entity.
[Warning] world.cpp:1376 setSoftBody: setSoftBody without a mesh renderer on the same entity.
[Warning] world.cpp:1376 setSoftBody: setSoftBody without a mesh renderer on the same entity.
[Warning] world.cpp:1376 setSoftBody: setSoftBody without a mesh renderer on the same entity.
[Warning] world.cpp:1376 setSoftBody: setSoftBody without a mesh renderer on the same entity.
[Warning] world.cpp:1376 setSoftBody: setSoftBody without a mesh renderer on the same entity.
[Warning] world.cpp:1376 setSoftBody: setSoftBody without a mesh renderer on the same entity.
[Warning] world.cpp:1376 setSoftBody: setSoftBody without a mesh renderer on the same entity.
[Warning] world.cpp:1376 setSoftBody: setSoftBody without a mesh renderer on the same entity.
[Warning] world.cpp:1376 setSoftBody: setSoftBody without a mesh renderer on the same entity.
[Warning] world.cpp:1376 setSoftBody: setSoftBody without a mesh renderer on the same entity.
[Warning] world.cpp:1376 setSoftBody: setSoftBody without a mesh renderer on the same entity.
[Warning] world.cpp:1376 setSoftBody: setSoftBody without a mesh renderer on the same entity.
[Warning] world.cpp:1376 setSoftBody: setSoftBody without a mesh renderer on the same entity.
[Warning] world.cpp:1376 setSoftBody: setSoftBody without a mesh renderer on the same entity.
[Warning] world.cpp:1376 setSoftBody: setSoftBody without a mesh renderer on the same entity.
[Warning] world.cpp:1376 setSoftBody: setSoftBody without a mesh renderer on the same entity.
[Warning] world.cpp:1376 setSoftBody: setSoftBody without a mesh renderer on the same entity.
[Warning] world.cpp:1376 setSoftBody: setSoftBody without a mesh renderer on the same entity.
[Warning] world.cpp:1376 setSoftBody: setSoftBody without a mesh renderer on the same entity.
[Info] vulkan_cuda_interop.cpp:291 createExportableStructuredBuffer: Created exportable Vulkan shared buffer 'CRESSimNeo.Physics.SoftPositionsInvMass' with capacity=10816, stride=16, queueFamilies=1.
[39mDiligent Engine: Info: MemoryManager 'Global resource memory manager': created new device-local page. (16.00 MB, type idx: 1). Current allocated size: 32.00 MB
[39m[39mDiligent Engine: Info: MemoryManager 'Global resource memory manager': created new device-local page. (32.00 MB, type idx: 1). Current allocated size: 64.00 MB
[39m[39mDiligent Engine: Info: MemoryManager 'Global resource memory manager': created new device-local page. (16.00 MB, type idx: 1). Current allocated size: 80.00 MB
[39m[39mDiligent Engine: Info: MemoryManager 'Global resource memory manager': created new host-visible page. (16.00 MB, type idx: 3). Current allocated size: 32.00 MB
[39m[Info] vulkan_cuda_interop.cpp:291 createExportableStructuredBuffer: Created exportable Vulkan shared buffer 'PsmSoftGrasp.Actions' with capacity=224, stride=4, queueFamilies=1.
[Info] vulkan_cuda_interop.cpp:291 createExportableStructuredBuffer: Created exportable Vulkan shared buffer 'PsmSoftGrasp.Observations' with capacity=928, stride=4, queueFamilies=1.
[Info] vulkan_cuda_interop.cpp:291 createExportableStructuredBuffer: Created exportable Vulkan shared buffer 'PsmSoftGrasp.Rewards' with capacity=32, stride=4, queueFamilies=1.
[Info] vulkan_cuda_interop.cpp:291 createExportableStructuredBuffer: Created exportable Vulkan shared buffer 'PsmSoftGrasp.Terminated' with capacity=32, stride=4, queueFamilies=1.
[Info] vulkan_cuda_interop.cpp:291 createExportableStructuredBuffer: Created exportable Vulkan shared buffer 'PsmSoftGrasp.Truncated' with capacity=32, stride=4, queueFamilies=1.
[Info] vulkan_cuda_interop.cpp:291 createExportableStructuredBuffer: Created exportable Vulkan shared buffer 'PsmSoftGrasp.EpisodeSteps' with capacity=32, stride=4, queueFamilies=1.
[Info] vulkan_cuda_interop.cpp:291 createExportableStructuredBuffer: Created exportable Vulkan shared buffer 'PsmSoftGrasp.ResetMask' with capacity=32, stride=4, queueFamilies=1.
[Info] vulkan_cuda_interop.cpp:291 createExportableStructuredBuffer: Created exportable Vulkan shared buffer 'PsmSoftGrasp.TargetChoice' with capacity=32, stride=4, queueFamilies=1.
[Info] vulkan_cuda_interop.cpp:291 createExportableStructuredBuffer: Created exportable Vulkan shared buffer 'PsmSoftGrasp.PreviousGraspClosed' with capacity=32, stride=4, queueFamilies=1.
[Info] vulkan_cuda_interop.cpp:291 createExportableStructuredBuffer: Created exportable Vulkan shared buffer 'PsmSoftGrasp.EnvMetadataU32' with capacity=448, stride=4, queueFamilies=1.
[Info] vulkan_cuda_interop.cpp:291 createExportableStructuredBuffer: Created exportable Vulkan shared buffer 'PsmSoftGrasp.EnvMetadataF32' with capacity=32, stride=16, queueFamilies=1.
[Info] vulkan_cuda_interop.cpp:291 createExportableStructuredBuffer: Created exportable Vulkan shared buffer 'PsmSoftGrasp.ParticleOffsets' with capacity=32, stride=4, queueFamilies=1.
[Info] vulkan_cuda_interop.cpp:291 createExportableStructuredBuffer: Created exportable Vulkan shared buffer 'PsmSoftGrasp.ParticleCounts' with capacity=32, stride=4, queueFamilies=1.
[Info] vulkan_cuda_interop.cpp:291 createExportableStructuredBuffer: Created exportable Vulkan shared buffer 'PsmSoftGrasp.ResetPositions' with capacity=10816, stride=16, queueFamilies=1.
[Info] vulkan_cuda_interop.cpp:291 createExportableStructuredBuffer: Created exportable Vulkan shared buffer 'PsmSoftGrasp.ArmHingeSlots' with capacity=160, stride=4, queueFamilies=1.
[Info] vulkan_cuda_interop.cpp:291 createExportableStructuredBuffer: Created exportable Vulkan shared buffer 'PsmSoftGrasp.ArmSliderSlots' with capacity=32, stride=4, queueFamilies=1.
[Info] vulkan_cuda_interop.cpp:291 createExportableStructuredBuffer: Created exportable Vulkan shared buffer 'PsmSoftGrasp.JawHingeSlots' with capacity=64, stride=4, queueFamilies=1.
[Info] vulkan_cuda_interop.cpp:291 createExportableStructuredBuffer: Created exportable Vulkan shared buffer 'PsmSoftGrasp.AttachmentSlots' with capacity=32, stride=4, queueFamilies=1.
[Info] vulkan_cuda_interop.cpp:291 createExportableStructuredBuffer: Created exportable Vulkan shared buffer 'PsmSoftGrasp.TargetPoseSlots' with capacity=32, stride=4, queueFamilies=1.
[Info] vulkan_cuda_interop.cpp:291 createExportableStructuredBuffer: Created exportable Vulkan shared buffer 'PsmSoftGrasp.TooltipBodyIndices' with capacity=32, stride=4, queueFamilies=1.
[Info] vulkan_cuda_interop.cpp:291 createExportableStructuredBuffer: Created exportable Vulkan shared buffer 'PsmSoftGrasp.TooltipLocalAnchors' with capacity=32, stride=16, queueFamilies=1.
[Info] vulkan_cuda_interop.cpp:291 createExportableStructuredBuffer: Created exportable Vulkan shared buffer 'PsmSoftGrasp.TargetParticleIndices' with capacity=32, stride=4, queueFamilies=1.
[Info] vulkan_cuda_interop.cpp:291 createExportableStructuredBuffer: Created exportable Vulkan shared buffer 'PsmSoftGrasp.TargetRestHeights' with capacity=32, stride=4, queueFamilies=1.
[Info] vulkan_cuda_interop.cpp:291 createExportableStructuredBuffer: Created exportable Vulkan shared buffer 'PsmSoftGrasp.TargetCandidateLocalIndices' with capacity=1, stride=4, queueFamilies=1.
[Info] vulkan_cuda_interop.cpp:291 createExportableStructuredBuffer: Created exportable Vulkan shared buffer 'PsmSoftGrasp.CurrentJointTargets' with capacity=224, stride=4, queueFamilies=1.
[Info] vulkan_cuda_interop.cpp:291 createExportableStructuredBuffer: Created exportable Vulkan shared buffer 'PsmSoftGrasp.ResetJointTargets' with capacity=224, stride=4, queueFamilies=1.
[Info] vulkan_cuda_interop.cpp:291 createExportableStructuredBuffer: Created exportable Vulkan shared buffer 'PsmSoftGrasp.JointLimits' with capacity=224, stride=8, queueFamilies=1.
[Info] vulkan_cuda_interop.cpp:291 createExportableStructuredBuffer: Created exportable Vulkan shared buffer 'PsmSoftGrasp.RigidResetBodyIndices' with capacity=416, stride=4, queueFamilies=1.
[Info] vulkan_cuda_interop.cpp:291 createExportableStructuredBuffer: Created exportable Vulkan shared buffer 'PsmSoftGrasp.RigidResetPositions' with capacity=416, stride=16, queueFamilies=1.
[Info] vulkan_cuda_interop.cpp:291 createExportableStructuredBuffer: Created exportable Vulkan shared buffer 'PsmSoftGrasp.RigidResetOrientations' with capacity=416, stride=16, queueFamilies=1.
[Info] shader_cache.cpp:221 saveCache: saved cache file '/home/yafei/Code/CRESSim-Neo/.cache/cressim_neo/state_cache_vk_r_v5.bin' (10462476 bytes).
[39mDiligent Engine: Info: Dynamic descriptor set allocator of immediate context peak descriptor pool count: 0
[39m[39mDiligent Engine: Info: Dynamic heap of immediate context usage stats:
                       Peak used/aligned/allocated size: 0 Bytes / 0 Bytes / 0 Bytes (0 pages). Peak efficiency (used/aligned): 0.0%. Peak utilization (used/allocated): 0.0%
[39m[39mDiligent Engine: Info: Upload heap of immediate context peak used/allocated frame size: 0.04 MB / 1.00 MB (1 page)
[39m[39mDiligent Engine: Info: Dynamic descriptor set allocator of immediate context peak descriptor pool count: 2
[39m[39mDiligent Engine: Info: Dynamic heap of immediate context usage stats:
                       Peak used/aligned/allocated size: 191.34 KB / 373.66 KB / 512.00 KB (2 pages). Peak efficiency (used/aligned): 51.2%. Peak utilization (used/allocated): 37.4%
[39m[39mDiligent Engine: Info: Upload heap of immediate context peak used/allocated frame size: 7.61 MB / 8.15 MB (8 pages)
[39m[39mDiligent Engine: Info: Transient command buffer pool manager allocated descriptor pool count: 8
[39m[39mDiligent Engine: Info: Dynamic memory manager usage stats:
                       Total size: 8.00 MB. Peak allocated size: 1.00 MB. Peak utilization: 12.5%
[39m[39mDiligent Engine: Info: MemoryManager 'Global resource memory manager' stats:
                       Peak used/allocated device-local memory size: 77.15 MB / 80.00 MB (5 pages)
                       Peak used/allocated host-visible memory size: 9.67 MB / 32.00 MB (2 pages)
[39m[39mDiligent Engine: Info: Vulkan query manager peak usage:
QUERY_TYPE_BINARY_OCCLUSION   :    0/ 128
QUERY_TYPE_TIMESTAMP          :    0/ 512
QUERY_TYPE_DURATION           :    0/ 512
[39m[39mDiligent Engine: Info: Vulkan query manager peak usage:
QUERY_TYPE_BINARY_OCCLUSION   :    0/ 128
QUERY_TYPE_TIMESTAMP          :    0/ 512
QUERY_TYPE_DURATION           :    0/ 512
[39m[39mDiligent Engine: Info: Dynamic descriptor pool stats: allocated 3 pool(s)
[39m[39mDiligent Engine: Info: Main descriptor pool stats: allocated 1 pool(s)
[39m[39mDiligent Engine: Info: Loaded DX Shader Compiler 1.9. Max supported shader model: 6.9
[39m[Info] gpu_device_impl_core.cpp:845 initializeVulkan: Attempting Vulkan device creation with native physics float atomics requested.
[Info] gpu_device_impl_core.cpp:762 operator(): Requesting Vulkan native float atomics via VK_EXT_shader_atomic_float with shaderBufferFloat32AtomicAdd=VK_TRUE.
[Info] gpu_device_impl_core.cpp:766 operator(): Requesting Vulkan CUDA interop instance extensions: VK_KHR_external_memory_capabilities, VK_KHR_external_semaphore_capabilities.
[Info] gpu_device_impl_core.cpp:778 operator(): Requesting Vulkan CUDA interop device extensions: VK_KHR_external_memory, VK_KHR_external_memory_fd, VK_KHR_external_semaphore, VK_KHR_external_semaphore_fd.
[Info] gpu_device_impl_core.cpp:102 logDedicatedContextPlan: Vulkan dedicated-context plan: adapter=0 ('NVIDIA GeForce RTX 4090', type=discrete), graphicsQueue=0, physicsQueue=0 (shared queue, separate contexts).
[Info] gpu_device_impl_core.cpp:809 operator(): Attempting Vulkan device creation with two immediate contexts.
[39mDiligent Engine: Info: Available Vulkan instance layers: 
    VK_LAYER_OBS_vkcapture_64 1.4.350
    VK_LAYER_NV_optimus 1.4.341
    VK_LAYER_NV_present 1.4.341
[39m[39mDiligent Engine: Info: Supported Vulkan instance extensions: 
    VK_KHR_device_group_creation 0.0.1
    VK_KHR_display 0.0.23
    VK_KHR_external_fence_capabilities 0.0.1
    VK_KHR_external_memory_capabilities 0.0.1
    VK_KHR_external_semaphore_capabilities 0.0.1
    VK_KHR_get_display_properties2 0.0.1
    VK_KHR_get_physical_device_properties2 0.0.2
    VK_KHR_get_surface_capabilities2 0.0.1
    VK_KHR_surface 0.0.25
    VK_KHR_surface_maintenance1 0.0.1
    VK_KHR_surface_protected_capabilities 0.0.1
    VK_KHR_wayland_surface 0.0.6
    VK_KHR_xcb_surface 0.0.6
    VK_KHR_xlib_surface 0.0.6
    VK_EXT_acquire_drm_display 0.0.1
    VK_EXT_acquire_xlib_display 0.0.1
    VK_EXT_debug_report 0.0.10
    VK_EXT_debug_utils 0.0.2
    VK_EXT_direct_mode_display 0.0.1
    VK_EXT_display_surface_counter 0.0.1
    VK_EXT_surface_maintenance1 0.0.1
    VK_EXT_swapchain_colorspace 0.0.5
    VK_NV_display_stereo 0.0.1
    VK_KHR_portability_enumeration 0.0.1
    VK_LUNARG_direct_driver_loading 0.0.1
[39m[39mDiligent Engine: Info: Using physical device 'NVIDIA GeForce RTX 4090', API version 1.4.341, Driver version 98.172.128.
[39m[39mDiligent Engine: Info: Extensions supported by device 'NVIDIA GeForce RTX 4090': 
    VK_KHR_16bit_storage 0.0.1                         VK_KHR_8bit_storage 0.0.1                              VK_KHR_acceleration_structure 0.0.13
    VK_KHR_bind_memory2 0.0.1                          VK_KHR_buffer_device_address 0.0.1                     VK_KHR_calibrated_timestamps 0.0.1
    VK_KHR_compute_shader_derivatives 0.0.1            VK_KHR_cooperative_matrix 0.0.2                        VK_KHR_copy_commands2 0.0.1
    VK_KHR_copy_memory_indirect 0.0.1                  VK_KHR_create_renderpass2 0.0.1                        VK_KHR_dedicated_allocation 0.0.3
    VK_KHR_deferred_host_operations 0.0.4              VK_KHR_depth_clamp_zero_one 0.0.1                      VK_KHR_depth_stencil_resolve 0.0.1
    VK_KHR_descriptor_update_template 0.0.1            VK_KHR_device_group 0.0.4                              VK_KHR_draw_indirect_count 0.0.1
    VK_KHR_driver_properties 0.0.1                     VK_KHR_dynamic_rendering 0.0.1                         VK_KHR_dynamic_rendering_local_read 0.0.1
    VK_KHR_external_fence 0.0.1                        VK_KHR_external_fence_fd 0.0.1                         VK_KHR_external_memory 0.0.1
    VK_KHR_external_memory_fd 0.0.1                    VK_KHR_external_semaphore 0.0.1                        VK_KHR_external_semaphore_fd 0.0.1
    VK_KHR_format_feature_flags2 0.0.2                 VK_KHR_fragment_shader_barycentric 0.0.1               VK_KHR_fragment_shading_rate 0.0.2
    VK_KHR_get_memory_requirements2 0.0.1              VK_KHR_global_priority 0.0.1                           VK_KHR_image_format_list 0.0.1
    VK_KHR_imageless_framebuffer 0.0.1                 VK_KHR_incremental_present 0.0.2                       VK_KHR_index_type_uint8 0.0.1
    VK_KHR_internally_synchronized_queues 0.0.1        VK_KHR_line_rasterization 0.0.1                        VK_KHR_load_store_op_none 0.0.1
    VK_KHR_maintenance1 0.0.2                          VK_KHR_maintenance10 0.0.1                             VK_KHR_maintenance2 0.0.1
    VK_KHR_maintenance3 0.0.1                          VK_KHR_maintenance4 0.0.2                              VK_KHR_maintenance5 0.0.1
    VK_KHR_maintenance6 0.0.1                          VK_KHR_maintenance7 0.0.1                              VK_KHR_maintenance8 0.0.1
    VK_KHR_maintenance9 0.0.1                          VK_KHR_map_memory2 0.0.1                               VK_KHR_multiview 0.0.1
    VK_KHR_pipeline_binary 0.0.1                       VK_KHR_pipeline_executable_properties 0.0.1            VK_KHR_pipeline_library 0.0.1
    VK_KHR_present_id 0.0.1                            VK_KHR_present_id2 0.0.1                               VK_KHR_present_mode_fifo_latest_ready 0.0.1
    VK_KHR_present_wait 0.0.1                          VK_KHR_present_wait2 0.0.1                             VK_KHR_push_descriptor 0.0.2
    VK_KHR_ray_query 0.0.1                             VK_KHR_ray_tracing_maintenance1 0.0.1                  VK_KHR_ray_tracing_pipeline 0.0.1
    VK_KHR_ray_tracing_position_fetch 0.0.1            VK_KHR_relaxed_block_layout 0.0.1                      VK_KHR_robustness2 0.0.1
    VK_KHR_sampler_mirror_clamp_to_edge 0.0.3          VK_KHR_sampler_ycbcr_conversion 0.0.14                 VK_KHR_separate_depth_stencil_layouts 0.0.1
    VK_KHR_shader_atomic_int64 0.0.1                   VK_KHR_shader_bfloat16 0.0.1                           VK_KHR_shader_clock 0.0.1
    VK_KHR_shader_draw_parameters 0.0.1                VK_KHR_shader_expect_assume 0.0.1                      VK_KHR_shader_float16_int8 0.0.1
    VK_KHR_shader_float_controls 0.0.4                 VK_KHR_shader_float_controls2 0.0.1                    VK_KHR_shader_fma 0.0.1
    VK_KHR_shader_integer_dot_product 0.0.1            VK_KHR_shader_maximal_reconvergence 0.0.1              VK_KHR_shader_non_semantic_info 0.0.1
    VK_KHR_shader_quad_control 0.0.1                   VK_KHR_shader_relaxed_extended_instruction 0.0.1       VK_KHR_shader_subgroup_extended_types 0.0.1
    VK_KHR_shader_subgroup_rotate 0.0.2                VK_KHR_shader_subgroup_uniform_control_flow 0.0.1      VK_KHR_shader_terminate_invocation 0.0.1
    VK_KHR_shader_untyped_pointers 0.0.1               VK_KHR_shared_presentable_image 0.0.1                  VK_KHR_spirv_1_4 0.0.1
    VK_KHR_storage_buffer_storage_class 0.0.1          VK_KHR_swapchain 0.0.70                                VK_KHR_swapchain_maintenance1 0.0.1
    VK_KHR_swapchain_mutable_format 0.0.1              VK_KHR_synchronization2 0.0.1                          VK_KHR_timeline_semaphore 0.0.2
    VK_KHR_unified_image_layouts 0.0.1                 VK_KHR_uniform_buffer_standard_layout 0.0.1            VK_KHR_variable_pointers 0.0.1
    VK_KHR_vertex_attribute_divisor 0.0.1              VK_KHR_video_decode_av1 0.0.1                          VK_KHR_video_decode_h264 0.0.9
    VK_KHR_video_decode_h265 0.0.8                     VK_KHR_video_decode_queue 0.0.8                        VK_KHR_video_decode_vp9 0.0.1
    VK_KHR_video_encode_av1 0.0.1                      VK_KHR_video_encode_h264 0.0.14                        VK_KHR_video_encode_h265 0.0.14
    VK_KHR_video_encode_intra_refresh 0.0.1            VK_KHR_video_encode_quantization_map 0.0.2             VK_KHR_video_encode_queue 0.0.12
    VK_KHR_video_maintenance1 0.0.1                    VK_KHR_video_maintenance2 0.0.1                        VK_KHR_video_queue 0.0.8
    VK_KHR_vulkan_memory_model 0.0.3                   VK_KHR_workgroup_memory_explicit_layout 0.0.1          VK_KHR_zero_initialize_workgroup_memory 0.0.1
    VK_EXT_4444_formats 0.0.1                          VK_EXT_attachment_feedback_loop_dynamic_state 0.0.1    VK_EXT_attachment_feedback_loop_layout 0.0.2
    VK_EXT_blend_operation_advanced 0.0.2              VK_EXT_border_color_swizzle 0.0.1                      VK_EXT_buffer_device_address 0.0.2
    VK_EXT_calibrated_timestamps 0.0.2                 VK_EXT_color_write_enable 0.0.1                        VK_EXT_conditional_rendering 0.0.2
    VK_EXT_conservative_rasterization 0.0.1            VK_EXT_custom_border_color 0.0.12                      VK_EXT_custom_resolve 0.0.1
    VK_EXT_depth_bias_control 0.0.1                    VK_EXT_depth_clamp_control 0.0.1                       VK_EXT_depth_clamp_zero_one 0.0.1
    VK_EXT_depth_clip_control 0.0.1                    VK_EXT_depth_clip_enable 0.0.1                         VK_EXT_depth_range_unrestricted 0.0.1
    VK_EXT_descriptor_buffer 0.0.1                     VK_EXT_descriptor_heap 0.0.1                           VK_EXT_descriptor_indexing 0.0.2
    VK_EXT_device_address_binding_report 0.0.1         VK_EXT_device_fault 0.0.2                              VK_EXT_device_generated_commands 0.0.1
    VK_EXT_discard_rectangles 0.0.2                    VK_EXT_display_control 0.0.1                           VK_EXT_dynamic_rendering_unused_attachments 0.0.1
    VK_EXT_extended_dynamic_state 0.0.1                VK_EXT_extended_dynamic_state2 0.0.1                   VK_EXT_extended_dynamic_state3 0.0.2
    VK_EXT_external_memory_dma_buf 0.0.1               VK_EXT_external_memory_host 0.0.1                      VK_EXT_fragment_shader_interlock 0.0.1
    VK_EXT_global_priority 0.0.2                       VK_EXT_global_priority_query 0.0.1                     VK_EXT_graphics_pipeline_library 0.0.1
    VK_EXT_hdr_metadata 0.0.3                          VK_EXT_host_image_copy 0.0.1                           VK_EXT_host_query_reset 0.0.1
    VK_EXT_image_2d_view_of_3d 0.0.1                   VK_EXT_image_drm_format_modifier 0.0.2                 VK_EXT_image_robustness 0.0.1
    VK_EXT_image_sliced_view_of_3d 0.0.1               VK_EXT_image_view_min_lod 0.0.1                        VK_EXT_index_type_uint8 0.0.1
    VK_EXT_inline_uniform_block 0.0.1                  VK_EXT_legacy_vertex_attributes 0.0.1                  VK_EXT_line_rasterization 0.0.1
    VK_EXT_load_store_op_none 0.0.1                    VK_EXT_map_memory_placed 0.0.1                         VK_EXT_memory_budget 0.0.1
    VK_EXT_memory_decompression 0.0.1                  VK_EXT_memory_priority 0.0.1                           VK_EXT_mesh_shader 0.0.1
    VK_EXT_multi_draw 0.0.1                            VK_EXT_mutable_descriptor_type 0.0.1                   VK_EXT_nested_command_buffer 0.0.1
    VK_EXT_non_seamless_cube_map 0.0.1                 VK_EXT_opacity_micromap 0.0.2                          VK_EXT_pageable_device_local_memory 0.0.1
    VK_EXT_pci_bus_info 0.0.2                          VK_EXT_physical_device_drm 0.0.1                       VK_EXT_pipeline_creation_cache_control 0.0.3
    VK_EXT_pipeline_creation_feedback 0.0.1            VK_EXT_pipeline_library_group_handles 0.0.1            VK_EXT_pipeline_robustness 0.0.1
    VK_EXT_post_depth_coverage 0.0.1                   VK_EXT_present_mode_fifo_latest_ready 0.0.1            VK_EXT_present_timing 0.0.3
    VK_EXT_primitive_topology_list_restart 0.0.1       VK_EXT_primitives_generated_query 0.0.1                VK_EXT_private_data 0.0.1
    VK_EXT_provoking_vertex 0.0.1                      VK_EXT_queue_family_foreign 0.0.1                      VK_EXT_ray_tracing_invocation_reorder 0.0.1
    VK_EXT_robustness2 0.0.1                           VK_EXT_sample_locations 0.0.1                          VK_EXT_sampler_filter_minmax 0.0.2
    VK_EXT_scalar_block_layout 0.0.1                   VK_EXT_separate_stencil_usage 0.0.1                    VK_EXT_shader_64bit_indexing 0.0.1
    VK_EXT_shader_atomic_float 0.0.1                   VK_EXT_shader_demote_to_helper_invocation 0.0.1        VK_EXT_shader_float8 0.0.1
    VK_EXT_shader_image_atomic_int64 0.0.1             VK_EXT_shader_long_vector 0.0.1                        VK_EXT_shader_module_identifier 0.0.1
    VK_EXT_shader_object 0.0.1                         VK_EXT_shader_replicated_composites 0.0.1              VK_EXT_shader_subgroup_ballot 0.0.1
    VK_EXT_shader_subgroup_partitioned 0.0.1           VK_EXT_shader_subgroup_vote 0.0.1                      VK_EXT_shader_uniform_buffer_unsized_array 0.0.1
    VK_EXT_shader_viewport_index_layer 0.0.1           VK_EXT_subgroup_size_control 0.0.2                     VK_EXT_swapchain_maintenance1 0.0.1
    VK_EXT_texel_buffer_alignment 0.0.1                VK_EXT_tooling_info 0.0.1                              VK_EXT_transform_feedback 0.0.1
    VK_EXT_vertex_attribute_divisor 0.0.3              VK_EXT_vertex_attribute_robustness 0.0.1               VK_EXT_vertex_input_dynamic_state 0.0.2
    VK_EXT_ycbcr_2plane_444_formats 0.0.1              VK_EXT_ycbcr_image_arrays 0.0.1                        VK_EXT_zero_initialize_device_memory 0.0.1
    VK_NV_clip_space_w_scaling 0.0.1                   VK_NV_cluster_acceleration_structure 0.0.4             VK_NV_compute_occupancy_priority 0.0.1
    VK_NV_compute_shader_derivatives 0.0.1             VK_NV_cooperative_matrix 0.0.1                         VK_NV_cooperative_matrix2 0.0.1
    VK_NV_cooperative_vector 0.0.4                     VK_NV_copy_memory_indirect 0.0.1                       VK_NV_corner_sampled_image 0.0.2
    VK_NV_coverage_reduction_mode 0.0.1                VK_NV_cuda_kernel_launch 0.0.2                         VK_NV_dedicated_allocation 0.0.1
    VK_NV_dedicated_allocation_image_aliasing 0.0.1    VK_NV_descriptor_pool_overallocation 0.0.1             VK_NV_device_diagnostic_checkpoints 0.0.2
    VK_NV_device_diagnostics_config 0.0.2              VK_NV_device_generated_commands 0.0.3                  VK_NV_device_generated_commands_compute 0.0.2
    VK_NV_disk_cache_utils 0.0.1                       VK_NV_extended_sparse_address_space 0.0.1              VK_NV_fill_rectangle 0.0.1
    VK_NV_fragment_coverage_to_color 0.0.1             VK_NV_fragment_shader_barycentric 0.0.1                VK_NV_fragment_shading_rate_enums 0.0.1
    VK_NV_framebuffer_mixed_samples 0.0.1              VK_NV_geometry_shader_passthrough 0.0.1                VK_NV_inherited_viewport_scissor 0.0.1
    VK_NV_internal_nvpresent 0.0.1                     VK_NV_linear_color_attachment 0.0.1                    VK_NV_low_latency 0.0.1
    VK_NV_low_latency2 0.0.2                           VK_NV_memory_decompression 0.0.1                       VK_NV_mesh_shader 0.0.1
    VK_NV_optical_flow 0.0.1                           VK_NV_partitioned_acceleration_structure 0.0.1         VK_NV_present_metering 0.0.1
    VK_NV_push_constant_bank 0.0.1                     VK_NV_raw_access_chains 0.0.1                          VK_NV_ray_tracing 0.0.3
    VK_NV_ray_tracing_invocation_reorder 0.0.1         VK_NV_ray_tracing_motion_blur 0.0.1                    VK_NV_representative_fragment_test 0.0.2
    VK_NV_sample_mask_override_coverage 0.0.1          VK_NV_scissor_exclusive 0.0.2                          VK_NV_shader_atomic_float16_vector 0.0.1
    VK_NV_shader_image_footprint 0.0.2                 VK_NV_shader_sm_builtins 0.0.1                         VK_NV_shader_subgroup_partitioned 0.0.1
    VK_NV_shading_rate_image 0.0.3                     VK_NV_viewport_array2 0.0.1                            VK_NV_viewport_swizzle 0.0.1
    VK_NVX_binary_import 0.0.2                         VK_NVX_image_view_handle 0.0.4                         VK_NVX_multiview_per_view_attributes 0.0.1
    VK_AMD_buffer_marker 0.0.1                         VK_GOOGLE_hlsl_functionality1 0.0.1                    VK_GOOGLE_user_type 0.0.1
[39m[39mDiligent Engine: Info: Can not disable SeparablePrograms
[39m[39mDiligent Engine: Info: GPU dynamic heap created. Total buffer size: 8.00 MB
[39m[39mDiligent Engine: Info: MemoryManager 'Global resource memory manager': created new device-local page. (16.00 MB, type idx: 1). Current allocated size: 16.00 MB
[39m[Info] gpu_device_impl_core.cpp:162 probeNativePhysicsFloatAtomicShader: Probing native physics float atomics with a built-in compute shader, compiler=auto.
[39mDiligent Engine: Info: Loaded DX Shader Compiler 1.9. Max supported shader model: 6.9
[39m[Info] gpu_device_impl_core.cpp:174 probeNativePhysicsFloatAtomicShader: Native physics float-atomics shader probe succeeded.
[Info] gpu_device_impl_core.cpp:886 initializeVulkan: Physics float atomics: native=enabled, shaderCompilerMode=auto, dxcLoaded=yes.
[Info] shader_cache.cpp:59 initialize: using cache file '/home/yafei/Code/CRESSim-Neo/.cache/cressim_neo/state_cache_vk_r_v5.bin'.
[Info] shader_cache.cpp:179 loadCache: loaded cache file '/home/yafei/Code/CRESSim-Neo/.cache/cressim_neo/state_cache_vk_r_v5.bin' (10462476 bytes).
[39mDiligent Engine: Info: Allocated new descriptor pool
[39m[39mDiligent Engine: Info: MemoryManager 'Global resource memory manager': created new host-visible page. (16.00 MB, type idx: 2). Current allocated size: 16.00 MB
[39m[Warning] world.cpp:1376 setSoftBody: setSoftBody without a mesh renderer on the same entity.
[Warning] world.cpp:1376 setSoftBody: setSoftBody without a mesh renderer on the same entity.
[Warning] world.cpp:1376 setSoftBody: setSoftBody without a mesh renderer on the same entity.
[Warning] world.cpp:1376 setSoftBody: setSoftBody without a mesh renderer on the same entity.
[Warning] world.cpp:1376 setSoftBody: setSoftBody without a mesh renderer on the same entity.
[Warning] world.cpp:1376 setSoftBody: setSoftBody without a mesh renderer on the same entity.
[Warning] world.cpp:1376 setSoftBody: setSoftBody without a mesh renderer on the same entity.
[Warning] world.cpp:1376 setSoftBody: setSoftBody without a mesh renderer on the same entity.
[Warning] world.cpp:1376 setSoftBody: setSoftBody without a mesh renderer on the same entity.
[Warning] world.cpp:1376 setSoftBody: setSoftBody without a mesh renderer on the same entity.
[Warning] world.cpp:1376 setSoftBody: setSoftBody without a mesh renderer on the same entity.
[Warning] world.cpp:1376 setSoftBody: setSoftBody without a mesh renderer on the same entity.
[Warning] world.cpp:1376 setSoftBody: setSoftBody without a mesh renderer on the same entity.
[Warning] world.cpp:1376 setSoftBody: setSoftBody without a mesh renderer on the same entity.
[Warning] world.cpp:1376 setSoftBody: setSoftBody without a mesh renderer on the same entity.
[Warning] world.cpp:1376 setSoftBody: setSoftBody without a mesh renderer on the same entity.
[Warning] world.cpp:1376 setSoftBody: setSoftBody without a mesh renderer on the same entity.
[Warning] world.cpp:1376 setSoftBody: setSoftBody without a mesh renderer on the same entity.
[Warning] world.cpp:1376 setSoftBody: setSoftBody without a mesh renderer on the same entity.
[Warning] world.cpp:1376 setSoftBody: setSoftBody without a mesh renderer on the same entity.
[Warning] world.cpp:1376 setSoftBody: setSoftBody without a mesh renderer on the same entity.
[Warning] world.cpp:1376 setSoftBody: setSoftBody without a mesh renderer on the same entity.
[Warning] world.cpp:1376 setSoftBody: setSoftBody without a mesh renderer on the same entity.
[Warning] world.cpp:1376 setSoftBody: setSoftBody without a mesh renderer on the same entity.
[Warning] world.cpp:1376 setSoftBody: setSoftBody without a mesh renderer on the same entity.
[Warning] world.cpp:1376 setSoftBody: setSoftBody without a mesh renderer on the same entity.
[Warning] world.cpp:1376 setSoftBody: setSoftBody without a mesh renderer on the same entity.
[Warning] world.cpp:1376 setSoftBody: setSoftBody without a mesh renderer on the same entity.
[Warning] world.cpp:1376 setSoftBody: setSoftBody without a mesh renderer on the same entity.
[Warning] world.cpp:1376 setSoftBody: setSoftBody without a mesh renderer on the same entity.
[Warning] world.cpp:1376 setSoftBody: setSoftBody without a mesh renderer on the same entity.
[Warning] world.cpp:1376 setSoftBody: setSoftBody without a mesh renderer on the same entity.
[Warning] world.cpp:1376 setSoftBody: setSoftBody without a mesh renderer on the same entity.
[Warning] world.cpp:1376 setSoftBody: setSoftBody without a mesh renderer on the same entity.
[Warning] world.cpp:1376 setSoftBody: setSoftBody without a mesh renderer on the same entity.
[Warning] world.cpp:1376 setSoftBody: setSoftBody without a mesh renderer on the same entity.
[Warning] world.cpp:1376 setSoftBody: setSoftBody without a mesh renderer on the same entity.
[Warning] world.cpp:1376 setSoftBody: setSoftBody without a mesh renderer on the same entity.
[Warning] world.cpp:1376 setSoftBody: setSoftBody without a mesh renderer on the same entity.
[Warning] world.cpp:1376 setSoftBody: setSoftBody without a mesh renderer on the same entity.
[Warning] world.cpp:1376 setSoftBody: setSoftBody without a mesh renderer on the same entity.
[Warning] world.cpp:1376 setSoftBody: setSoftBody without a mesh renderer on the same entity.
[Warning] world.cpp:1376 setSoftBody: setSoftBody without a mesh renderer on the same entity.
[Warning] world.cpp:1376 setSoftBody: setSoftBody without a mesh renderer on the same entity.
[Warning] world.cpp:1376 setSoftBody: setSoftBody without a mesh renderer on the same entity.
[Warning] world.cpp:1376 setSoftBody: setSoftBody without a mesh renderer on the same entity.
[Warning] world.cpp:1376 setSoftBody: setSoftBody without a mesh renderer on the same entity.
[Warning] world.cpp:1376 setSoftBody: setSoftBody without a mesh renderer on the same entity.
[Warning] world.cpp:1376 setSoftBody: setSoftBody without a mesh renderer on the same entity.
[Warning] world.cpp:1376 setSoftBody: setSoftBody without a mesh renderer on the same entity.
[Warning] world.cpp:1376 setSoftBody: setSoftBody without a mesh renderer on the same entity.
[Warning] world.cpp:1376 setSoftBody: setSoftBody without a mesh renderer on the same entity.
[Warning] world.cpp:1376 setSoftBody: setSoftBody without a mesh renderer on the same entity.
[Warning] world.cpp:1376 setSoftBody: setSoftBody without a mesh renderer on the same entity.
[Warning] world.cpp:1376 setSoftBody: setSoftBody without a mesh renderer on the same entity.
[Warning] world.cpp:1376 setSoftBody: setSoftBody without a mesh renderer on the same entity.
[Warning] world.cpp:1376 setSoftBody: setSoftBody without a mesh renderer on the same entity.
[Warning] world.cpp:1376 setSoftBody: setSoftBody without a mesh renderer on the same entity.
[Warning] world.cpp:1376 setSoftBody: setSoftBody without a mesh renderer on the same entity.
[Warning] world.cpp:1376 setSoftBody: setSoftBody without a mesh renderer on the same entity.
[Warning] world.cpp:1376 setSoftBody: setSoftBody without a mesh renderer on the same entity.
[Warning] world.cpp:1376 setSoftBody: setSoftBody without a mesh renderer on the same entity.
[Warning] world.cpp:1376 setSoftBody: setSoftBody without a mesh renderer on the same entity.
[Warning] world.cpp:1376 setSoftBody: setSoftBody without a mesh renderer on the same entity.
[Info] vulkan_cuda_interop.cpp:291 createExportableStructuredBuffer: Created exportable Vulkan shared buffer 'CRESSimNeo.Physics.SoftPositionsInvMass' with capacity=21632, stride=16, queueFamilies=1.
[39mDiligent Engine: Info: MemoryManager 'Global resource memory manager': created new device-local page. (16.00 MB, type idx: 1). Current allocated size: 32.00 MB
[39m[39mDiligent Engine: Info: MemoryManager 'Global resource memory manager': created new device-local page. (16.00 MB, type idx: 1). Current allocated size: 48.00 MB
[39m[39mDiligent Engine: Info: MemoryManager 'Global resource memory manager': created new device-local page. (64.00 MB, type idx: 1). Current allocated size: 112.00 MB
[39m[39mDiligent Engine: Info: MemoryManager 'Global resource memory manager': created new device-local page. (16.00 MB, type idx: 1). Current allocated size: 128.00 MB
[39m[39mDiligent Engine: Info: MemoryManager 'Global resource memory manager': created new device-local page. (16.00 MB, type idx: 1). Current allocated size: 144.00 MB
[39m[39mDiligent Engine: Info: MemoryManager 'Global resource memory manager': created new device-local page. (16.00 MB, type idx: 1). Current allocated size: 160.00 MB
[39m[39mDiligent Engine: Info: MemoryManager 'Global resource memory manager': created new host-visible page. (16.00 MB, type idx: 3). Current allocated size: 32.00 MB
[39m[39mDiligent Engine: Info: MemoryManager 'Global resource memory manager': created new host-visible page. (16.00 MB, type idx: 2). Current allocated size: 48.00 MB
[39m[Info] vulkan_cuda_interop.cpp:291 createExportableStructuredBuffer: Created exportable Vulkan shared buffer 'PsmSoftGrasp.Actions' with capacity=448, stride=4, queueFamilies=1.
[Info] vulkan_cuda_interop.cpp:291 createExportableStructuredBuffer: Created exportable Vulkan shared buffer 'PsmSoftGrasp.Observations' with capacity=1856, stride=4, queueFamilies=1.
[Info] vulkan_cuda_interop.cpp:291 createExportableStructuredBuffer: Created exportable Vulkan shared buffer 'PsmSoftGrasp.Rewards' with capacity=64, stride=4, queueFamilies=1.
[Info] vulkan_cuda_interop.cpp:291 createExportableStructuredBuffer: Created exportable Vulkan shared buffer 'PsmSoftGrasp.Terminated' with capacity=64, stride=4, queueFamilies=1.
[Info] vulkan_cuda_interop.cpp:291 createExportableStructuredBuffer: Created exportable Vulkan shared buffer 'PsmSoftGrasp.Truncated' with capacity=64, stride=4, queueFamilies=1.
[Info] vulkan_cuda_interop.cpp:291 createExportableStructuredBuffer: Created exportable Vulkan shared buffer 'PsmSoftGrasp.EpisodeSteps' with capacity=64, stride=4, queueFamilies=1.
[Info] vulkan_cuda_interop.cpp:291 createExportableStructuredBuffer: Created exportable Vulkan shared buffer 'PsmSoftGrasp.ResetMask' with capacity=64, stride=4, queueFamilies=1.
[Info] vulkan_cuda_interop.cpp:291 createExportableStructuredBuffer: Created exportable Vulkan shared buffer 'PsmSoftGrasp.TargetChoice' with capacity=64, stride=4, queueFamilies=1.
[Info] vulkan_cuda_interop.cpp:291 createExportableStructuredBuffer: Created exportable Vulkan shared buffer 'PsmSoftGrasp.PreviousGraspClosed' with capacity=64, stride=4, queueFamilies=1.
[Info] vulkan_cuda_interop.cpp:291 createExportableStructuredBuffer: Created exportable Vulkan shared buffer 'PsmSoftGrasp.EnvMetadataU32' with capacity=896, stride=4, queueFamilies=1.
[Info] vulkan_cuda_interop.cpp:291 createExportableStructuredBuffer: Created exportable Vulkan shared buffer 'PsmSoftGrasp.EnvMetadataF32' with capacity=64, stride=16, queueFamilies=1.
[Info] vulkan_cuda_interop.cpp:291 createExportableStructuredBuffer: Created exportable Vulkan shared buffer 'PsmSoftGrasp.ParticleOffsets' with capacity=64, stride=4, queueFamilies=1.
[Info] vulkan_cuda_interop.cpp:291 createExportableStructuredBuffer: Created exportable Vulkan shared buffer 'PsmSoftGrasp.ParticleCounts' with capacity=64, stride=4, queueFamilies=1.
[Info] vulkan_cuda_interop.cpp:291 createExportableStructuredBuffer: Created exportable Vulkan shared buffer 'PsmSoftGrasp.ResetPositions' with capacity=21632, stride=16, queueFamilies=1.
[Info] vulkan_cuda_interop.cpp:291 createExportableStructuredBuffer: Created exportable Vulkan shared buffer 'PsmSoftGrasp.ArmHingeSlots' with capacity=320, stride=4, queueFamilies=1.
[Info] vulkan_cuda_interop.cpp:291 createExportableStructuredBuffer: Created exportable Vulkan shared buffer 'PsmSoftGrasp.ArmSliderSlots' with capacity=64, stride=4, queueFamilies=1.
[Info] vulkan_cuda_interop.cpp:291 createExportableStructuredBuffer: Created exportable Vulkan shared buffer 'PsmSoftGrasp.JawHingeSlots' with capacity=128, stride=4, queueFamilies=1.
[Info] vulkan_cuda_interop.cpp:291 createExportableStructuredBuffer: Created exportable Vulkan shared buffer 'PsmSoftGrasp.AttachmentSlots' with capacity=64, stride=4, queueFamilies=1.
[Info] vulkan_cuda_interop.cpp:291 createExportableStructuredBuffer: Created exportable Vulkan shared buffer 'PsmSoftGrasp.TargetPoseSlots' with capacity=64, stride=4, queueFamilies=1.
[Info] vulkan_cuda_interop.cpp:291 createExportableStructuredBuffer: Created exportable Vulkan shared buffer 'PsmSoftGrasp.TooltipBodyIndices' with capacity=64, stride=4, queueFamilies=1.
[Info] vulkan_cuda_interop.cpp:291 createExportableStructuredBuffer: Created exportable Vulkan shared buffer 'PsmSoftGrasp.TooltipLocalAnchors' with capacity=64, stride=16, queueFamilies=1.
[Info] vulkan_cuda_interop.cpp:291 createExportableStructuredBuffer: Created exportable Vulkan shared buffer 'PsmSoftGrasp.TargetParticleIndices' with capacity=64, stride=4, queueFamilies=1.
[Info] vulkan_cuda_interop.cpp:291 createExportableStructuredBuffer: Created exportable Vulkan shared buffer 'PsmSoftGrasp.TargetRestHeights' with capacity=64, stride=4, queueFamilies=1.
[Info] vulkan_cuda_interop.cpp:291 createExportableStructuredBuffer: Created exportable Vulkan shared buffer 'PsmSoftGrasp.TargetCandidateLocalIndices' with capacity=1, stride=4, queueFamilies=1.
[Info] vulkan_cuda_interop.cpp:291 createExportableStructuredBuffer: Created exportable Vulkan shared buffer 'PsmSoftGrasp.CurrentJointTargets' with capacity=448, stride=4, queueFamilies=1.
[Info] vulkan_cuda_interop.cpp:291 createExportableStructuredBuffer: Created exportable Vulkan shared buffer 'PsmSoftGrasp.ResetJointTargets' with capacity=448, stride=4, queueFamilies=1.
[Info] vulkan_cuda_interop.cpp:291 createExportableStructuredBuffer: Created exportable Vulkan shared buffer 'PsmSoftGrasp.JointLimits' with capacity=448, stride=8, queueFamilies=1.
[Info] vulkan_cuda_interop.cpp:291 createExportableStructuredBuffer: Created exportable Vulkan shared buffer 'PsmSoftGrasp.RigidResetBodyIndices' with capacity=832, stride=4, queueFamilies=1.
[Info] vulkan_cuda_interop.cpp:291 createExportableStructuredBuffer: Created exportable Vulkan shared buffer 'PsmSoftGrasp.RigidResetPositions' with capacity=832, stride=16, queueFamilies=1.
[Info] vulkan_cuda_interop.cpp:291 createExportableStructuredBuffer: Created exportable Vulkan shared buffer 'PsmSoftGrasp.RigidResetOrientations' with capacity=832, stride=16, queueFamilies=1.
[Info] shader_cache.cpp:221 saveCache: saved cache file '/home/yafei/Code/CRESSim-Neo/.cache/cressim_neo/state_cache_vk_r_v5.bin' (10462476 bytes).
[39mDiligent Engine: Info: Dynamic descriptor set allocator of immediate context peak descriptor pool count: 0
[39m[39mDiligent Engine: Info: Dynamic heap of immediate context usage stats:
                       Peak used/aligned/allocated size: 0 Bytes / 0 Bytes / 0 Bytes (0 pages). Peak efficiency (used/aligned): 0.0%. Peak utilization (used/allocated): 0.0%
[39m[39mDiligent Engine: Info: Upload heap of immediate context peak used/allocated frame size: 0.08 MB / 1.00 MB (1 page)
[39m[39mDiligent Engine: Info: Dynamic descriptor set allocator of immediate context peak descriptor pool count: 2
[39m[39mDiligent Engine: Info: Dynamic heap of immediate context usage stats:
                       Peak used/aligned/allocated size: 191.34 KB / 373.66 KB / 512.00 KB (2 pages). Peak efficiency (used/aligned): 51.2%. Peak utilization (used/allocated): 37.4%
[39m[39mDiligent Engine: Info: Upload heap of immediate context peak used/allocated frame size: 15.22 MB / 15.97 MB (15 pages)
[39m[39mDiligent Engine: Info: Transient command buffer pool manager allocated descriptor pool count: 8
[39m[39mDiligent Engine: Info: Dynamic memory manager usage stats:
                       Total size: 8.00 MB. Peak allocated size: 1.00 MB. Peak utilization: 12.5%
[39m[39mDiligent Engine: Info: MemoryManager 'Global resource memory manager' stats:
                       Peak used/allocated device-local memory size: 151.50 MB / 160.00 MB (10 pages)
                       Peak used/allocated host-visible memory size: 18.02 MB / 48.00 MB (3 pages)
[39m[39mDiligent Engine: Info: Vulkan query manager peak usage:
QUERY_TYPE_BINARY_OCCLUSION   :    0/ 128
QUERY_TYPE_TIMESTAMP          :    0/ 512
QUERY_TYPE_DURATION           :    0/ 512
[39m[39mDiligent Engine: Info: Vulkan query manager peak usage:
QUERY_TYPE_BINARY_OCCLUSION   :    0/ 128
QUERY_TYPE_TIMESTAMP          :    0/ 512
QUERY_TYPE_DURATION           :    0/ 512
[39m[39mDiligent Engine: Info: Dynamic descriptor pool stats: allocated 3 pool(s)
[39m[39mDiligent Engine: Info: Main descriptor pool stats: allocated 1 pool(s)
[39m[39mDiligent Engine: Info: Loaded DX Shader Compiler 1.9. Max supported shader model: 6.9
[39m[Info] gpu_device_impl_core.cpp:845 initializeVulkan: Attempting Vulkan device creation with native physics float atomics requested.
[Info] gpu_device_impl_core.cpp:762 operator(): Requesting Vulkan native float atomics via VK_EXT_shader_atomic_float with shaderBufferFloat32AtomicAdd=VK_TRUE.
[Info] gpu_device_impl_core.cpp:766 operator(): Requesting Vulkan CUDA interop instance extensions: VK_KHR_external_memory_capabilities, VK_KHR_external_semaphore_capabilities.
[Info] gpu_device_impl_core.cpp:778 operator(): Requesting Vulkan CUDA interop device extensions: VK_KHR_external_memory, VK_KHR_external_memory_fd, VK_KHR_external_semaphore, VK_KHR_external_semaphore_fd.
[Info] gpu_device_impl_core.cpp:102 logDedicatedContextPlan: Vulkan dedicated-context plan: adapter=0 ('NVIDIA GeForce RTX 4090', type=discrete), graphicsQueue=0, physicsQueue=0 (shared queue, separate contexts).
[Info] gpu_device_impl_core.cpp:809 operator(): Attempting Vulkan device creation with two immediate contexts.
[39mDiligent Engine: Info: Available Vulkan instance layers: 
    VK_LAYER_OBS_vkcapture_64 1.4.350
    VK_LAYER_NV_optimus 1.4.341
    VK_LAYER_NV_present 1.4.341
[39m[39mDiligent Engine: Info: Supported Vulkan instance extensions: 
    VK_KHR_device_group_creation 0.0.1
    VK_KHR_display 0.0.23
    VK_KHR_external_fence_capabilities 0.0.1
    VK_KHR_external_memory_capabilities 0.0.1
    VK_KHR_external_semaphore_capabilities 0.0.1
    VK_KHR_get_display_properties2 0.0.1
    VK_KHR_get_physical_device_properties2 0.0.2
    VK_KHR_get_surface_capabilities2 0.0.1
    VK_KHR_surface 0.0.25
    VK_KHR_surface_maintenance1 0.0.1
    VK_KHR_surface_protected_capabilities 0.0.1
    VK_KHR_wayland_surface 0.0.6
    VK_KHR_xcb_surface 0.0.6
    VK_KHR_xlib_surface 0.0.6
    VK_EXT_acquire_drm_display 0.0.1
    VK_EXT_acquire_xlib_display 0.0.1
    VK_EXT_debug_report 0.0.10
    VK_EXT_debug_utils 0.0.2
    VK_EXT_direct_mode_display 0.0.1
    VK_EXT_display_surface_counter 0.0.1
    VK_EXT_surface_maintenance1 0.0.1
    VK_EXT_swapchain_colorspace 0.0.5
    VK_NV_display_stereo 0.0.1
    VK_KHR_portability_enumeration 0.0.1
    VK_LUNARG_direct_driver_loading 0.0.1
[39m[39mDiligent Engine: Info: Using physical device 'NVIDIA GeForce RTX 4090', API version 1.4.341, Driver version 98.172.128.
[39m[39mDiligent Engine: Info: Extensions supported by device 'NVIDIA GeForce RTX 4090': 
    VK_KHR_16bit_storage 0.0.1                         VK_KHR_8bit_storage 0.0.1                              VK_KHR_acceleration_structure 0.0.13
    VK_KHR_bind_memory2 0.0.1                          VK_KHR_buffer_device_address 0.0.1                     VK_KHR_calibrated_timestamps 0.0.1
    VK_KHR_compute_shader_derivatives 0.0.1            VK_KHR_cooperative_matrix 0.0.2                        VK_KHR_copy_commands2 0.0.1
    VK_KHR_copy_memory_indirect 0.0.1                  VK_KHR_create_renderpass2 0.0.1                        VK_KHR_dedicated_allocation 0.0.3
    VK_KHR_deferred_host_operations 0.0.4              VK_KHR_depth_clamp_zero_one 0.0.1                      VK_KHR_depth_stencil_resolve 0.0.1
    VK_KHR_descriptor_update_template 0.0.1            VK_KHR_device_group 0.0.4                              VK_KHR_draw_indirect_count 0.0.1
    VK_KHR_driver_properties 0.0.1                     VK_KHR_dynamic_rendering 0.0.1                         VK_KHR_dynamic_rendering_local_read 0.0.1
    VK_KHR_external_fence 0.0.1                        VK_KHR_external_fence_fd 0.0.1                         VK_KHR_external_memory 0.0.1
    VK_KHR_external_memory_fd 0.0.1                    VK_KHR_external_semaphore 0.0.1                        VK_KHR_external_semaphore_fd 0.0.1
    VK_KHR_format_feature_flags2 0.0.2                 VK_KHR_fragment_shader_barycentric 0.0.1               VK_KHR_fragment_shading_rate 0.0.2
    VK_KHR_get_memory_requirements2 0.0.1              VK_KHR_global_priority 0.0.1                           VK_KHR_image_format_list 0.0.1
    VK_KHR_imageless_framebuffer 0.0.1                 VK_KHR_incremental_present 0.0.2                       VK_KHR_index_type_uint8 0.0.1
    VK_KHR_internally_synchronized_queues 0.0.1        VK_KHR_line_rasterization 0.0.1                        VK_KHR_load_store_op_none 0.0.1
    VK_KHR_maintenance1 0.0.2                          VK_KHR_maintenance10 0.0.1                             VK_KHR_maintenance2 0.0.1
    VK_KHR_maintenance3 0.0.1                          VK_KHR_maintenance4 0.0.2                              VK_KHR_maintenance5 0.0.1
    VK_KHR_maintenance6 0.0.1                          VK_KHR_maintenance7 0.0.1                              VK_KHR_maintenance8 0.0.1
    VK_KHR_maintenance9 0.0.1                          VK_KHR_map_memory2 0.0.1                               VK_KHR_multiview 0.0.1
    VK_KHR_pipeline_binary 0.0.1                       VK_KHR_pipeline_executable_properties 0.0.1            VK_KHR_pipeline_library 0.0.1
    VK_KHR_present_id 0.0.1                            VK_KHR_present_id2 0.0.1                               VK_KHR_present_mode_fifo_latest_ready 0.0.1
    VK_KHR_present_wait 0.0.1                          VK_KHR_present_wait2 0.0.1                             VK_KHR_push_descriptor 0.0.2
    VK_KHR_ray_query 0.0.1                             VK_KHR_ray_tracing_maintenance1 0.0.1                  VK_KHR_ray_tracing_pipeline 0.0.1
    VK_KHR_ray_tracing_position_fetch 0.0.1            VK_KHR_relaxed_block_layout 0.0.1                      VK_KHR_robustness2 0.0.1
    VK_KHR_sampler_mirror_clamp_to_edge 0.0.3          VK_KHR_sampler_ycbcr_conversion 0.0.14                 VK_KHR_separate_depth_stencil_layouts 0.0.1
    VK_KHR_shader_atomic_int64 0.0.1                   VK_KHR_shader_bfloat16 0.0.1                           VK_KHR_shader_clock 0.0.1
    VK_KHR_shader_draw_parameters 0.0.1                VK_KHR_shader_expect_assume 0.0.1                      VK_KHR_shader_float16_int8 0.0.1
    VK_KHR_shader_float_controls 0.0.4                 VK_KHR_shader_float_controls2 0.0.1                    VK_KHR_shader_fma 0.0.1
    VK_KHR_shader_integer_dot_product 0.0.1            VK_KHR_shader_maximal_reconvergence 0.0.1              VK_KHR_shader_non_semantic_info 0.0.1
    VK_KHR_shader_quad_control 0.0.1                   VK_KHR_shader_relaxed_extended_instruction 0.0.1       VK_KHR_shader_subgroup_extended_types 0.0.1
    VK_KHR_shader_subgroup_rotate 0.0.2                VK_KHR_shader_subgroup_uniform_control_flow 0.0.1      VK_KHR_shader_terminate_invocation 0.0.1
    VK_KHR_shader_untyped_pointers 0.0.1               VK_KHR_shared_presentable_image 0.0.1                  VK_KHR_spirv_1_4 0.0.1
    VK_KHR_storage_buffer_storage_class 0.0.1          VK_KHR_swapchain 0.0.70                                VK_KHR_swapchain_maintenance1 0.0.1
    VK_KHR_swapchain_mutable_format 0.0.1              VK_KHR_synchronization2 0.0.1                          VK_KHR_timeline_semaphore 0.0.2
    VK_KHR_unified_image_layouts 0.0.1                 VK_KHR_uniform_buffer_standard_layout 0.0.1            VK_KHR_variable_pointers 0.0.1
    VK_KHR_vertex_attribute_divisor 0.0.1              VK_KHR_video_decode_av1 0.0.1                          VK_KHR_video_decode_h264 0.0.9
    VK_KHR_video_decode_h265 0.0.8                     VK_KHR_video_decode_queue 0.0.8                        VK_KHR_video_decode_vp9 0.0.1
    VK_KHR_video_encode_av1 0.0.1                      VK_KHR_video_encode_h264 0.0.14                        VK_KHR_video_encode_h265 0.0.14
    VK_KHR_video_encode_intra_refresh 0.0.1            VK_KHR_video_encode_quantization_map 0.0.2             VK_KHR_video_encode_queue 0.0.12
    VK_KHR_video_maintenance1 0.0.1                    VK_KHR_video_maintenance2 0.0.1                        VK_KHR_video_queue 0.0.8
    VK_KHR_vulkan_memory_model 0.0.3                   VK_KHR_workgroup_memory_explicit_layout 0.0.1          VK_KHR_zero_initialize_workgroup_memory 0.0.1
    VK_EXT_4444_formats 0.0.1                          VK_EXT_attachment_feedback_loop_dynamic_state 0.0.1    VK_EXT_attachment_feedback_loop_layout 0.0.2
    VK_EXT_blend_operation_advanced 0.0.2              VK_EXT_border_color_swizzle 0.0.1                      VK_EXT_buffer_device_address 0.0.2
    VK_EXT_calibrated_timestamps 0.0.2                 VK_EXT_color_write_enable 0.0.1                        VK_EXT_conditional_rendering 0.0.2
    VK_EXT_conservative_rasterization 0.0.1            VK_EXT_custom_border_color 0.0.12                      VK_EXT_custom_resolve 0.0.1
    VK_EXT_depth_bias_control 0.0.1                    VK_EXT_depth_clamp_control 0.0.1                       VK_EXT_depth_clamp_zero_one 0.0.1
    VK_EXT_depth_clip_control 0.0.1                    VK_EXT_depth_clip_enable 0.0.1                         VK_EXT_depth_range_unrestricted 0.0.1
    VK_EXT_descriptor_buffer 0.0.1                     VK_EXT_descriptor_heap 0.0.1                           VK_EXT_descriptor_indexing 0.0.2
    VK_EXT_device_address_binding_report 0.0.1         VK_EXT_device_fault 0.0.2                              VK_EXT_device_generated_commands 0.0.1
    VK_EXT_discard_rectangles 0.0.2                    VK_EXT_display_control 0.0.1                           VK_EXT_dynamic_rendering_unused_attachments 0.0.1
    VK_EXT_extended_dynamic_state 0.0.1                VK_EXT_extended_dynamic_state2 0.0.1                   VK_EXT_extended_dynamic_state3 0.0.2
    VK_EXT_external_memory_dma_buf 0.0.1               VK_EXT_external_memory_host 0.0.1                      VK_EXT_fragment_shader_interlock 0.0.1
    VK_EXT_global_priority 0.0.2                       VK_EXT_global_priority_query 0.0.1                     VK_EXT_graphics_pipeline_library 0.0.1
    VK_EXT_hdr_metadata 0.0.3                          VK_EXT_host_image_copy 0.0.1                           VK_EXT_host_query_reset 0.0.1
    VK_EXT_image_2d_view_of_3d 0.0.1                   VK_EXT_image_drm_format_modifier 0.0.2                 VK_EXT_image_robustness 0.0.1
    VK_EXT_image_sliced_view_of_3d 0.0.1               VK_EXT_image_view_min_lod 0.0.1                        VK_EXT_index_type_uint8 0.0.1
    VK_EXT_inline_uniform_block 0.0.1                  VK_EXT_legacy_vertex_attributes 0.0.1                  VK_EXT_line_rasterization 0.0.1
    VK_EXT_load_store_op_none 0.0.1                    VK_EXT_map_memory_placed 0.0.1                         VK_EXT_memory_budget 0.0.1
    VK_EXT_memory_decompression 0.0.1                  VK_EXT_memory_priority 0.0.1                           VK_EXT_mesh_shader 0.0.1
    VK_EXT_multi_draw 0.0.1                            VK_EXT_mutable_descriptor_type 0.0.1                   VK_EXT_nested_command_buffer 0.0.1
    VK_EXT_non_seamless_cube_map 0.0.1                 VK_EXT_opacity_micromap 0.0.2                          VK_EXT_pageable_device_local_memory 0.0.1
    VK_EXT_pci_bus_info 0.0.2                          VK_EXT_physical_device_drm 0.0.1                       VK_EXT_pipeline_creation_cache_control 0.0.3
    VK_EXT_pipeline_creation_feedback 0.0.1            VK_EXT_pipeline_library_group_handles 0.0.1            VK_EXT_pipeline_robustness 0.0.1
    VK_EXT_post_depth_coverage 0.0.1                   VK_EXT_present_mode_fifo_latest_ready 0.0.1            VK_EXT_present_timing 0.0.3
    VK_EXT_primitive_topology_list_restart 0.0.1       VK_EXT_primitives_generated_query 0.0.1                VK_EXT_private_data 0.0.1
    VK_EXT_provoking_vertex 0.0.1                      VK_EXT_queue_family_foreign 0.0.1                      VK_EXT_ray_tracing_invocation_reorder 0.0.1
    VK_EXT_robustness2 0.0.1                           VK_EXT_sample_locations 0.0.1                          VK_EXT_sampler_filter_minmax 0.0.2
    VK_EXT_scalar_block_layout 0.0.1                   VK_EXT_separate_stencil_usage 0.0.1                    VK_EXT_shader_64bit_indexing 0.0.1
    VK_EXT_shader_atomic_float 0.0.1                   VK_EXT_shader_demote_to_helper_invocation 0.0.1        VK_EXT_shader_float8 0.0.1
    VK_EXT_shader_image_atomic_int64 0.0.1             VK_EXT_shader_long_vector 0.0.1                        VK_EXT_shader_module_identifier 0.0.1
    VK_EXT_shader_object 0.0.1                         VK_EXT_shader_replicated_composites 0.0.1              VK_EXT_shader_subgroup_ballot 0.0.1
    VK_EXT_shader_subgroup_partitioned 0.0.1           VK_EXT_shader_subgroup_vote 0.0.1                      VK_EXT_shader_uniform_buffer_unsized_array 0.0.1
    VK_EXT_shader_viewport_index_layer 0.0.1           VK_EXT_subgroup_size_control 0.0.2                     VK_EXT_swapchain_maintenance1 0.0.1
    VK_EXT_texel_buffer_alignment 0.0.1                VK_EXT_tooling_info 0.0.1                              VK_EXT_transform_feedback 0.0.1
    VK_EXT_vertex_attribute_divisor 0.0.3              VK_EXT_vertex_attribute_robustness 0.0.1               VK_EXT_vertex_input_dynamic_state 0.0.2
    VK_EXT_ycbcr_2plane_444_formats 0.0.1              VK_EXT_ycbcr_image_arrays 0.0.1                        VK_EXT_zero_initialize_device_memory 0.0.1
    VK_NV_clip_space_w_scaling 0.0.1                   VK_NV_cluster_acceleration_structure 0.0.4             VK_NV_compute_occupancy_priority 0.0.1
    VK_NV_compute_shader_derivatives 0.0.1             VK_NV_cooperative_matrix 0.0.1                         VK_NV_cooperative_matrix2 0.0.1
    VK_NV_cooperative_vector 0.0.4                     VK_NV_copy_memory_indirect 0.0.1                       VK_NV_corner_sampled_image 0.0.2
    VK_NV_coverage_reduction_mode 0.0.1                VK_NV_cuda_kernel_launch 0.0.2                         VK_NV_dedicated_allocation 0.0.1
    VK_NV_dedicated_allocation_image_aliasing 0.0.1    VK_NV_descriptor_pool_overallocation 0.0.1             VK_NV_device_diagnostic_checkpoints 0.0.2
    VK_NV_device_diagnostics_config 0.0.2              VK_NV_device_generated_commands 0.0.3                  VK_NV_device_generated_commands_compute 0.0.2
    VK_NV_disk_cache_utils 0.0.1                       VK_NV_extended_sparse_address_space 0.0.1              VK_NV_fill_rectangle 0.0.1
    VK_NV_fragment_coverage_to_color 0.0.1             VK_NV_fragment_shader_barycentric 0.0.1                VK_NV_fragment_shading_rate_enums 0.0.1
    VK_NV_framebuffer_mixed_samples 0.0.1              VK_NV_geometry_shader_passthrough 0.0.1                VK_NV_inherited_viewport_scissor 0.0.1
    VK_NV_internal_nvpresent 0.0.1                     VK_NV_linear_color_attachment 0.0.1                    VK_NV_low_latency 0.0.1
    VK_NV_low_latency2 0.0.2                           VK_NV_memory_decompression 0.0.1                       VK_NV_mesh_shader 0.0.1
    VK_NV_optical_flow 0.0.1                           VK_NV_partitioned_acceleration_structure 0.0.1         VK_NV_present_metering 0.0.1
    VK_NV_push_constant_bank 0.0.1                     VK_NV_raw_access_chains 0.0.1                          VK_NV_ray_tracing 0.0.3
    VK_NV_ray_tracing_invocation_reorder 0.0.1         VK_NV_ray_tracing_motion_blur 0.0.1                    VK_NV_representative_fragment_test 0.0.2
    VK_NV_sample_mask_override_coverage 0.0.1          VK_NV_scissor_exclusive 0.0.2                          VK_NV_shader_atomic_float16_vector 0.0.1
    VK_NV_shader_image_footprint 0.0.2                 VK_NV_shader_sm_builtins 0.0.1                         VK_NV_shader_subgroup_partitioned 0.0.1
    VK_NV_shading_rate_image 0.0.3                     VK_NV_viewport_array2 0.0.1                            VK_NV_viewport_swizzle 0.0.1
    VK_NVX_binary_import 0.0.2                         VK_NVX_image_view_handle 0.0.4                         VK_NVX_multiview_per_view_attributes 0.0.1
    VK_AMD_buffer_marker 0.0.1                         VK_GOOGLE_hlsl_functionality1 0.0.1                    VK_GOOGLE_user_type 0.0.1
[39m[39mDiligent Engine: Info: Can not disable SeparablePrograms
[39m[39mDiligent Engine: Info: GPU dynamic heap created. Total buffer size: 8.00 MB
[39m[39mDiligent Engine: Info: MemoryManager 'Global resource memory manager': created new device-local page. (16.00 MB, type idx: 1). Current allocated size: 16.00 MB
[39m[Info] gpu_device_impl_core.cpp:162 probeNativePhysicsFloatAtomicShader: Probing native physics float atomics with a built-in compute shader, compiler=auto.
[39mDiligent Engine: Info: Loaded DX Shader Compiler 1.9. Max supported shader model: 6.9
[39m[Info] gpu_device_impl_core.cpp:174 probeNativePhysicsFloatAtomicShader: Native physics float-atomics shader probe succeeded.
[Info] gpu_device_impl_core.cpp:886 initializeVulkan: Physics float atomics: native=enabled, shaderCompilerMode=auto, dxcLoaded=yes.
[Info] shader_cache.cpp:59 initialize: using cache file '/home/yafei/Code/CRESSim-Neo/.cache/cressim_neo/state_cache_vk_r_v5.bin'.
[Info] shader_cache.cpp:179 loadCache: loaded cache file '/home/yafei/Code/CRESSim-Neo/.cache/cressim_neo/state_cache_vk_r_v5.bin' (10462476 bytes).
[39mDiligent Engine: Info: Allocated new descriptor pool
[39m[39mDiligent Engine: Info: MemoryManager 'Global resource memory manager': created new host-visible page. (16.00 MB, type idx: 2). Current allocated size: 16.00 MB
[39m[Warning] world.cpp:1376 setSoftBody: setSoftBody without a mesh renderer on the same entity.
[Warning] world.cpp:1376 setSoftBody: setSoftBody without a mesh renderer on the same entity.
[Warning] world.cpp:1376 setSoftBody: setSoftBody without a mesh renderer on the same entity.
[Warning] world.cpp:1376 setSoftBody: setSoftBody without a mesh renderer on the same entity.
[Warning] world.cpp:1376 setSoftBody: setSoftBody without a mesh renderer on the same entity.
[Warning] world.cpp:1376 setSoftBody: setSoftBody without a mesh renderer on the same entity.
[Warning] world.cpp:1376 setSoftBody: setSoftBody without a mesh renderer on the same entity.
[Warning] world.cpp:1376 setSoftBody: setSoftBody without a mesh renderer on the same entity.
[Warning] world.cpp:1376 setSoftBody: setSoftBody without a mesh renderer on the same entity.
[Warning] world.cpp:1376 setSoftBody: setSoftBody without a mesh renderer on the same entity.
[Warning] world.cpp:1376 setSoftBody: setSoftBody without a mesh renderer on the same entity.
[Warning] world.cpp:1376 setSoftBody: setSoftBody without a mesh renderer on the same entity.
[Warning] world.cpp:1376 setSoftBody: setSoftBody without a mesh renderer on the same entity.
[Warning] world.cpp:1376 setSoftBody: setSoftBody without a mesh renderer on the same entity.
[Warning] world.cpp:1376 setSoftBody: setSoftBody without a mesh renderer on the same entity.
[Warning] world.cpp:1376 setSoftBody: setSoftBody without a mesh renderer on the same entity.
[Warning] world.cpp:1376 setSoftBody: setSoftBody without a mesh renderer on the same entity.
[Warning] world.cpp:1376 setSoftBody: setSoftBody without a mesh renderer on the same entity.
[Warning] world.cpp:1376 setSoftBody: setSoftBody without a mesh renderer on the same entity.
[Warning] world.cpp:1376 setSoftBody: setSoftBody without a mesh renderer on the same entity.
[Warning] world.cpp:1376 setSoftBody: setSoftBody without a mesh renderer on the same entity.
[Warning] world.cpp:1376 setSoftBody: setSoftBody without a mesh renderer on the same entity.
[Warning] world.cpp:1376 setSoftBody: setSoftBody without a mesh renderer on the same entity.
[Warning] world.cpp:1376 setSoftBody: setSoftBody without a mesh renderer on the same entity.
[Warning] world.cpp:1376 setSoftBody: setSoftBody without a mesh renderer on the same entity.
[Warning] world.cpp:1376 setSoftBody: setSoftBody without a mesh renderer on the same entity.
[Warning] world.cpp:1376 setSoftBody: setSoftBody without a mesh renderer on the same entity.
[Warning] world.cpp:1376 setSoftBody: setSoftBody without a mesh renderer on the same entity.
[Warning] world.cpp:1376 setSoftBody: setSoftBody without a mesh renderer on the same entity.
[Warning] world.cpp:1376 setSoftBody: setSoftBody without a mesh renderer on the same entity.
[Warning] world.cpp:1376 setSoftBody: setSoftBody without a mesh renderer on the same entity.
[Warning] world.cpp:1376 setSoftBody: setSoftBody without a mesh renderer on the same entity.
[Warning] world.cpp:1376 setSoftBody: setSoftBody without a mesh renderer on the same entity.
[Warning] world.cpp:1376 setSoftBody: setSoftBody without a mesh renderer on the same entity.
[Warning] world.cpp:1376 setSoftBody: setSoftBody without a mesh renderer on the same entity.
[Warning] world.cpp:1376 setSoftBody: setSoftBody without a mesh renderer on the same entity.
[Warning] world.cpp:1376 setSoftBody: setSoftBody without a mesh renderer on the same entity.
[Warning] world.cpp:1376 setSoftBody: setSoftBody without a mesh renderer on the same entity.
[Warning] world.cpp:1376 setSoftBody: setSoftBody without a mesh renderer on the same entity.
[Warning] world.cpp:1376 setSoftBody: setSoftBody without a mesh renderer on the same entity.
[Warning] world.cpp:1376 setSoftBody: setSoftBody without a mesh renderer on the same entity.
[Warning] world.cpp:1376 setSoftBody: setSoftBody without a mesh renderer on the same entity.
[Warning] world.cpp:1376 setSoftBody: setSoftBody without a mesh renderer on the same entity.
[Warning] world.cpp:1376 setSoftBody: setSoftBody without a mesh renderer on the same entity.
[Warning] world.cpp:1376 setSoftBody: setSoftBody without a mesh renderer on the same entity.
[Warning] world.cpp:1376 setSoftBody: setSoftBody without a mesh renderer on the same entity.
[Warning] world.cpp:1376 setSoftBody: setSoftBody without a mesh renderer on the same entity.
[Warning] world.cpp:1376 setSoftBody: setSoftBody without a mesh renderer on the same entity.
[Warning] world.cpp:1376 setSoftBody: setSoftBody without a mesh renderer on the same entity.
[Warning] world.cpp:1376 setSoftBody: setSoftBody without a mesh renderer on the same entity.
[Warning] world.cpp:1376 setSoftBody: setSoftBody without a mesh renderer on the same entity.
[Warning] world.cpp:1376 setSoftBody: setSoftBody without a mesh renderer on the same entity.
[Warning] world.cpp:1376 setSoftBody: setSoftBody without a mesh renderer on the same entity.
[Warning] world.cpp:1376 setSoftBody: setSoftBody without a mesh renderer on the same entity.
[Warning] world.cpp:1376 setSoftBody: setSoftBody without a mesh renderer on the same entity.
[Warning] world.cpp:1376 setSoftBody: setSoftBody without a mesh renderer on the same entity.
[Warning] world.cpp:1376 setSoftBody: setSoftBody without a mesh renderer on the same entity.
[Warning] world.cpp:1376 setSoftBody: setSoftBody without a mesh renderer on the same entity.
[Warning] world.cpp:1376 setSoftBody: setSoftBody without a mesh renderer on the same entity.
[Warning] world.cpp:1376 setSoftBody: setSoftBody without a mesh renderer on the same entity.
[Warning] world.cpp:1376 setSoftBody: setSoftBody without a mesh renderer on the same entity.
[Warning] world.cpp:1376 setSoftBody: setSoftBody without a mesh renderer on the same entity.
[Warning] world.cpp:1376 setSoftBody: setSoftBody without a mesh renderer on the same entity.
[Warning] world.cpp:1376 setSoftBody: setSoftBody without a mesh renderer on the same entity.
[Warning] world.cpp:1376 setSoftBody: setSoftBody without a mesh renderer on the same entity.
[Warning] world.cpp:1376 setSoftBody: setSoftBody without a mesh renderer on the same entity.
[Warning] world.cpp:1376 setSoftBody: setSoftBody without a mesh renderer on the same entity.
[Warning] world.cpp:1376 setSoftBody: setSoftBody without a mesh renderer on the same entity.
[Warning] world.cpp:1376 setSoftBody: setSoftBody without a mesh renderer on the same entity.
[Warning] world.cpp:1376 setSoftBody: setSoftBody without a mesh renderer on the same entity.
[Warning] world.cpp:1376 setSoftBody: setSoftBody without a mesh renderer on the same entity.
[Warning] world.cpp:1376 setSoftBody: setSoftBody without a mesh renderer on the same entity.
[Warning] world.cpp:1376 setSoftBody: setSoftBody without a mesh renderer on the same entity.
[Warning] world.cpp:1376 setSoftBody: setSoftBody without a mesh renderer on the same entity.
[Warning] world.cpp:1376 setSoftBody: setSoftBody without a mesh renderer on the same entity.
[Warning] world.cpp:1376 setSoftBody: setSoftBody without a mesh renderer on the same entity.
[Warning] world.cpp:1376 setSoftBody: setSoftBody without a mesh renderer on the same entity.
[Warning] world.cpp:1376 setSoftBody: setSoftBody without a mesh renderer on the same entity.
[Warning] world.cpp:1376 setSoftBody: setSoftBody without a mesh renderer on the same entity.
[Warning] world.cpp:1376 setSoftBody: setSoftBody without a mesh renderer on the same entity.
[Warning] world.cpp:1376 setSoftBody: setSoftBody without a mesh renderer on the same entity.
[Warning] world.cpp:1376 setSoftBody: setSoftBody without a mesh renderer on the same entity.
[Warning] world.cpp:1376 setSoftBody: setSoftBody without a mesh renderer on the same entity.
[Warning] world.cpp:1376 setSoftBody: setSoftBody without a mesh renderer on the same entity.
[Warning] world.cpp:1376 setSoftBody: setSoftBody without a mesh renderer on the same entity.
[Warning] world.cpp:1376 setSoftBody: setSoftBody without a mesh renderer on the same entity.
[Warning] world.cpp:1376 setSoftBody: setSoftBody without a mesh renderer on the same entity.
[Warning] world.cpp:1376 setSoftBody: setSoftBody without a mesh renderer on the same entity.
[Warning] world.cpp:1376 setSoftBody: setSoftBody without a mesh renderer on the same entity.
[Warning] world.cpp:1376 setSoftBody: setSoftBody without a mesh renderer on the same entity.
[Warning] world.cpp:1376 setSoftBody: setSoftBody without a mesh renderer on the same entity.
[Warning] world.cpp:1376 setSoftBody: setSoftBody without a mesh renderer on the same entity.
[Warning] world.cpp:1376 setSoftBody: setSoftBody without a mesh renderer on the same entity.
[Warning] world.cpp:1376 setSoftBody: setSoftBody without a mesh renderer on the same entity.
[Warning] world.cpp:1376 setSoftBody: setSoftBody without a mesh renderer on the same entity.
[Warning] world.cpp:1376 setSoftBody: setSoftBody without a mesh renderer on the same entity.
[Warning] world.cpp:1376 setSoftBody: setSoftBody without a mesh renderer on the same entity.
[Warning] world.cpp:1376 setSoftBody: setSoftBody without a mesh renderer on the same entity.
[Warning] world.cpp:1376 setSoftBody: setSoftBody without a mesh renderer on the same entity.
[Warning] world.cpp:1376 setSoftBody: setSoftBody without a mesh renderer on the same entity.
[Warning] world.cpp:1376 setSoftBody: setSoftBody without a mesh renderer on the same entity.
[Warning] world.cpp:1376 setSoftBody: setSoftBody without a mesh renderer on the same entity.
[Warning] world.cpp:1376 setSoftBody: setSoftBody without a mesh renderer on the same entity.
[Warning] world.cpp:1376 setSoftBody: setSoftBody without a mesh renderer on the same entity.
[Warning] world.cpp:1376 setSoftBody: setSoftBody without a mesh renderer on the same entity.
[Warning] world.cpp:1376 setSoftBody: setSoftBody without a mesh renderer on the same entity.
[Warning] world.cpp:1376 setSoftBody: setSoftBody without a mesh renderer on the same entity.
[Warning] world.cpp:1376 setSoftBody: setSoftBody without a mesh renderer on the same entity.
[Warning] world.cpp:1376 setSoftBody: setSoftBody without a mesh renderer on the same entity.
[Warning] world.cpp:1376 setSoftBody: setSoftBody without a mesh renderer on the same entity.
[Warning] world.cpp:1376 setSoftBody: setSoftBody without a mesh renderer on the same entity.
[Warning] world.cpp:1376 setSoftBody: setSoftBody without a mesh renderer on the same entity.
[Warning] world.cpp:1376 setSoftBody: setSoftBody without a mesh renderer on the same entity.
[Warning] world.cpp:1376 setSoftBody: setSoftBody without a mesh renderer on the same entity.
[Warning] world.cpp:1376 setSoftBody: setSoftBody without a mesh renderer on the same entity.
[Warning] world.cpp:1376 setSoftBody: setSoftBody without a mesh renderer on the same entity.
[Warning] world.cpp:1376 setSoftBody: setSoftBody without a mesh renderer on the same entity.
[Warning] world.cpp:1376 setSoftBody: setSoftBody without a mesh renderer on the same entity.
[Warning] world.cpp:1376 setSoftBody: setSoftBody without a mesh renderer on the same entity.
[Warning] world.cpp:1376 setSoftBody: setSoftBody without a mesh renderer on the same entity.
[Warning] world.cpp:1376 setSoftBody: setSoftBody without a mesh renderer on the same entity.
[Warning] world.cpp:1376 setSoftBody: setSoftBody without a mesh renderer on the same entity.
[Warning] world.cpp:1376 setSoftBody: setSoftBody without a mesh renderer on the same entity.
[Warning] world.cpp:1376 setSoftBody: setSoftBody without a mesh renderer on the same entity.
[Warning] world.cpp:1376 setSoftBody: setSoftBody without a mesh renderer on the same entity.
[Warning] world.cpp:1376 setSoftBody: setSoftBody without a mesh renderer on the same entity.
[Warning] world.cpp:1376 setSoftBody: setSoftBody without a mesh renderer on the same entity.
[Warning] world.cpp:1376 setSoftBody: setSoftBody without a mesh renderer on the same entity.
[Info] vulkan_cuda_interop.cpp:291 createExportableStructuredBuffer: Created exportable Vulkan shared buffer 'CRESSimNeo.Physics.SoftPositionsInvMass' with capacity=43264, stride=16, queueFamilies=1.
[39mDiligent Engine: Info: MemoryManager 'Global resource memory manager': created new device-local page. (16.00 MB, type idx: 1). Current allocated size: 32.00 MB
[39m[39mDiligent Engine: Info: MemoryManager 'Global resource memory manager': created new device-local page. (16.00 MB, type idx: 1). Current allocated size: 48.00 MB
[39m[39mDiligent Engine: Info: MemoryManager 'Global resource memory manager': created new device-local page. (32.00 MB, type idx: 1). Current allocated size: 80.00 MB
[39m[39mDiligent Engine: Info: MemoryManager 'Global resource memory manager': created new device-local page. (128.00 MB, type idx: 1). Current allocated size: 208.00 MB
[39m[39mDiligent Engine: Info: MemoryManager 'Global resource memory manager': created new device-local page. (32.00 MB, type idx: 1). Current allocated size: 240.00 MB
[39m[39mDiligent Engine: Info: MemoryManager 'Global resource memory manager': created new device-local page. (32.00 MB, type idx: 1). Current allocated size: 272.00 MB
[39m[39mDiligent Engine: Info: MemoryManager 'Global resource memory manager': created new device-local page. (16.00 MB, type idx: 1). Current allocated size: 288.00 MB
[39m[39mDiligent Engine: Info: MemoryManager 'Global resource memory manager': created new device-local page. (32.00 MB, type idx: 1). Current allocated size: 320.00 MB
[39m[39mDiligent Engine: Info: MemoryManager 'Global resource memory manager': created new host-visible page. (16.00 MB, type idx: 3). Current allocated size: 32.00 MB
[39m[39mDiligent Engine: Info: MemoryManager 'Global resource memory manager': created new host-visible page. (16.00 MB, type idx: 2). Current allocated size: 48.00 MB
[39m[39mDiligent Engine: Info: MemoryManager 'Global resource memory manager': created new host-visible page. (16.00 MB, type idx: 2). Current allocated size: 64.00 MB
[39m[Info] vulkan_cuda_interop.cpp:291 createExportableStructuredBuffer: Created exportable Vulkan shared buffer 'PsmSoftGrasp.Actions' with capacity=896, stride=4, queueFamilies=1.
[Info] vulkan_cuda_interop.cpp:291 createExportableStructuredBuffer: Created exportable Vulkan shared buffer 'PsmSoftGrasp.Observations' with capacity=3712, stride=4, queueFamilies=1.
[Info] vulkan_cuda_interop.cpp:291 createExportableStructuredBuffer: Created exportable Vulkan shared buffer 'PsmSoftGrasp.Rewards' with capacity=128, stride=4, queueFamilies=1.
[Info] vulkan_cuda_interop.cpp:291 createExportableStructuredBuffer: Created exportable Vulkan shared buffer 'PsmSoftGrasp.Terminated' with capacity=128, stride=4, queueFamilies=1.
[Info] vulkan_cuda_interop.cpp:291 createExportableStructuredBuffer: Created exportable Vulkan shared buffer 'PsmSoftGrasp.Truncated' with capacity=128, stride=4, queueFamilies=1.
[Info] vulkan_cuda_interop.cpp:291 createExportableStructuredBuffer: Created exportable Vulkan shared buffer 'PsmSoftGrasp.EpisodeSteps' with capacity=128, stride=4, queueFamilies=1.
[Info] vulkan_cuda_interop.cpp:291 createExportableStructuredBuffer: Created exportable Vulkan shared buffer 'PsmSoftGrasp.ResetMask' with capacity=128, stride=4, queueFamilies=1.
[Info] vulkan_cuda_interop.cpp:291 createExportableStructuredBuffer: Created exportable Vulkan shared buffer 'PsmSoftGrasp.TargetChoice' with capacity=128, stride=4, queueFamilies=1.
[Info] vulkan_cuda_interop.cpp:291 createExportableStructuredBuffer: Created exportable Vulkan shared buffer 'PsmSoftGrasp.PreviousGraspClosed' with capacity=128, stride=4, queueFamilies=1.
[Info] vulkan_cuda_interop.cpp:291 createExportableStructuredBuffer: Created exportable Vulkan shared buffer 'PsmSoftGrasp.EnvMetadataU32' with capacity=1792, stride=4, queueFamilies=1.
[Info] vulkan_cuda_interop.cpp:291 createExportableStructuredBuffer: Created exportable Vulkan shared buffer 'PsmSoftGrasp.EnvMetadataF32' with capacity=128, stride=16, queueFamilies=1.
[Info] vulkan_cuda_interop.cpp:291 createExportableStructuredBuffer: Created exportable Vulkan shared buffer 'PsmSoftGrasp.ParticleOffsets' with capacity=128, stride=4, queueFamilies=1.
[Info] vulkan_cuda_interop.cpp:291 createExportableStructuredBuffer: Created exportable Vulkan shared buffer 'PsmSoftGrasp.ParticleCounts' with capacity=128, stride=4, queueFamilies=1.
[Info] vulkan_cuda_interop.cpp:291 createExportableStructuredBuffer: Created exportable Vulkan shared buffer 'PsmSoftGrasp.ResetPositions' with capacity=43264, stride=16, queueFamilies=1.
[Info] vulkan_cuda_interop.cpp:291 createExportableStructuredBuffer: Created exportable Vulkan shared buffer 'PsmSoftGrasp.ArmHingeSlots' with capacity=640, stride=4, queueFamilies=1.
[Info] vulkan_cuda_interop.cpp:291 createExportableStructuredBuffer: Created exportable Vulkan shared buffer 'PsmSoftGrasp.ArmSliderSlots' with capacity=128, stride=4, queueFamilies=1.
[Info] vulkan_cuda_interop.cpp:291 createExportableStructuredBuffer: Created exportable Vulkan shared buffer 'PsmSoftGrasp.JawHingeSlots' with capacity=256, stride=4, queueFamilies=1.
[Info] vulkan_cuda_interop.cpp:291 createExportableStructuredBuffer: Created exportable Vulkan shared buffer 'PsmSoftGrasp.AttachmentSlots' with capacity=128, stride=4, queueFamilies=1.
[Info] vulkan_cuda_interop.cpp:291 createExportableStructuredBuffer: Created exportable Vulkan shared buffer 'PsmSoftGrasp.TargetPoseSlots' with capacity=128, stride=4, queueFamilies=1.
[Info] vulkan_cuda_interop.cpp:291 createExportableStructuredBuffer: Created exportable Vulkan shared buffer 'PsmSoftGrasp.TooltipBodyIndices' with capacity=128, stride=4, queueFamilies=1.
[Info] vulkan_cuda_interop.cpp:291 createExportableStructuredBuffer: Created exportable Vulkan shared buffer 'PsmSoftGrasp.TooltipLocalAnchors' with capacity=128, stride=16, queueFamilies=1.
[Info] vulkan_cuda_interop.cpp:291 createExportableStructuredBuffer: Created exportable Vulkan shared buffer 'PsmSoftGrasp.TargetParticleIndices' with capacity=128, stride=4, queueFamilies=1.
[Info] vulkan_cuda_interop.cpp:291 createExportableStructuredBuffer: Created exportable Vulkan shared buffer 'PsmSoftGrasp.TargetRestHeights' with capacity=128, stride=4, queueFamilies=1.
[Info] vulkan_cuda_interop.cpp:291 createExportableStructuredBuffer: Created exportable Vulkan shared buffer 'PsmSoftGrasp.TargetCandidateLocalIndices' with capacity=1, stride=4, queueFamilies=1.
[Info] vulkan_cuda_interop.cpp:291 createExportableStructuredBuffer: Created exportable Vulkan shared buffer 'PsmSoftGrasp.CurrentJointTargets' with capacity=896, stride=4, queueFamilies=1.
[Info] vulkan_cuda_interop.cpp:291 createExportableStructuredBuffer: Created exportable Vulkan shared buffer 'PsmSoftGrasp.ResetJointTargets' with capacity=896, stride=4, queueFamilies=1.
[Info] vulkan_cuda_interop.cpp:291 createExportableStructuredBuffer: Created exportable Vulkan shared buffer 'PsmSoftGrasp.JointLimits' with capacity=896, stride=8, queueFamilies=1.
[Info] vulkan_cuda_interop.cpp:291 createExportableStructuredBuffer: Created exportable Vulkan shared buffer 'PsmSoftGrasp.RigidResetBodyIndices' with capacity=1664, stride=4, queueFamilies=1.
[Info] vulkan_cuda_interop.cpp:291 createExportableStructuredBuffer: Created exportable Vulkan shared buffer 'PsmSoftGrasp.RigidResetPositions' with capacity=1664, stride=16, queueFamilies=1.
[Info] vulkan_cuda_interop.cpp:291 createExportableStructuredBuffer: Created exportable Vulkan shared buffer 'PsmSoftGrasp.RigidResetOrientations' with capacity=1664, stride=16, queueFamilies=1.
[39mDiligent Engine: Info: MemoryManager 'Global resource memory manager': destroying device-local page (32.00 MB). Current allocated size: 288.00 MB
[39m[39mDiligent Engine: Info: MemoryManager 'Global resource memory manager': destroying device-local page (16.00 MB). Current allocated size: 272.00 MB
[39m[39mDiligent Engine: Info: MemoryManager 'Global resource memory manager': destroying device-local page (32.00 MB). Current allocated size: 240.00 MB
[39m[Info] shader_cache.cpp:221 saveCache: saved cache file '/home/yafei/Code/CRESSim-Neo/.cache/cressim_neo/state_cache_vk_r_v5.bin' (10462476 bytes).
[39mDiligent Engine: Info: Dynamic descriptor set allocator of immediate context peak descriptor pool count: 0
[39m[39mDiligent Engine: Info: Dynamic heap of immediate context usage stats:
                       Peak used/aligned/allocated size: 0 Bytes / 0 Bytes / 0 Bytes (0 pages). Peak efficiency (used/aligned): 0.0%. Peak utilization (used/allocated): 0.0%
[39m[39mDiligent Engine: Info: Upload heap of immediate context peak used/allocated frame size: 0.16 MB / 1.00 MB (1 page)
[39m[39mDiligent Engine: Info: Dynamic descriptor set allocator of immediate context peak descriptor pool count: 2
[39m[39mDiligent Engine: Info: Dynamic heap of immediate context usage stats:
                       Peak used/aligned/allocated size: 196.61 KB / 394.72 KB / 512.00 KB (2 pages). Peak efficiency (used/aligned): 49.8%. Peak utilization (used/allocated): 38.4%
[39m[39mDiligent Engine: Info: Upload heap of immediate context peak used/allocated frame size: 30.44 MB / 31.20 MB (31 pages)
[39m[39mDiligent Engine: Info: Transient command buffer pool manager allocated descriptor pool count: 8
[39m[39mDiligent Engine: Info: Dynamic memory manager usage stats:
                       Total size: 8.00 MB. Peak allocated size: 1.00 MB. Peak utilization: 12.5%
[39m[39mDiligent Engine: Info: MemoryManager 'Global resource memory manager' stats:
                       Peak used/allocated device-local memory size: 302.94 MB / 320.00 MB (20 pages)
                       Peak used/allocated host-visible memory size: 34.29 MB / 64.00 MB (4 pages)
[39m[39mDiligent Engine: Info: Vulkan query manager peak usage:
QUERY_TYPE_BINARY_OCCLUSION   :    0/ 128
QUERY_TYPE_TIMESTAMP          :    0/ 512
QUERY_TYPE_DURATION           :    0/ 512
[39m[39mDiligent Engine: Info: Vulkan query manager peak usage:
QUERY_TYPE_BINARY_OCCLUSION   :    0/ 128
QUERY_TYPE_TIMESTAMP          :    0/ 512
QUERY_TYPE_DURATION           :    0/ 512
[39m[39mDiligent Engine: Info: Dynamic descriptor pool stats: allocated 4 pool(s)
[39m[39mDiligent Engine: Info: Main descriptor pool stats: allocated 1 pool(s)
[39m[39mDiligent Engine: Info: Loaded DX Shader Compiler 1.9. Max supported shader model: 6.9
[39m[Info] gpu_device_impl_core.cpp:845 initializeVulkan: Attempting Vulkan device creation with native physics float atomics requested.
[Info] gpu_device_impl_core.cpp:762 operator(): Requesting Vulkan native float atomics via VK_EXT_shader_atomic_float with shaderBufferFloat32AtomicAdd=VK_TRUE.
[Info] gpu_device_impl_core.cpp:766 operator(): Requesting Vulkan CUDA interop instance extensions: VK_KHR_external_memory_capabilities, VK_KHR_external_semaphore_capabilities.
[Info] gpu_device_impl_core.cpp:778 operator(): Requesting Vulkan CUDA interop device extensions: VK_KHR_external_memory, VK_KHR_external_memory_fd, VK_KHR_external_semaphore, VK_KHR_external_semaphore_fd.
[Info] gpu_device_impl_core.cpp:102 logDedicatedContextPlan: Vulkan dedicated-context plan: adapter=0 ('NVIDIA GeForce RTX 4090', type=discrete), graphicsQueue=0, physicsQueue=0 (shared queue, separate contexts).
[Info] gpu_device_impl_core.cpp:809 operator(): Attempting Vulkan device creation with two immediate contexts.
[39mDiligent Engine: Info: Available Vulkan instance layers: 
    VK_LAYER_OBS_vkcapture_64 1.4.350
    VK_LAYER_NV_optimus 1.4.341
    VK_LAYER_NV_present 1.4.341
[39m[39mDiligent Engine: Info: Supported Vulkan instance extensions: 
    VK_KHR_device_group_creation 0.0.1
    VK_KHR_display 0.0.23
    VK_KHR_external_fence_capabilities 0.0.1
    VK_KHR_external_memory_capabilities 0.0.1
    VK_KHR_external_semaphore_capabilities 0.0.1
    VK_KHR_get_display_properties2 0.0.1
    VK_KHR_get_physical_device_properties2 0.0.2
    VK_KHR_get_surface_capabilities2 0.0.1
    VK_KHR_surface 0.0.25
    VK_KHR_surface_maintenance1 0.0.1
    VK_KHR_surface_protected_capabilities 0.0.1
    VK_KHR_wayland_surface 0.0.6
    VK_KHR_xcb_surface 0.0.6
    VK_KHR_xlib_surface 0.0.6
    VK_EXT_acquire_drm_display 0.0.1
    VK_EXT_acquire_xlib_display 0.0.1
    VK_EXT_debug_report 0.0.10
    VK_EXT_debug_utils 0.0.2
    VK_EXT_direct_mode_display 0.0.1
    VK_EXT_display_surface_counter 0.0.1
    VK_EXT_surface_maintenance1 0.0.1
    VK_EXT_swapchain_colorspace 0.0.5
    VK_NV_display_stereo 0.0.1
    VK_KHR_portability_enumeration 0.0.1
    VK_LUNARG_direct_driver_loading 0.0.1
[39m[39mDiligent Engine: Info: Using physical device 'NVIDIA GeForce RTX 4090', API version 1.4.341, Driver version 98.172.128.
[39m[39mDiligent Engine: Info: Extensions supported by device 'NVIDIA GeForce RTX 4090': 
    VK_KHR_16bit_storage 0.0.1                         VK_KHR_8bit_storage 0.0.1                              VK_KHR_acceleration_structure 0.0.13
    VK_KHR_bind_memory2 0.0.1                          VK_KHR_buffer_device_address 0.0.1                     VK_KHR_calibrated_timestamps 0.0.1
    VK_KHR_compute_shader_derivatives 0.0.1            VK_KHR_cooperative_matrix 0.0.2                        VK_KHR_copy_commands2 0.0.1
    VK_KHR_copy_memory_indirect 0.0.1                  VK_KHR_create_renderpass2 0.0.1                        VK_KHR_dedicated_allocation 0.0.3
    VK_KHR_deferred_host_operations 0.0.4              VK_KHR_depth_clamp_zero_one 0.0.1                      VK_KHR_depth_stencil_resolve 0.0.1
    VK_KHR_descriptor_update_template 0.0.1            VK_KHR_device_group 0.0.4                              VK_KHR_draw_indirect_count 0.0.1
    VK_KHR_driver_properties 0.0.1                     VK_KHR_dynamic_rendering 0.0.1                         VK_KHR_dynamic_rendering_local_read 0.0.1
    VK_KHR_external_fence 0.0.1                        VK_KHR_external_fence_fd 0.0.1                         VK_KHR_external_memory 0.0.1
    VK_KHR_external_memory_fd 0.0.1                    VK_KHR_external_semaphore 0.0.1                        VK_KHR_external_semaphore_fd 0.0.1
    VK_KHR_format_feature_flags2 0.0.2                 VK_KHR_fragment_shader_barycentric 0.0.1               VK_KHR_fragment_shading_rate 0.0.2
    VK_KHR_get_memory_requirements2 0.0.1              VK_KHR_global_priority 0.0.1                           VK_KHR_image_format_list 0.0.1
    VK_KHR_imageless_framebuffer 0.0.1                 VK_KHR_incremental_present 0.0.2                       VK_KHR_index_type_uint8 0.0.1
    VK_KHR_internally_synchronized_queues 0.0.1        VK_KHR_line_rasterization 0.0.1                        VK_KHR_load_store_op_none 0.0.1
    VK_KHR_maintenance1 0.0.2                          VK_KHR_maintenance10 0.0.1                             VK_KHR_maintenance2 0.0.1
    VK_KHR_maintenance3 0.0.1                          VK_KHR_maintenance4 0.0.2                              VK_KHR_maintenance5 0.0.1
    VK_KHR_maintenance6 0.0.1                          VK_KHR_maintenance7 0.0.1                              VK_KHR_maintenance8 0.0.1
    VK_KHR_maintenance9 0.0.1                          VK_KHR_map_memory2 0.0.1                               VK_KHR_multiview 0.0.1
    VK_KHR_pipeline_binary 0.0.1                       VK_KHR_pipeline_executable_properties 0.0.1            VK_KHR_pipeline_library 0.0.1
    VK_KHR_present_id 0.0.1                            VK_KHR_present_id2 0.0.1                               VK_KHR_present_mode_fifo_latest_ready 0.0.1
    VK_KHR_present_wait 0.0.1                          VK_KHR_present_wait2 0.0.1                             VK_KHR_push_descriptor 0.0.2
    VK_KHR_ray_query 0.0.1                             VK_KHR_ray_tracing_maintenance1 0.0.1                  VK_KHR_ray_tracing_pipeline 0.0.1
    VK_KHR_ray_tracing_position_fetch 0.0.1            VK_KHR_relaxed_block_layout 0.0.1                      VK_KHR_robustness2 0.0.1
    VK_KHR_sampler_mirror_clamp_to_edge 0.0.3          VK_KHR_sampler_ycbcr_conversion 0.0.14                 VK_KHR_separate_depth_stencil_layouts 0.0.1
    VK_KHR_shader_atomic_int64 0.0.1                   VK_KHR_shader_bfloat16 0.0.1                           VK_KHR_shader_clock 0.0.1
    VK_KHR_shader_draw_parameters 0.0.1                VK_KHR_shader_expect_assume 0.0.1                      VK_KHR_shader_float16_int8 0.0.1
    VK_KHR_shader_float_controls 0.0.4                 VK_KHR_shader_float_controls2 0.0.1                    VK_KHR_shader_fma 0.0.1
    VK_KHR_shader_integer_dot_product 0.0.1            VK_KHR_shader_maximal_reconvergence 0.0.1              VK_KHR_shader_non_semantic_info 0.0.1
    VK_KHR_shader_quad_control 0.0.1                   VK_KHR_shader_relaxed_extended_instruction 0.0.1       VK_KHR_shader_subgroup_extended_types 0.0.1
    VK_KHR_shader_subgroup_rotate 0.0.2                VK_KHR_shader_subgroup_uniform_control_flow 0.0.1      VK_KHR_shader_terminate_invocation 0.0.1
    VK_KHR_shader_untyped_pointers 0.0.1               VK_KHR_shared_presentable_image 0.0.1                  VK_KHR_spirv_1_4 0.0.1
    VK_KHR_storage_buffer_storage_class 0.0.1          VK_KHR_swapchain 0.0.70                                VK_KHR_swapchain_maintenance1 0.0.1
    VK_KHR_swapchain_mutable_format 0.0.1              VK_KHR_synchronization2 0.0.1                          VK_KHR_timeline_semaphore 0.0.2
    VK_KHR_unified_image_layouts 0.0.1                 VK_KHR_uniform_buffer_standard_layout 0.0.1            VK_KHR_variable_pointers 0.0.1
    VK_KHR_vertex_attribute_divisor 0.0.1              VK_KHR_video_decode_av1 0.0.1                          VK_KHR_video_decode_h264 0.0.9
    VK_KHR_video_decode_h265 0.0.8                     VK_KHR_video_decode_queue 0.0.8                        VK_KHR_video_decode_vp9 0.0.1
    VK_KHR_video_encode_av1 0.0.1                      VK_KHR_video_encode_h264 0.0.14                        VK_KHR_video_encode_h265 0.0.14
    VK_KHR_video_encode_intra_refresh 0.0.1            VK_KHR_video_encode_quantization_map 0.0.2             VK_KHR_video_encode_queue 0.0.12
    VK_KHR_video_maintenance1 0.0.1                    VK_KHR_video_maintenance2 0.0.1                        VK_KHR_video_queue 0.0.8
    VK_KHR_vulkan_memory_model 0.0.3                   VK_KHR_workgroup_memory_explicit_layout 0.0.1          VK_KHR_zero_initialize_workgroup_memory 0.0.1
    VK_EXT_4444_formats 0.0.1                          VK_EXT_attachment_feedback_loop_dynamic_state 0.0.1    VK_EXT_attachment_feedback_loop_layout 0.0.2
    VK_EXT_blend_operation_advanced 0.0.2              VK_EXT_border_color_swizzle 0.0.1                      VK_EXT_buffer_device_address 0.0.2
    VK_EXT_calibrated_timestamps 0.0.2                 VK_EXT_color_write_enable 0.0.1                        VK_EXT_conditional_rendering 0.0.2
    VK_EXT_conservative_rasterization 0.0.1            VK_EXT_custom_border_color 0.0.12                      VK_EXT_custom_resolve 0.0.1
    VK_EXT_depth_bias_control 0.0.1                    VK_EXT_depth_clamp_control 0.0.1                       VK_EXT_depth_clamp_zero_one 0.0.1
    VK_EXT_depth_clip_control 0.0.1                    VK_EXT_depth_clip_enable 0.0.1                         VK_EXT_depth_range_unrestricted 0.0.1
    VK_EXT_descriptor_buffer 0.0.1                     VK_EXT_descriptor_heap 0.0.1                           VK_EXT_descriptor_indexing 0.0.2
    VK_EXT_device_address_binding_report 0.0.1         VK_EXT_device_fault 0.0.2                              VK_EXT_device_generated_commands 0.0.1
    VK_EXT_discard_rectangles 0.0.2                    VK_EXT_display_control 0.0.1                           VK_EXT_dynamic_rendering_unused_attachments 0.0.1
    VK_EXT_extended_dynamic_state 0.0.1                VK_EXT_extended_dynamic_state2 0.0.1                   VK_EXT_extended_dynamic_state3 0.0.2
    VK_EXT_external_memory_dma_buf 0.0.1               VK_EXT_external_memory_host 0.0.1                      VK_EXT_fragment_shader_interlock 0.0.1
    VK_EXT_global_priority 0.0.2                       VK_EXT_global_priority_query 0.0.1                     VK_EXT_graphics_pipeline_library 0.0.1
    VK_EXT_hdr_metadata 0.0.3                          VK_EXT_host_image_copy 0.0.1                           VK_EXT_host_query_reset 0.0.1
    VK_EXT_image_2d_view_of_3d 0.0.1                   VK_EXT_image_drm_format_modifier 0.0.2                 VK_EXT_image_robustness 0.0.1
    VK_EXT_image_sliced_view_of_3d 0.0.1               VK_EXT_image_view_min_lod 0.0.1                        VK_EXT_index_type_uint8 0.0.1
    VK_EXT_inline_uniform_block 0.0.1                  VK_EXT_legacy_vertex_attributes 0.0.1                  VK_EXT_line_rasterization 0.0.1
    VK_EXT_load_store_op_none 0.0.1                    VK_EXT_map_memory_placed 0.0.1                         VK_EXT_memory_budget 0.0.1
    VK_EXT_memory_decompression 0.0.1                  VK_EXT_memory_priority 0.0.1                           VK_EXT_mesh_shader 0.0.1
    VK_EXT_multi_draw 0.0.1                            VK_EXT_mutable_descriptor_type 0.0.1                   VK_EXT_nested_command_buffer 0.0.1
    VK_EXT_non_seamless_cube_map 0.0.1                 VK_EXT_opacity_micromap 0.0.2                          VK_EXT_pageable_device_local_memory 0.0.1
    VK_EXT_pci_bus_info 0.0.2                          VK_EXT_physical_device_drm 0.0.1                       VK_EXT_pipeline_creation_cache_control 0.0.3
    VK_EXT_pipeline_creation_feedback 0.0.1            VK_EXT_pipeline_library_group_handles 0.0.1            VK_EXT_pipeline_robustness 0.0.1
    VK_EXT_post_depth_coverage 0.0.1                   VK_EXT_present_mode_fifo_latest_ready 0.0.1            VK_EXT_present_timing 0.0.3
    VK_EXT_primitive_topology_list_restart 0.0.1       VK_EXT_primitives_generated_query 0.0.1                VK_EXT_private_data 0.0.1
    VK_EXT_provoking_vertex 0.0.1                      VK_EXT_queue_family_foreign 0.0.1                      VK_EXT_ray_tracing_invocation_reorder 0.0.1
    VK_EXT_robustness2 0.0.1                           VK_EXT_sample_locations 0.0.1                          VK_EXT_sampler_filter_minmax 0.0.2
    VK_EXT_scalar_block_layout 0.0.1                   VK_EXT_separate_stencil_usage 0.0.1                    VK_EXT_shader_64bit_indexing 0.0.1
    VK_EXT_shader_atomic_float 0.0.1                   VK_EXT_shader_demote_to_helper_invocation 0.0.1        VK_EXT_shader_float8 0.0.1
    VK_EXT_shader_image_atomic_int64 0.0.1             VK_EXT_shader_long_vector 0.0.1                        VK_EXT_shader_module_identifier 0.0.1
    VK_EXT_shader_object 0.0.1                         VK_EXT_shader_replicated_composites 0.0.1              VK_EXT_shader_subgroup_ballot 0.0.1
    VK_EXT_shader_subgroup_partitioned 0.0.1           VK_EXT_shader_subgroup_vote 0.0.1                      VK_EXT_shader_uniform_buffer_unsized_array 0.0.1
    VK_EXT_shader_viewport_index_layer 0.0.1           VK_EXT_subgroup_size_control 0.0.2                     VK_EXT_swapchain_maintenance1 0.0.1
    VK_EXT_texel_buffer_alignment 0.0.1                VK_EXT_tooling_info 0.0.1                              VK_EXT_transform_feedback 0.0.1
    VK_EXT_vertex_attribute_divisor 0.0.3              VK_EXT_vertex_attribute_robustness 0.0.1               VK_EXT_vertex_input_dynamic_state 0.0.2
    VK_EXT_ycbcr_2plane_444_formats 0.0.1              VK_EXT_ycbcr_image_arrays 0.0.1                        VK_EXT_zero_initialize_device_memory 0.0.1
    VK_NV_clip_space_w_scaling 0.0.1                   VK_NV_cluster_acceleration_structure 0.0.4             VK_NV_compute_occupancy_priority 0.0.1
    VK_NV_compute_shader_derivatives 0.0.1             VK_NV_cooperative_matrix 0.0.1                         VK_NV_cooperative_matrix2 0.0.1
    VK_NV_cooperative_vector 0.0.4                     VK_NV_copy_memory_indirect 0.0.1                       VK_NV_corner_sampled_image 0.0.2
    VK_NV_coverage_reduction_mode 0.0.1                VK_NV_cuda_kernel_launch 0.0.2                         VK_NV_dedicated_allocation 0.0.1
    VK_NV_dedicated_allocation_image_aliasing 0.0.1    VK_NV_descriptor_pool_overallocation 0.0.1             VK_NV_device_diagnostic_checkpoints 0.0.2
    VK_NV_device_diagnostics_config 0.0.2              VK_NV_device_generated_commands 0.0.3                  VK_NV_device_generated_commands_compute 0.0.2
    VK_NV_disk_cache_utils 0.0.1                       VK_NV_extended_sparse_address_space 0.0.1              VK_NV_fill_rectangle 0.0.1
    VK_NV_fragment_coverage_to_color 0.0.1             VK_NV_fragment_shader_barycentric 0.0.1                VK_NV_fragment_shading_rate_enums 0.0.1
    VK_NV_framebuffer_mixed_samples 0.0.1              VK_NV_geometry_shader_passthrough 0.0.1                VK_NV_inherited_viewport_scissor 0.0.1
    VK_NV_internal_nvpresent 0.0.1                     VK_NV_linear_color_attachment 0.0.1                    VK_NV_low_latency 0.0.1
    VK_NV_low_latency2 0.0.2                           VK_NV_memory_decompression 0.0.1                       VK_NV_mesh_shader 0.0.1
    VK_NV_optical_flow 0.0.1                           VK_NV_partitioned_acceleration_structure 0.0.1         VK_NV_present_metering 0.0.1
    VK_NV_push_constant_bank 0.0.1                     VK_NV_raw_access_chains 0.0.1                          VK_NV_ray_tracing 0.0.3
    VK_NV_ray_tracing_invocation_reorder 0.0.1         VK_NV_ray_tracing_motion_blur 0.0.1                    VK_NV_representative_fragment_test 0.0.2
    VK_NV_sample_mask_override_coverage 0.0.1          VK_NV_scissor_exclusive 0.0.2                          VK_NV_shader_atomic_float16_vector 0.0.1
    VK_NV_shader_image_footprint 0.0.2                 VK_NV_shader_sm_builtins 0.0.1                         VK_NV_shader_subgroup_partitioned 0.0.1
    VK_NV_shading_rate_image 0.0.3                     VK_NV_viewport_array2 0.0.1                            VK_NV_viewport_swizzle 0.0.1
    VK_NVX_binary_import 0.0.2                         VK_NVX_image_view_handle 0.0.4                         VK_NVX_multiview_per_view_attributes 0.0.1
    VK_AMD_buffer_marker 0.0.1                         VK_GOOGLE_hlsl_functionality1 0.0.1                    VK_GOOGLE_user_type 0.0.1
[39m[39mDiligent Engine: Info: Can not disable SeparablePrograms
[39m[39mDiligent Engine: Info: GPU dynamic heap created. Total buffer size: 8.00 MB
[39m[39mDiligent Engine: Info: MemoryManager 'Global resource memory manager': created new device-local page. (16.00 MB, type idx: 1). Current allocated size: 16.00 MB
[39m[Info] gpu_device_impl_core.cpp:162 probeNativePhysicsFloatAtomicShader: Probing native physics float atomics with a built-in compute shader, compiler=auto.
[39mDiligent Engine: Info: Loaded DX Shader Compiler 1.9. Max supported shader model: 6.9
[39m[Info] gpu_device_impl_core.cpp:174 probeNativePhysicsFloatAtomicShader: Native physics float-atomics shader probe succeeded.
[Info] gpu_device_impl_core.cpp:886 initializeVulkan: Physics float atomics: native=enabled, shaderCompilerMode=auto, dxcLoaded=yes.
[Info] shader_cache.cpp:59 initialize: using cache file '/home/yafei/Code/CRESSim-Neo/.cache/cressim_neo/state_cache_vk_r_v5.bin'.
[Info] shader_cache.cpp:179 loadCache: loaded cache file '/home/yafei/Code/CRESSim-Neo/.cache/cressim_neo/state_cache_vk_r_v5.bin' (10462476 bytes).
[39mDiligent Engine: Info: Allocated new descriptor pool
[39m[39mDiligent Engine: Info: MemoryManager 'Global resource memory manager': created new host-visible page. (16.00 MB, type idx: 2). Current allocated size: 16.00 MB
[39m[Warning] world.cpp:1376 setSoftBody: setSoftBody without a mesh renderer on the same entity.
[Warning] world.cpp:1376 setSoftBody: setSoftBody without a mesh renderer on the same entity.
[Warning] world.cpp:1376 setSoftBody: setSoftBody without a mesh renderer on the same entity.
[Warning] world.cpp:1376 setSoftBody: setSoftBody without a mesh renderer on the same entity.
[Warning] world.cpp:1376 setSoftBody: setSoftBody without a mesh renderer on the same entity.
[Warning] world.cpp:1376 setSoftBody: setSoftBody without a mesh renderer on the same entity.
[Warning] world.cpp:1376 setSoftBody: setSoftBody without a mesh renderer on the same entity.
[Warning] world.cpp:1376 setSoftBody: setSoftBody without a mesh renderer on the same entity.
[Warning] world.cpp:1376 setSoftBody: setSoftBody without a mesh renderer on the same entity.
[Warning] world.cpp:1376 setSoftBody: setSoftBody without a mesh renderer on the same entity.
[Warning] world.cpp:1376 setSoftBody: setSoftBody without a mesh renderer on the same entity.
[Warning] world.cpp:1376 setSoftBody: setSoftBody without a mesh renderer on the same entity.
[Warning] world.cpp:1376 setSoftBody: setSoftBody without a mesh renderer on the same entity.
[Warning] world.cpp:1376 setSoftBody: setSoftBody without a mesh renderer on the same entity.
[Warning] world.cpp:1376 setSoftBody: setSoftBody without a mesh renderer on the same entity.
[Warning] world.cpp:1376 setSoftBody: setSoftBody without a mesh renderer on the same entity.
[Warning] world.cpp:1376 setSoftBody: setSoftBody without a mesh renderer on the same entity.
[Warning] world.cpp:1376 setSoftBody: setSoftBody without a mesh renderer on the same entity.
[Warning] world.cpp:1376 setSoftBody: setSoftBody without a mesh renderer on the same entity.
[Warning] world.cpp:1376 setSoftBody: setSoftBody without a mesh renderer on the same entity.
[Warning] world.cpp:1376 setSoftBody: setSoftBody without a mesh renderer on the same entity.
[Warning] world.cpp:1376 setSoftBody: setSoftBody without a mesh renderer on the same entity.
[Warning] world.cpp:1376 setSoftBody: setSoftBody without a mesh renderer on the same entity.
[Warning] world.cpp:1376 setSoftBody: setSoftBody without a mesh renderer on the same entity.
[Warning] world.cpp:1376 setSoftBody: setSoftBody without a mesh renderer on the same entity.
[Warning] world.cpp:1376 setSoftBody: setSoftBody without a mesh renderer on the same entity.
[Warning] world.cpp:1376 setSoftBody: setSoftBody without a mesh renderer on the same entity.
[Warning] world.cpp:1376 setSoftBody: setSoftBody without a mesh renderer on the same entity.
[Warning] world.cpp:1376 setSoftBody: setSoftBody without a mesh renderer on the same entity.
[Warning] world.cpp:1376 setSoftBody: setSoftBody without a mesh renderer on the same entity.
[Warning] world.cpp:1376 setSoftBody: setSoftBody without a mesh renderer on the same entity.
[Warning] world.cpp:1376 setSoftBody: setSoftBody without a mesh renderer on the same entity.
[Warning] world.cpp:1376 setSoftBody: setSoftBody without a mesh renderer on the same entity.
[Warning] world.cpp:1376 setSoftBody: setSoftBody without a mesh renderer on the same entity.
[Warning] world.cpp:1376 setSoftBody: setSoftBody without a mesh renderer on the same entity.
[Warning] world.cpp:1376 setSoftBody: setSoftBody without a mesh renderer on the same entity.
[Warning] world.cpp:1376 setSoftBody: setSoftBody without a mesh renderer on the same entity.
[Warning] world.cpp:1376 setSoftBody: setSoftBody without a mesh renderer on the same entity.
[Warning] world.cpp:1376 setSoftBody: setSoftBody without a mesh renderer on the same entity.
[Warning] world.cpp:1376 setSoftBody: setSoftBody without a mesh renderer on the same entity.
[Warning] world.cpp:1376 setSoftBody: setSoftBody without a mesh renderer on the same entity.
[Warning] world.cpp:1376 setSoftBody: setSoftBody without a mesh renderer on the same entity.
[Warning] world.cpp:1376 setSoftBody: setSoftBody without a mesh renderer on the same entity.
[Warning] world.cpp:1376 setSoftBody: setSoftBody without a mesh renderer on the same entity.
[Warning] world.cpp:1376 setSoftBody: setSoftBody without a mesh renderer on the same entity.
[Warning] world.cpp:1376 setSoftBody: setSoftBody without a mesh renderer on the same entity.
[Warning] world.cpp:1376 setSoftBody: setSoftBody without a mesh renderer on the same entity.
[Warning] world.cpp:1376 setSoftBody: setSoftBody without a mesh renderer on the same entity.
[Warning] world.cpp:1376 setSoftBody: setSoftBody without a mesh renderer on the same entity.
[Warning] world.cpp:1376 setSoftBody: setSoftBody without a mesh renderer on the same entity.
[Warning] world.cpp:1376 setSoftBody: setSoftBody without a mesh renderer on the same entity.
[Warning] world.cpp:1376 setSoftBody: setSoftBody without a mesh renderer on the same entity.
[Warning] world.cpp:1376 setSoftBody: setSoftBody without a mesh renderer on the same entity.
[Warning] world.cpp:1376 setSoftBody: setSoftBody without a mesh renderer on the same entity.
[Warning] world.cpp:1376 setSoftBody: setSoftBody without a mesh renderer on the same entity.
[Warning] world.cpp:1376 setSoftBody: setSoftBody without a mesh renderer on the same entity.
[Warning] world.cpp:1376 setSoftBody: setSoftBody without a mesh renderer on the same entity.
[Warning] world.cpp:1376 setSoftBody: setSoftBody without a mesh renderer on the same entity.
[Warning] world.cpp:1376 setSoftBody: setSoftBody without a mesh renderer on the same entity.
[Warning] world.cpp:1376 setSoftBody: setSoftBody without a mesh renderer on the same entity.
[Warning] world.cpp:1376 setSoftBody: setSoftBody without a mesh renderer on the same entity.
[Warning] world.cpp:1376 setSoftBody: setSoftBody without a mesh renderer on the same entity.
[Warning] world.cpp:1376 setSoftBody: setSoftBody without a mesh renderer on the same entity.
[Warning] world.cpp:1376 setSoftBody: setSoftBody without a mesh renderer on the same entity.
[Warning] world.cpp:1376 setSoftBody: setSoftBody without a mesh renderer on the same entity.
[Warning] world.cpp:1376 setSoftBody: setSoftBody without a mesh renderer on the same entity.
[Warning] world.cpp:1376 setSoftBody: setSoftBody without a mesh renderer on the same entity.
[Warning] world.cpp:1376 setSoftBody: setSoftBody without a mesh renderer on the same entity.
[Warning] world.cpp:1376 setSoftBody: setSoftBody without a mesh renderer on the same entity.
[Warning] world.cpp:1376 setSoftBody: setSoftBody without a mesh renderer on the same entity.
[Warning] world.cpp:1376 setSoftBody: setSoftBody without a mesh renderer on the same entity.
[Warning] world.cpp:1376 setSoftBody: setSoftBody without a mesh renderer on the same entity.
[Warning] world.cpp:1376 setSoftBody: setSoftBody without a mesh renderer on the same entity.
[Warning] world.cpp:1376 setSoftBody: setSoftBody without a mesh renderer on the same entity.
[Warning] world.cpp:1376 setSoftBody: setSoftBody without a mesh renderer on the same entity.
[Warning] world.cpp:1376 setSoftBody: setSoftBody without a mesh renderer on the same entity.
[Warning] world.cpp:1376 setSoftBody: setSoftBody without a mesh renderer on the same entity.
[Warning] world.cpp:1376 setSoftBody: setSoftBody without a mesh renderer on the same entity.
[Warning] world.cpp:1376 setSoftBody: setSoftBody without a mesh renderer on the same entity.
[Warning] world.cpp:1376 setSoftBody: setSoftBody without a mesh renderer on the same entity.
[Warning] world.cpp:1376 setSoftBody: setSoftBody without a mesh renderer on the same entity.
[Warning] world.cpp:1376 setSoftBody: setSoftBody without a mesh renderer on the same entity.
[Warning] world.cpp:1376 setSoftBody: setSoftBody without a mesh renderer on the same entity.
[Warning] world.cpp:1376 setSoftBody: setSoftBody without a mesh renderer on the same entity.
[Warning] world.cpp:1376 setSoftBody: setSoftBody without a mesh renderer on the same entity.
[Warning] world.cpp:1376 setSoftBody: setSoftBody without a mesh renderer on the same entity.
[Warning] world.cpp:1376 setSoftBody: setSoftBody without a mesh renderer on the same entity.
[Warning] world.cpp:1376 setSoftBody: setSoftBody without a mesh renderer on the same entity.
[Warning] world.cpp:1376 setSoftBody: setSoftBody without a mesh renderer on the same entity.
[Warning] world.cpp:1376 setSoftBody: setSoftBody without a mesh renderer on the same entity.
[Warning] world.cpp:1376 setSoftBody: setSoftBody without a mesh renderer on the same entity.
[Warning] world.cpp:1376 setSoftBody: setSoftBody without a mesh renderer on the same entity.
[Warning] world.cpp:1376 setSoftBody: setSoftBody without a mesh renderer on the same entity.
[Warning] world.cpp:1376 setSoftBody: setSoftBody without a mesh renderer on the same entity.
[Warning] world.cpp:1376 setSoftBody: setSoftBody without a mesh renderer on the same entity.
[Warning] world.cpp:1376 setSoftBody: setSoftBody without a mesh renderer on the same entity.
[Warning] world.cpp:1376 setSoftBody: setSoftBody without a mesh renderer on the same entity.
[Warning] world.cpp:1376 setSoftBody: setSoftBody without a mesh renderer on the same entity.
[Warning] world.cpp:1376 setSoftBody: setSoftBody without a mesh renderer on the same entity.
[Warning] world.cpp:1376 setSoftBody: setSoftBody without a mesh renderer on the same entity.
[Warning] world.cpp:1376 setSoftBody: setSoftBody without a mesh renderer on the same entity.
[Warning] world.cpp:1376 setSoftBody: setSoftBody without a mesh renderer on the same entity.
[Warning] world.cpp:1376 setSoftBody: setSoftBody without a mesh renderer on the same entity.
[Warning] world.cpp:1376 setSoftBody: setSoftBody without a mesh renderer on the same entity.
[Warning] world.cpp:1376 setSoftBody: setSoftBody without a mesh renderer on the same entity.
[Warning] world.cpp:1376 setSoftBody: setSoftBody without a mesh renderer on the same entity.
[Warning] world.cpp:1376 setSoftBody: setSoftBody without a mesh renderer on the same entity.
[Warning] world.cpp:1376 setSoftBody: setSoftBody without a mesh renderer on the same entity.
[Warning] world.cpp:1376 setSoftBody: setSoftBody without a mesh renderer on the same entity.
[Warning] world.cpp:1376 setSoftBody: setSoftBody without a mesh renderer on the same entity.
[Warning] world.cpp:1376 setSoftBody: setSoftBody without a mesh renderer on the same entity.
[Warning] world.cpp:1376 setSoftBody: setSoftBody without a mesh renderer on the same entity.
[Warning] world.cpp:1376 setSoftBody: setSoftBody without a mesh renderer on the same entity.
[Warning] world.cpp:1376 setSoftBody: setSoftBody without a mesh renderer on the same entity.
[Warning] world.cpp:1376 setSoftBody: setSoftBody without a mesh renderer on the same entity.
[Warning] world.cpp:1376 setSoftBody: setSoftBody without a mesh renderer on the same entity.
[Warning] world.cpp:1376 setSoftBody: setSoftBody without a mesh renderer on the same entity.
[Warning] world.cpp:1376 setSoftBody: setSoftBody without a mesh renderer on the same entity.
[Warning] world.cpp:1376 setSoftBody: setSoftBody without a mesh renderer on the same entity.
[Warning] world.cpp:1376 setSoftBody: setSoftBody without a mesh renderer on the same entity.
[Warning] world.cpp:1376 setSoftBody: setSoftBody without a mesh renderer on the same entity.
[Warning] world.cpp:1376 setSoftBody: setSoftBody without a mesh renderer on the same entity.
[Warning] world.cpp:1376 setSoftBody: setSoftBody without a mesh renderer on the same entity.
[Warning] world.cpp:1376 setSoftBody: setSoftBody without a mesh renderer on the same entity.
[Warning] world.cpp:1376 setSoftBody: setSoftBody without a mesh renderer on the same entity.
[Warning] world.cpp:1376 setSoftBody: setSoftBody without a mesh renderer on the same entity.
[Warning] world.cpp:1376 setSoftBody: setSoftBody without a mesh renderer on the same entity.
[Warning] world.cpp:1376 setSoftBody: setSoftBody without a mesh renderer on the same entity.
[Warning] world.cpp:1376 setSoftBody: setSoftBody without a mesh renderer on the same entity.
[Warning] world.cpp:1376 setSoftBody: setSoftBody without a mesh renderer on the same entity.
[Warning] world.cpp:1376 setSoftBody: setSoftBody without a mesh renderer on the same entity.
[Warning] world.cpp:1376 setSoftBody: setSoftBody without a mesh renderer on the same entity.
[Warning] world.cpp:1376 setSoftBody: setSoftBody without a mesh renderer on the same entity.
[Warning] world.cpp:1376 setSoftBody: setSoftBody without a mesh renderer on the same entity.
[Warning] world.cpp:1376 setSoftBody: setSoftBody without a mesh renderer on the same entity.
[Warning] world.cpp:1376 setSoftBody: setSoftBody without a mesh renderer on the same entity.
[Warning] world.cpp:1376 setSoftBody: setSoftBody without a mesh renderer on the same entity.
[Warning] world.cpp:1376 setSoftBody: setSoftBody without a mesh renderer on the same entity.
[Warning] world.cpp:1376 setSoftBody: setSoftBody without a mesh renderer on the same entity.
[Warning] world.cpp:1376 setSoftBody: setSoftBody without a mesh renderer on the same entity.
[Warning] world.cpp:1376 setSoftBody: setSoftBody without a mesh renderer on the same entity.
[Warning] world.cpp:1376 setSoftBody: setSoftBody without a mesh renderer on the same entity.
[Warning] world.cpp:1376 setSoftBody: setSoftBody without a mesh renderer on the same entity.
[Warning] world.cpp:1376 setSoftBody: setSoftBody without a mesh renderer on the same entity.
[Warning] world.cpp:1376 setSoftBody: setSoftBody without a mesh renderer on the same entity.
[Warning] world.cpp:1376 setSoftBody: setSoftBody without a mesh renderer on the same entity.
[Warning] world.cpp:1376 setSoftBody: setSoftBody without a mesh renderer on the same entity.
[Warning] world.cpp:1376 setSoftBody: setSoftBody without a mesh renderer on the same entity.
[Warning] world.cpp:1376 setSoftBody: setSoftBody without a mesh renderer on the same entity.
[Warning] world.cpp:1376 setSoftBody: setSoftBody without a mesh renderer on the same entity.
[Warning] world.cpp:1376 setSoftBody: setSoftBody without a mesh renderer on the same entity.
[Warning] world.cpp:1376 setSoftBody: setSoftBody without a mesh renderer on the same entity.
[Warning] world.cpp:1376 setSoftBody: setSoftBody without a mesh renderer on the same entity.
[Warning] world.cpp:1376 setSoftBody: setSoftBody without a mesh renderer on the same entity.
[Warning] world.cpp:1376 setSoftBody: setSoftBody without a mesh renderer on the same entity.
[Warning] world.cpp:1376 setSoftBody: setSoftBody without a mesh renderer on the same entity.
[Warning] world.cpp:1376 setSoftBody: setSoftBody without a mesh renderer on the same entity.
[Warning] world.cpp:1376 setSoftBody: setSoftBody without a mesh renderer on the same entity.
[Warning] world.cpp:1376 setSoftBody: setSoftBody without a mesh renderer on the same entity.
[Warning] world.cpp:1376 setSoftBody: setSoftBody without a mesh renderer on the same entity.
[Warning] world.cpp:1376 setSoftBody: setSoftBody without a mesh renderer on the same entity.
[Warning] world.cpp:1376 setSoftBody: setSoftBody without a mesh renderer on the same entity.
[Warning] world.cpp:1376 setSoftBody: setSoftBody without a mesh renderer on the same entity.
[Warning] world.cpp:1376 setSoftBody: setSoftBody without a mesh renderer on the same entity.
[Warning] world.cpp:1376 setSoftBody: setSoftBody without a mesh renderer on the same entity.
[Warning] world.cpp:1376 setSoftBody: setSoftBody without a mesh renderer on the same entity.
[Warning] world.cpp:1376 setSoftBody: setSoftBody without a mesh renderer on the same entity.
[Warning] world.cpp:1376 setSoftBody: setSoftBody without a mesh renderer on the same entity.
[Warning] world.cpp:1376 setSoftBody: setSoftBody without a mesh renderer on the same entity.
[Warning] world.cpp:1376 setSoftBody: setSoftBody without a mesh renderer on the same entity.
[Warning] world.cpp:1376 setSoftBody: setSoftBody without a mesh renderer on the same entity.
[Warning] world.cpp:1376 setSoftBody: setSoftBody without a mesh renderer on the same entity.
[Warning] world.cpp:1376 setSoftBody: setSoftBody without a mesh renderer on the same entity.
[Warning] world.cpp:1376 setSoftBody: setSoftBody without a mesh renderer on the same entity.
[Warning] world.cpp:1376 setSoftBody: setSoftBody without a mesh renderer on the same entity.
[Warning] world.cpp:1376 setSoftBody: setSoftBody without a mesh renderer on the same entity.
[Warning] world.cpp:1376 setSoftBody: setSoftBody without a mesh renderer on the same entity.
[Warning] world.cpp:1376 setSoftBody: setSoftBody without a mesh renderer on the same entity.
[Warning] world.cpp:1376 setSoftBody: setSoftBody without a mesh renderer on the same entity.
[Warning] world.cpp:1376 setSoftBody: setSoftBody without a mesh renderer on the same entity.
[Warning] world.cpp:1376 setSoftBody: setSoftBody without a mesh renderer on the same entity.
[Warning] world.cpp:1376 setSoftBody: setSoftBody without a mesh renderer on the same entity.
[Warning] world.cpp:1376 setSoftBody: setSoftBody without a mesh renderer on the same entity.
[Warning] world.cpp:1376 setSoftBody: setSoftBody without a mesh renderer on the same entity.
[Warning] world.cpp:1376 setSoftBody: setSoftBody without a mesh renderer on the same entity.
[Warning] world.cpp:1376 setSoftBody: setSoftBody without a mesh renderer on the same entity.
[Warning] world.cpp:1376 setSoftBody: setSoftBody without a mesh renderer on the same entity.
[Warning] world.cpp:1376 setSoftBody: setSoftBody without a mesh renderer on the same entity.
[Warning] world.cpp:1376 setSoftBody: setSoftBody without a mesh renderer on the same entity.
[Warning] world.cpp:1376 setSoftBody: setSoftBody without a mesh renderer on the same entity.
[Warning] world.cpp:1376 setSoftBody: setSoftBody without a mesh renderer on the same entity.
[Warning] world.cpp:1376 setSoftBody: setSoftBody without a mesh renderer on the same entity.
[Warning] world.cpp:1376 setSoftBody: setSoftBody without a mesh renderer on the same entity.
[Warning] world.cpp:1376 setSoftBody: setSoftBody without a mesh renderer on the same entity.
[Warning] world.cpp:1376 setSoftBody: setSoftBody without a mesh renderer on the same entity.
[Warning] world.cpp:1376 setSoftBody: setSoftBody without a mesh renderer on the same entity.
[Warning] world.cpp:1376 setSoftBody: setSoftBody without a mesh renderer on the same entity.
[Warning] world.cpp:1376 setSoftBody: setSoftBody without a mesh renderer on the same entity.
[Warning] world.cpp:1376 setSoftBody: setSoftBody without a mesh renderer on the same entity.
[Warning] world.cpp:1376 setSoftBody: setSoftBody without a mesh renderer on the same entity.
[Warning] world.cpp:1376 setSoftBody: setSoftBody without a mesh renderer on the same entity.
[Warning] world.cpp:1376 setSoftBody: setSoftBody without a mesh renderer on the same entity.
[Warning] world.cpp:1376 setSoftBody: setSoftBody without a mesh renderer on the same entity.
[Warning] world.cpp:1376 setSoftBody: setSoftBody without a mesh renderer on the same entity.
[Warning] world.cpp:1376 setSoftBody: setSoftBody without a mesh renderer on the same entity.
[Warning] world.cpp:1376 setSoftBody: setSoftBody without a mesh renderer on the same entity.
[Warning] world.cpp:1376 setSoftBody: setSoftBody without a mesh renderer on the same entity.
[Warning] world.cpp:1376 setSoftBody: setSoftBody without a mesh renderer on the same entity.
[Warning] world.cpp:1376 setSoftBody: setSoftBody without a mesh renderer on the same entity.
[Warning] world.cpp:1376 setSoftBody: setSoftBody without a mesh renderer on the same entity.
[Warning] world.cpp:1376 setSoftBody: setSoftBody without a mesh renderer on the same entity.
[Warning] world.cpp:1376 setSoftBody: setSoftBody without a mesh renderer on the same entity.
[Warning] world.cpp:1376 setSoftBody: setSoftBody without a mesh renderer on the same entity.
[Warning] world.cpp:1376 setSoftBody: setSoftBody without a mesh renderer on the same entity.
[Warning] world.cpp:1376 setSoftBody: setSoftBody without a mesh renderer on the same entity.
[Warning] world.cpp:1376 setSoftBody: setSoftBody without a mesh renderer on the same entity.
[Warning] world.cpp:1376 setSoftBody: setSoftBody without a mesh renderer on the same entity.
[Warning] world.cpp:1376 setSoftBody: setSoftBody without a mesh renderer on the same entity.
[Warning] world.cpp:1376 setSoftBody: setSoftBody without a mesh renderer on the same entity.
[Warning] world.cpp:1376 setSoftBody: setSoftBody without a mesh renderer on the same entity.
[Warning] world.cpp:1376 setSoftBody: setSoftBody without a mesh renderer on the same entity.
[Warning] world.cpp:1376 setSoftBody: setSoftBody without a mesh renderer on the same entity.
[Warning] world.cpp:1376 setSoftBody: setSoftBody without a mesh renderer on the same entity.
[Warning] world.cpp:1376 setSoftBody: setSoftBody without a mesh renderer on the same entity.
[Warning] world.cpp:1376 setSoftBody: setSoftBody without a mesh renderer on the same entity.
[Warning] world.cpp:1376 setSoftBody: setSoftBody without a mesh renderer on the same entity.
[Warning] world.cpp:1376 setSoftBody: setSoftBody without a mesh renderer on the same entity.
[Warning] world.cpp:1376 setSoftBody: setSoftBody without a mesh renderer on the same entity.
[Warning] world.cpp:1376 setSoftBody: setSoftBody without a mesh renderer on the same entity.
[Warning] world.cpp:1376 setSoftBody: setSoftBody without a mesh renderer on the same entity.
[Warning] world.cpp:1376 setSoftBody: setSoftBody without a mesh renderer on the same entity.
[Warning] world.cpp:1376 setSoftBody: setSoftBody without a mesh renderer on the same entity.
[Warning] world.cpp:1376 setSoftBody: setSoftBody without a mesh renderer on the same entity.
[Warning] world.cpp:1376 setSoftBody: setSoftBody without a mesh renderer on the same entity.
[Warning] world.cpp:1376 setSoftBody: setSoftBody without a mesh renderer on the same entity.
[Warning] world.cpp:1376 setSoftBody: setSoftBody without a mesh renderer on the same entity.
[Warning] world.cpp:1376 setSoftBody: setSoftBody without a mesh renderer on the same entity.
[Warning] world.cpp:1376 setSoftBody: setSoftBody without a mesh renderer on the same entity.
[Warning] world.cpp:1376 setSoftBody: setSoftBody without a mesh renderer on the same entity.
[Warning] world.cpp:1376 setSoftBody: setSoftBody without a mesh renderer on the same entity.
[Warning] world.cpp:1376 setSoftBody: setSoftBody without a mesh renderer on the same entity.
[Warning] world.cpp:1376 setSoftBody: setSoftBody without a mesh renderer on the same entity.
[Warning] world.cpp:1376 setSoftBody: setSoftBody without a mesh renderer on the same entity.
[Warning] world.cpp:1376 setSoftBody: setSoftBody without a mesh renderer on the same entity.
[Warning] world.cpp:1376 setSoftBody: setSoftBody without a mesh renderer on the same entity.
[Warning] world.cpp:1376 setSoftBody: setSoftBody without a mesh renderer on the same entity.
[Warning] world.cpp:1376 setSoftBody: setSoftBody without a mesh renderer on the same entity.
[Warning] world.cpp:1376 setSoftBody: setSoftBody without a mesh renderer on the same entity.
[Warning] world.cpp:1376 setSoftBody: setSoftBody without a mesh renderer on the same entity.
[Warning] world.cpp:1376 setSoftBody: setSoftBody without a mesh renderer on the same entity.
[Warning] world.cpp:1376 setSoftBody: setSoftBody without a mesh renderer on the same entity.
[Warning] world.cpp:1376 setSoftBody: setSoftBody without a mesh renderer on the same entity.
[Warning] world.cpp:1376 setSoftBody: setSoftBody without a mesh renderer on the same entity.
[Warning] world.cpp:1376 setSoftBody: setSoftBody without a mesh renderer on the same entity.
[Warning] world.cpp:1376 setSoftBody: setSoftBody without a mesh renderer on the same entity.
[Warning] world.cpp:1376 setSoftBody: setSoftBody without a mesh renderer on the same entity.
[Info] vulkan_cuda_interop.cpp:291 createExportableStructuredBuffer: Created exportable Vulkan shared buffer 'CRESSimNeo.Physics.SoftPositionsInvMass' with capacity=86528, stride=16, queueFamilies=1.
[39mDiligent Engine: Info: MemoryManager 'Global resource memory manager': created new device-local page. (16.00 MB, type idx: 1). Current allocated size: 32.00 MB
[39m[39mDiligent Engine: Info: MemoryManager 'Global resource memory manager': created new device-local page. (16.00 MB, type idx: 1). Current allocated size: 48.00 MB
[39m[39mDiligent Engine: Info: MemoryManager 'Global resource memory manager': created new device-local page. (16.00 MB, type idx: 1). Current allocated size: 64.00 MB
[39m[39mDiligent Engine: Info: MemoryManager 'Global resource memory manager': created new device-local page. (16.00 MB, type idx: 1). Current allocated size: 80.00 MB
[39m[39mDiligent Engine: Info: MemoryManager 'Global resource memory manager': created new device-local page. (16.00 MB, type idx: 1). Current allocated size: 96.00 MB
[39m[39mDiligent Engine: Info: MemoryManager 'Global resource memory manager': created new device-local page. (64.00 MB, type idx: 1). Current allocated size: 160.00 MB
[39m[39mDiligent Engine: Info: MemoryManager 'Global resource memory manager': created new device-local page. (256.00 MB, type idx: 1). Current allocated size: 416.00 MB
[39m[39mDiligent Engine: Info: MemoryManager 'Global resource memory manager': created new device-local page. (64.00 MB, type idx: 1). Current allocated size: 480.00 MB
[39m[39mDiligent Engine: Info: MemoryManager 'Global resource memory manager': created new device-local page. (64.00 MB, type idx: 1). Current allocated size: 544.00 MB
[39m[39mDiligent Engine: Info: MemoryManager 'Global resource memory manager': created new device-local page. (32.00 MB, type idx: 1). Current allocated size: 576.00 MB
[39m[39mDiligent Engine: Info: MemoryManager 'Global resource memory manager': created new device-local page. (64.00 MB, type idx: 1). Current allocated size: 640.00 MB
[39m[39mDiligent Engine: Info: MemoryManager 'Global resource memory manager': created new host-visible page. (16.00 MB, type idx: 3). Current allocated size: 32.00 MB
[39m[39mDiligent Engine: Info: MemoryManager 'Global resource memory manager': created new host-visible page. (16.00 MB, type idx: 2). Current allocated size: 48.00 MB
[39m[39mDiligent Engine: Info: MemoryManager 'Global resource memory manager': created new host-visible page. (16.00 MB, type idx: 2). Current allocated size: 64.00 MB
[39m[39mDiligent Engine: Info: MemoryManager 'Global resource memory manager': created new host-visible page. (16.00 MB, type idx: 2). Current allocated size: 80.00 MB
[39m[39mDiligent Engine: Info: MemoryManager 'Global resource memory manager': created new host-visible page. (16.00 MB, type idx: 2). Current allocated size: 96.00 MB
[39m[Info] vulkan_cuda_interop.cpp:291 createExportableStructuredBuffer: Created exportable Vulkan shared buffer 'PsmSoftGrasp.Actions' with capacity=1792, stride=4, queueFamilies=1.
[Info] vulkan_cuda_interop.cpp:291 createExportableStructuredBuffer: Created exportable Vulkan shared buffer 'PsmSoftGrasp.Observations' with capacity=7424, stride=4, queueFamilies=1.
[Info] vulkan_cuda_interop.cpp:291 createExportableStructuredBuffer: Created exportable Vulkan shared buffer 'PsmSoftGrasp.Rewards' with capacity=256, stride=4, queueFamilies=1.
[Info] vulkan_cuda_interop.cpp:291 createExportableStructuredBuffer: Created exportable Vulkan shared buffer 'PsmSoftGrasp.Terminated' with capacity=256, stride=4, queueFamilies=1.
[Info] vulkan_cuda_interop.cpp:291 createExportableStructuredBuffer: Created exportable Vulkan shared buffer 'PsmSoftGrasp.Truncated' with capacity=256, stride=4, queueFamilies=1.
[Info] vulkan_cuda_interop.cpp:291 createExportableStructuredBuffer: Created exportable Vulkan shared buffer 'PsmSoftGrasp.EpisodeSteps' with capacity=256, stride=4, queueFamilies=1.
[Info] vulkan_cuda_interop.cpp:291 createExportableStructuredBuffer: Created exportable Vulkan shared buffer 'PsmSoftGrasp.ResetMask' with capacity=256, stride=4, queueFamilies=1.
[Info] vulkan_cuda_interop.cpp:291 createExportableStructuredBuffer: Created exportable Vulkan shared buffer 'PsmSoftGrasp.TargetChoice' with capacity=256, stride=4, queueFamilies=1.
[Info] vulkan_cuda_interop.cpp:291 createExportableStructuredBuffer: Created exportable Vulkan shared buffer 'PsmSoftGrasp.PreviousGraspClosed' with capacity=256, stride=4, queueFamilies=1.
[Info] vulkan_cuda_interop.cpp:291 createExportableStructuredBuffer: Created exportable Vulkan shared buffer 'PsmSoftGrasp.EnvMetadataU32' with capacity=3584, stride=4, queueFamilies=1.
[Info] vulkan_cuda_interop.cpp:291 createExportableStructuredBuffer: Created exportable Vulkan shared buffer 'PsmSoftGrasp.EnvMetadataF32' with capacity=256, stride=16, queueFamilies=1.
[Info] vulkan_cuda_interop.cpp:291 createExportableStructuredBuffer: Created exportable Vulkan shared buffer 'PsmSoftGrasp.ParticleOffsets' with capacity=256, stride=4, queueFamilies=1.
[Info] vulkan_cuda_interop.cpp:291 createExportableStructuredBuffer: Created exportable Vulkan shared buffer 'PsmSoftGrasp.ParticleCounts' with capacity=256, stride=4, queueFamilies=1.
[Info] vulkan_cuda_interop.cpp:291 createExportableStructuredBuffer: Created exportable Vulkan shared buffer 'PsmSoftGrasp.ResetPositions' with capacity=86528, stride=16, queueFamilies=1.
[Info] vulkan_cuda_interop.cpp:291 createExportableStructuredBuffer: Created exportable Vulkan shared buffer 'PsmSoftGrasp.ArmHingeSlots' with capacity=1280, stride=4, queueFamilies=1.
[Info] vulkan_cuda_interop.cpp:291 createExportableStructuredBuffer: Created exportable Vulkan shared buffer 'PsmSoftGrasp.ArmSliderSlots' with capacity=256, stride=4, queueFamilies=1.
[Info] vulkan_cuda_interop.cpp:291 createExportableStructuredBuffer: Created exportable Vulkan shared buffer 'PsmSoftGrasp.JawHingeSlots' with capacity=512, stride=4, queueFamilies=1.
[Info] vulkan_cuda_interop.cpp:291 createExportableStructuredBuffer: Created exportable Vulkan shared buffer 'PsmSoftGrasp.AttachmentSlots' with capacity=256, stride=4, queueFamilies=1.
[Info] vulkan_cuda_interop.cpp:291 createExportableStructuredBuffer: Created exportable Vulkan shared buffer 'PsmSoftGrasp.TargetPoseSlots' with capacity=256, stride=4, queueFamilies=1.
[Info] vulkan_cuda_interop.cpp:291 createExportableStructuredBuffer: Created exportable Vulkan shared buffer 'PsmSoftGrasp.TooltipBodyIndices' with capacity=256, stride=4, queueFamilies=1.
[Info] vulkan_cuda_interop.cpp:291 createExportableStructuredBuffer: Created exportable Vulkan shared buffer 'PsmSoftGrasp.TooltipLocalAnchors' with capacity=256, stride=16, queueFamilies=1.
[Info] vulkan_cuda_interop.cpp:291 createExportableStructuredBuffer: Created exportable Vulkan shared buffer 'PsmSoftGrasp.TargetParticleIndices' with capacity=256, stride=4, queueFamilies=1.
[Info] vulkan_cuda_interop.cpp:291 createExportableStructuredBuffer: Created exportable Vulkan shared buffer 'PsmSoftGrasp.TargetRestHeights' with capacity=256, stride=4, queueFamilies=1.
[Info] vulkan_cuda_interop.cpp:291 createExportableStructuredBuffer: Created exportable Vulkan shared buffer 'PsmSoftGrasp.TargetCandidateLocalIndices' with capacity=1, stride=4, queueFamilies=1.
[Info] vulkan_cuda_interop.cpp:291 createExportableStructuredBuffer: Created exportable Vulkan shared buffer 'PsmSoftGrasp.CurrentJointTargets' with capacity=1792, stride=4, queueFamilies=1.
[Info] vulkan_cuda_interop.cpp:291 createExportableStructuredBuffer: Created exportable Vulkan shared buffer 'PsmSoftGrasp.ResetJointTargets' with capacity=1792, stride=4, queueFamilies=1.
[Info] vulkan_cuda_interop.cpp:291 createExportableStructuredBuffer: Created exportable Vulkan shared buffer 'PsmSoftGrasp.JointLimits' with capacity=1792, stride=8, queueFamilies=1.
[Info] vulkan_cuda_interop.cpp:291 createExportableStructuredBuffer: Created exportable Vulkan shared buffer 'PsmSoftGrasp.RigidResetBodyIndices' with capacity=3328, stride=4, queueFamilies=1.
[Info] vulkan_cuda_interop.cpp:291 createExportableStructuredBuffer: Created exportable Vulkan shared buffer 'PsmSoftGrasp.RigidResetPositions' with capacity=3328, stride=16, queueFamilies=1.
[Info] vulkan_cuda_interop.cpp:291 createExportableStructuredBuffer: Created exportable Vulkan shared buffer 'PsmSoftGrasp.RigidResetOrientations' with capacity=3328, stride=16, queueFamilies=1.
[39mDiligent Engine: Info: MemoryManager 'Global resource memory manager': destroying device-local page (64.00 MB). Current allocated size: 576.00 MB
[39m[39mDiligent Engine: Info: MemoryManager 'Global resource memory manager': destroying device-local page (32.00 MB). Current allocated size: 544.00 MB
[39m[39mDiligent Engine: Info: MemoryManager 'Global resource memory manager': destroying device-local page (64.00 MB). Current allocated size: 480.00 MB
[39m[39mDiligent Engine: Info: MemoryManager 'Global resource memory manager': destroying device-local page (64.00 MB). Current allocated size: 416.00 MB
[39m[39mDiligent Engine: Info: MemoryManager 'Global resource memory manager': destroying device-local page (256.00 MB). Current allocated size: 160.00 MB
[39m[Info] shader_cache.cpp:221 saveCache: saved cache file '/home/yafei/Code/CRESSim-Neo/.cache/cressim_neo/state_cache_vk_r_v5.bin' (10462476 bytes).
[39mDiligent Engine: Info: Dynamic descriptor set allocator of immediate context peak descriptor pool count: 0
[39m[39mDiligent Engine: Info: Dynamic heap of immediate context usage stats:
                       Peak used/aligned/allocated size: 0 Bytes / 0 Bytes / 0 Bytes (0 pages). Peak efficiency (used/aligned): 0.0%. Peak utilization (used/allocated): 0.0%
[39m[39mDiligent Engine: Info: Upload heap of immediate context peak used/allocated frame size: 0.32 MB / 1.00 MB (1 page)
[39m[39mDiligent Engine: Info: Dynamic descriptor set allocator of immediate context peak descriptor pool count: 2
[39m[39mDiligent Engine: Info: Dynamic heap of immediate context usage stats:
                       Peak used/aligned/allocated size: 196.61 KB / 394.72 KB / 512.00 KB (2 pages). Peak efficiency (used/aligned): 49.8%. Peak utilization (used/allocated): 38.4%
[39m[39mDiligent Engine: Info: Upload heap of immediate context peak used/allocated frame size: 60.88 MB / 61.92 MB (61 pages)
[39m[39mDiligent Engine: Info: Transient command buffer pool manager allocated descriptor pool count: 8
[39m[39mDiligent Engine: Info: Dynamic memory manager usage stats:
                       Total size: 8.00 MB. Peak allocated size: 1.00 MB. Peak utilization: 12.5%
[39m[39mDiligent Engine: Info: MemoryManager 'Global resource memory manager' stats:
                       Peak used/allocated device-local memory size: 605.84 MB / 640.00 MB (40 pages)
                       Peak used/allocated host-visible memory size: 67.10 MB / 96.00 MB (6 pages)
[39m[39mDiligent Engine: Info: Vulkan query manager peak usage:
QUERY_TYPE_BINARY_OCCLUSION   :    0/ 128
QUERY_TYPE_TIMESTAMP          :    0/ 512
QUERY_TYPE_DURATION           :    0/ 512
[39m[39mDiligent Engine: Info: Vulkan query manager peak usage:
QUERY_TYPE_BINARY_OCCLUSION   :    0/ 128
QUERY_TYPE_TIMESTAMP          :    0/ 512
QUERY_TYPE_DURATION           :    0/ 512
[39m[39mDiligent Engine: Info: Dynamic descriptor pool stats: allocated 4 pool(s)
[39m[39mDiligent Engine: Info: Main descriptor pool stats: allocated 1 pool(s)
[39m
Throughput benchmark summary
mode  task            env_count  warmup  measured  elapsed_s  env_steps_per_s
----  --------------  ---------  ------  --------  ---------  ---------------
ppo   tissue_retract  1          5       10        21.582646  59.307         
ppo   tissue_retract  8          5       10        23.167868  441.991        
ppo   tissue_retract  32         5       10        25.300095  1618.966       
ppo   tissue_retract  64         5       10        27.349422  2995.310       
ppo   tissue_retract  128        5       10        31.369638  5222.885       
ppo   tissue_retract  256        5       10        39.224709  8353.918       
